guest_id,full_name,email,phone,city,state,country,signup_date
1,Margaret Hawkins DDS,perezantonio@example.com,(541)639-5376x7242,New York City,New York,USA,2024-09-13
2,Jessica Silva,jeffrey28@example.com,801-922-6916,Orlando,Florida,USA,2024-01-31
3,Tricia Valencia,frazierdanny@example.net,001-645-514-6270x482,New York City,New York,USA,2022-06-27
4,Phillip Ryan,georgetracy@example.org,(443)903-9117x182,Chicago,Illinois,USA,2025-11-22
5,Carmen Rose,ibrandt@example.net,001-734-265-7871x331,Las Vegas,Nevada,USA,2023-05-17
6,Crystal Robinson,zimmermanbrian@example.org,4519834738,Buffalo,New York,USA,2024-01-10
7,John Russell,davisryan@example.com,(870)410-6513x33872,Phoenix,Arizona,USA,2025-02-03
8,David Leblanc,jmorton@example.org,5808132677,Seattle,Washington,USA,2022-02-16
9,Carmen Smith,ybaker@example.com,268-272-3430x9805,Seattle,Washington,USA,2022-10-01
10,Kathryn Farrell,brianromero@example.org,291-336-1939,Miami,Florida,USA,2024-10-07
11,Kevin Mills,james53@example.com,(524)675-1079x9118,Denver,Colorado,USA,2023-02-04
12,Gregory Jones,mikemoore@example.net,001-449-680-8412x411,Orlando,Florida,USA,2023-11-26
13,Daniel Cooper,william40@example.org,+1-264-300-5242x7868,Orlando,Florida,USA,2021-09-05
14,Stephen Mckee,davenportbrandi@example.org,(420)545-0533x15869,Buffalo,New York,USA,2022-04-06
15,Vanessa Cochran,vjohnson@example.com,(534)221-6073x37543,San Francisco,California,USA,2022-11-24
16,Jennifer Ramirez,rasmussenjoshua@example.net,768.750.1429x40196,Los Angeles,California,USA,2024-04-19
17,William Wilson,jonathanfletcher@example.org,783.856.1595x14846,Chicago,Illinois,USA,2022-04-17
18,Kristen Lee,lbyrd@example.net,001-746-980-4436,Las Vegas,Nevada,USA,2022-03-28
19,Michael Dixon,donnacampbell@example.net,+1-395-913-4332x0037,Los Angeles,California,USA,2021-05-26
20,Mark Lee,psnyder@example.org,+1-401-963-2870x8317,Seattle,Washington,USA,2024-07-16
21,Victoria Larson,usalazar@example.net,(387)627-7434x87347,Los Angeles,California,USA,2022-04-14
22,George Orozco,taylorjesse@example.net,(231)566-5876,San Francisco,California,USA,2021-03-06
23,Jean Carrillo,gateskathy@example.com,805.946.6889x3734,Atlanta,Georgia,USA,2022-11-08
24,George Shelton,dramsey@example.org,+1-280-669-9016x272,San Francisco,California,USA,2023-11-19
25,Daniel Murphy,aramirez@example.com,270-580-5310,Buffalo,New York,USA,2022-07-25
26,Alex Hernandez,thomaswilson@example.org,645.829.9124x190,Denver,Colorado,USA,2023-09-22
27,Miguel Jones,curtisbarton@example.net,+1-819-905-8651x850,Buffalo,New York,USA,2024-01-10
28,Tyler Reid,bzimmerman@example.org,001-684-998-7769x453,New York City,New York,USA,2025-01-21
29,John Bishop,frogers@example.com,(273)554-5494,Boston,Massachusetts,USA,2025-12-13
30,Nathan Freeman,hannahbrewer@example.com,701.843.6349x578,Las Vegas,Nevada,USA,2024-03-26
31,Krista Bell MD,john13@example.com,682-333-7498,Orlando,Florida,USA,2022-05-13
32,Elizabeth Ward,alexis82@example.com,6089427109,Phoenix,Arizona,USA,2023-08-27
33,Glen Sheppard,shelley71@example.org,(871)590-2294x1318,Phoenix,Arizona,USA,2023-04-14
34,Jamie Kerr,michelle64@example.net,+1-309-413-3412x328,Buffalo,New York,USA,2021-07-13
35,Jerry Wheeler,antonio44@example.net,413.349.3618x324,San Francisco,California,USA,2024-09-11
36,Ricky Larson,scott74@example.net,(248)387-7190x6594,Miami,Florida,USA,2022-12-27
37,Michael Valencia,keyemily@example.com,001-802-978-7429,Miami,Florida,USA,2023-04-22
38,Julie Ortiz,elizabeth25@example.com,001-874-268-0715x451,Orlando,Florida,USA,2025-11-05
39,Kimberly Gutierrez,aprildean@example.com,+1-570-434-8247x7109,Seattle,Washington,USA,2021-04-21
40,Adam Russell,victoriadurham@example.com,527-948-4677,Denver,Colorado,USA,2024-08-31
41,Janet Weeks,michellehill@example.com,784-804-4997x27875,Denver,Colorado,USA,2021-07-21
42,Frank Lopez,ashleyhall@example.com,7573662702,Los Angeles,California,USA,2023-04-05
43,Jessica Fox,jsmith@example.com,+1-921-274-5961x5865,Seattle,Washington,USA,2022-11-26
44,Cynthia Cohen,wendy16@example.org,001-517-824-0050x455,Phoenix,Arizona,USA,2025-10-31
45,Rebecca Jackson,lynchpatrick@example.net,279.923.7474,San Francisco,California,USA,2022-05-25
46,Megan Moore,llandry@example.com,+1-664-674-3671x3695,Buffalo,New York,USA,2022-01-25
47,Ronald Foster,knightgina@example.net,6974439533,Chicago,Illinois,USA,2023-07-08
48,Stephanie Lucas,kristina09@example.com,001-621-445-6232x858,New York City,New York,USA,2023-05-15
49,Roger Olson,julie51@example.com,623-368-5160,New York City,New York,USA,2022-07-25
50,Michael Chambers,xcarson@example.org,+1-437-209-8593x1746,Orlando,Florida,USA,2022-05-27
51,Elizabeth Vasquez,youngamanda@example.com,258.769.2617x964,Atlanta,Georgia,USA,2021-06-04
52,Jeremy Young,cory58@example.net,(706)543-1713x900,Orlando,Florida,USA,2025-07-13
53,Rachel Harris DVM,brendali@example.org,729-504-2284x21020,Atlanta,Georgia,USA,2025-10-20
54,Alexis Baker,judyfox@example.net,577-258-9178,Chicago,Illinois,USA,2021-07-20
55,Susan Hopkins,stephen00@example.com,(761)877-1159x2124,Los Angeles,California,USA,2024-08-28
56,Kerry Chavez DDS,mcguiredanny@example.net,+1-883-767-3657x6615,Chicago,Illinois,USA,2025-09-09
57,Jacqueline Hernandez,fjones@example.org,(215)628-0988x51656,Los Angeles,California,USA,2021-07-11
58,Heather Lane,ericolson@example.org,(285)614-9368x998,Boston,Massachusetts,USA,2025-03-24
59,Donald Farmer,michael22@example.net,+1-661-720-1836x6752,Atlanta,Georgia,USA,2022-04-30
60,Latoya Miller,moorekaren@example.org,+1-814-376-7976x4381,New York City,New York,USA,2023-04-13
61,Michael Tucker,brandon69@example.org,2349324451,Orlando,Florida,USA,2023-09-13
62,Casey James,vincentwhitaker@example.com,860-860-7159,Buffalo,New York,USA,2025-11-06
63,Jennifer Wilson,burchgeorge@example.net,651.761.3696x816,Miami,Florida,USA,2021-05-01
64,Richard Jones,schmidtjames@example.com,(923)912-4329x212,New York City,New York,USA,2023-02-16
65,Olivia Cole,michelle52@example.com,377-644-9058,Los Angeles,California,USA,2023-03-11
66,Andrew Wood,chase19@example.net,267.998.0793x59782,Austin,Texas,USA,2025-05-25
67,Steven Cooper,wagnergerald@example.org,001-777-288-9255x466,Phoenix,Arizona,USA,2023-07-21
68,Maria Jones,grantpaul@example.com,001-692-851-9254x629,Austin,Texas,USA,2023-05-17
69,Erin Anderson,lucasrodney@example.com,4544235733,Seattle,Washington,USA,2025-02-05
70,Ryan Garcia,stanleynancy@example.net,(296)822-2927,Phoenix,Arizona,USA,2024-02-13
71,Nathan Montes,karen73@example.net,847.835.9774,Denver,Colorado,USA,2025-01-11
72,Ruth Solis,moniquewilliams@example.com,(881)381-4124x782,Orlando,Florida,USA,2021-11-14
73,Courtney Hayes,sarah60@example.com,653.961.5305x15220,Buffalo,New York,USA,2022-08-31
74,Brenda Thornton,fgilbert@example.org,232-589-8614x341,Buffalo,New York,USA,2021-04-30
75,Riley Bryant,copelandvincent@example.net,7895324609,Las Vegas,Nevada,USA,2025-02-15
76,Chelsea Barnett,carlos88@example.net,380.767.0654x05153,Chicago,Illinois,USA,2021-05-05
77,Harold Morgan,mariacohen@example.net,822.917.0430x3054,Seattle,Washington,USA,2022-10-05
78,Paul Lee,michelle05@example.com,956-767-6527,Los Angeles,California,USA,2021-04-13
79,Kelly Owen,mmiller@example.org,+1-845-411-5447,Las Vegas,Nevada,USA,2023-09-04
80,Heather Williams,christina64@example.net,9162582029,Chicago,Illinois,USA,2025-10-13
81,David Brewer,patrick90@example.net,(775)857-1928,Chicago,Illinois,USA,2021-11-19
82,Donald Horne,fitzgeraldvictor@example.com,+1-514-347-3947,Los Angeles,California,USA,2023-11-07
83,Benjamin Thompson,zosborn@example.net,451-588-4422x58313,San Francisco,California,USA,2025-10-10
84,Allison Spencer,tanner82@example.net,314-467-8669,New York City,New York,USA,2021-05-21
85,Maria Cole,david89@example.org,001-626-380-1824x225,Las Vegas,Nevada,USA,2021-05-20
86,Mark Pierce,colleenmendez@example.org,629.592.2995x90010,Denver,Colorado,USA,2025-11-01
87,Jennifer Fowler,ismall@example.com,+1-947-536-4710x2767,Buffalo,New York,USA,2023-04-07
88,Charles Hensley,jessica56@example.org,001-258-681-5371x473,San Francisco,California,USA,2025-12-29
89,Sharon Barnes,lisapeck@example.net,532-578-7747x01687,Las Vegas,Nevada,USA,2022-05-20
90,Amber Campbell,amitchell@example.org,(624)356-5060x98358,Las Vegas,Nevada,USA,2024-05-02
91,Jerry Pierce,andersoncolin@example.com,985-923-9868x00025,Los Angeles,California,USA,2024-06-22
92,Steven Taylor,francisco94@example.net,688-287-9470x55169,San Francisco,California,USA,2023-05-09
93,Deborah Rios,jennifersilva@example.org,896.523.0913x07562,Denver,Colorado,USA,2024-04-10
94,Reginald Knapp,thorntonapril@example.net,578-565-2785x85497,Las Vegas,Nevada,USA,2023-12-07
95,Edwin David,kellie37@example.com,258.644.1986x6524,Houston,Texas,USA,2022-06-19
96,Angela Bradshaw,julie33@example.net,584-221-9933x083,Buffalo,New York,USA,2024-10-03
97,Gary Kennedy,adampierce@example.org,(877)434-5401x93802,Seattle,Washington,USA,2022-10-06
98,Amanda Huff,vlopez@example.com,9044991547,Buffalo,New York,USA,2022-06-28
99,Julie Lee,riverajessica@example.net,720-354-9329x668,Miami,Florida,USA,2021-09-26
100,Brandon Holden,pmorris@example.org,563-274-5499x045,Denver,Colorado,USA,2024-08-14
101,Julie Moore,hannah45@example.net,932.572.7956,Austin,Texas,USA,2023-07-26
102,Melanie Larson,foxallison@example.com,491-408-8398,Houston,Texas,USA,2025-03-20
103,Joseph Wilson,jenniferburns@example.net,207.828.6790x874,Boston,Massachusetts,USA,2021-05-29
104,Aaron Robinson,williamsmelvin@example.org,+1-801-770-4622,Los Angeles,California,USA,2023-07-28
105,Janet Kane DVM,qmiller@example.net,(251)228-6823,Las Vegas,Nevada,USA,2024-02-28
106,Julie Ball,opatel@example.org,352.343.1069x033,San Francisco,California,USA,2021-05-31
107,Jill Powers,sanchezbradley@example.com,783.702.8439,Chicago,Illinois,USA,2022-03-13
108,Shawn Odom,roberthill@example.net,001-726-887-0568,Chicago,Illinois,USA,2022-06-28
109,Elijah White,oallen@example.com,001-627-508-6688x263,New York City,New York,USA,2022-12-16
110,Bob Cole,christopher30@example.com,(299)501-3983x7354,Boston,Massachusetts,USA,2021-05-21
111,Tonya Wilson,srocha@example.net,001-636-738-5467x854,Boston,Massachusetts,USA,2022-05-16
112,Kathleen Garcia,ugill@example.org,(856)609-3204x899,Houston,Texas,USA,2022-08-07
113,Gary James,victorpena@example.net,247-377-2522x87280,New York City,New York,USA,2023-06-17
114,Mary Duran,otaylor@example.org,920-938-7509,Atlanta,Georgia,USA,2024-01-18
115,Joseph Jenkins,morenojoshua@example.com,5866211823,Seattle,Washington,USA,2022-09-12
116,Debra Sanders,susan79@example.org,001-234-410-1666x870,Las Vegas,Nevada,USA,2025-07-11
117,Ryan Newman,ariel18@example.org,239.474.0148,Denver,Colorado,USA,2023-12-20
118,Emily Ali,karenmarquez@example.com,842-493-9685,Los Angeles,California,USA,2024-09-29
119,Melissa Miller,brian63@example.org,899-496-5047x73586,Atlanta,Georgia,USA,2024-02-10
120,Mary Miller,lauren11@example.com,(662)965-5110,Austin,Texas,USA,2024-09-20
121,Derrick Anderson,ryanhawkins@example.net,(810)315-8199x56046,San Francisco,California,USA,2025-12-04
122,Kristin Haney,ashleyjackson@example.com,(824)644-7212,New York City,New York,USA,2022-06-26
123,John Jones,sheryl79@example.net,871.724.0659,San Francisco,California,USA,2025-12-28
124,Jeffrey Colon,kevinmorrison@example.net,575.726.5479,San Francisco,California,USA,2025-03-01
125,Robert Long,frederickjames@example.net,(980)473-7416,Chicago,Illinois,USA,2021-11-15
126,Dana Hopkins,emccormick@example.com,+1-379-368-8680x589,Austin,Texas,USA,2022-08-01
127,Mary Kelly,hartdeanna@example.net,(556)910-1438x8899,Las Vegas,Nevada,USA,2022-03-08
128,Joel Frazier,michaeljohnson@example.org,961-312-5457x3875,Seattle,Washington,USA,2022-12-04
129,Michael Flores,bradley10@example.com,+1-812-438-2825x8673,Buffalo,New York,USA,2024-11-08
130,Matthew Foster,shannonjordan@example.org,001-933-341-9182x553,Denver,Colorado,USA,2025-10-13
131,Scott Rose,candice96@example.net,355-479-2499,Austin,Texas,USA,2023-11-02
132,David Wilson,heather86@example.com,+1-629-466-2782x827,Orlando,Florida,USA,2022-05-30
133,Ryan Harvey,stephanie72@example.org,(588)676-7677x2190,Boston,Massachusetts,USA,2025-09-29
134,Danny Roberts,xcunningham@example.com,+1-281-991-4858,Los Angeles,California,USA,2021-07-09
135,Wanda Garcia,kennethkidd@example.com,451-571-3395x962,Denver,Colorado,USA,2023-05-18
136,Renee Hudson,candice25@example.net,449-748-1260x4223,Atlanta,Georgia,USA,2022-07-21
137,Pam Lowe,othomas@example.com,+1-266-371-1684x5775,Los Angeles,California,USA,2021-01-08
138,Judy Beck,melissa86@example.org,(237)345-4589x29750,Houston,Texas,USA,2025-04-29
139,Sara Smith,scottsmith@example.com,724.424.1541,New York City,New York,USA,2024-07-28
140,Mario Barber,rubendavis@example.org,2372129387,Austin,Texas,USA,2021-11-27
141,Ruth Mcneil,ebenson@example.org,861.411.5542,Seattle,Washington,USA,2023-06-24
142,Megan Jones,bishopfrank@example.com,001-732-869-7311x219,Chicago,Illinois,USA,2024-12-16
143,Charles Hill,wrightcarolyn@example.net,+1-540-943-8983x640,Miami,Florida,USA,2024-02-23
144,David Little,ricetiffany@example.com,626-596-5827x10910,Los Angeles,California,USA,2021-08-18
145,Antonio Mccormick,courtney86@example.com,001-561-488-9241x418,San Francisco,California,USA,2025-12-14
146,Jeanette Walters,collinssamuel@example.org,6314617990,Seattle,Washington,USA,2021-11-02
147,Michael Miles,tylerreed@example.net,001-642-352-4105x648,Chicago,Illinois,USA,2021-03-15
148,Jorge Brown PhD,michaelscott@example.org,001-913-780-0030,Atlanta,Georgia,USA,2023-01-27
149,Chris Velazquez,tranrobin@example.net,+1-263-453-6541x9518,Las Vegas,Nevada,USA,2024-02-06
150,Jose Williams,djones@example.com,001-945-718-7053x494,New York City,New York,USA,2023-05-31
151,Katherine Barton,jessicapayne@example.org,(206)803-8505,New York City,New York,USA,2021-03-27
152,Monica Garcia,robertwoodward@example.org,001-441-803-8657x191,Austin,Texas,USA,2023-01-17
153,Keith Graham,joelgreen@example.com,(455)974-3132x9121,Boston,Massachusetts,USA,2025-06-19
154,Jason Herrera,shannonford@example.org,524-790-3521,Atlanta,Georgia,USA,2021-03-23
155,Anthony Evans,anthonysullivan@example.com,+1-283-517-1210,Boston,Massachusetts,USA,2023-01-03
156,Rodney Watson,aguilarjonathan@example.org,9132721510,Buffalo,New York,USA,2024-10-28
157,Kenneth Underwood,ycrawford@example.net,(625)932-4472x09993,Buffalo,New York,USA,2024-09-27
158,Juan Brown,patrick63@example.net,638.406.5787x59856,San Francisco,California,USA,2022-12-26
159,Kyle Johnson,brian78@example.com,001-493-421-3348x039,Phoenix,Arizona,USA,2024-02-21
160,Evan Rojas,robin05@example.net,001-229-337-8427,Boston,Massachusetts,USA,2025-11-27
161,Kyle Smith,nsmith@example.org,(352)750-0292,Miami,Florida,USA,2024-06-25
162,Jacqueline Mcmahon,vwillis@example.com,622-667-5289x53926,Seattle,Washington,USA,2021-11-13
163,Nicholas Rush,xrosales@example.net,4297593917,Boston,Massachusetts,USA,2022-04-30
164,Cynthia Haas,daisymccarty@example.net,+1-957-804-3315x4100,Atlanta,Georgia,USA,2021-11-29
165,Stacey Snyder,ybell@example.org,793.427.1040x5411,Phoenix,Arizona,USA,2025-07-19
166,Candace Jones,morgantricia@example.com,001-806-629-6201x533,New York City,New York,USA,2025-12-11
167,Elizabeth Davis,farmstrong@example.org,3502614973,Miami,Florida,USA,2021-02-20
168,Mark Rowland,tanthony@example.com,674.918.6256x5270,New York City,New York,USA,2025-02-17
169,Darrell Adams,hernandezheather@example.org,858-969-3806,Boston,Massachusetts,USA,2022-11-12
170,Cynthia Evans,torr@example.org,898.399.2172x23320,Phoenix,Arizona,USA,2023-04-24
171,Jessica Osborn DDS,luis11@example.com,+1-868-354-8709,Phoenix,Arizona,USA,2024-10-03
172,Charles Matthews,buckleyanna@example.org,885-464-6799x7024,Atlanta,Georgia,USA,2025-02-14
173,Melanie Morales,vpreston@example.net,607.945.0544,Phoenix,Arizona,USA,2022-05-24
174,Melinda Compton,dennismccann@example.com,001-454-369-1373x678,Austin,Texas,USA,2021-11-23
175,Jonathon Taylor,thompsonnancy@example.org,9308705345,Phoenix,Arizona,USA,2024-12-07
176,Becky Johnson,tracy72@example.com,001-885-252-4140,San Francisco,California,USA,2023-02-23
177,Kenneth Hanna,deborahbyrd@example.com,+1-668-600-7229x0349,Atlanta,Georgia,USA,2021-03-21
178,James Bailey,jeffery48@example.net,(391)708-5899x4417,Atlanta,Georgia,USA,2023-08-22
179,Margaret Hensley MD,jacob83@example.org,+1-565-720-7446x660,Buffalo,New York,USA,2022-02-13
180,Courtney Nichols,qknox@example.com,542.782.4172x48251,Atlanta,Georgia,USA,2023-08-01
181,Seth Fisher,nathan94@example.com,370-899-9173,Houston,Texas,USA,2022-09-18
182,Jennifer Pitts,derrickgonzalez@example.com,001-772-252-1752,Atlanta,Georgia,USA,2025-06-17
183,Donald Juarez,barbaramoore@example.org,(296)566-6760,Atlanta,Georgia,USA,2022-04-12
184,Tiffany Mcclain,andrewsmith@example.net,635.442.1689,Buffalo,New York,USA,2021-02-18
185,Angel Fry,mluna@example.net,262-457-5326x03323,Denver,Colorado,USA,2022-01-31
186,Michael Conner,qmcdowell@example.net,+1-609-901-0016x761,Miami,Florida,USA,2022-11-04
187,Christine Jennings,turnerdorothy@example.net,549.592.6189x14117,Austin,Texas,USA,2025-11-06
188,Sandra Dudley,jade42@example.org,+1-373-975-3001,San Francisco,California,USA,2025-05-03
189,Brandon Hunt,conwaydawn@example.com,247-201-2045x5611,Austin,Texas,USA,2022-12-21
190,Mary Jackson,patricia94@example.net,855-921-6674,Denver,Colorado,USA,2023-11-10
191,Mariah Robles,andersonjessica@example.org,769-279-7296,Miami,Florida,USA,2024-10-23
192,Sheryl Acosta,timothyfreeman@example.com,301.845.0899x358,Atlanta,Georgia,USA,2024-01-04
193,Danielle Reed,jhernandez@example.net,7025877217,Houston,Texas,USA,2021-02-26
194,Donald Hunter,ppowell@example.org,879.871.7751x701,San Francisco,California,USA,2025-12-02
195,Joshua Petersen,pamela83@example.net,+1-375-350-3758x9975,Austin,Texas,USA,2022-01-01
196,Courtney Peterson,amy51@example.org,(372)861-4933,Las Vegas,Nevada,USA,2022-06-28
197,Roger Lee,daniel60@example.net,+1-991-477-9827x0808,Los Angeles,California,USA,2021-08-11
198,Carrie Ochoa,hughescaroline@example.com,666.793.4654x72269,Las Vegas,Nevada,USA,2023-06-09
199,Taylor Chen,jasonklein@example.net,(822)688-5158x799,Houston,Texas,USA,2025-02-01
200,Jenny Smith,johnsondustin@example.net,5342244204,Phoenix,Arizona,USA,2022-10-05
201,Jesse Jensen,juliahoffman@example.org,540.766.6580x04397,Miami,Florida,USA,2024-05-26
202,Kimberly Morrison,kellythompson@example.net,622-481-6064,Chicago,Illinois,USA,2021-08-25
203,Ryan Smith,jmckinney@example.org,(759)309-4798,Miami,Florida,USA,2024-03-26
204,Emily Robinson,abigailhartman@example.org,(988)261-5335x55439,Buffalo,New York,USA,2022-06-06
205,Gregory Allen,susanfleming@example.com,(216)648-4085x8877,Los Angeles,California,USA,2024-12-22
206,Cheryl Palmer,jacksonstephanie@example.net,+1-801-333-6138,Miami,Florida,USA,2021-01-04
207,Brittany Stevens,benjamin10@example.org,281-893-4667x665,Chicago,Illinois,USA,2025-07-10
208,Kimberly May,avilabrenda@example.net,958-814-4914,Chicago,Illinois,USA,2024-11-07
209,Matthew Wells,derekmyers@example.net,824-350-8821x0099,Seattle,Washington,USA,2025-02-28
210,Paul Berger,jason82@example.org,(939)343-1290,Seattle,Washington,USA,2024-10-05
211,Austin Garcia,wlynn@example.org,+1-431-749-1357x7594,Buffalo,New York,USA,2023-01-16
212,Tina Jackson,john36@example.com,(325)677-7547x812,Miami,Florida,USA,2021-05-24
213,Brenda Ryan,jessica11@example.org,709.896.9308x48872,Denver,Colorado,USA,2022-11-08
214,Raymond Quinn,dennis88@example.org,(458)903-9282x7229,Las Vegas,Nevada,USA,2022-10-05
215,Amanda Juarez,bryanwood@example.org,+1-438-856-7700x5184,Denver,Colorado,USA,2025-10-03
216,Holly Valdez,blacknicholas@example.org,665.557.7908x27231,San Francisco,California,USA,2025-01-14
217,Christopher Guzman,guerrerorobert@example.com,001-417-477-3926x030,Boston,Massachusetts,USA,2022-09-08
218,Amanda Armstrong,jacksonsandra@example.net,(899)404-1379x7723,Chicago,Illinois,USA,2022-09-26
219,Samantha White,gary57@example.net,001-813-466-2103,Denver,Colorado,USA,2023-04-17
220,Cassandra Valenzuela,richamanda@example.org,772-298-0686,Houston,Texas,USA,2023-04-05
221,Jessica Mays,yclarke@example.com,001-691-862-4731,Seattle,Washington,USA,2022-08-29
222,Aaron Manning,lanedavid@example.org,(735)665-1269x4486,Chicago,Illinois,USA,2021-09-18
223,Jennifer Harris DDS,jwhite@example.net,844.795.6213x7213,Buffalo,New York,USA,2023-05-12
224,Lisa Cohen,martintamara@example.org,727-396-1143,Denver,Colorado,USA,2023-02-16
225,Misty Arias,hmendez@example.com,001-590-427-7038x430,Denver,Colorado,USA,2025-03-13
226,Heather Pena,christopherhill@example.com,(766)793-8011x848,Boston,Massachusetts,USA,2021-12-23
227,Destiny Obrien,shawnpowell@example.org,626-681-8184x518,Las Vegas,Nevada,USA,2024-03-11
228,Tracy Hart,katherineali@example.com,+1-279-607-1416x3356,Austin,Texas,USA,2023-04-12
229,Brandon Nunez,charles27@example.com,(539)542-3733x343,Chicago,Illinois,USA,2025-09-04
230,Sara Kelly,wilsonchristian@example.net,490.680.7595x7947,Los Angeles,California,USA,2022-09-15
231,Paul Anderson,imendoza@example.org,356.727.1875x00369,Austin,Texas,USA,2022-03-07
232,Scott Lopez,joel79@example.com,(427)563-6556x472,Miami,Florida,USA,2025-05-29
233,Michelle Brock,mchase@example.org,001-627-202-6728x857,Las Vegas,Nevada,USA,2024-05-27
234,Michael Brown,thomas17@example.net,445-658-8450x61593,Denver,Colorado,USA,2022-10-22
235,Michael Freeman,ypreston@example.net,572-725-6996x1125,Orlando,Florida,USA,2023-06-24
236,Eddie Adams,cnelson@example.com,001-498-876-2202x341,Orlando,Florida,USA,2024-10-15
237,Arthur Johns,johnsonrandy@example.org,649-921-6433,Buffalo,New York,USA,2023-11-13
238,Bonnie Roberson,johnsonmichael@example.com,878.648.7282x9979,Orlando,Florida,USA,2025-06-14
239,Karen Perez,ramosmichael@example.com,(240)908-2547,Boston,Massachusetts,USA,2025-06-19
240,Karen Smith,myates@example.org,4858368663,Seattle,Washington,USA,2021-12-14
241,Connie Miller,zacharymarsh@example.net,001-944-984-6312x241,Denver,Colorado,USA,2021-06-23
242,Marcus Lopez,hernandeztara@example.org,(414)242-7031,Austin,Texas,USA,2023-11-22
243,Glenn Collins DDS,steven05@example.org,001-520-846-1872x346,Denver,Colorado,USA,2024-07-20
244,Jessica Rojas,gonzalezjill@example.org,537.764.5208x81474,Las Vegas,Nevada,USA,2022-11-18
245,Sharon Robinson,youngryan@example.org,(949)416-3009,San Francisco,California,USA,2025-08-04
246,Brandon Moore,parksmatthew@example.net,7057281273,Phoenix,Arizona,USA,2022-04-27
247,Jessica Lee,ihoward@example.com,4777848739,Denver,Colorado,USA,2022-09-28
248,John Dillon,caseymoore@example.com,585-770-8620x959,Buffalo,New York,USA,2025-07-10
249,Mary Ryan,rlee@example.com,001-482-294-5651x181,Buffalo,New York,USA,2021-10-29
250,John Garcia,hbarrett@example.net,001-994-205-3910x371,Los Angeles,California,USA,2021-04-05
251,Patrick Zamora,laura09@example.com,501.441.3811x38633,Buffalo,New York,USA,2023-09-01
252,Kristin Reese,emily61@example.org,(786)785-2897,Las Vegas,Nevada,USA,2025-10-07
253,Yesenia Kirk,bduran@example.net,293-698-3684x57760,Phoenix,Arizona,USA,2021-05-30
254,Kelly Holder,adam33@example.com,2489889921,Orlando,Florida,USA,2023-04-29
255,Charles Richardson,jesseshepherd@example.org,001-369-631-5727,Boston,Massachusetts,USA,2024-07-13
256,Robert James,weeksmatthew@example.com,(713)590-6048x05892,Las Vegas,Nevada,USA,2022-02-03
257,Michael Osborn,kmullins@example.net,936-246-2251,Seattle,Washington,USA,2024-11-27
258,Deborah Ross,iayala@example.org,683.876.9389x8331,Miami,Florida,USA,2023-10-10
259,Thomas Davis,whenderson@example.org,559-704-2597x92703,Miami,Florida,USA,2022-05-15
260,Nicholas Miller,sanchezchristine@example.org,605-914-7705x3833,New York City,New York,USA,2024-09-05
261,Wendy Neal,bennettrebecca@example.net,9422043940,Seattle,Washington,USA,2021-01-12
262,Matthew Alvarado,michelle04@example.net,(936)281-5798x1238,Boston,Massachusetts,USA,2025-03-18
263,Thomas Torres,klong@example.org,(655)543-8404x608,Atlanta,Georgia,USA,2025-04-27
264,Steven Sandoval,blairabigail@example.net,+1-436-539-2649x578,Boston,Massachusetts,USA,2021-08-07
265,Lauren Sutton,michelleparker@example.net,226.729.2518x81252,Phoenix,Arizona,USA,2023-05-21
266,Jennifer Jenkins,oreese@example.net,523-512-2099x499,Buffalo,New York,USA,2021-12-27
267,Alexander Miller,manderson@example.com,001-252-667-7223x306,Phoenix,Arizona,USA,2024-11-26
268,Courtney Powers,katherinejones@example.com,+1-275-373-6609x656,Chicago,Illinois,USA,2023-08-10
269,Ronald Williams,aprilfoster@example.net,6866803476,Los Angeles,California,USA,2024-02-16
270,Jay Austin,vaughnrebecca@example.com,+1-271-481-2982x6657,Buffalo,New York,USA,2025-10-04
271,Steven Huang,udavis@example.net,+1-821-811-7518x6892,San Francisco,California,USA,2023-07-24
272,Christopher Rogers,fernandothomas@example.net,5642474212,New York City,New York,USA,2025-06-30
273,Dawn Ellis,astephens@example.net,633.597.7671x9903,Orlando,Florida,USA,2024-09-29
274,Charles Delgado,thomasantonio@example.net,+1-445-910-1622x499,Chicago,Illinois,USA,2024-02-19
275,Heather Johnson,marcus61@example.com,+1-814-572-1458,Las Vegas,Nevada,USA,2022-10-12
276,Lisa Rodriguez,webbhaley@example.net,969-954-8995x2997,Phoenix,Arizona,USA,2025-12-31
277,Sophia Hall,tiffany01@example.org,513.696.6055x830,Orlando,Florida,USA,2024-06-08
278,Barry Evans,katie15@example.com,(499)902-3557x7027,Atlanta,Georgia,USA,2025-01-13
279,Kimberly Rogers,dreilly@example.net,295-788-0395x5124,Boston,Massachusetts,USA,2023-10-31
280,Miss Sarah Duncan,hlopez@example.com,001-650-446-1735x743,Miami,Florida,USA,2025-08-29
281,Richard Strickland,wallaceangel@example.com,923.857.8452x18230,Boston,Massachusetts,USA,2024-01-28
282,Kelly Smith,mcdanielbrooke@example.org,670-718-4094x35334,Orlando,Florida,USA,2021-11-22
283,Megan Nelson,joshuasmith@example.net,+1-481-638-5854,Seattle,Washington,USA,2025-10-31
284,Carolyn Collins,amber02@example.org,701.660.1662x9979,Orlando,Florida,USA,2023-07-11
285,Craig Chang,beltrankatelyn@example.com,001-521-571-7477,Austin,Texas,USA,2025-03-20
286,Steven Scott,philip55@example.com,401.371.5772x4599,Buffalo,New York,USA,2025-09-17
287,Miguel Rodriguez,sparksamanda@example.com,001-363-793-8276,Denver,Colorado,USA,2022-07-22
288,Michael Reynolds,vbradley@example.net,001-332-919-7199x758,Phoenix,Arizona,USA,2025-05-12
289,Tyler Jones,jenningscandace@example.com,970-513-2902x27846,Chicago,Illinois,USA,2023-09-20
290,Shawn Evans,samantha65@example.org,001-209-286-2405,Denver,Colorado,USA,2022-05-05
291,Samantha Howard,michelle36@example.net,001-465-966-6683,Austin,Texas,USA,2023-06-20
292,Justin Bridges,mary24@example.net,(320)410-2762,San Francisco,California,USA,2025-01-01
293,Jennifer Bryant,dhanson@example.net,(687)865-3269x09738,Austin,Texas,USA,2022-04-26
294,Laura Johnson,carrolljanet@example.org,001-371-528-4781,Austin,Texas,USA,2022-11-19
295,Patrick Horne,suttonamber@example.net,790-658-0778x7956,Houston,Texas,USA,2024-01-12
296,Andrew Livingston,jessica94@example.org,+1-379-629-0490x4712,San Francisco,California,USA,2021-10-11
297,Luis Hill,alexis19@example.org,001-227-752-4372,New York City,New York,USA,2022-04-19
298,Dr. Linda Underwood,amullins@example.com,272.439.5041,Miami,Florida,USA,2024-11-22
299,John Alvarez,noahthornton@example.com,728-860-4765x801,New York City,New York,USA,2024-12-17
300,Marissa Nelson,joseph14@example.net,001-767-239-3852,Buffalo,New York,USA,2021-05-12
301,Sandra Smith,foxgina@example.com,544.330.0910,Miami,Florida,USA,2023-04-15
302,Barbara Gates,nicholasgallagher@example.net,001-621-824-4717,Houston,Texas,USA,2024-01-17
303,Mary Carrillo,fernando14@example.org,(465)904-4271x7396,Orlando,Florida,USA,2023-05-02
304,Joshua Reynolds,gainesjennifer@example.org,2112947072,Los Angeles,California,USA,2022-02-28
305,Deborah Graves,gandrews@example.net,001-777-766-1830x671,Atlanta,Georgia,USA,2023-05-11
306,Jennifer Chen,diazmelissa@example.com,674-832-8063,Miami,Florida,USA,2025-04-26
307,Lydia Howard,mccluresamuel@example.org,(603)909-3761,Las Vegas,Nevada,USA,2024-11-25
308,Sandra Cole,johnsonbrian@example.net,5613387829,Los Angeles,California,USA,2025-10-21
309,Charles Valdez,nmeadows@example.org,420.320.4179,Boston,Massachusetts,USA,2025-04-17
310,Ashley Crawford,bryanharris@example.com,001-365-319-8253x092,Las Vegas,Nevada,USA,2023-02-19
311,Peter Jackson,angela73@example.net,2212962071,Orlando,Florida,USA,2021-01-13
312,Brandon Pearson,robert72@example.org,(448)976-3290,Houston,Texas,USA,2022-09-04
313,Anita Serrano,michael08@example.org,918.519.5883,Phoenix,Arizona,USA,2023-03-10
314,Cory Hogan,kjimenez@example.net,9052436459,Atlanta,Georgia,USA,2025-09-08
315,Anthony Medina,kristenwashington@example.org,537-399-5635,Miami,Florida,USA,2024-01-08
316,Brent Rojas,nicholaswalker@example.com,001-870-762-3972,Seattle,Washington,USA,2025-02-13
317,Nathan Chen,james20@example.net,001-704-521-7762,Chicago,Illinois,USA,2025-06-27
318,Lindsey Clarke,belindatran@example.org,268-873-9774,Las Vegas,Nevada,USA,2022-03-28
319,Danielle Murphy,patriciavargas@example.org,001-806-900-7806,Orlando,Florida,USA,2022-03-26
320,Melissa Garcia,jallen@example.org,001-963-225-4310x742,Austin,Texas,USA,2023-06-12
321,Julie Taylor,xlopez@example.net,501.365.8046x498,Orlando,Florida,USA,2021-03-01
322,Gabriela Randolph,pamela16@example.com,590.355.2818x325,Miami,Florida,USA,2022-11-20
323,Nancy Goodwin,karenhodges@example.com,(348)964-0155x778,Denver,Colorado,USA,2024-10-22
324,Meghan Patel,shannon51@example.org,911.462.4112x412,Phoenix,Arizona,USA,2023-04-09
325,Kelly Burton,robert82@example.com,(767)704-3103x856,Seattle,Washington,USA,2021-12-05
326,Mr. Joseph Kelley,itorres@example.com,(643)975-4025,Atlanta,Georgia,USA,2023-08-16
327,Lisa Martin,ian22@example.org,410.559.2745,Boston,Massachusetts,USA,2021-09-19
328,Amanda Stewart,earl78@example.org,+1-441-206-7275,Las Vegas,Nevada,USA,2023-12-30
329,Kimberly Romero,thomas49@example.net,(397)651-7028,Los Angeles,California,USA,2023-03-18
330,Luke Robinson,christopher09@example.net,998.334.3018,Las Vegas,Nevada,USA,2024-03-01
331,Jennifer Henry,kerrmichael@example.org,001-365-565-0455x478,Denver,Colorado,USA,2021-02-25
332,Jill Riddle,zroberts@example.net,(862)399-1234x78519,San Francisco,California,USA,2024-08-09
333,Mark Nelson,angelapage@example.org,626.948.7049,Miami,Florida,USA,2021-10-05
334,Julie Johnson,moorekevin@example.net,+1-771-946-2730x1471,Atlanta,Georgia,USA,2023-08-04
335,Sheena Burton,hmccann@example.com,690.742.9025x72520,New York City,New York,USA,2021-04-13
336,Thomas Kelly,kelly18@example.org,001-721-492-8554x451,Austin,Texas,USA,2023-02-16
337,Joseph Watson,kjenkins@example.org,328.833.8988,Houston,Texas,USA,2022-03-10
338,Billy Fuentes,mendozalarry@example.com,(579)485-2401,Orlando,Florida,USA,2022-11-01
339,Brenda Perez,jasonzavala@example.com,001-211-907-6031x089,Houston,Texas,USA,2025-04-08
340,David Jones,websterkimberly@example.net,793.725.0124,Boston,Massachusetts,USA,2023-02-16
341,Jonathan Chandler,williamjones@example.net,001-408-933-4280x138,Austin,Texas,USA,2025-03-21
342,Ashley Davenport,gcoleman@example.org,(715)917-1827x54801,Atlanta,Georgia,USA,2023-05-14
343,Drew Burke,gloria73@example.net,(346)331-7520x71678,Austin,Texas,USA,2025-09-06
344,James Garza,figueroapatricia@example.org,853-953-9613,San Francisco,California,USA,2023-08-22
345,Micheal Perkins,katelyn65@example.com,+1-496-278-4271x1477,Los Angeles,California,USA,2025-03-15
346,Anthony Jones,stantonpatrick@example.net,624-799-1187x73477,Chicago,Illinois,USA,2021-04-17
347,Kimberly Smith,ewingnicole@example.org,(875)467-7002x8427,Houston,Texas,USA,2022-04-05
348,James Gallagher,rkeller@example.net,001-977-882-8064,Denver,Colorado,USA,2021-05-21
349,Heather Levine,bryan90@example.org,(259)505-6165x565,Phoenix,Arizona,USA,2024-08-27
350,Matthew Watkins,meltondanny@example.org,6852076986,Los Angeles,California,USA,2025-03-25
351,Leah Odom,uhudson@example.net,671-735-7852,Los Angeles,California,USA,2022-05-22
352,Christina Reid,pittmanamanda@example.com,604-396-3919x195,Buffalo,New York,USA,2025-09-15
353,Kiara Simmons,laura48@example.com,(485)936-6498x78208,Los Angeles,California,USA,2024-06-26
354,Victor Harmon,oadams@example.net,+1-869-808-3572x324,New York City,New York,USA,2022-05-04
355,Ronald Brown,meghanadams@example.com,+1-924-993-6312x3034,New York City,New York,USA,2023-08-28
356,Jessica Lucas,harrisjoseph@example.org,348-820-7001x594,Denver,Colorado,USA,2021-08-23
357,Megan Blackwell,uhahn@example.org,919.381.8984,Las Vegas,Nevada,USA,2022-03-23
358,Bryan Roman,marisa63@example.com,221.923.4764,Orlando,Florida,USA,2024-12-03
359,Melissa Rodriguez,pwells@example.com,(557)654-0900,Austin,Texas,USA,2025-04-20
360,Ellen Mullen,rebecca18@example.org,760.864.4134x327,Houston,Texas,USA,2021-12-10
361,Denise Miller,aruiz@example.com,001-961-224-8156x985,Las Vegas,Nevada,USA,2024-05-28
362,Margaret White,igibbs@example.org,(734)959-1123x8296,Seattle,Washington,USA,2025-01-11
363,Nicholas Green,lauren31@example.com,(926)569-3008x931,San Francisco,California,USA,2025-05-12
364,Samuel Williams,jburke@example.org,(529)610-8677x133,Atlanta,Georgia,USA,2021-12-02
365,Johnny Anderson,carolcarney@example.com,001-736-926-2044x397,Austin,Texas,USA,2021-08-10
366,John Savage,tmcdaniel@example.com,001-769-241-1800x537,Las Vegas,Nevada,USA,2021-02-22
367,Jonathan James,ilambert@example.net,4923428757,Boston,Massachusetts,USA,2022-10-01
368,Joseph Thomas,edwardstiffany@example.com,956-444-9485x625,Las Vegas,Nevada,USA,2024-10-19
369,Tammy Fields,jbrown@example.org,920.274.2761,Boston,Massachusetts,USA,2023-02-08
370,William Hoffman,uvasquez@example.org,551-234-2284,Miami,Florida,USA,2025-01-04
371,Laura Butler,sancheztyler@example.org,904-616-5915x20177,Buffalo,New York,USA,2021-06-05
372,Abigail Booker,unguyen@example.net,001-823-304-5018,Las Vegas,Nevada,USA,2024-11-15
373,Christopher Hanna,ndavis@example.org,(764)521-4764x9251,Atlanta,Georgia,USA,2024-07-08
374,Stephen Alvarez MD,bdavis@example.com,+1-326-661-0857x327,Buffalo,New York,USA,2021-07-28
375,Bob Solis,edgar24@example.org,964.690.8108x18661,Seattle,Washington,USA,2025-05-02
376,Kevin Mack,wilsondorothy@example.org,(960)616-4597,Austin,Texas,USA,2025-10-08
377,Thomas Patrick,jacobburgess@example.net,816-980-0610x277,Denver,Colorado,USA,2024-05-14
378,Robert Jensen,fballard@example.org,(403)510-3037,Phoenix,Arizona,USA,2021-09-05
379,Mark Tyler,christophercarrillo@example.org,560.612.2777x0793,Phoenix,Arizona,USA,2024-03-05
380,Sandra Williams,garciamelanie@example.com,(579)298-4076x78997,Phoenix,Arizona,USA,2021-03-26
381,Jennifer Stewart,adamsdeborah@example.com,579-957-6024,Houston,Texas,USA,2023-12-28
382,David Robinson,sandra72@example.com,001-566-457-2934x172,Miami,Florida,USA,2024-09-16
383,Ashlee Perry,ntorres@example.net,3057452280,Houston,Texas,USA,2021-05-22
384,Luke Martinez,tomchaney@example.com,001-308-242-8910x771,Chicago,Illinois,USA,2024-08-19
385,Carol Wilson,rhondamoore@example.com,001-878-271-2552x137,Houston,Texas,USA,2021-01-26
386,Robert Peterson,christopherwatson@example.com,(732)286-3266x678,Atlanta,Georgia,USA,2023-05-11
387,Randy Robbins,millerleroy@example.org,(706)202-9084x66845,Atlanta,Georgia,USA,2023-10-01
388,Stephanie Bishop,isabellagriffin@example.org,+1-299-775-6341,San Francisco,California,USA,2023-06-07
389,Nathan Hobbs,jason88@example.com,752.600.8943x46810,Houston,Texas,USA,2024-07-25
390,Heather Williams,westashley@example.org,453.899.8935x449,Boston,Massachusetts,USA,2025-08-25
391,Danielle Murphy,mackenzieward@example.org,(566)911-0627,Orlando,Florida,USA,2024-12-19
392,Michael Powell,lwiggins@example.com,+1-367-576-2282x7728,New York City,New York,USA,2023-06-11
393,Andrew Moore,sandra19@example.com,715-694-0821,New York City,New York,USA,2025-02-11
394,Elizabeth Tucker PhD,kristenfisher@example.com,632-970-1851x0679,Chicago,Illinois,USA,2024-08-25
395,Rachael Alvarez,kathleenwagner@example.com,001-277-925-1996x636,Austin,Texas,USA,2024-06-15
396,Maria Cline,armstronglaura@example.net,981-281-3989x0983,Phoenix,Arizona,USA,2024-01-08
397,Timothy White,hilljamie@example.net,001-971-289-5690,Phoenix,Arizona,USA,2023-09-18
398,Christopher Johnson,patrick11@example.org,+1-824-422-4124,Orlando,Florida,USA,2023-06-12
399,Tyrone White,evanscorey@example.org,(854)361-0339x93788,Atlanta,Georgia,USA,2025-02-06
400,Fernando Tran,washingtonrick@example.org,8489913824,Las Vegas,Nevada,USA,2022-07-04
401,Mark Harris,nathanielgalloway@example.org,+1-468-270-0794,Houston,Texas,USA,2025-10-11
402,Thomas Nelson,mary65@example.net,698.340.2891,Buffalo,New York,USA,2025-08-29
403,Bryce Taylor,natalie39@example.net,254-974-3553x79502,Boston,Massachusetts,USA,2021-06-27
404,Adam Thompson,ifarmer@example.org,+1-318-907-1569x5620,Austin,Texas,USA,2025-12-11
405,Corey Smith,changerin@example.net,(531)294-3375x047,Orlando,Florida,USA,2022-05-15
406,Roberto Foster,ashley72@example.net,499.692.1921,Phoenix,Arizona,USA,2023-08-10
407,Savannah Ibarra,james08@example.net,987-906-0566x418,Las Vegas,Nevada,USA,2024-06-03
408,Peter Stephenson,brandonhull@example.net,550.563.5190x361,Denver,Colorado,USA,2023-02-16
409,Eric Garrett,johnsonryan@example.org,001-754-531-7350,Houston,Texas,USA,2021-02-28
410,Patricia Harvey,garrettbeth@example.org,6068512070,Orlando,Florida,USA,2025-10-09
411,Michael Hansen,melissa61@example.net,001-263-999-0767x699,Houston,Texas,USA,2022-01-08
412,Leah Rodriguez,larsoncarlos@example.org,001-428-545-6797,Orlando,Florida,USA,2022-03-11
413,Andrew Anderson,ppalmer@example.com,498-222-7495x4508,Houston,Texas,USA,2025-06-22
414,Robert Hansen,hendersonjames@example.org,+1-631-853-7795x9959,Austin,Texas,USA,2022-11-29
415,Brian Walter,crawfordsamantha@example.net,537.893.3756,Austin,Texas,USA,2025-12-08
416,William Cox,howardangela@example.org,473-795-0033x4234,Las Vegas,Nevada,USA,2024-12-07
417,Danielle Gonzalez,meganlozano@example.org,+1-826-315-3473x5528,Boston,Massachusetts,USA,2022-07-20
418,Stephen Anderson,jamesgray@example.com,696-430-9938x42530,Chicago,Illinois,USA,2021-01-21
419,Tracy Blackwell,jessicamueller@example.net,+1-712-986-8578x725,Chicago,Illinois,USA,2022-01-27
420,Kathleen Adams,ylittle@example.net,+1-403-733-7363x4669,San Francisco,California,USA,2022-05-10
421,Bradley Walton,sean53@example.net,8787956776,Seattle,Washington,USA,2023-04-13
422,Emily Reyes,scottbaker@example.org,(714)288-8143x111,Orlando,Florida,USA,2024-02-12
423,Felicia Leonard,kevin43@example.net,+1-928-440-4456x690,Phoenix,Arizona,USA,2022-05-08
424,Crystal Cummings,thomasblack@example.net,001-777-451-5366x377,Seattle,Washington,USA,2023-09-03
425,Bethany Harding,porterdonna@example.com,736-866-8459x09022,Denver,Colorado,USA,2024-12-28
426,Christina Myers,glopez@example.com,001-974-212-1820,Orlando,Florida,USA,2023-07-07
427,Benjamin Mccarty,jamie48@example.org,805.980.2566x212,Phoenix,Arizona,USA,2021-02-05
428,Jasmine Berger,davidharris@example.com,001-272-499-4938x743,San Francisco,California,USA,2022-08-26
429,Roger Jacobs,aliciakent@example.com,879.501.4754x692,Buffalo,New York,USA,2023-04-09
430,Luke Reynolds,lbartlett@example.net,001-316-503-2484,Seattle,Washington,USA,2022-05-14
431,Jennifer Gill,carneycharles@example.org,756.872.4380x70176,Austin,Texas,USA,2024-09-21
432,Jennifer Smith,fletcherderek@example.net,001-477-271-1837x274,Las Vegas,Nevada,USA,2023-01-26
433,Cassandra Martinez,qjackson@example.org,+1-842-675-2308x3708,Orlando,Florida,USA,2024-02-08
434,Kyle Williams,pwang@example.com,331.506.0053,Chicago,Illinois,USA,2022-12-06
435,Anne Conley,jenniferwilliams@example.net,855-383-9386,Miami,Florida,USA,2025-03-08
436,Brian Morris,moralesleslie@example.com,573.814.9501,Chicago,Illinois,USA,2022-11-09
437,Kyle Bird,marquezkylie@example.net,(741)995-6252,Houston,Texas,USA,2024-12-10
438,Alan Barr,oreyes@example.net,589.803.0914,Orlando,Florida,USA,2022-07-09
439,Lisa Brown,victor32@example.com,203.897.5245,Austin,Texas,USA,2022-05-30
440,Donna Johnson,matthew38@example.org,+1-233-496-8527x0171,Buffalo,New York,USA,2021-09-05
441,Beth Thompson,joelmiller@example.net,942.533.6293x449,Seattle,Washington,USA,2022-01-30
442,Richard Miller,raymond27@example.com,(489)662-7066x14982,Houston,Texas,USA,2021-09-02
443,Eric Campbell,ijones@example.net,832.930.0857x6665,Seattle,Washington,USA,2024-01-03
444,William Jones,riddledavid@example.net,(836)845-8750,Phoenix,Arizona,USA,2024-11-14
445,Dana Johnson,crystal02@example.com,+1-872-343-9920x116,New York City,New York,USA,2022-01-28
446,Chelsea Henderson,tking@example.net,+1-469-646-1195,Buffalo,New York,USA,2025-02-21
447,Tara Sanders,adam27@example.org,716-486-4622,Orlando,Florida,USA,2022-07-21
448,Christina White,hayeslisa@example.org,402.334.6791,Seattle,Washington,USA,2024-04-22
449,James Hill,anthony37@example.com,+1-610-904-0901x3806,Phoenix,Arizona,USA,2023-12-11
450,George Jordan,evelyn55@example.org,(266)390-5510x762,Las Vegas,Nevada,USA,2022-08-03
451,Diana Lyons,miguelmontgomery@example.net,986.830.5050x5739,San Francisco,California,USA,2025-09-02
452,Rebecca Bailey,shatfield@example.org,001-664-993-2898x027,Buffalo,New York,USA,2022-08-30
453,Jeremy Wilson,johnjackson@example.net,001-311-460-2564x347,Buffalo,New York,USA,2023-01-10
454,Madeline Vasquez,monica99@example.org,+1-356-768-6334x1411,New York City,New York,USA,2022-09-12
455,Teresa Garner,berrydavid@example.com,(590)340-9836x6552,Los Angeles,California,USA,2024-12-21
456,Joshua Murray,lisaphillips@example.org,972.594.2095x4814,Chicago,Illinois,USA,2021-09-17
457,Michael Bennett DVM,eric33@example.net,001-702-876-4208x656,Austin,Texas,USA,2021-04-04
458,Joseph Campbell,jacquelinekelley@example.org,(959)904-7292,Los Angeles,California,USA,2024-02-08
459,Charles Robinson,jillsmith@example.net,001-912-466-2015,Austin,Texas,USA,2024-11-29
460,Autumn Robertson,brittney26@example.org,3139674926,New York City,New York,USA,2024-07-30
461,Marie Hill,hrichardson@example.org,917-683-0999,Atlanta,Georgia,USA,2025-03-22
462,Anna Watkins,pwashington@example.net,(949)321-5182x60688,Orlando,Florida,USA,2021-07-30
463,Lauren Reeves,molinajared@example.net,229-420-8751,Atlanta,Georgia,USA,2021-01-26
464,Marissa Miller,melissa01@example.org,445.982.6034x08487,Las Vegas,Nevada,USA,2022-08-06
465,Kelly Andersen,catherine83@example.net,503-703-2432,Orlando,Florida,USA,2023-09-08
466,Nicholas Henderson,jorge26@example.com,746-428-3143,Orlando,Florida,USA,2022-11-29
467,Christian Riddle,mgray@example.org,341-781-8615,New York City,New York,USA,2021-04-16
468,Paula Thomas,joshuagarcia@example.org,(611)328-4971x8594,Austin,Texas,USA,2025-10-31
469,Carolyn Potts,zwhite@example.net,+1-888-696-7924x0822,Orlando,Florida,USA,2021-08-22
470,Nicholas Villegas,erikabarnes@example.com,(575)678-4468,Atlanta,Georgia,USA,2021-05-14
471,Angie Torres,megan11@example.net,212.890.1487,Miami,Florida,USA,2023-10-05
472,Tara Taylor,rrobertson@example.net,001-216-909-3068x538,San Francisco,California,USA,2024-03-27
473,Megan Macias,gregoryrichardson@example.org,650.967.6251x53814,Denver,Colorado,USA,2024-11-06
474,Daniel Rojas,trobinson@example.net,207.797.0509x75451,Los Angeles,California,USA,2021-11-07
475,Charlotte Gomez,jordanjames@example.net,826.417.0243x76545,New York City,New York,USA,2025-07-20
476,Debra Mayo,wmartin@example.net,(505)931-3402x66502,Las Vegas,Nevada,USA,2022-09-15
477,Victoria Wilson,zpierce@example.net,001-725-268-6211x022,San Francisco,California,USA,2022-05-24
478,Cynthia Gregory,russell90@example.com,344.671.6392x8234,San Francisco,California,USA,2024-02-17
479,Danielle Hoover MD,hayneswayne@example.org,592.431.2604,Phoenix,Arizona,USA,2023-05-03
480,Luis Davis,jamesalicia@example.net,+1-733-656-7086x0414,Las Vegas,Nevada,USA,2024-05-05
481,Michelle Wright,whiteaaron@example.net,001-753-647-4916x247,Phoenix,Arizona,USA,2024-06-20
482,Michael Vega,markfigueroa@example.com,001-398-295-3439x611,Buffalo,New York,USA,2025-05-08
483,Susan Pena,jamesgriffin@example.org,289-454-7382,Chicago,Illinois,USA,2023-02-19
484,Joshua King,patricia71@example.com,476-688-0294,Orlando,Florida,USA,2023-06-26
485,Keith Bauer,joysanders@example.net,+1-881-627-8686,Austin,Texas,USA,2025-10-28
486,Aaron Armstrong,suarezkrystal@example.com,684.243.4481x23083,Las Vegas,Nevada,USA,2023-05-29
487,Teresa Ramirez,josephgibbs@example.net,338.610.5955,Austin,Texas,USA,2024-03-10
488,Jennifer Carr,tracie05@example.org,001-942-540-8916x498,Las Vegas,Nevada,USA,2021-05-04
489,Damon Soto,omoore@example.net,001-965-427-1727x223,Las Vegas,Nevada,USA,2025-02-24
490,Alisha Martin,lisamcdaniel@example.org,421-263-7618,San Francisco,California,USA,2025-04-12
491,Jamie Smith,hinesdeanna@example.org,(731)342-9001,Buffalo,New York,USA,2024-07-05
492,John Hart,tochoa@example.com,323.808.4810x0184,Buffalo,New York,USA,2022-06-26
493,Thomas Johnson,wcruz@example.net,736-317-2131x4519,Denver,Colorado,USA,2021-06-16
494,Tim Miller,munozgregory@example.net,392-262-4945x14754,New York City,New York,USA,2022-05-07
495,Vanessa Strickland,lukemyers@example.net,711.996.4215x2265,New York City,New York,USA,2024-02-05
496,Michael Gutierrez,devon36@example.com,+1-378-887-8836,San Francisco,California,USA,2021-11-17
497,Paula Shepherd,jacquelineyoung@example.org,705.487.2105,Los Angeles,California,USA,2023-04-17
498,Charles Castaneda,osanchez@example.org,001-421-226-0650x191,Orlando,Florida,USA,2024-11-12
499,Charles Sanchez,carrolllisa@example.org,001-227-228-4765x704,Las Vegas,Nevada,USA,2023-08-21
500,Carrie Martin,rwall@example.com,+1-349-884-3624,Austin,Texas,USA,2021-03-08
501,Beth Lewis,robinsonisaiah@example.net,+1-291-777-5662,Buffalo,New York,USA,2022-08-14
502,Chloe Rodriguez,coxkimberly@example.com,2346281139,Seattle,Washington,USA,2022-08-03
503,Dakota Hickman,josephdavila@example.net,7976005140,Seattle,Washington,USA,2025-10-27
504,Kathryn Edwards,iswanson@example.net,+1-615-468-1820x9679,Orlando,Florida,USA,2021-05-26
505,Joel Mcclure,cisnerosjesse@example.org,+1-822-288-9857x2545,Denver,Colorado,USA,2022-04-24
506,Patricia Hughes,wendylawson@example.org,001-371-902-4817,Boston,Massachusetts,USA,2022-06-26
507,Timothy Martin,barbara51@example.org,(974)274-7219,Phoenix,Arizona,USA,2025-06-09
508,Dustin Ortiz,scotthunt@example.net,351-668-7409x03802,Denver,Colorado,USA,2024-04-22
509,Kelly Nash,paulford@example.org,(877)787-1121x663,Denver,Colorado,USA,2025-07-05
510,Grant Munoz,jacquelinealvarez@example.com,208.727.2359x096,Boston,Massachusetts,USA,2022-02-10
511,Veronica Lewis,mirandacisneros@example.net,(544)621-2146x14768,Miami,Florida,USA,2021-08-24
512,Anthony Jacobson,wpeterson@example.com,(735)867-7826,Chicago,Illinois,USA,2022-04-06
513,Kristina English,christiancontreras@example.net,(355)802-7275,Denver,Colorado,USA,2021-11-02
514,Nathan Mcneil,cynthiafowler@example.net,503-736-8296,Boston,Massachusetts,USA,2022-06-29
515,Corey Frazier,woodmichael@example.com,381-477-6655x8685,Atlanta,Georgia,USA,2021-10-19
516,Jake Tran,amyjames@example.net,001-964-391-1110x961,San Francisco,California,USA,2021-05-03
517,Kathy Shaffer,melissa33@example.com,+1-861-237-1576,New York City,New York,USA,2025-06-12
518,Rachael Romero,nichole44@example.com,+1-830-560-0025x8955,Austin,Texas,USA,2024-05-03
519,Jenna Jensen,zpoole@example.net,(826)626-5826x31281,Seattle,Washington,USA,2025-08-16
520,Caitlin Morris,davissamuel@example.net,001-592-509-8196x027,Las Vegas,Nevada,USA,2022-08-15
521,Joseph Sanchez,qtownsend@example.org,612-609-1179x112,Orlando,Florida,USA,2021-09-12
522,Anna Snyder,roberta36@example.org,606.217.1366x5722,Orlando,Florida,USA,2024-11-11
523,Mary Welch,wilsonmatthew@example.com,299.480.2841x3908,Austin,Texas,USA,2024-12-04
524,Jacob Roach,murphyjeffrey@example.net,001-824-847-3158x477,Miami,Florida,USA,2022-07-12
525,Danielle Gonzalez,suzanne19@example.net,823-876-7694x5919,Chicago,Illinois,USA,2024-01-11
526,Harry Hurst,colepamela@example.net,896-449-8560x125,Orlando,Florida,USA,2023-06-16
527,Benjamin Sandoval,dustin51@example.org,505-337-9538x16493,San Francisco,California,USA,2024-05-09
528,Michelle Shah,berrydebbie@example.net,001-965-453-3077x046,Los Angeles,California,USA,2025-12-27
529,Leslie Young,mitchelldawn@example.net,7742260880,Miami,Florida,USA,2025-02-13
530,Brandon Lang,joshua56@example.org,+1-357-790-6477,Houston,Texas,USA,2024-05-21
531,Ashley Walker,taylorvictoria@example.net,001-263-621-3580x040,Austin,Texas,USA,2021-02-22
532,Gary Salazar,knelson@example.org,001-371-525-2967,San Francisco,California,USA,2022-04-14
533,Mary Bray,kendra73@example.org,241-558-3311x703,Denver,Colorado,USA,2025-09-09
534,James Freeman,jason98@example.net,847-528-1235x67983,Atlanta,Georgia,USA,2024-03-24
535,Jay Parks,thomasnancy@example.net,930-772-4078,Las Vegas,Nevada,USA,2021-02-12
536,Timothy Miller,zlewis@example.net,(885)407-4510x66343,Phoenix,Arizona,USA,2024-10-08
537,Kendra Snyder,drodriguez@example.net,313.310.0943,Atlanta,Georgia,USA,2022-07-06
538,Stephen Lyons,gmyers@example.org,001-947-632-3549x401,Las Vegas,Nevada,USA,2021-03-24
539,Melissa Jackson,jacksonmartin@example.com,(407)265-0241,Phoenix,Arizona,USA,2025-03-29
540,Tracy Aguilar,emarks@example.org,3093438822,New York City,New York,USA,2023-08-22
541,Noah Chavez,veronica47@example.com,(270)454-5897x148,Chicago,Illinois,USA,2024-08-27
542,Selena Hopkins,michaeljohnson@example.net,001-665-731-3614x878,Orlando,Florida,USA,2022-07-24
543,Jeanne Butler,kyle09@example.net,001-459-916-7954x107,New York City,New York,USA,2024-04-13
544,Kelly Roberts,kevinroberts@example.com,6702349107,Miami,Florida,USA,2024-07-24
545,Matthew Smith,devin48@example.net,001-782-514-2369x143,Atlanta,Georgia,USA,2023-10-05
546,Mandy Henderson,orozcosamantha@example.net,629-665-9234x2683,San Francisco,California,USA,2023-08-21
547,Keith Fuller,nicholasliu@example.com,828-975-8575,Houston,Texas,USA,2023-04-17
548,Jason Johnson,bernardrobert@example.org,+1-843-498-5298x940,Houston,Texas,USA,2022-10-20
549,Aaron Aguirre,fcombs@example.org,215-591-4975x019,Denver,Colorado,USA,2021-08-03
550,Kristina Coffey,jeffreylowe@example.org,340-579-3110x2918,Atlanta,Georgia,USA,2021-11-26
551,John Wall,hmyers@example.com,(472)438-4979x1620,Houston,Texas,USA,2023-04-24
552,Mary Jackson,thomasroberts@example.net,897-854-6617,Seattle,Washington,USA,2023-10-12
553,Drew Wilson,tsmith@example.org,+1-597-705-2774x0258,Austin,Texas,USA,2024-09-18
554,Kelly Palmer,dianabell@example.net,001-857-924-4617,Miami,Florida,USA,2025-07-25
555,Catherine Erickson,david59@example.net,(999)761-0023x117,Phoenix,Arizona,USA,2024-02-01
556,Vicki Stokes,danielgilmore@example.net,(461)709-4101x7590,Los Angeles,California,USA,2023-07-21
557,Jerry Anderson,jameshenry@example.net,433-226-8319x0130,San Francisco,California,USA,2022-10-07
558,Jason Payne,petersonfaith@example.net,+1-387-933-9785x5982,Austin,Texas,USA,2022-10-25
559,James Jones,martinezzachary@example.org,673-609-8503,San Francisco,California,USA,2025-05-02
560,Hunter Brennan,tammyjones@example.net,389.984.6908,Miami,Florida,USA,2025-11-07
561,Victoria Delgado,morganjose@example.com,001-302-838-5037x199,Chicago,Illinois,USA,2025-08-17
562,Lisa Miller,rpotts@example.net,6105783567,Los Angeles,California,USA,2024-09-08
563,Anthony Ayala,amandadalton@example.net,+1-308-770-6626x6821,Atlanta,Georgia,USA,2024-01-17
564,Greg Hull,jessechapman@example.org,(789)700-3010x27240,Orlando,Florida,USA,2023-04-27
565,Stephanie Bolton,catherinemendoza@example.org,+1-511-648-3753x7458,Los Angeles,California,USA,2022-01-20
566,Joshua Garcia,rachel97@example.com,732-483-4831,Chicago,Illinois,USA,2023-01-11
567,David Alexander,bbenton@example.com,8449964104,Las Vegas,Nevada,USA,2025-03-30
568,James Wallace,jamielopez@example.com,+1-604-508-5095,Orlando,Florida,USA,2024-07-04
569,Glenda Calderon,yglenn@example.net,001-401-886-4876x998,Orlando,Florida,USA,2025-04-06
570,Willie Allen,campbellfelicia@example.com,638-745-9609,Los Angeles,California,USA,2022-02-21
571,David Delgado,martinezashley@example.com,527-870-7070x578,Austin,Texas,USA,2024-01-30
572,Todd Hill,stephanie72@example.com,001-944-772-3229x031,New York City,New York,USA,2022-08-13
573,Mitchell Brown,theresa05@example.net,001-509-535-1187x181,Orlando,Florida,USA,2025-12-09
574,Jacob Carson,bjones@example.com,(605)295-5657,Seattle,Washington,USA,2023-09-20
575,Andrew Conrad,rodriguezjason@example.com,889.353.6902x61139,San Francisco,California,USA,2021-03-01
576,Kelsey Williams,hhopkins@example.com,943-894-3535x37513,Denver,Colorado,USA,2024-05-31
577,Harold Wagner,denise93@example.com,(339)328-3692x94455,Phoenix,Arizona,USA,2022-05-06
578,Jonathan Hernandez,xchen@example.org,(370)421-6487,Seattle,Washington,USA,2021-11-21
579,Sandra Johnson,veronicaanderson@example.net,(365)226-8341x5599,Austin,Texas,USA,2024-02-03
580,Thomas Dodson,vmccoy@example.com,872-729-8120x9957,Los Angeles,California,USA,2024-02-06
581,Jordan Chapman,halltrevor@example.org,001-788-498-6456,Miami,Florida,USA,2021-07-10
582,Amanda Landry,russellramirez@example.net,315-542-1447x73244,Buffalo,New York,USA,2025-09-20
583,Brenda Clark,anthonyorr@example.net,+1-830-970-5349,Boston,Massachusetts,USA,2021-08-21
584,Sandra Phillips,moransamantha@example.org,767.441.2415x131,Orlando,Florida,USA,2021-08-29
585,Desiree Mccoy,mannleroy@example.org,(618)953-8003x29633,Denver,Colorado,USA,2025-09-01
586,Robert Gross,david18@example.net,001-830-561-7893x206,New York City,New York,USA,2023-10-18
587,Kari Sandoval,nataliepittman@example.com,+1-977-769-5874x1314,Boston,Massachusetts,USA,2025-01-07
588,Jeffery Thompson,donna56@example.net,(577)896-3044,Austin,Texas,USA,2023-11-09
589,Raymond Green,robert76@example.com,404-573-5047x639,Seattle,Washington,USA,2022-07-14
590,Ashley Donaldson,david80@example.net,5617558108,Miami,Florida,USA,2025-09-06
591,Victoria Massey,oheath@example.com,(255)363-8300,Orlando,Florida,USA,2023-08-26
592,Raven Williams,kevin33@example.org,216-462-4111x860,Buffalo,New York,USA,2023-07-25
593,Kevin Myers,kristen68@example.net,8446731497,Chicago,Illinois,USA,2021-10-24
594,Daniel Russell,timothy88@example.org,(907)765-8173x9063,Miami,Florida,USA,2022-01-26
595,Brian Collins,lisadaugherty@example.org,+1-923-579-3126,Boston,Massachusetts,USA,2024-05-12
596,Johnny Jenkins,mary05@example.net,001-996-704-3878,Chicago,Illinois,USA,2025-03-09
597,Cynthia Murray,vrobertson@example.net,316-416-2028,Boston,Massachusetts,USA,2021-10-07
598,Sergio Wilson,osimpson@example.net,728.466.0416x4485,Atlanta,Georgia,USA,2021-05-23
599,Joseph Harris,april47@example.com,452.428.7056,Austin,Texas,USA,2025-05-02
600,Willie Smith,jamesdavis@example.com,610-697-9215x83503,Phoenix,Arizona,USA,2025-10-16
601,Shawna Silva,michael64@example.net,+1-631-392-1342,Miami,Florida,USA,2022-11-28
602,Joseph Newman,xrivera@example.net,+1-449-473-2033x192,Boston,Massachusetts,USA,2025-06-02
603,Aaron Miller,taylorlindsay@example.com,+1-775-348-1386x6675,Chicago,Illinois,USA,2022-07-02
604,Sarah Moses,jennifer68@example.com,541.886.5205x7563,Atlanta,Georgia,USA,2021-01-06
605,Timothy Cowan,scottfox@example.org,001-645-215-4809,Austin,Texas,USA,2025-01-26
606,Maria Sanders,joshua09@example.org,001-479-477-2781x050,Austin,Texas,USA,2025-09-12
607,Bonnie Barnes,browndana@example.org,818-843-9055x29580,Las Vegas,Nevada,USA,2024-04-02
608,Mckenzie Brown,jessicamiller@example.com,6497386204,Denver,Colorado,USA,2023-09-30
609,John Huff,knightsteven@example.org,521-725-9020,Atlanta,Georgia,USA,2021-11-01
610,Shawn Harding,mary32@example.com,5645242956,Orlando,Florida,USA,2024-01-09
611,Curtis Krause,heidi41@example.com,(595)858-7209x628,Orlando,Florida,USA,2022-12-08
612,Robert Hogan,matthewschmitt@example.net,001-941-483-4374x018,Houston,Texas,USA,2024-02-05
613,Frank Elliott,morrisdaniel@example.com,6264755125,Phoenix,Arizona,USA,2024-01-18
614,Cody Johnson,swatkins@example.com,001-367-834-5957x640,Miami,Florida,USA,2023-07-22
615,Derrick Ray,martingarrett@example.com,+1-983-892-2501x425,Boston,Massachusetts,USA,2022-10-22
616,Aaron Hernandez,kevinmiller@example.org,461.732.8507,Atlanta,Georgia,USA,2022-01-22
617,Joshua Long,robertabarnett@example.com,001-831-362-5265x469,Seattle,Washington,USA,2022-05-05
618,Michael Cordova,walkercharlotte@example.org,(555)280-9961x327,Las Vegas,Nevada,USA,2023-02-24
619,Jeffrey Morgan,ronaldmitchell@example.com,+1-870-246-2268x1715,Buffalo,New York,USA,2025-10-20
620,Carl Hunter,psmith@example.net,(760)346-4197x8575,Phoenix,Arizona,USA,2023-04-22
621,Veronica Schmidt,fberg@example.org,2599438976,Los Angeles,California,USA,2022-10-14
622,Bryan Burns,brendan95@example.com,(254)308-4245x60754,Seattle,Washington,USA,2023-08-27
623,Andrew Rodgers,gregorynichols@example.org,001-327-764-5793x897,Seattle,Washington,USA,2025-07-20
624,Charles Davila,reyestina@example.org,546-260-2416x13944,Miami,Florida,USA,2023-03-02
625,John Hodges,shill@example.org,880-496-2440x630,Denver,Colorado,USA,2025-06-11
626,Joel Tyler,colton30@example.net,231-794-9796x95867,Atlanta,Georgia,USA,2024-08-28
627,Gregory Wallace,fdickerson@example.org,+1-726-346-0917,New York City,New York,USA,2023-10-12
628,William Wood,karen77@example.org,(299)629-5966,Los Angeles,California,USA,2021-09-16
629,Katherine Young,nicholasrush@example.org,863-831-9422,Chicago,Illinois,USA,2024-04-23
630,Daniel Lester,luis51@example.net,+1-858-688-6367x7472,Houston,Texas,USA,2025-11-17
631,Ronald Hines,francesgarcia@example.net,+1-866-263-0932x9981,San Francisco,California,USA,2025-11-26
632,David Hudson,xcohen@example.org,001-796-488-3275x327,Atlanta,Georgia,USA,2023-06-21
633,Steven Clark,rstevens@example.net,232.278.1952x371,San Francisco,California,USA,2023-12-14
634,Jennifer Meyer,eatkins@example.com,781-898-0770x460,Boston,Massachusetts,USA,2023-07-25
635,Kayla Banks,gcobb@example.org,391-725-6523x734,Los Angeles,California,USA,2025-01-19
636,Angela Nolan,wgoodwin@example.com,247-557-4949x02284,New York City,New York,USA,2023-04-20
637,Kristy Reeves,shirley29@example.net,577-642-2294x6430,Atlanta,Georgia,USA,2024-09-02
638,Adam Diaz,kwoods@example.com,+1-929-885-8567x2872,New York City,New York,USA,2021-06-03
639,Travis Peterson,jamie24@example.net,001-313-757-7908x335,Orlando,Florida,USA,2025-05-20
640,Denise Nixon,wallerbrian@example.net,333.542.3372x09484,Austin,Texas,USA,2022-11-25
641,Sylvia Escobar,alexandrabrown@example.org,399.577.1805,Las Vegas,Nevada,USA,2024-11-19
642,Jeremy Alvarez,danielsjason@example.com,890-696-1739x9704,Miami,Florida,USA,2024-08-23
643,Christopher Hunter MD,joseph83@example.com,988-447-1270x587,San Francisco,California,USA,2025-10-11
644,Philip Chambers,schaeferscott@example.net,+1-682-531-3348x4587,Houston,Texas,USA,2025-10-12
645,Brittney Moore,kfloyd@example.net,+1-625-787-9643x4745,Denver,Colorado,USA,2025-10-26
646,Sandra Stewart,ronald66@example.org,001-260-765-2740x334,Chicago,Illinois,USA,2023-02-18
647,James Grant,laurenwilliamson@example.com,511-632-5797x067,Houston,Texas,USA,2024-07-07
648,Ms. Amy Brown,joshua57@example.com,672-515-6229,Seattle,Washington,USA,2025-12-23
649,Jessica Murphy,angela40@example.org,001-615-657-3257x375,Phoenix,Arizona,USA,2023-09-27
650,Tasha Taylor,zsimmons@example.com,7809850960,Atlanta,Georgia,USA,2024-01-14
651,Gene Jones,cunninghamterri@example.org,+1-828-619-7931,Los Angeles,California,USA,2024-06-18
652,Steve Gamble,debrajones@example.net,001-257-886-0694,San Francisco,California,USA,2022-04-26
653,Danny Simmons,melissa95@example.net,239.259.2323x421,Denver,Colorado,USA,2024-11-02
654,Kimberly Blevins,monica33@example.org,926-543-3502x7160,Boston,Massachusetts,USA,2022-08-12
655,Jeremy Ross,kellilawrence@example.org,928-798-1231,Buffalo,New York,USA,2025-03-10
656,Emily Lee,marshmichael@example.com,617.500.6661x55416,San Francisco,California,USA,2023-06-08
657,Mrs. Maria Price DDS,jessica50@example.org,229.202.8227,San Francisco,California,USA,2025-04-07
658,Christine Singh,nathan62@example.com,(928)522-5120,Denver,Colorado,USA,2024-12-12
659,Mario Stout,christy00@example.com,4704260869,Atlanta,Georgia,USA,2021-07-25
660,Gregory Walker,hmcneil@example.com,768.772.9047x742,Orlando,Florida,USA,2021-12-07
661,Mary Davis,kgoodman@example.org,(638)322-3116,Seattle,Washington,USA,2022-09-06
662,David Blair,mark79@example.net,294.425.6529x06032,Boston,Massachusetts,USA,2021-03-01
663,Sara Young,kmorris@example.com,653.796.7379x4871,Los Angeles,California,USA,2022-10-27
664,Steven Scott,dingram@example.net,458-341-5608,Phoenix,Arizona,USA,2021-04-25
665,Jim Rodriguez,david54@example.com,(481)282-6832x30358,Austin,Texas,USA,2023-01-05
666,Heidi Hall,nicholasgarcia@example.org,+1-893-928-9634x0646,Houston,Texas,USA,2023-06-02
667,Chad Hurley,jonesjeanette@example.net,439-891-0622x7236,New York City,New York,USA,2022-05-16
668,Corey Flowers,perezstacy@example.org,(319)923-7245x0184,Chicago,Illinois,USA,2023-04-24
669,Jeffrey Short,whernandez@example.net,340-364-1769x27438,Las Vegas,Nevada,USA,2024-10-28
670,Miss Linda Cox DVM,bcopeland@example.com,7143448564,Phoenix,Arizona,USA,2022-01-04
671,Micheal Washington,bwalker@example.net,317-389-9698x609,New York City,New York,USA,2021-12-25
672,Autumn Gallagher,betty96@example.com,001-405-277-9806x603,San Francisco,California,USA,2024-06-02
673,Erin Carter,upham@example.com,555-753-4705x742,Atlanta,Georgia,USA,2023-02-23
674,Nicole Norman,megangates@example.com,(498)835-4116x597,Las Vegas,Nevada,USA,2024-10-31
675,Scott Washington,linda52@example.org,301-539-4884x88269,Buffalo,New York,USA,2023-10-17
676,Michael Melendez,jphelps@example.net,285-562-6149x91537,Boston,Massachusetts,USA,2024-04-09
677,Mary Hill,swalker@example.org,937.932.0430,New York City,New York,USA,2022-04-21
678,Juan Carroll,hlopez@example.net,(396)445-4655x3585,Orlando,Florida,USA,2024-07-30
679,Ronald Park,colinlowery@example.net,001-278-951-9358x374,Austin,Texas,USA,2023-07-31
680,Kathleen Graham,andrewwest@example.net,6572215149,Austin,Texas,USA,2024-09-27
681,Katherine Padilla,valerielewis@example.com,284-753-9862x8950,Los Angeles,California,USA,2025-07-06
682,Patricia Jones,morenojessica@example.net,339.322.0715,Orlando,Florida,USA,2022-08-13
683,Laura Rush,yballard@example.net,625.821.4526x4712,Denver,Colorado,USA,2024-01-25
684,Gregory Holland,morgankaren@example.net,209-708-0512x080,New York City,New York,USA,2021-06-01
685,Alexander Stein,michele23@example.net,+1-972-483-5129x592,Orlando,Florida,USA,2022-12-09
686,Robin Wallace,mcconnellpamela@example.org,741-952-9821x7392,Las Vegas,Nevada,USA,2022-09-05
687,Kimberly Price,qraymond@example.net,253-752-3736,Denver,Colorado,USA,2023-05-19
688,William Castillo,abbottchristopher@example.net,689-898-8683x45273,Seattle,Washington,USA,2022-05-28
689,James Henry,jgarcia@example.com,+1-464-774-0803x149,Orlando,Florida,USA,2025-09-28
690,Kimberly Williams,paul58@example.org,+1-368-582-8503x1723,Austin,Texas,USA,2022-02-12
691,Kenneth Austin Jr.,sharris@example.org,503-652-6356x0229,Miami,Florida,USA,2025-10-14
692,Jenny Duncan,jamie46@example.net,2668643749,Orlando,Florida,USA,2021-08-07
693,Randall Anderson,chadwilson@example.org,612.385.2464x8449,Buffalo,New York,USA,2023-02-21
694,Jennifer Blackwell,stephaniepeters@example.com,228.807.7113,Las Vegas,Nevada,USA,2023-01-06
695,Phillip Drake,ryanwood@example.net,(279)408-3350,Las Vegas,Nevada,USA,2022-08-29
696,Trevor Weeks,steven06@example.com,(248)913-2357,Seattle,Washington,USA,2022-08-28
697,David Rice,douglasbrandt@example.org,716-288-0925,Los Angeles,California,USA,2025-08-27
698,Brian Hall,dsmith@example.com,001-891-930-9810x796,Denver,Colorado,USA,2023-03-22
699,Cynthia Henry,michael77@example.org,885.632.4264x250,Austin,Texas,USA,2021-01-17
700,Joe Page,vanessamartinez@example.net,(736)866-7776x755,Las Vegas,Nevada,USA,2025-11-07
701,Joseph Sanchez,ashleygould@example.net,+1-995-678-6543x6271,Denver,Colorado,USA,2025-05-13
702,Tina Berg,nwilliams@example.com,+1-826-486-2703,Seattle,Washington,USA,2021-04-11
703,Paul Elliott,danielleandrews@example.org,(265)373-2759,Boston,Massachusetts,USA,2024-05-26
704,Angelica Smith,riverachristopher@example.com,923.941.5959,Seattle,Washington,USA,2023-10-15
705,Christopher Turner,rachelhernandez@example.com,589-362-8874,Atlanta,Georgia,USA,2022-08-10
706,Bridget Wallace,taylorparker@example.com,720.795.7992x7079,Phoenix,Arizona,USA,2025-06-25
707,Stacey Jones MD,erica21@example.net,854.415.9709,Buffalo,New York,USA,2024-05-28
708,David Palmer,burnsrebecca@example.org,+1-234-447-6504x7158,Phoenix,Arizona,USA,2022-12-23
709,Tammy Smith,turnerjames@example.com,(660)546-5586x6525,Buffalo,New York,USA,2024-07-27
710,Derek Gentry DVM,trujillorobin@example.net,402-513-1251,Buffalo,New York,USA,2024-06-25
711,Sharon Smith,doylematthew@example.net,429-575-1910,Austin,Texas,USA,2024-10-20
712,Tammy Lopez,smithlatasha@example.org,901.465.8373,Phoenix,Arizona,USA,2025-01-16
713,Nicholas Vargas,ramoswilliam@example.org,(534)428-9311,Phoenix,Arizona,USA,2024-09-12
714,Nicole Perez,lreid@example.com,+1-668-443-6453x804,Denver,Colorado,USA,2025-09-13
715,Arthur Cooper,harveylisa@example.org,+1-970-715-9591x9457,New York City,New York,USA,2024-07-10
716,Dr. Erik Duarte Jr.,bradgomez@example.com,756.877.7226x602,San Francisco,California,USA,2024-07-09
717,Lynn Ross MD,edwardshah@example.org,906-872-4530,Denver,Colorado,USA,2021-03-22
718,Ronald Nash,jeremy79@example.net,466.527.0511x5794,Austin,Texas,USA,2025-06-04
719,Kathleen Robinson,tsmith@example.net,(654)796-9192,Orlando,Florida,USA,2021-03-10
720,Renee Shields,annette71@example.org,756.533.5357x485,Las Vegas,Nevada,USA,2023-01-18
721,Tracie Harrington,jeanlynch@example.org,997.905.8162x9518,Seattle,Washington,USA,2021-09-27
722,Stephanie Mullen,carl63@example.com,001-425-607-3305x597,San Francisco,California,USA,2022-08-28
723,Kari Edwards,madisonbrewer@example.net,+1-614-603-8843x660,Houston,Texas,USA,2025-03-11
724,Edward Johnson,dmiller@example.org,968.629.7514x743,Miami,Florida,USA,2021-12-26
725,Carl Blanchard,williamsmark@example.com,(225)668-0656x259,Buffalo,New York,USA,2021-09-28
726,Peter Williams,sharpjennifer@example.com,712-721-8231,Phoenix,Arizona,USA,2024-01-10
727,Jason Potter,dmorales@example.net,(262)281-3721x43308,Boston,Massachusetts,USA,2023-01-20
728,Melissa Mendoza,robinsonjesse@example.org,(985)256-6084,Chicago,Illinois,USA,2023-10-25
729,Melissa Pierce,gonzalezbarry@example.org,001-870-551-9582,Boston,Massachusetts,USA,2022-07-13
730,Adam Burton,joseph58@example.com,(339)645-3546,Atlanta,Georgia,USA,2021-12-03
731,Jeremy Faulkner,hharris@example.org,(613)539-4394x5703,Austin,Texas,USA,2025-08-16
732,Emily Robinson,michelleclark@example.net,(357)269-2778x9431,Orlando,Florida,USA,2025-07-10
733,Lisa Vincent,sarah47@example.com,001-292-610-5336x514,Austin,Texas,USA,2025-03-09
734,Stephanie Turner,stephen31@example.net,001-207-920-1137x984,Atlanta,Georgia,USA,2022-11-25
735,Michael Lewis,bgregory@example.org,667.262.0901x4473,Phoenix,Arizona,USA,2021-08-24
736,Tracey Lopez,ppatrick@example.org,001-768-973-0451,Orlando,Florida,USA,2021-06-04
737,Kimberly Brooks,jessica82@example.com,001-856-729-6575x427,New York City,New York,USA,2025-03-25
738,Angelica King,marvinhoward@example.com,482.505.8295x829,Buffalo,New York,USA,2025-10-28
739,Jennifer Colon,mooneyamy@example.net,390-748-2357,Denver,Colorado,USA,2025-01-23
740,Rebecca Kelley,zmills@example.org,001-356-913-7230,Denver,Colorado,USA,2023-03-25
741,Benjamin Clements,katelynturner@example.org,+1-413-300-0413,Atlanta,Georgia,USA,2025-07-06
742,Jesse Wilson,dorothy09@example.com,965-734-6997x99070,Chicago,Illinois,USA,2023-01-20
743,David Wells,xmullins@example.org,(399)557-0607x17481,San Francisco,California,USA,2025-06-08
744,Michelle Nielsen,vjames@example.org,+1-470-254-8739x610,Miami,Florida,USA,2021-01-29
745,Jill Shaw,khill@example.com,+1-604-491-8727,Austin,Texas,USA,2024-01-04
746,Kyle Simmons,tanyajones@example.com,530.962.6042x3597,San Francisco,California,USA,2023-07-21
747,Tiffany Wilson,donaldyang@example.net,001-307-875-6085,Houston,Texas,USA,2024-10-09
748,Douglas Grant,fjones@example.com,+1-957-768-3210x2192,Seattle,Washington,USA,2024-10-08
749,Karen Arellano,brandiwilson@example.org,232.342.6050,Austin,Texas,USA,2024-04-12
750,Deborah Moreno,nicole25@example.org,433.477.7312x6881,Miami,Florida,USA,2025-08-12
751,Brianna Hodges,epalmer@example.net,(236)753-4606,Denver,Colorado,USA,2023-01-31
752,Alyssa Powers,peter93@example.net,(679)986-2398,San Francisco,California,USA,2024-10-14
753,Jessica Johnson,hoffmanjanet@example.org,001-905-846-4754x895,Buffalo,New York,USA,2023-08-24
754,Sara Lawrence,taylordavis@example.com,588-591-4444x98355,Los Angeles,California,USA,2024-06-22
755,Eric Petersen,mramirez@example.com,+1-439-324-3588x5379,Boston,Massachusetts,USA,2024-02-24
756,Sherri Little,carlyschultz@example.com,(775)436-7497,Houston,Texas,USA,2024-06-03
757,Benjamin Martinez,zli@example.org,834-577-8948,Buffalo,New York,USA,2024-08-19
758,William Fuller,elarson@example.com,(651)422-1500x1418,San Francisco,California,USA,2024-07-25
759,Tammy Mcdaniel,billkeller@example.org,5156944633,Atlanta,Georgia,USA,2023-08-09
760,Heather Young,spencerlevi@example.org,(663)989-0219,Boston,Massachusetts,USA,2024-12-06
761,David Russell,stephenmartin@example.org,841.903.4699,Austin,Texas,USA,2024-08-22
762,Brian Miller,vramos@example.com,+1-960-884-3768x550,Miami,Florida,USA,2021-08-27
763,Lisa Watson,burkeholly@example.com,(663)535-5643,New York City,New York,USA,2021-04-03
764,Shawn Yu,debbiebrown@example.net,9698556076,Los Angeles,California,USA,2022-09-16
765,David Perez,rhonda47@example.org,(739)289-8306,Orlando,Florida,USA,2021-08-26
766,Ann Moon,gilbertangela@example.com,484-572-4264,San Francisco,California,USA,2022-04-26
767,Christopher Jones,oliverashley@example.net,(348)376-2303,Boston,Massachusetts,USA,2024-01-06
768,Debra Logan,maxwellangela@example.com,001-222-882-3052x480,New York City,New York,USA,2023-03-07
769,Anthony Moore,johnlynch@example.com,001-247-337-2132,Orlando,Florida,USA,2023-01-30
770,Mrs. Donna Rice,zbyrd@example.net,+1-668-878-5996,Denver,Colorado,USA,2025-03-02
771,Scott Martinez,clarkcarol@example.com,519-866-6450x5730,Seattle,Washington,USA,2024-01-12
772,Nicole Cole,deborahturner@example.org,(703)574-7677,Miami,Florida,USA,2024-04-17
773,Jason Williams,pennylivingston@example.com,(905)276-6194x588,Seattle,Washington,USA,2025-01-28
774,Sheila Mendoza,mark48@example.org,7122840083,New York City,New York,USA,2025-12-19
775,Geoffrey Austin,christy45@example.org,791.977.6808x98126,Miami,Florida,USA,2024-09-03
776,Madison Thomas,christopherreyes@example.com,500.840.2369,San Francisco,California,USA,2025-09-04
777,Sonya Simmons,veronica30@example.org,(304)371-3727,Orlando,Florida,USA,2024-06-14
778,Robin Cooper,melissa49@example.net,+1-555-582-9849,Miami,Florida,USA,2022-07-27
779,Jessica Nelson,victor60@example.net,741-828-3337x2188,Los Angeles,California,USA,2024-11-14
780,Jennifer Rivera,sanchezcindy@example.net,250-766-6267,Houston,Texas,USA,2022-03-21
781,Bailey Young,zreilly@example.net,466.734.3925,Orlando,Florida,USA,2023-06-30
782,Sarah Garcia,hoganalan@example.net,(371)220-0720x24559,Buffalo,New York,USA,2025-10-18
783,Eric Garcia,mcneilchristina@example.org,(367)614-9498,Houston,Texas,USA,2021-07-23
784,Joel Phelps,dawngraves@example.org,693.840.6527x7584,Denver,Colorado,USA,2023-01-23
785,Timothy Bauer,elizabeth33@example.com,(920)410-9121,Chicago,Illinois,USA,2024-08-13
786,Benjamin Townsend,beth76@example.com,889-543-7052,Houston,Texas,USA,2021-05-05
787,Anthony Randall,perry77@example.net,(357)925-6592x0246,Miami,Florida,USA,2022-07-20
788,Felicia Williams,johnmunoz@example.com,726.200.5595,Buffalo,New York,USA,2021-09-08
789,Raymond Costa,jasoncook@example.net,001-684-986-8999x360,Atlanta,Georgia,USA,2025-08-15
790,Gary Russell,wellsnatalie@example.com,+1-693-859-3744x039,Orlando,Florida,USA,2021-07-07
791,Joseph Williams,aallen@example.com,2149886084,Denver,Colorado,USA,2022-03-11
792,Cindy Stanley MD,wyattsara@example.com,+1-552-983-0615,Denver,Colorado,USA,2024-08-02
793,Carlos Curry,gary44@example.com,(363)325-1448,Las Vegas,Nevada,USA,2021-02-13
794,Dr. Sarah Smith,camerontownsend@example.com,(317)951-8878,Los Angeles,California,USA,2025-05-31
795,Diana Miller,gomezpaul@example.org,+1-440-591-1225,Houston,Texas,USA,2022-05-14
796,Tim Welch,petersonpaul@example.com,386-532-3979,New York City,New York,USA,2025-05-31
797,Taylor Norman,phughes@example.com,700.773.0950,Las Vegas,Nevada,USA,2022-02-25
798,Ryan Montes,gmiller@example.net,581.692.7788x51905,San Francisco,California,USA,2025-08-27
799,Jessica Williams,brownkevin@example.org,001-646-624-5618x517,Phoenix,Arizona,USA,2024-02-10
800,Alexander Mitchell,jenniferkane@example.net,+1-591-351-1455x129,Buffalo,New York,USA,2024-04-15
801,Donald Skinner,cainana@example.net,001-684-284-1604x615,Buffalo,New York,USA,2025-07-24
802,Brandon Duffy,rodriguezthomas@example.com,(468)314-2983x152,Atlanta,Georgia,USA,2022-04-23
803,Alice Robinson,garybernard@example.net,836.508.4937x83063,Houston,Texas,USA,2025-05-05
804,Eileen Taylor,sbartlett@example.com,891.564.9701,New York City,New York,USA,2025-06-04
805,Melissa Ray,coffeyjohn@example.net,3332016234,Boston,Massachusetts,USA,2024-05-05
806,Michelle Greer,gutierrezmatthew@example.com,(921)555-6684,Los Angeles,California,USA,2022-07-22
807,Brianna Price,mollyhodge@example.net,977.446.0406,Atlanta,Georgia,USA,2021-10-24
808,Stephen Brown,nwarren@example.com,342-944-2607,New York City,New York,USA,2024-01-12
809,Mathew Cole,mary64@example.org,637.720.3763x8821,Austin,Texas,USA,2025-06-24
810,Melissa Nelson,julie01@example.net,434-943-8998,New York City,New York,USA,2021-08-14
811,April Benjamin,kayla86@example.net,707-332-1464x49369,Denver,Colorado,USA,2025-11-10
812,Marcus Zamora,brandon55@example.com,001-838-257-3680x119,Los Angeles,California,USA,2021-09-27
813,Jason Ferrell,garciaveronica@example.net,323.633.5104x096,Los Angeles,California,USA,2023-01-04
814,Stacy Orozco,petersonjoel@example.org,449-283-0748,Phoenix,Arizona,USA,2025-06-03
815,Katherine Gay,gclay@example.org,293.694.0655x78201,Buffalo,New York,USA,2024-04-20
816,Rodney Young,oconnorjames@example.org,224.370.7392,Houston,Texas,USA,2021-02-02
817,Misty Richardson,mary62@example.net,427-860-2508,New York City,New York,USA,2022-06-28
818,Phillip Lewis,roberthamilton@example.net,(448)588-9957,Los Angeles,California,USA,2021-09-17
819,Jessica Carr,qramirez@example.net,303.464.6871,Seattle,Washington,USA,2023-05-13
820,Crystal Graves,castroralph@example.net,001-220-382-8323,Chicago,Illinois,USA,2021-08-21
821,Juan Morgan,greenmartin@example.org,(406)973-2318,Seattle,Washington,USA,2021-05-11
822,Nathan Payne,steven45@example.org,3003001529,Orlando,Florida,USA,2023-07-08
823,Karen Trujillo,ibowers@example.net,(609)402-5561x844,Phoenix,Arizona,USA,2023-01-12
824,Robert Burke,hmitchell@example.org,(224)889-0567,Chicago,Illinois,USA,2024-04-30
825,Andrew Williams,nina65@example.net,615-584-8266x91362,San Francisco,California,USA,2023-07-15
826,Jaclyn Williams MD,kristenbennett@example.org,+1-907-706-3369,Chicago,Illinois,USA,2022-03-30
827,Alice Weber,davidbrown@example.org,664-481-8804,Las Vegas,Nevada,USA,2021-03-30
828,Kara Gilmore,zacharygray@example.org,616.843.2126x94289,Seattle,Washington,USA,2025-05-24
829,Alex Suarez,michealhardy@example.net,(631)244-1706x46255,Boston,Massachusetts,USA,2025-11-11
830,Richard Griffith,matthew24@example.org,001-201-576-4644x898,Denver,Colorado,USA,2023-12-04
831,Isabella Hawkins,mariahill@example.net,(579)505-0404,Austin,Texas,USA,2023-07-28
832,Christine Hubbard,james84@example.net,216-532-1119x78718,Denver,Colorado,USA,2021-03-05
833,Brandon Shelton,zrobinson@example.net,830-260-1198x75617,Los Angeles,California,USA,2023-09-08
834,Cody Hoover,willismatthew@example.com,982-998-0365,Atlanta,Georgia,USA,2023-04-03
835,Drew Werner,hornerebecca@example.org,+1-336-659-5201x491,Miami,Florida,USA,2024-11-06
836,Eduardo Hall,bcooper@example.net,(463)322-3998,San Francisco,California,USA,2023-10-02
837,Donald Morgan,davissarah@example.net,001-842-888-6050x537,Seattle,Washington,USA,2023-06-28
838,Natasha Stone,wilsondavid@example.org,3302835669,San Francisco,California,USA,2021-06-15
839,Michael Jones,corythompson@example.org,955-806-8826x917,Houston,Texas,USA,2024-05-30
840,Maria Thomas,traceyguerra@example.com,001-901-434-8087x354,New York City,New York,USA,2021-05-15
841,Daniel Brewer,brownelizabeth@example.com,001-409-208-5991x449,New York City,New York,USA,2022-07-18
842,Jody Scott,richardharper@example.net,+1-669-496-4899x718,Las Vegas,Nevada,USA,2024-07-20
843,Holly Cruz,dylancunningham@example.com,4845993231,Las Vegas,Nevada,USA,2024-01-29
844,Charles Costa,delliott@example.com,+1-508-672-6176x072,Seattle,Washington,USA,2022-10-28
845,Wendy Perez,markbates@example.com,+1-838-728-0405x6129,Miami,Florida,USA,2024-05-08
846,Robert Bowers,wgarza@example.net,+1-926-841-8696x5613,Chicago,Illinois,USA,2022-08-27
847,Ronald Khan,lindsayedwards@example.com,001-214-434-6823x948,Orlando,Florida,USA,2023-11-02
848,Danny Smith,yburke@example.org,7162831139,Las Vegas,Nevada,USA,2023-06-01
849,Austin Rose,christopher91@example.net,607-662-8397x62053,San Francisco,California,USA,2025-06-13
850,Jon Ramos,peter07@example.org,001-266-429-2508x177,Seattle,Washington,USA,2021-08-23
851,Tara Jones,andrew88@example.com,733-437-3125,Atlanta,Georgia,USA,2024-09-02
852,Thomas Morales,fstephens@example.com,3325119206,Denver,Colorado,USA,2025-12-03
853,Cynthia Palmer,david78@example.net,(261)433-7184x449,Phoenix,Arizona,USA,2024-02-04
854,Erica Thomas,ccarter@example.org,(944)903-7341x67812,Seattle,Washington,USA,2025-11-08
855,Carolyn Lopez,flowersdanielle@example.com,001-782-913-4862,Buffalo,New York,USA,2023-05-31
856,Melissa Kim,odelacruz@example.net,518.928.5605,Orlando,Florida,USA,2025-12-24
857,Allison Floyd,hpowell@example.com,406.373.6820x5068,Buffalo,New York,USA,2023-04-28
858,Carolyn Walker,mark21@example.com,+1-350-458-7146x9218,Houston,Texas,USA,2025-08-22
859,James Bryant,grantamanda@example.net,736-299-8480x220,Orlando,Florida,USA,2023-03-28
860,Melissa Hall,mproctor@example.net,001-348-642-4959x881,Miami,Florida,USA,2025-02-03
861,Mark Romero,dominguezscott@example.com,(438)267-6738,San Francisco,California,USA,2022-10-03
862,Jodi James,stuartbryan@example.net,+1-477-498-7682x9968,Miami,Florida,USA,2022-10-03
863,Kenneth Snyder,gibbsamanda@example.net,906.223.5040x56695,Denver,Colorado,USA,2022-06-07
864,Calvin Ramirez,kimberlycooper@example.com,642-486-7963x259,Houston,Texas,USA,2021-11-09
865,Madison Anderson,kristine33@example.net,001-715-962-4152,Denver,Colorado,USA,2023-08-30
866,Tony Price,richardlawrence@example.net,858.795.1381,San Francisco,California,USA,2021-07-06
867,Trevor Burns,stephanie85@example.org,+1-357-344-3034x918,Atlanta,Georgia,USA,2021-06-24
868,Linda Martin,adriennebush@example.net,740.615.3641,San Francisco,California,USA,2023-06-04
869,Gabriel Murphy,robinsonglenn@example.net,267.281.3675,San Francisco,California,USA,2025-03-05
870,Deborah Bradford,campbellkayla@example.org,9522769819,Seattle,Washington,USA,2023-02-03
871,Sandy Todd,nelsondavid@example.net,885.962.2586x60598,Phoenix,Arizona,USA,2021-09-24
872,Diana Huffman,trevormorgan@example.com,001-648-359-6559x428,Chicago,Illinois,USA,2021-05-03
873,Robin Patterson,anthony00@example.org,(345)739-3132,Las Vegas,Nevada,USA,2024-02-25
874,Andrea Smith,timothy83@example.net,+1-968-421-4448x8966,Chicago,Illinois,USA,2022-11-07
875,Dr. William Walker MD,sball@example.net,(320)425-8254x31832,Denver,Colorado,USA,2021-09-08
876,Arthur Gonzalez,natashabrewer@example.net,591-906-0183x6472,Miami,Florida,USA,2022-12-26
877,Joseph Wang,fstone@example.net,422.857.7545x847,Atlanta,Georgia,USA,2024-09-24
878,Kenneth Johnson,christinedixon@example.net,001-476-383-1608x271,Phoenix,Arizona,USA,2023-05-17
879,Daniel Ramos,sararios@example.org,8524229993,Atlanta,Georgia,USA,2025-01-16
880,Morgan Lloyd,bowmanjoel@example.net,(732)655-3983,Los Angeles,California,USA,2022-08-13
881,Bryan Hardy,fmclaughlin@example.org,(964)330-9544,Las Vegas,Nevada,USA,2022-10-02
882,Jeremy Summers,ksmith@example.org,912.705.3978x713,Houston,Texas,USA,2021-08-01
883,Trevor Bautista,davidjohnson@example.net,001-912-956-0832x004,Las Vegas,Nevada,USA,2023-11-06
884,Daniel Singh,elizabeth52@example.org,+1-786-300-3044x3619,Buffalo,New York,USA,2021-11-13
885,Gregory Wiggins,monicaduncan@example.org,5299295014,Denver,Colorado,USA,2023-09-15
886,Sean Dixon,salazarjames@example.org,001-367-413-9719,Buffalo,New York,USA,2025-10-02
887,Mark Dennis,clarkdavid@example.net,001-876-372-0191x116,San Francisco,California,USA,2022-12-19
888,Christopher Martinez,griffinjennifer@example.net,001-787-533-9304x936,Atlanta,Georgia,USA,2024-02-14
889,Mary Gibson,kimberly12@example.com,(711)240-8682,Houston,Texas,USA,2021-08-24
890,Erin Taylor,nicholas09@example.org,001-955-261-0399x529,Phoenix,Arizona,USA,2022-07-25
891,Crystal Chavez,joshuacoleman@example.com,+1-658-356-4230,Las Vegas,Nevada,USA,2022-04-09
892,Paula Johnson,bconrad@example.org,(292)973-8740x299,Phoenix,Arizona,USA,2023-05-29
893,Tracey Reynolds,gutierrezdavid@example.com,715.854.2034x03010,Atlanta,Georgia,USA,2024-02-23
894,Kristy Tate,yrichardson@example.com,+1-915-379-5546x234,Phoenix,Arizona,USA,2025-08-04
895,Robert Murray,rodriguezangela@example.org,410.830.6831x76417,Las Vegas,Nevada,USA,2024-06-10
896,Kimberly Black,seth29@example.org,001-215-907-1380x671,Denver,Colorado,USA,2024-08-09
897,Evelyn Novak,michael84@example.com,736-921-3009x6258,Chicago,Illinois,USA,2021-02-23
898,Jeffrey King,harrisanna@example.com,839.462.7466,Las Vegas,Nevada,USA,2024-09-09
899,Kevin Warren,hollyalvarez@example.org,2463661459,Atlanta,Georgia,USA,2024-11-21
900,Amber Chapman,qmartinez@example.org,2497388194,Austin,Texas,USA,2021-03-01
901,Zachary Jones,bobbybishop@example.net,5943976987,New York City,New York,USA,2022-07-14
902,Kevin Jennings,jreyes@example.net,616-561-2374x0779,Seattle,Washington,USA,2025-04-11
903,Christopher Morris,jasonbarker@example.net,+1-499-249-9197x0142,Austin,Texas,USA,2022-11-27
904,Anthony Murray,danieljenkins@example.org,+1-904-418-1359x9898,Houston,Texas,USA,2021-01-13
905,Angela Wallace,simonamanda@example.net,001-448-401-8644,New York City,New York,USA,2025-11-17
906,Jocelyn Beard,alejandra39@example.com,957.308.2004x80675,New York City,New York,USA,2024-03-05
907,Catherine Lopez,evansrichard@example.net,+1-812-987-9429x6882,Denver,Colorado,USA,2023-04-01
908,Amber Williams,jerome14@example.org,001-461-956-0783,San Francisco,California,USA,2021-10-18
909,Steven Vazquez,mathewbennett@example.org,001-579-662-4096x496,Seattle,Washington,USA,2024-07-20
910,Jessica Baker,edward70@example.org,+1-851-662-2593,Los Angeles,California,USA,2021-07-07
911,Beth Shaw,josephross@example.net,339.806.2467x28799,Seattle,Washington,USA,2023-12-23
912,Roy Davis,lewismaria@example.net,001-435-592-3613x376,Buffalo,New York,USA,2023-02-10
913,David Hawkins,moraleskimberly@example.net,3258447241,Miami,Florida,USA,2023-07-19
914,Andre Lee,joshua96@example.com,277-218-2498,Houston,Texas,USA,2021-11-19
915,Julia Arnold,nelsonscott@example.com,513.859.2664x86989,Houston,Texas,USA,2022-10-01
916,Kirsten Collins,sbradley@example.org,759-545-0119x29207,Seattle,Washington,USA,2022-10-27
917,Jane Neal,daniel71@example.com,+1-603-798-8636x5362,Phoenix,Arizona,USA,2024-03-08
918,Anthony Washington,johnsondiana@example.net,824-889-4204x6648,Las Vegas,Nevada,USA,2021-06-23
919,Anthony Mccormick III,wilkinssarah@example.com,(257)875-8097x45338,Boston,Massachusetts,USA,2021-04-18
920,Scott Wood,yliu@example.org,+1-226-254-0165x9953,New York City,New York,USA,2021-11-19
921,Megan Martin,davidhernandez@example.org,001-376-477-4625x916,Phoenix,Arizona,USA,2024-06-19
922,William Davis,amanda86@example.org,9804179867,Los Angeles,California,USA,2024-10-12
923,Bob Lane,scott04@example.com,(264)526-1212,San Francisco,California,USA,2022-07-12
924,Crystal Wolf,bpeterson@example.com,001-496-680-7852x548,Orlando,Florida,USA,2024-09-17
925,Michael Neal,wesleyjohns@example.com,001-340-406-4454x752,Miami,Florida,USA,2023-09-22
926,Brittany Marquez,imitchell@example.net,001-579-817-7633x427,Las Vegas,Nevada,USA,2023-06-25
927,Sally Hurst,jennifer80@example.org,+1-463-604-5306x935,Miami,Florida,USA,2022-07-14
928,Crystal Abbott,alexander18@example.org,001-667-678-4816x524,Buffalo,New York,USA,2025-03-27
929,Tina Green,ibrown@example.org,+1-351-279-9378,Chicago,Illinois,USA,2021-08-22
930,Marilyn Lozano,john91@example.org,+1-878-484-8699,Houston,Texas,USA,2023-05-31
931,Pamela George,victoria57@example.net,001-827-614-7246x301,San Francisco,California,USA,2022-08-04
932,Carlos Harris,brittanymartin@example.org,491.521.8706,Denver,Colorado,USA,2024-10-21
933,Ms. Kayla Williams,garymartinez@example.org,9238200186,Las Vegas,Nevada,USA,2023-09-24
934,Andrew Johnson,hespinoza@example.org,+1-514-635-6140,Chicago,Illinois,USA,2024-09-28
935,Marie Davidson,lawrencekari@example.com,268-523-5469x510,Austin,Texas,USA,2021-04-04
936,Wendy Bryant,amoon@example.com,859-667-1500x666,Buffalo,New York,USA,2023-03-21
937,Adam Holland,kerry11@example.net,640.978.5169,Las Vegas,Nevada,USA,2021-04-23
938,Luis Richardson,russellkelley@example.com,+1-826-989-9962,Los Angeles,California,USA,2022-02-23
939,Kelsey Fernandez,kennedywanda@example.net,+1-979-815-0596x2571,Austin,Texas,USA,2022-03-09
940,Kurt Martinez,andersonnicole@example.com,789.482.6041x809,Phoenix,Arizona,USA,2021-10-09
941,Rachel Ward,teresa17@example.com,441.627.4692x118,Phoenix,Arizona,USA,2022-06-08
942,Micheal Powell,ryanthompson@example.org,+1-375-789-1704x542,Austin,Texas,USA,2022-11-03
943,Jacqueline Bass,floreskimberly@example.org,2923257090,San Francisco,California,USA,2021-01-16
944,Colleen Padilla,robert07@example.org,724.672.8289,Orlando,Florida,USA,2025-03-10
945,Brandon Meyer,eugenegreen@example.com,912.361.6850,Miami,Florida,USA,2021-12-26
946,Gregory Hart,davisautumn@example.org,+1-927-211-5261x053,New York City,New York,USA,2023-02-18
947,Brandy Williams,bjones@example.net,900-874-1894x85432,Chicago,Illinois,USA,2024-12-12
948,Laura Grimes,mcooper@example.com,371-561-9827x348,Buffalo,New York,USA,2023-10-22
949,Molly Jones,martin25@example.net,+1-796-432-1743x5748,Chicago,Illinois,USA,2025-09-03
950,Antonio Atkins,bwilliams@example.com,698.434.4883,Denver,Colorado,USA,2025-07-10
951,Darren Morse,richard28@example.org,750-877-4065x79551,Houston,Texas,USA,2021-05-28
952,Justin Daniel,wheeleramber@example.com,001-851-307-4091x311,Miami,Florida,USA,2025-10-31
953,Melissa Thomas,janet76@example.org,+1-422-406-9535x4120,Seattle,Washington,USA,2021-03-28
954,Erik Leon,monica00@example.org,(201)951-5325x94795,Miami,Florida,USA,2021-02-08
955,Tyler Vasquez,ipadilla@example.com,+1-680-559-5031x006,Orlando,Florida,USA,2021-06-09
956,Patricia Smith,smithmichael@example.org,660.389.4118,Atlanta,Georgia,USA,2022-10-04
957,Wanda Rogers,susanhoward@example.org,(295)220-5610x067,Las Vegas,Nevada,USA,2023-05-30
958,Jeffrey Sloan,jonespaul@example.com,740.537.8423x3944,Las Vegas,Nevada,USA,2023-04-09
959,James Ellis,matthewsmith@example.org,+1-350-917-3654x2624,Seattle,Washington,USA,2024-08-04
960,Catherine Brown,dorisarmstrong@example.org,234.851.1009,Miami,Florida,USA,2022-08-16
961,Amber Sanchez,pdixon@example.org,(211)666-7329,San Francisco,California,USA,2023-04-10
962,Felicia Hester,kcook@example.net,+1-875-692-1299,Los Angeles,California,USA,2022-10-28
963,Anthony Ashley,robertbrock@example.org,9279558214,New York City,New York,USA,2025-06-30
964,Melissa Martinez,zwilson@example.com,(438)302-3621,Las Vegas,Nevada,USA,2023-08-01
965,Thomas Floyd,rsharp@example.com,001-716-711-8638,Atlanta,Georgia,USA,2024-11-13
966,Angela Chapman,ashley77@example.org,001-516-388-0053x789,Boston,Massachusetts,USA,2023-01-12
967,Jaime Bender,znolan@example.net,454-501-8227x200,San Francisco,California,USA,2023-06-14
968,Kimberly Garrett,derekdougherty@example.org,714-547-4328x116,Atlanta,Georgia,USA,2021-08-05
969,Megan Fitzgerald,andersoncynthia@example.org,523-222-7752x135,Buffalo,New York,USA,2023-06-12
970,Olivia Gordon,drogers@example.com,863-300-5937x775,Las Vegas,Nevada,USA,2023-04-01
971,Courtney Tate,pearsonvicki@example.org,(517)646-9029x83104,Chicago,Illinois,USA,2021-06-11
972,James Martin,solisjames@example.org,(570)880-5685x66706,Miami,Florida,USA,2025-11-18
973,Angela Hunt,dcox@example.com,001-644-540-7663,Austin,Texas,USA,2025-03-08
974,Latoya Cooper,deborah62@example.com,422.662.6114,Houston,Texas,USA,2022-03-30
975,Jason Taylor,shelley85@example.com,+1-521-688-0879x9196,Houston,Texas,USA,2025-05-15
976,Michelle Barrett,mbaker@example.net,532-247-2505x83334,New York City,New York,USA,2021-06-06
977,Cynthia Miller,melinda87@example.com,7549576947,Chicago,Illinois,USA,2024-07-20
978,Michael Le,jennifer53@example.com,865.397.4669,San Francisco,California,USA,2023-12-23
979,Taylor Martinez,matthewwood@example.net,001-409-759-4815x269,Chicago,Illinois,USA,2022-02-02
980,Jacqueline James,megan21@example.org,4748235914,Boston,Massachusetts,USA,2025-05-09
981,Robert Williams,debra93@example.org,(861)545-4307,Houston,Texas,USA,2022-12-21
982,Judith Garcia,johnsondebbie@example.net,978-352-2115,Seattle,Washington,USA,2025-08-05
983,Kristin Flores,michaelmontes@example.com,001-226-887-4470x173,Denver,Colorado,USA,2025-07-28
984,Sheri Hoover,rebeccaford@example.org,001-366-656-3370,New York City,New York,USA,2022-04-29
985,Maria Williams,lisa78@example.org,4554800027,San Francisco,California,USA,2021-10-27
986,Cody Ford,davidjohnson@example.com,291.536.8172,Austin,Texas,USA,2022-02-09
987,James Reed,aprilmyers@example.net,7925973525,New York City,New York,USA,2024-05-18
988,Brittany Hernandez,nperez@example.org,899.320.4573x53236,New York City,New York,USA,2025-04-06
989,Valerie Harrison,solomonandrea@example.com,5828697182,Phoenix,Arizona,USA,2024-09-04
990,Adrian Martinez,pgarcia@example.net,688.821.7648,San Francisco,California,USA,2021-12-29
991,Frederick Molina,dustinpetty@example.org,001-422-428-0194x425,Phoenix,Arizona,USA,2024-07-10
992,Tyler Sullivan,nwhite@example.com,250.663.7311,Orlando,Florida,USA,2023-08-09
993,Ricky Hill,adamcaldwell@example.org,+1-841-485-2013,Phoenix,Arizona,USA,2024-02-29
994,Anthony Mueller,uperez@example.com,+1-356-715-4705x5491,Phoenix,Arizona,USA,2024-04-01
995,William Adams,knightsamantha@example.com,964-709-1969x39578,Orlando,Florida,USA,2024-10-26
996,Amy Lara,andrewjackson@example.org,+1-801-897-1212x4139,Boston,Massachusetts,USA,2025-12-12
997,Keith Gibson,knightalexandra@example.org,426-977-3192,Las Vegas,Nevada,USA,2024-08-09
998,Megan Johnson,heather88@example.net,786.653.3943x1916,Denver,Colorado,USA,2024-07-03
999,Troy Powers,hunter12@example.org,(619)615-0576,Houston,Texas,USA,2025-11-05
1000,Joy Dorsey,dsmith@example.org,(968)876-4486,Denver,Colorado,USA,2022-10-10
1001,Jerome Cole,nicole16@example.org,(956)504-5006x3553,New York City,New York,USA,2023-06-20
1002,Patrick Proctor,djensen@example.com,519-252-9635,San Francisco,California,USA,2023-08-19
1003,Linda Ball,michealrodriguez@example.net,(676)736-4315,Orlando,Florida,USA,2024-07-17
1004,Hannah Campbell,vwright@example.com,534-641-4916x9993,Austin,Texas,USA,2025-06-19
1005,Jerry Perez,natalie40@example.net,001-682-323-0958x629,Austin,Texas,USA,2024-04-26
1006,Brian Smith,sanderson@example.org,670-875-4853,Los Angeles,California,USA,2022-12-22
1007,John Richards,benjaminsmith@example.com,496-746-1293x900,Chicago,Illinois,USA,2021-06-01
1008,Richard Harris,zcook@example.com,596.335.9570x86199,Austin,Texas,USA,2023-08-04
1009,Isaac Evans,heather66@example.org,413-588-5034,Orlando,Florida,USA,2021-03-19
1010,Brooke Lambert,arthurwright@example.com,842.846.3104x379,Los Angeles,California,USA,2023-01-26
1011,Kimberly Johnson,jennifer29@example.com,(690)521-7741x7430,Atlanta,Georgia,USA,2022-08-11
1012,Amy Perez,stacey22@example.net,+1-446-565-2752x332,San Francisco,California,USA,2024-08-13
1013,Alan Rivera,lewisnatalie@example.org,8339467711,Atlanta,Georgia,USA,2025-10-18
1014,Robert Kim,ethomas@example.net,+1-555-630-2453x012,San Francisco,California,USA,2024-06-13
1015,Carolyn Johnson,jennifer20@example.org,+1-447-419-0172,Las Vegas,Nevada,USA,2023-11-05
1016,Stanley Brown,qhendricks@example.net,+1-471-677-5461,Miami,Florida,USA,2023-08-06
1017,Ian Weaver,rmoore@example.com,+1-825-681-2259x0956,Las Vegas,Nevada,USA,2024-02-10
1018,Suzanne Hardy,staceywashington@example.net,279.312.1211,Phoenix,Arizona,USA,2025-02-22
1019,Tracy Williams,toni86@example.net,+1-301-670-7403x925,Boston,Massachusetts,USA,2021-03-26
1020,Cassandra Flores,snydergerald@example.org,464.333.8722x0542,Orlando,Florida,USA,2025-07-17
1021,James Flores,brittany63@example.org,001-908-733-4447x048,Las Vegas,Nevada,USA,2024-08-27
1022,John Brock,daltonchristina@example.com,001-585-419-5377x492,Buffalo,New York,USA,2022-10-21
1023,Linda Stewart,josephchavez@example.com,352.425.9206x1658,Las Vegas,Nevada,USA,2023-09-02
1024,Brandi Valdez,edwardmitchell@example.org,463-802-9559x63637,Chicago,Illinois,USA,2021-11-05
1025,Marcus Phillips,bradbennett@example.com,+1-249-680-8513x3138,Los Angeles,California,USA,2023-07-12
1026,Sarah Walker,calebday@example.org,(412)815-4815,San Francisco,California,USA,2025-07-19
1027,Kimberly Esparza,patricia19@example.org,954.988.0644x20062,Boston,Massachusetts,USA,2025-09-11
1028,Karen Decker,kimberly66@example.com,(441)496-2342x1926,Houston,Texas,USA,2025-01-02
1029,Clayton Torres,williamsfrank@example.com,+1-931-947-8911,San Francisco,California,USA,2023-10-31
1030,Philip Chapman,barbara81@example.net,(883)818-0036,Denver,Colorado,USA,2021-12-20
1031,Michael Jackson,brownmichael@example.org,001-428-653-8631x050,Los Angeles,California,USA,2022-05-23
1032,Joseph Young,mcconnellangela@example.org,(592)599-0076x86276,Seattle,Washington,USA,2023-06-16
1033,Justin Preston,nnunez@example.org,861.685.1862x6713,Orlando,Florida,USA,2023-12-10
1034,Ashley Dudley,ericwagner@example.org,439.921.8835,Chicago,Illinois,USA,2024-06-02
1035,Monica Brown,wnguyen@example.net,001-206-377-6106x592,New York City,New York,USA,2023-01-16
1036,Robin Wright,howellstuart@example.com,(917)481-5969x83845,Houston,Texas,USA,2022-08-03
1037,Alice Moran,jacquelinebennett@example.net,(486)729-5912x5734,Miami,Florida,USA,2023-04-18
1038,Lance Lambert,gallagherjoanna@example.org,001-890-674-7296,Phoenix,Arizona,USA,2022-11-24
1039,Jeffrey Montgomery,asmith@example.net,+1-374-574-8599x464,Denver,Colorado,USA,2024-05-09
1040,Rebecca Boone,jenkinsjohn@example.com,653.769.8816x49804,Los Angeles,California,USA,2025-06-05
1041,Larry Bates,uliu@example.org,602-262-7066,Denver,Colorado,USA,2024-08-18
1042,Joshua Nelson,michael13@example.org,+1-589-983-0574,Houston,Texas,USA,2021-05-15
1043,Scott Cooley,robert30@example.org,750.500.3056x619,Houston,Texas,USA,2021-07-13
1044,Walter Howard,colton49@example.org,984.467.9087x018,Chicago,Illinois,USA,2024-10-21
1045,Marvin Johnson,welchjames@example.com,001-810-934-4442x990,Miami,Florida,USA,2022-08-05
1046,Grant Henderson,xcardenas@example.org,706-822-1559x9672,Austin,Texas,USA,2025-01-22
1047,Cathy Wyatt,lynchmartin@example.org,+1-747-504-7476x4845,Atlanta,Georgia,USA,2024-09-06
1048,Erika Davis,amandaedwards@example.com,224-255-3129,Boston,Massachusetts,USA,2024-05-19
1049,Jennifer Barrett,ariascarlos@example.net,001-773-727-7264x883,Atlanta,Georgia,USA,2021-11-04
1050,Carolyn Silva,george52@example.net,216-218-5759x17105,Houston,Texas,USA,2021-06-16
1051,Kyle Green,eparker@example.org,001-653-952-4784x171,Las Vegas,Nevada,USA,2024-09-21
1052,Dylan Valenzuela,benjaminhall@example.net,+1-303-531-8361,New York City,New York,USA,2022-12-18
1053,Matthew Sellers,ronaldjohnson@example.com,882.481.5278x73048,Austin,Texas,USA,2024-09-05
1054,Arthur White,aholt@example.com,+1-535-637-8018x9156,Seattle,Washington,USA,2024-09-18
1055,James Miller,yramos@example.org,001-669-814-3362,Miami,Florida,USA,2021-09-22
1056,Jessica Bonilla,brian99@example.net,5012089857,Las Vegas,Nevada,USA,2024-12-22
1057,Cynthia Velazquez,frank18@example.net,(784)942-4648x84997,San Francisco,California,USA,2022-09-27
1058,Thomas Watson,tmurphy@example.net,(982)381-9022x179,Chicago,Illinois,USA,2023-02-11
1059,Elizabeth Fernandez,droach@example.org,398-344-5143x67286,Denver,Colorado,USA,2025-06-10
1060,Daniel Johnson,karen81@example.org,001-239-278-1459,Houston,Texas,USA,2025-07-24
1061,Lisa Stark,marthagriffin@example.net,5557286693,New York City,New York,USA,2024-10-04
1062,Ronald Edwards,webstersteven@example.net,5533260119,Seattle,Washington,USA,2025-08-25
1063,Tyler Patel,pparker@example.com,(313)260-9085x818,Seattle,Washington,USA,2024-11-04
1064,Antonio Taylor,jenniferclark@example.org,587-536-6271x35896,Boston,Massachusetts,USA,2023-12-15
1065,Robert Brown,simsamy@example.com,554-973-1566,San Francisco,California,USA,2024-08-16
1066,Heather Clarke,garciakelly@example.com,+1-890-828-3772x7028,Denver,Colorado,USA,2023-05-18
1067,Greg Wright,adrianagray@example.com,616-810-1975x358,Chicago,Illinois,USA,2023-01-12
1068,Amanda Brooks,johnsonelizabeth@example.net,5278304276,Los Angeles,California,USA,2023-01-13
1069,Scott Brennan,cynthia47@example.org,693.295.3096x90676,Austin,Texas,USA,2022-01-05
1070,Carrie Herrera,sheena87@example.com,851-335-8727x17430,Buffalo,New York,USA,2022-12-01
1071,Nina Combs,kimberly03@example.com,998.981.8738,Phoenix,Arizona,USA,2023-09-23
1072,Heather Hunt,jasoncampbell@example.com,804.213.0909x153,Buffalo,New York,USA,2022-04-09
1073,Carl Anderson,kristin04@example.org,+1-323-219-0577x2044,New York City,New York,USA,2021-11-14
1074,Michael Norris,cory32@example.com,(638)910-9794x122,San Francisco,California,USA,2022-08-29
1075,Nicholas Grant,juliebird@example.net,(432)825-1742x24043,Atlanta,Georgia,USA,2025-06-03
1076,Joseph Howell,leepatrick@example.com,963-407-0286,San Francisco,California,USA,2023-11-06
1077,Timothy Maxwell,wheelerkimberly@example.org,(962)919-5368x9005,Phoenix,Arizona,USA,2024-01-11
1078,Amanda Davis,derrickmoses@example.net,9074397130,Atlanta,Georgia,USA,2025-02-21
1079,Brian Fernandez,vknight@example.net,916.372.2104x5461,Boston,Massachusetts,USA,2023-12-15
1080,Kimberly Haney,wellsadam@example.com,836-202-3442x2521,Los Angeles,California,USA,2024-09-17
1081,Christopher Pruitt,karina20@example.net,747-372-6903x265,Houston,Texas,USA,2025-11-30
1082,Carlos Ortiz,tmorrison@example.net,+1-302-845-5985,Phoenix,Arizona,USA,2024-06-19
1083,Brian Andrews,floressarah@example.net,626-986-4986,New York City,New York,USA,2024-05-08
1084,Raven Odonnell,dmartinez@example.com,5089844740,Miami,Florida,USA,2021-11-12
1085,Kristin Davis,armstrongtravis@example.net,001-521-864-0069,New York City,New York,USA,2022-01-06
1086,Monica Anderson,kristenpetty@example.com,+1-348-564-7082,Atlanta,Georgia,USA,2024-11-19
1087,Kelsey Flores,tlopez@example.org,(212)537-2055,Phoenix,Arizona,USA,2024-07-03
1088,April Smith,swright@example.net,001-367-339-1900x889,Phoenix,Arizona,USA,2021-12-06
1089,Jared Smith,cruzkaren@example.net,(932)273-7989,Seattle,Washington,USA,2023-06-16
1090,Joshua Quinn,amy18@example.com,846.330.0099x8433,Los Angeles,California,USA,2023-04-22
1091,Miranda Sanchez,floreseileen@example.net,+1-354-758-2942x0340,Houston,Texas,USA,2024-10-17
1092,Phillip Ramirez,ujohnson@example.com,001-999-444-9466,Seattle,Washington,USA,2022-05-02
1093,Anna Pierce,nicole02@example.net,001-481-282-2387x940,Orlando,Florida,USA,2024-06-04
1094,Kathryn Jones,haley27@example.org,(436)342-3570x041,Austin,Texas,USA,2025-03-21
1095,Kristin Taylor DDS,dunnglenda@example.org,+1-425-559-0461x0079,Seattle,Washington,USA,2025-05-25
1096,Jeffery Johnson,andersonjohn@example.org,410.212.3296x151,Orlando,Florida,USA,2022-04-25
1097,Deborah Patel,alexander66@example.com,844.560.4227,Chicago,Illinois,USA,2022-05-05
1098,Elizabeth Bryan,rodriguezchristopher@example.org,7578347243,Austin,Texas,USA,2025-07-15
1099,Zachary Nichols,shelbysherman@example.net,+1-427-626-7086x6656,Phoenix,Arizona,USA,2023-08-19
1100,Dr. Lisa Ramos,cphelps@example.net,294-877-1290x350,Boston,Massachusetts,USA,2025-09-07
1101,Ashley Dixon,jholder@example.org,454.334.0466,Buffalo,New York,USA,2023-01-24
1102,George Walsh,cassandra52@example.com,592-306-4411x197,Denver,Colorado,USA,2024-03-14
1103,Julie Smith,ohall@example.com,+1-894-888-2188x4968,Orlando,Florida,USA,2023-08-04
1104,Raymond Reed,velasquezvictoria@example.org,225-343-4123,Phoenix,Arizona,USA,2022-08-01
1105,Amber Carr,psmith@example.com,(518)360-0320,Phoenix,Arizona,USA,2023-02-22
1106,Krista Vargas,millerlindsey@example.org,9348713171,Chicago,Illinois,USA,2023-12-17
1107,Paul Wilkerson,jhenson@example.com,+1-390-584-1947x8550,Miami,Florida,USA,2021-11-28
1108,Gina Morgan,jasminjohnson@example.org,+1-287-580-7279,Atlanta,Georgia,USA,2022-02-13
1109,Tony Rodriguez,tranwilliam@example.net,922.739.9647x7183,Phoenix,Arizona,USA,2024-05-23
1110,Amanda Johns,yoderadam@example.com,+1-408-655-7800,New York City,New York,USA,2025-11-23
1111,Elaine Lindsey,jasonfoster@example.org,(716)990-6968,Austin,Texas,USA,2021-04-17
1112,Melvin Smith,wfleming@example.org,(891)339-5215x01642,Denver,Colorado,USA,2023-09-12
1113,Timothy Robinson,brandon84@example.org,531-298-3924x8481,Atlanta,Georgia,USA,2023-01-31
1114,Thomas Rodgers,cervantesleslie@example.org,8216516758,Chicago,Illinois,USA,2021-07-30
1115,Robert Hall,jesse81@example.org,9508147642,Seattle,Washington,USA,2025-09-29
1116,Barbara Kennedy,manuel12@example.net,001-717-775-1239x597,Chicago,Illinois,USA,2025-10-10
1117,James Mcmillan,farmerlisa@example.com,(636)802-4465,San Francisco,California,USA,2022-08-07
1118,Julie Johnson,alexanderanthony@example.org,5879156478,San Francisco,California,USA,2025-04-12
1119,Amy Davis,kurt38@example.org,001-427-741-4857x260,New York City,New York,USA,2022-07-13
1120,Paul Jennings,czavala@example.org,+1-284-907-6642,Orlando,Florida,USA,2023-11-18
1121,Jamie Clark,tdougherty@example.org,938-267-6259x23868,New York City,New York,USA,2025-08-29
1122,Michael Johnson,zachary86@example.net,+1-932-505-5340x5089,Miami,Florida,USA,2021-07-07
1123,Natalie Krueger,caitlyn76@example.com,001-705-635-6707x897,Boston,Massachusetts,USA,2022-03-31
1124,Samuel Willis,allenkimberly@example.com,(227)436-2732,Atlanta,Georgia,USA,2023-07-13
1125,Mason Olson,juarezmary@example.com,+1-776-391-7162x0429,Boston,Massachusetts,USA,2022-12-17
1126,Ryan Powell,antoniothompson@example.org,(690)439-2202x69801,Boston,Massachusetts,USA,2021-02-24
1127,Debra Poole,hendersonanthony@example.org,670.531.6370x500,Miami,Florida,USA,2021-04-20
1128,Jason Ellis,sabrina69@example.org,272-594-7638,Miami,Florida,USA,2023-10-26
1129,Amanda Sanders,jordan25@example.net,001-498-351-9393x272,Houston,Texas,USA,2022-04-28
1130,Kenneth Short,michaelwilliams@example.net,(502)966-7652x72845,Miami,Florida,USA,2021-06-17
1131,Paul Willis,chavezaaron@example.net,(440)267-5602x08019,Houston,Texas,USA,2022-04-05
1132,Raymond Strong,nicole39@example.org,548-490-9322x533,Los Angeles,California,USA,2022-10-15
1133,Christopher Howard,moorenicholas@example.net,650-519-3545x03698,Boston,Massachusetts,USA,2021-07-22
1134,Nicole Sanchez,kellysanchez@example.org,001-562-308-0598,Atlanta,Georgia,USA,2025-01-03
1135,Vincent Adams,christopher90@example.com,001-859-565-9992x012,Denver,Colorado,USA,2022-11-18
1136,Joe Chapman,ernest06@example.org,+1-841-993-7591x922,Phoenix,Arizona,USA,2021-10-27
1137,Daryl Olson,jenniferanderson@example.com,875-328-6461x209,New York City,New York,USA,2021-03-20
1138,Randall Johnson,donnasuarez@example.com,324-603-2115x35505,Austin,Texas,USA,2025-08-27
1139,Raymond Garcia,evanselizabeth@example.org,377.597.2479x25422,Orlando,Florida,USA,2024-11-26
1140,Dawn Yates,isabella81@example.net,(804)587-7067,Atlanta,Georgia,USA,2021-10-12
1141,Shirley Todd,wgomez@example.net,7257784640,Phoenix,Arizona,USA,2024-12-15
1142,Kerry Gallegos,teresaflores@example.com,001-472-762-0846x729,Orlando,Florida,USA,2023-07-08
1143,Daniel Deleon,jillian19@example.com,(482)722-5018,Las Vegas,Nevada,USA,2021-01-11
1144,Mary Reid,katherinezhang@example.com,(486)439-4201,Boston,Massachusetts,USA,2021-06-12
1145,Donald Roberts,brookefrench@example.net,001-266-727-0266x045,Los Angeles,California,USA,2022-06-09
1146,Cody Woods,deborah03@example.net,401-493-3538,Buffalo,New York,USA,2025-09-07
1147,Russell Davis,patricksmith@example.org,(908)827-7056x46160,New York City,New York,USA,2024-01-29
1148,Jeanne Robinson,alex95@example.org,523.846.1762x313,Seattle,Washington,USA,2024-05-31
1149,Marvin Sparks,justin16@example.com,(931)465-4413,Chicago,Illinois,USA,2023-05-17
1150,Matthew Price,thomas60@example.com,001-734-794-2904x617,San Francisco,California,USA,2025-05-09
1151,Joshua Smith,hufftroy@example.net,001-532-942-0248,Austin,Texas,USA,2022-05-02
1152,Raymond Miller,rjackson@example.com,(753)586-9479x02548,Austin,Texas,USA,2021-09-07
1153,Philip Barnes,campbelltaylor@example.org,464.310.0953x85574,Los Angeles,California,USA,2022-05-04
1154,Donald Morris,conleyantonio@example.org,681.646.0476x1437,Miami,Florida,USA,2024-08-01
1155,Anthony Luna,danielsshannon@example.net,(664)367-2636x815,Phoenix,Arizona,USA,2024-06-29
1156,Rose Francis,maysedward@example.com,001-229-610-8450x786,Orlando,Florida,USA,2021-05-09
1157,Heidi Mullins,cjohnson@example.org,001-937-546-9833x067,San Francisco,California,USA,2025-09-10
1158,Jared Haynes,kelleyderek@example.net,(966)879-4190,Boston,Massachusetts,USA,2023-10-21
1159,Jonathan Rivera,hugheskaren@example.net,(434)428-9876x05504,Las Vegas,Nevada,USA,2024-01-03
1160,Melissa Brown,whubbard@example.org,+1-367-806-6320,Los Angeles,California,USA,2024-07-18
1161,Laura Hayden,wellssherry@example.net,001-328-491-9827,Chicago,Illinois,USA,2024-03-23
1162,Frank Stephenson,kendrahall@example.org,208.564.9426x942,Buffalo,New York,USA,2025-01-11
1163,Leslie Mcdaniel,teresamiller@example.org,449-301-4599x67069,New York City,New York,USA,2022-08-20
1164,Sabrina Gonzales,richardsonwendy@example.net,(343)988-4302,Miami,Florida,USA,2021-01-04
1165,Ashley Ruiz,hughesnicholas@example.net,331-758-9016x492,Las Vegas,Nevada,USA,2022-12-24
1166,Todd Hampton,alvarezsharon@example.org,(840)470-3088x08172,Buffalo,New York,USA,2024-03-14
1167,Lindsay Perry,denisetownsend@example.com,350.307.2889x59274,Miami,Florida,USA,2022-01-19
1168,Aaron Giles,ballnicole@example.com,427-266-2080,Denver,Colorado,USA,2024-09-30
1169,Bryan Brown,virginiafisher@example.net,244-335-9624x587,San Francisco,California,USA,2023-12-09
1170,Noah Phillips,kennethsandoval@example.com,769.509.1237,Houston,Texas,USA,2021-05-19
1171,Juan Adams,tsullivan@example.org,796.470.2436,Chicago,Illinois,USA,2024-01-20
1172,Stephanie Parker,graveslisa@example.com,001-540-736-4882x159,Chicago,Illinois,USA,2025-05-30
1173,Michael Jenkins,susanhall@example.org,(667)999-8649x1259,Chicago,Illinois,USA,2024-02-09
1174,Savannah Estrada,denniswilliams@example.com,(498)262-2699,Los Angeles,California,USA,2023-03-11
1175,James Levy,wthompson@example.com,+1-899-929-9833x587,Atlanta,Georgia,USA,2023-08-21
1176,Joanne Lopez,hsmith@example.org,582-308-4931x539,Los Angeles,California,USA,2024-07-25
1177,Cameron Smith,princekeith@example.org,+1-676-329-1430x4913,Miami,Florida,USA,2023-02-04
1178,Jose Andrews,edwin87@example.org,4996865642,Austin,Texas,USA,2025-03-11
1179,Erin Montes,brianwhite@example.com,609.876.6919,Los Angeles,California,USA,2023-01-02
1180,Todd Bentley,banksmeredith@example.com,+1-820-817-5307,Phoenix,Arizona,USA,2021-05-19
1181,Joseph Armstrong,melissa04@example.org,374-212-5313x7956,Houston,Texas,USA,2022-05-09
1182,John Gonzalez,charlesewing@example.com,3365192025,Seattle,Washington,USA,2024-09-07
1183,Cheryl Stevens,kennethwhite@example.com,847-448-9047x6078,Denver,Colorado,USA,2021-08-01
1184,Emily Jones,holtthomas@example.com,591-470-8517,Phoenix,Arizona,USA,2024-04-06
1185,Leslie Miller,patrick40@example.net,385-780-5581,Seattle,Washington,USA,2025-03-30
1186,Jodi Nelson,pcaldwell@example.net,+1-716-607-7004x0930,Houston,Texas,USA,2021-10-01
1187,Donald Smith,cassandrakramer@example.net,(421)280-3966,Los Angeles,California,USA,2022-12-23
1188,Jacob Hoover,rcohen@example.net,001-307-888-0265x295,Chicago,Illinois,USA,2022-11-25
1189,Jeffrey Burke,jennifercooper@example.com,(230)839-7440,Atlanta,Georgia,USA,2024-08-09
1190,Mr. Vincent Hansen,carlsonblake@example.net,001-819-891-8431x132,New York City,New York,USA,2025-08-28
1191,George Hill,ann52@example.com,421.419.6047,Phoenix,Arizona,USA,2024-11-03
1192,Darrell Stein,alvarezstephanie@example.com,001-844-370-8231x714,Orlando,Florida,USA,2024-11-25
1193,Laura Daniel,moniquewhite@example.com,001-296-405-3026x184,Orlando,Florida,USA,2024-07-17
1194,Robert Solomon,robinsonpaul@example.com,8502630663,New York City,New York,USA,2025-07-20
1195,Carl Schmidt,hollandroy@example.org,+1-589-210-3909x120,New York City,New York,USA,2021-05-10
1196,Chad Franklin,eric37@example.com,001-279-253-1926,Seattle,Washington,USA,2025-05-09
1197,Kim Williams,fbailey@example.com,+1-554-349-2054x8944,Orlando,Florida,USA,2021-03-17
1198,Alan Hoffman,wbailey@example.net,744.456.6229,Austin,Texas,USA,2022-02-17
1199,Luis Williams,pjames@example.com,662-948-6070,Los Angeles,California,USA,2025-06-09
1200,Brittany Fisher,msmith@example.com,358-950-1530,Buffalo,New York,USA,2025-12-20
1201,Nicholas Tapia,gcrawford@example.com,(505)787-9052x24413,Los Angeles,California,USA,2022-10-09
1202,Keith Brown,uschmitt@example.net,(831)857-9057x191,Boston,Massachusetts,USA,2022-09-28
1203,Taylor Abbott,bcarpenter@example.com,(218)733-5974x8768,Chicago,Illinois,USA,2023-03-27
1204,Amber Lopez,victoriabenson@example.com,001-818-943-0192x209,Atlanta,Georgia,USA,2024-01-18
1205,Colton Roth,rlewis@example.org,796.544.0282,Orlando,Florida,USA,2022-06-03
1206,Robin Donovan,lbennett@example.net,(742)477-3923,Los Angeles,California,USA,2025-03-23
1207,David White,kingvictoria@example.org,(493)232-8442x34719,Denver,Colorado,USA,2022-01-27
1208,Karen Wilkins,murphyjoseph@example.com,(360)575-6999,Austin,Texas,USA,2023-01-02
1209,Connie Johnson,pkramer@example.org,+1-222-862-2777x7331,Atlanta,Georgia,USA,2025-05-19
1210,Edwin Mendoza,younglauren@example.com,+1-252-498-4241x074,Los Angeles,California,USA,2025-11-09
1211,Debra Leonard,wkennedy@example.com,826.576.2590x62003,Denver,Colorado,USA,2022-11-11
1212,Mary Kelly,yware@example.com,(914)697-4597x93183,Austin,Texas,USA,2021-09-12
1213,Linda Jones,vjohnson@example.net,650-849-3266x43223,Phoenix,Arizona,USA,2023-01-24
1214,Brian Higgins,guerrerorenee@example.com,+1-448-453-4001x276,Miami,Florida,USA,2025-12-27
1215,Ruth Stanton,sheila42@example.net,(456)478-7188,Miami,Florida,USA,2025-03-03
1216,Joseph Payne,qbrown@example.net,916-680-6134x9564,Orlando,Florida,USA,2023-03-03
1217,Paul Nguyen,nparks@example.com,001-563-883-0972,Houston,Texas,USA,2022-01-18
1218,Amber Daniels,robertcruz@example.org,6167555786,Orlando,Florida,USA,2024-11-18
1219,Dr. Travis Morris DDS,pamela51@example.org,876-440-0068x758,Orlando,Florida,USA,2023-01-23
1220,Anthony Jones,ugomez@example.org,(924)644-1899,Boston,Massachusetts,USA,2025-06-21
1221,Robert Whitaker,allisonbarr@example.com,5838570170,Chicago,Illinois,USA,2022-07-01
1222,Stephen Evans,eric38@example.net,(502)605-0898x30941,Phoenix,Arizona,USA,2021-06-19
1223,Alexandria Carrillo,colonthomas@example.com,001-572-745-2841,Seattle,Washington,USA,2023-05-20
1224,Devin Smith,robin73@example.com,001-267-448-0957x394,San Francisco,California,USA,2023-06-01
1225,Jessica Jackson,joseph03@example.org,(489)225-8490x734,Las Vegas,Nevada,USA,2025-08-12
1226,Justin Alexander,iruiz@example.com,559.251.4186x482,New York City,New York,USA,2024-01-23
1227,Nicole Anderson,kristin86@example.net,641.496.2332x60586,Austin,Texas,USA,2022-10-20
1228,Ryan Carter,coreyhendrix@example.org,001-906-462-9315x181,San Francisco,California,USA,2021-06-13
1229,Charles James,lorraine94@example.com,+1-389-906-2327x237,Houston,Texas,USA,2024-09-15
1230,Theresa Johnson,nicoleperez@example.net,001-600-965-4870,Austin,Texas,USA,2022-09-20
1231,Ms. Michele Jones,ufisher@example.com,598.918.8907,Orlando,Florida,USA,2024-05-19
1232,Heather Brown,jmorrison@example.net,958-896-2683x8488,Seattle,Washington,USA,2023-05-23
1233,Alexander Moore,jenningsraymond@example.org,396.312.1905,New York City,New York,USA,2024-11-13
1234,Keith Mccormick,yboone@example.org,520.970.6690x10792,Orlando,Florida,USA,2022-12-21
1235,Leah Thomas,jeffreywhitehead@example.net,+1-864-597-0350x6757,Orlando,Florida,USA,2021-03-28
1236,Cheryl Gomez MD,vramos@example.org,001-923-515-5505x705,Seattle,Washington,USA,2025-11-17
1237,Michelle Ramirez,collinstina@example.net,411.541.4701,Boston,Massachusetts,USA,2022-12-24
1238,Rebecca Rosales,richardmooney@example.org,568-691-0977x97802,Las Vegas,Nevada,USA,2023-06-10
1239,Lori Howard,jose79@example.com,4367640163,Austin,Texas,USA,2024-08-02
1240,Peter Hunter,mistykelly@example.com,(272)492-7318x683,Phoenix,Arizona,USA,2021-04-28
1241,Ann Hansen,dawn33@example.org,216-951-8548x3966,San Francisco,California,USA,2024-10-06
1242,Elizabeth Norton,yfletcher@example.org,001-315-995-8417x491,Denver,Colorado,USA,2023-04-12
1243,Adam Martin,chasebeck@example.com,001-881-241-3447,Houston,Texas,USA,2023-11-17
1244,Dawn Hart,scochran@example.org,001-229-828-6433x026,Phoenix,Arizona,USA,2025-03-16
1245,Chelsea Grant,robertchavez@example.org,+1-466-266-1025x634,Denver,Colorado,USA,2021-11-24
1246,Samuel Anderson,josephchapman@example.org,237-368-3675,Los Angeles,California,USA,2021-10-20
1247,Jesse Jones,cynthiahill@example.com,344-909-2335,Atlanta,Georgia,USA,2024-05-29
1248,James Ward,donald60@example.org,+1-763-872-6319,Denver,Colorado,USA,2025-05-20
1249,Madeline Kelly,danielletucker@example.com,(741)349-0038x5025,Orlando,Florida,USA,2021-03-13
1250,Veronica Decker,kimberly48@example.com,622.788.3904x7331,New York City,New York,USA,2021-05-18
1251,Nicholas Dominguez,gloria49@example.org,(951)714-9788,Buffalo,New York,USA,2025-05-14
1252,Cesar Watts,alexis54@example.org,276.361.8308x580,Denver,Colorado,USA,2023-01-21
1253,Kimberly Hanna,collinsbrandi@example.com,314-236-7862,Houston,Texas,USA,2023-02-24
1254,Mr. Joshua Davis,umccoy@example.com,325-770-6802x6933,Las Vegas,Nevada,USA,2021-03-08
1255,Cassidy Paul,powellbrian@example.org,4286655052,Las Vegas,Nevada,USA,2021-11-11
1256,Anne Kramer,powelltimothy@example.org,414-459-9201x66338,Denver,Colorado,USA,2023-07-11
1257,Chad Johnson,jesse92@example.org,+1-620-556-2019x0113,Houston,Texas,USA,2023-02-01
1258,Brian Perez,michaelholmes@example.org,423.594.5645,Orlando,Florida,USA,2025-04-12
1259,Jonathan Evans,chelsea60@example.org,898-966-3420x953,San Francisco,California,USA,2024-03-21
1260,Kara Stein,joshuaberry@example.net,+1-752-797-3561x5266,New York City,New York,USA,2023-12-21
1261,Andrea Freeman,xhorne@example.org,+1-880-796-6414x7533,Houston,Texas,USA,2023-03-27
1262,Shawn Waters,sandra66@example.net,535-838-9629x85324,Houston,Texas,USA,2024-08-23
1263,Kevin Evans MD,moorestephen@example.net,001-863-583-5434x685,Austin,Texas,USA,2022-05-27
1264,Allison Glover,jcross@example.com,001-379-739-9816,San Francisco,California,USA,2021-02-23
1265,Megan Porter,longkimberly@example.net,471.803.0737,Seattle,Washington,USA,2022-01-17
1266,Michael Hampton,hahnjoshua@example.net,(878)508-2649x31214,Orlando,Florida,USA,2023-11-27
1267,Elizabeth Mejia,pwhite@example.com,(392)964-5633,Miami,Florida,USA,2024-02-25
1268,Timothy Valencia,alexander69@example.com,811.526.6497x19670,San Francisco,California,USA,2022-06-21
1269,Daniel Rodriguez,blancharddaniel@example.com,001-590-616-3994x901,Phoenix,Arizona,USA,2022-06-18
1270,Cindy Lowery,qwhitaker@example.org,+1-548-214-0984x1016,Seattle,Washington,USA,2023-07-03
1271,David Stephens,moralestheresa@example.net,+1-391-800-4202x8866,Buffalo,New York,USA,2024-06-07
1272,Yvonne Adkins,waltercarrie@example.org,721-534-8548x4203,Austin,Texas,USA,2024-11-22
1273,Antonio Woods,tuckersheila@example.net,338-960-1571,Boston,Massachusetts,USA,2023-10-03
1274,Shawn Patton,aguilarkyle@example.org,(347)302-8814,Buffalo,New York,USA,2021-09-09
1275,Joseph Rosales,logan71@example.net,567.385.7646,New York City,New York,USA,2025-10-13
1276,Richard Miller,hturner@example.net,(319)742-3215x4013,San Francisco,California,USA,2023-07-15
1277,Anthony Carlson,lchurch@example.com,968-645-5252,New York City,New York,USA,2024-12-31
1278,April Schultz,tommy17@example.net,+1-699-548-8566,Orlando,Florida,USA,2021-06-29
1279,Mrs. Ashley Mooney,ryan56@example.org,(458)742-2717x266,Phoenix,Arizona,USA,2024-10-28
1280,Alexander Reyes,alvarezelizabeth@example.org,341-230-6862x4087,Atlanta,Georgia,USA,2022-10-17
1281,Mark Hess,dweaver@example.net,317-328-2076x238,Denver,Colorado,USA,2022-12-13
1282,Ricky Martin,douglashernandez@example.org,+1-524-708-4752,Seattle,Washington,USA,2021-05-13
1283,Ms. Elizabeth Smith MD,shaun13@example.com,413-450-5357,Chicago,Illinois,USA,2024-01-16
1284,Kerry Anderson,moodysamuel@example.org,+1-357-280-9783x0280,Austin,Texas,USA,2025-12-31
1285,Ashley Roberts,john19@example.com,001-428-314-4786x742,Austin,Texas,USA,2025-10-10
1286,Megan House,andrewwalker@example.com,680.537.8912x1397,New York City,New York,USA,2024-12-28
1287,Jennifer Johnston,lisa85@example.com,859.294.0842x9069,Seattle,Washington,USA,2024-12-05
1288,Heather Hernandez,esmith@example.net,7659673374,Denver,Colorado,USA,2021-12-23
1289,Angela Flores,operry@example.com,+1-981-849-8025x3084,Phoenix,Arizona,USA,2023-01-11
1290,Caitlyn Salazar,tphillips@example.com,001-272-250-8423x242,Chicago,Illinois,USA,2022-04-05
1291,Jesse Martinez,cortezmatthew@example.com,+1-915-885-5749x062,San Francisco,California,USA,2022-02-16
1292,Donald Wood,allenkathryn@example.org,+1-829-559-4523x1582,Phoenix,Arizona,USA,2021-10-12
1293,Alejandro Clayton,slong@example.net,+1-617-321-7429x220,Buffalo,New York,USA,2025-06-07
1294,Joshua Hammond,howardjohn@example.org,(569)437-0632x5031,Orlando,Florida,USA,2021-02-23
1295,Elizabeth Deleon,adrian20@example.com,590-919-3335,Houston,Texas,USA,2024-02-09
1296,Angela Brown,lucasivan@example.net,+1-756-716-2256x4718,Las Vegas,Nevada,USA,2023-01-26
1297,Ellen Acosta,jeremymitchell@example.com,001-632-931-6778x145,Orlando,Florida,USA,2025-07-04
1298,Sara Wallace,mendezsierra@example.com,791.217.7666,Chicago,Illinois,USA,2021-09-23
1299,Matthew Wong,angelaunderwood@example.net,978-906-1902x23116,Las Vegas,Nevada,USA,2025-12-16
1300,Mark Woods,pharris@example.org,(437)818-5921,San Francisco,California,USA,2021-05-15
1301,Kellie Mitchell,robert71@example.org,429-543-0003x7539,Austin,Texas,USA,2023-03-27
1302,Angel Thomas,qcooper@example.net,866.793.2784x17837,Seattle,Washington,USA,2025-01-12
1303,Sonya Peterson,samanthataylor@example.org,440-865-2664,Orlando,Florida,USA,2023-12-13
1304,Ricky Robinson,bryce27@example.org,855-633-7565x697,Miami,Florida,USA,2025-04-25
1305,Kayla Chapman,fredolsen@example.net,851-704-6250x6929,Miami,Florida,USA,2025-08-14
1306,Timothy Trevino,lorettabrown@example.com,001-627-667-2935x097,Las Vegas,Nevada,USA,2021-06-01
1307,Angel Johnston,samuel50@example.org,(934)977-8045,New York City,New York,USA,2022-10-12
1308,Breanna Wilson,helen07@example.org,439.582.1478,Denver,Colorado,USA,2021-06-01
1309,Matthew Gilmore,householly@example.com,516-276-7063x63286,Orlando,Florida,USA,2023-08-13
1310,William Ware,anthonyavery@example.org,001-984-884-2648x333,Denver,Colorado,USA,2023-11-26
1311,Richard Jackson,vjimenez@example.net,436-205-4946,Houston,Texas,USA,2021-09-20
1312,Jacqueline Barnes,wilsonjacob@example.com,+1-851-393-5001x154,Boston,Massachusetts,USA,2025-08-25
1313,Richard Schmidt,fernandezbrandon@example.net,001-789-804-4104x043,Phoenix,Arizona,USA,2024-02-04
1314,Jordan Jones,marthalee@example.net,+1-214-283-7475x5803,Denver,Colorado,USA,2024-04-18
1315,Jamie Velazquez,hcampbell@example.com,584.901.9027x169,New York City,New York,USA,2025-04-22
1316,Jessica Rodriguez,zcoleman@example.net,(811)399-7675x98332,New York City,New York,USA,2023-06-06
1317,Andrew Flores,cooktiffany@example.org,(734)558-1956x572,Chicago,Illinois,USA,2025-11-14
1318,David Wright,justinhughes@example.net,(617)875-8015,Los Angeles,California,USA,2025-08-30
1319,John Melton,briggskimberly@example.org,(885)532-7276,San Francisco,California,USA,2023-11-28
1320,Benjamin Watson,martindavid@example.net,(946)413-0873x089,New York City,New York,USA,2022-09-15
1321,Sarah Fowler,angelaespinoza@example.org,877.571.1842x5278,New York City,New York,USA,2021-11-28
1322,Lance Smith,thomasbrandon@example.org,001-942-334-4730x577,Houston,Texas,USA,2024-12-23
1323,Sandra Bowers,rmichael@example.net,001-871-965-9656,Buffalo,New York,USA,2022-12-10
1324,Andrew Lynch,pwarren@example.org,940-509-5224x2653,Chicago,Illinois,USA,2022-08-05
1325,Catherine Monroe,wolfjohn@example.net,001-907-305-4736x015,Atlanta,Georgia,USA,2021-06-11
1326,Tony Johnson,williamsrandy@example.org,(900)580-2658x93475,Austin,Texas,USA,2022-02-07
1327,Dylan Mason,michaelkline@example.net,(814)596-7914,Denver,Colorado,USA,2024-02-03
1328,Michelle Glass,rfarrell@example.org,(403)417-2665,Austin,Texas,USA,2021-09-14
1329,Joshua Baker,vanessajimenez@example.org,700-302-0860x1460,Denver,Colorado,USA,2022-09-13
1330,Kristin Morgan,madisonsimpson@example.org,(230)233-5636x9301,Las Vegas,Nevada,USA,2023-12-29
1331,Leah Fox,cameronramos@example.org,001-404-280-2835x415,San Francisco,California,USA,2023-10-27
1332,Crystal Mclean,cynthiabutler@example.org,466.828.0812,Denver,Colorado,USA,2021-12-12
1333,Hannah Riggs,kimberly47@example.org,(931)510-5833x096,Las Vegas,Nevada,USA,2024-04-04
1334,Lisa Roberts,codyrichards@example.org,001-842-969-3765x016,New York City,New York,USA,2021-12-17
1335,Annette Simpson,ikane@example.net,883.463.6885x01627,Denver,Colorado,USA,2024-07-02
1336,Cathy Reynolds,srobertson@example.net,4932761652,Seattle,Washington,USA,2024-05-24
1337,Kevin Allen,ariana12@example.com,597-777-2659x76408,Houston,Texas,USA,2025-09-22
1338,Kim Stewart,sellersshelly@example.com,371-465-7893,Boston,Massachusetts,USA,2024-02-29
1339,Tiffany Gomez,fbell@example.net,+1-771-214-8600,Los Angeles,California,USA,2025-08-18
1340,Larry Green,alexandrawest@example.com,(770)230-2930x112,Atlanta,Georgia,USA,2021-02-28
1341,Jonathon Houston,snydergeorge@example.org,(295)822-2336x9318,San Francisco,California,USA,2021-04-04
1342,Andrew Patton,bfowler@example.org,226-762-4975x374,Denver,Colorado,USA,2025-04-29
1343,Richard Davis DDS,kevin95@example.com,+1-774-306-8735x4453,Las Vegas,Nevada,USA,2022-06-27
1344,Matthew Kemp,ggomez@example.org,+1-848-834-8358x6267,Denver,Colorado,USA,2022-03-08
1345,Kelly Allen,valencialisa@example.com,(587)608-9432x698,Phoenix,Arizona,USA,2024-03-17
1346,Seth Daniel,michelle05@example.org,001-245-905-0928x467,Miami,Florida,USA,2024-06-19
1347,Christopher Odom,ashleyterry@example.com,272.395.4503,Denver,Colorado,USA,2021-03-04
1348,George Haney,gomezerica@example.net,001-304-450-2814x353,Orlando,Florida,USA,2025-12-26
1349,Linda Ingram,madisonchristensen@example.net,001-753-411-1235x904,Denver,Colorado,USA,2024-01-23
1350,Ruth Hernandez,ypittman@example.org,+1-751-308-5738x3855,Austin,Texas,USA,2024-08-07
1351,Peter Davila,richardsmario@example.org,345.855.3706x2728,Austin,Texas,USA,2023-09-17
1352,David Wright,cuevasdonald@example.org,+1-357-956-2641x2608,Buffalo,New York,USA,2025-07-07
1353,Adrian Howell,colemanjim@example.net,(730)439-9516x70450,Phoenix,Arizona,USA,2024-11-03
1354,Beth Byrd,ralexander@example.org,(734)338-8804,Miami,Florida,USA,2022-09-02
1355,Marie Brown,cathy36@example.com,(702)982-3134x275,Orlando,Florida,USA,2021-05-30
1356,Cody Lynch,higginskelly@example.org,001-344-231-8343x695,Seattle,Washington,USA,2021-05-03
1357,Savannah Beck,rwebb@example.net,450-862-9179,New York City,New York,USA,2023-06-20
1358,Toni Lamb,klewis@example.net,462-491-0873,Miami,Florida,USA,2023-09-19
1359,Joshua Sanders,buchananscott@example.net,967.610.5298x770,Orlando,Florida,USA,2022-02-22
1360,Kurt Montgomery,brooksjames@example.com,250-502-0268x387,Houston,Texas,USA,2024-05-27
1361,Emily Reed,jacksonleslie@example.com,760.630.4093x467,New York City,New York,USA,2022-10-03
1362,Kimberly Cummings,kristinaweaver@example.org,7133827210,Atlanta,Georgia,USA,2025-01-11
1363,Douglas Brown,erik01@example.org,+1-382-853-2083,Houston,Texas,USA,2025-02-12
1364,Misty Walsh,robertsmith@example.net,001-617-936-9078,Atlanta,Georgia,USA,2022-12-09
1365,Clinton Williams,david41@example.org,307.416.3485x0895,Miami,Florida,USA,2021-09-25
1366,Aaron Watson,khanbreanna@example.org,+1-744-754-5697x296,Phoenix,Arizona,USA,2023-01-29
1367,Brian Lopez,pjimenez@example.com,418.886.2639x561,Chicago,Illinois,USA,2024-02-25
1368,Jane Frank,shelbywatson@example.com,471.438.8740,San Francisco,California,USA,2022-10-16
1369,Matthew Love,elizabeth14@example.com,(362)676-3304x1176,Buffalo,New York,USA,2023-08-14
1370,Michael Brooks,william19@example.com,+1-763-864-7046,San Francisco,California,USA,2022-07-02
1371,Krystal Watkins,nmcintosh@example.com,+1-583-800-4837,Orlando,Florida,USA,2022-05-23
1372,Melissa Miller,barbara22@example.net,+1-612-270-6593x410,New York City,New York,USA,2021-07-18
1373,Timothy Thomas,millershannon@example.org,224.971.8301x81796,Los Angeles,California,USA,2022-08-18
1374,Jerome Salazar,marissa74@example.net,+1-679-890-5221x711,Miami,Florida,USA,2025-11-05
1375,Victoria Kelly,tranamanda@example.org,8615735631,Las Vegas,Nevada,USA,2023-05-07
1376,Carol Murray,marissa72@example.net,001-561-269-4963x788,Buffalo,New York,USA,2025-11-08
1377,William Jackson,wilsonjamie@example.org,516.375.3216x3361,Boston,Massachusetts,USA,2021-11-24
1378,Scott Rivera,websterbrandon@example.net,+1-503-772-9545x858,Atlanta,Georgia,USA,2022-11-02
1379,Stephanie Hoover,erinstark@example.net,001-312-474-3922x551,Boston,Massachusetts,USA,2024-03-29
1380,Spencer Jones,marilyn62@example.org,001-723-660-1863x994,Seattle,Washington,USA,2022-10-03
1381,Daniel Barton,lucas15@example.com,709.230.7968,Buffalo,New York,USA,2025-04-12
1382,Jessica Stanley,nicole98@example.com,(940)589-9217,New York City,New York,USA,2023-10-18
1383,Tracy Frost,emorales@example.org,439.373.6707,Chicago,Illinois,USA,2023-08-15
1384,Darrell Carter,mccarthyhenry@example.org,+1-822-741-9830x6323,Orlando,Florida,USA,2025-12-06
1385,Adrian Snow,bankskyle@example.com,(748)242-0243,Austin,Texas,USA,2023-10-16
1386,Elizabeth Jenkins,wilsonjill@example.com,+1-315-564-0994x1475,Los Angeles,California,USA,2021-07-04
1387,Francisco Rivas,kevinnguyen@example.org,+1-690-482-6110x3565,Miami,Florida,USA,2023-11-02
1388,Linda Thompson,johnreyes@example.com,(696)392-2953x38619,Orlando,Florida,USA,2022-05-09
1389,Lori Weaver,chelseasmith@example.net,442.542.4066,Buffalo,New York,USA,2024-04-09
1390,Corey Shaffer,stephaniescott@example.com,(418)666-9408x654,Houston,Texas,USA,2021-04-10
1391,Justin Reyes,angelacooper@example.com,635-909-5288x959,Los Angeles,California,USA,2022-07-31
1392,Sharon Wright,mroman@example.com,553-259-1765x0471,Orlando,Florida,USA,2024-05-08
1393,Kevin Chapman,derek87@example.org,649-966-8667x989,Boston,Massachusetts,USA,2025-09-23
1394,Michael Ellis,brennanmichelle@example.com,001-501-649-7110,Denver,Colorado,USA,2024-10-09
1395,Tiffany Randolph,zgarcia@example.com,(866)950-5188x601,Orlando,Florida,USA,2022-08-09
1396,Debbie Tanner,jamesbenson@example.com,+1-569-985-0450x566,Chicago,Illinois,USA,2021-01-17
1397,Angel Summers,rachel86@example.org,789.925.7140x2503,Atlanta,Georgia,USA,2021-08-09
1398,Christopher Bennett,willie16@example.org,349.236.8063x58530,Miami,Florida,USA,2021-10-02
1399,Sarah Thomas,fburke@example.net,+1-230-548-5277x5867,Boston,Massachusetts,USA,2022-06-26
1400,Jason Williams,julielewis@example.com,+1-443-594-6896x3318,Seattle,Washington,USA,2023-01-20
1401,Jeremiah Fisher,vklein@example.org,431.874.4577x626,Phoenix,Arizona,USA,2023-04-06
1402,James Medina,hicksrachel@example.net,+1-777-447-5944x348,Houston,Texas,USA,2021-04-03
1403,Sarah Griffin,bcobb@example.org,967.768.7404x2076,Miami,Florida,USA,2021-04-15
1404,Kyle Bell,christopher57@example.org,+1-830-799-0009x4065,Las Vegas,Nevada,USA,2024-02-25
1405,Brittany Garner,matthew85@example.net,+1-965-235-2326x6000,Buffalo,New York,USA,2023-01-13
1406,Laura Miller,fitzgeraldlisa@example.net,001-356-711-9989x965,Chicago,Illinois,USA,2022-08-15
1407,Nicole West,richard14@example.net,877-861-8687x0479,San Francisco,California,USA,2023-03-03
1408,Shannon Bass,jeansmith@example.com,001-625-465-9950x891,Chicago,Illinois,USA,2023-07-12
1409,Melissa Smith,audreylopez@example.com,205-747-3986x2214,Phoenix,Arizona,USA,2024-02-01
1410,Shawn Patel,fjohnson@example.com,933.689.1478x524,Austin,Texas,USA,2025-08-18
1411,Samantha Smith,catherine41@example.org,001-923-687-3518x664,Las Vegas,Nevada,USA,2024-10-25
1412,Brandon Harris,charles30@example.org,(785)434-6581x539,Las Vegas,Nevada,USA,2021-09-01
1413,Katherine Guzman,natalie90@example.net,441.528.6558x16759,New York City,New York,USA,2021-07-18
1414,Terri Davis,larrygill@example.net,580-603-8146,Miami,Florida,USA,2023-02-04
1415,Lawrence Velasquez,robin19@example.com,001-773-409-1218,Phoenix,Arizona,USA,2022-11-26
1416,Corey Davis,phillipsrichard@example.org,515.255.3015,Chicago,Illinois,USA,2023-01-19
1417,Robert Phillips,falexander@example.net,001-810-896-5984x557,Phoenix,Arizona,USA,2021-10-23
1418,Robert Nguyen,david82@example.net,001-212-869-9452,Buffalo,New York,USA,2024-05-18
1419,Bradley Montgomery,johnsonteresa@example.net,001-866-491-0082x242,Chicago,Illinois,USA,2023-04-03
1420,Jonathan Martinez,chenvictor@example.net,(326)299-6208x3479,Chicago,Illinois,USA,2021-03-24
1421,Keith Taylor,travis28@example.net,903.422.0074x859,Los Angeles,California,USA,2021-03-21
1422,Corey Ford,thomasmichael@example.com,220-458-0286x06048,New York City,New York,USA,2025-01-01
1423,Sandra Baker,tlogan@example.com,776-895-0904x189,Houston,Texas,USA,2025-07-05
1424,Michael Harris,lestermark@example.com,(523)388-7888x76569,Orlando,Florida,USA,2023-11-30
1425,Matthew Williams,nicoletaylor@example.net,6119386047,Orlando,Florida,USA,2021-11-02
1426,Angela Ray,lewisallen@example.com,648-695-3829,Las Vegas,Nevada,USA,2023-11-22
1427,Michael Martinez,ulamb@example.org,(534)272-8395x167,New York City,New York,USA,2022-11-03
1428,Erin Walker,zsnyder@example.net,488-468-6562x925,Boston,Massachusetts,USA,2024-06-09
1429,Carmen Herrera,wolfdaniel@example.org,(835)630-6885,Houston,Texas,USA,2021-11-29
1430,Sandra Washington,gfowler@example.org,+1-964-758-3744x959,Miami,Florida,USA,2024-06-16
1431,David Fields,pacemarcus@example.com,+1-859-428-9748x7411,Seattle,Washington,USA,2025-09-22
1432,Frank Martinez,tylerchristine@example.com,353-849-6551x564,Austin,Texas,USA,2024-04-30
1433,Kyle Young,mcintyrebrendan@example.org,(482)401-6301x597,Houston,Texas,USA,2023-11-05
1434,Brianna Warren,kevinbates@example.org,666.280.9846x0180,Atlanta,Georgia,USA,2023-11-10
1435,Christina Evans,jonesmelissa@example.org,835.286.6715x544,Chicago,Illinois,USA,2023-10-01
1436,Kevin Stafford,gilbertsamuel@example.com,001-362-472-0536x499,Seattle,Washington,USA,2024-02-27
1437,Samantha Bailey,rrodgers@example.org,750.421.5538x30775,Austin,Texas,USA,2023-08-31
1438,Christopher White,jeff95@example.com,384.346.0789x0751,Atlanta,Georgia,USA,2021-02-04
1439,James Jones,kerry49@example.org,631-964-9828x38597,Houston,Texas,USA,2022-11-10
1440,Gregory Deleon,olsonmichael@example.com,001-494-434-3687x715,Denver,Colorado,USA,2021-08-13
1441,Sandra Baker,tuckerstacey@example.net,341.253.5977,Miami,Florida,USA,2024-04-10
1442,Ashley Herring,steven34@example.net,731-848-7225x578,Austin,Texas,USA,2025-06-20
1443,Daniel Nelson,zparker@example.net,257-739-5232x85558,Boston,Massachusetts,USA,2025-01-25
1444,Mr. Ross Cox,valdezrichard@example.org,341.636.2334x70407,Atlanta,Georgia,USA,2024-11-10
1445,Kevin Daugherty,scotttiffany@example.net,001-773-241-8559,Denver,Colorado,USA,2021-02-24
1446,Claire Mcmillan,jennifer60@example.org,203.396.1017x590,Las Vegas,Nevada,USA,2023-08-30
1447,Andrew Reyes,autumn78@example.com,001-592-885-5162x159,Austin,Texas,USA,2024-09-04
1448,Michael Gomez,krystaltucker@example.org,(558)696-0707x228,Phoenix,Arizona,USA,2025-05-09
1449,Tracy Hall,lori39@example.org,643-509-7427,Las Vegas,Nevada,USA,2024-03-28
1450,Samuel Livingston,timothy96@example.com,001-414-880-3007x356,Buffalo,New York,USA,2025-01-17
1451,Kayla Mccann,howard63@example.net,494.512.8866x9112,Los Angeles,California,USA,2024-04-10
1452,Carol Baker,marcomoore@example.com,619-878-9259,Orlando,Florida,USA,2021-12-16
1453,Olivia Hayes,crystal46@example.com,001-732-355-4411x818,Chicago,Illinois,USA,2024-07-12
1454,Thomas Lopez,mcdanieldrew@example.org,+1-381-693-7684,Seattle,Washington,USA,2024-06-23
1455,Teresa Green,gabrielshah@example.com,+1-583-833-5401x1272,Phoenix,Arizona,USA,2025-09-19
1456,Aaron Olson,dmora@example.com,9908676183,Miami,Florida,USA,2021-10-30
1457,Larry Smith,spena@example.org,+1-262-617-2048x8868,Atlanta,Georgia,USA,2024-10-26
1458,James Andrews,perezmargaret@example.org,(845)264-9674x1991,Buffalo,New York,USA,2021-03-06
1459,Terrance Mullins,hughesrhonda@example.net,9972034251,Las Vegas,Nevada,USA,2024-12-05
1460,Benjamin Boyer,lopezvictoria@example.org,001-567-307-4215,San Francisco,California,USA,2022-01-26
1461,Marcia Sanders,kimberlypeterson@example.org,(202)421-6908x8754,Los Angeles,California,USA,2023-06-23
1462,Tanya Hall,amy84@example.org,+1-891-506-5735x1745,Houston,Texas,USA,2023-05-08
1463,Michelle Martinez,jessicatorres@example.org,(983)231-9558,New York City,New York,USA,2023-04-26
1464,Gina Chang,fgarcia@example.org,603.805.6870x9412,Seattle,Washington,USA,2022-02-22
1465,Brandon Myers,kathleenwelch@example.net,233-276-8418x76776,Miami,Florida,USA,2023-10-25
1466,Danny Nguyen,qrhodes@example.org,873-903-3249,Phoenix,Arizona,USA,2024-06-06
1467,Paul Porter,virginia51@example.org,884-280-9473x1815,Boston,Massachusetts,USA,2023-08-24
1468,Sarah Martin,gibsonkimberly@example.net,(894)676-1110x797,Atlanta,Georgia,USA,2025-10-04
1469,Heidi Nunez,robert72@example.net,001-772-626-9348,Seattle,Washington,USA,2025-01-29
1470,Melanie Chang,lynchjonathan@example.net,(485)860-6699x2613,Los Angeles,California,USA,2024-12-16
1471,Karen Weber,dware@example.com,+1-957-403-9962x637,New York City,New York,USA,2023-11-29
1472,Rhonda Livingston,santiagochristopher@example.com,001-635-512-8962x206,Buffalo,New York,USA,2024-02-23
1473,Corey David,brettthomas@example.net,001-634-546-0606,Houston,Texas,USA,2024-09-18
1474,April Salazar,jameskim@example.com,629-741-2853x70064,Orlando,Florida,USA,2023-12-13
1475,John Valentine,danielnixon@example.net,001-880-642-5542x805,Miami,Florida,USA,2022-10-05
1476,Holly Owen,bhawkins@example.net,978.260.2039x22131,New York City,New York,USA,2023-07-31
1477,Anna Novak,ann63@example.net,001-492-687-9872x873,Boston,Massachusetts,USA,2023-12-28
1478,Rebecca Thompson,wellselizabeth@example.com,241-260-3328x8807,Houston,Texas,USA,2024-01-24
1479,Michael White,rcollins@example.org,(702)620-1754,Houston,Texas,USA,2024-10-16
1480,Donald Jimenez,donnahorton@example.org,966-627-5015x269,Phoenix,Arizona,USA,2025-11-12
1481,Roger Hall,ibrown@example.com,883-230-9587x2383,Seattle,Washington,USA,2024-10-26
1482,Robert Lin,sean92@example.org,(967)214-8581,Denver,Colorado,USA,2025-07-04
1483,Andrew Rodriguez,ecrawford@example.net,(309)425-1920,Seattle,Washington,USA,2022-06-26
1484,Michelle Martinez,janetmontes@example.com,3497379582,Las Vegas,Nevada,USA,2023-09-19
1485,Teresa Kerr,lisa16@example.org,+1-671-449-2075x741,Buffalo,New York,USA,2022-05-20
1486,Robert Serrano,imoore@example.com,+1-818-983-1249x773,Austin,Texas,USA,2024-02-17
1487,Stephen Scott,cynthiagonzalez@example.com,697-587-2965x7156,Austin,Texas,USA,2022-04-06
1488,Sharon Holland,christinaduncan@example.org,680-242-4796x000,Austin,Texas,USA,2025-04-29
1489,Jennifer Gomez,timothyanderson@example.org,(262)325-4920x3693,Austin,Texas,USA,2024-12-14
1490,Debra Greer,gaineserika@example.org,731.817.2264x147,Buffalo,New York,USA,2024-11-14
1491,Rachel Koch,boyddavid@example.net,435.598.4742,Seattle,Washington,USA,2023-09-29
1492,Tonya Holland,christina67@example.com,653-990-2262,Houston,Texas,USA,2023-09-10
1493,Cynthia Nguyen,cortezdouglas@example.net,6906064761,Houston,Texas,USA,2024-02-22
1494,Jonathan Wright,louis04@example.org,+1-531-569-7920x6754,Boston,Massachusetts,USA,2025-06-17
1495,David Andrews,ramirezmelissa@example.net,001-392-552-8783x573,Seattle,Washington,USA,2022-07-15
1496,Timothy Hall,john30@example.org,264.712.2474,Austin,Texas,USA,2021-09-07
1497,Robert Moore,jerrywilliams@example.org,(902)232-5107x1555,Las Vegas,Nevada,USA,2024-10-17
1498,Tina Adams,hilledwin@example.net,+1-745-564-1199x2551,Chicago,Illinois,USA,2023-02-17
1499,Robin Pugh,willismegan@example.net,(905)734-9419x715,Boston,Massachusetts,USA,2023-03-20
1500,Travis Shannon,oreynolds@example.org,524.763.0616x21856,Atlanta,Georgia,USA,2022-12-08
1501,Shane Smith,uayers@example.org,320-659-8685x6977,Phoenix,Arizona,USA,2025-07-06
1502,Daniel Brandt,durhamwilliam@example.net,001-390-510-1461x039,New York City,New York,USA,2022-08-18
1503,Robert Huang,cruzjohn@example.net,868-278-5185,Los Angeles,California,USA,2022-08-13
1504,Lori Guerrero MD,iblake@example.org,(672)980-0727x2081,Seattle,Washington,USA,2021-06-11
1505,Corey Clark,dcampbell@example.net,708.330.6978,Houston,Texas,USA,2023-06-25
1506,Hannah Campbell,robertsnow@example.com,(774)990-6688x6751,Denver,Colorado,USA,2022-06-10
1507,Angela Torres,qwilliams@example.net,(263)243-1807x392,Seattle,Washington,USA,2023-09-09
1508,Joseph Ali,yrivera@example.org,977.973.0316,Buffalo,New York,USA,2022-02-18
1509,Richard Franco,watsonamy@example.net,(701)724-0254,Atlanta,Georgia,USA,2024-01-09
1510,Anthony Peterson,hunterjulie@example.org,+1-699-883-9767x3887,Austin,Texas,USA,2024-02-26
1511,Daniel Harris,carpenterkelly@example.com,(994)893-0741,Seattle,Washington,USA,2022-07-11
1512,Devon Webster,williamcrawford@example.org,(218)296-2252x756,New York City,New York,USA,2021-08-12
1513,David Anderson,benjamin67@example.com,325-415-8904,Las Vegas,Nevada,USA,2025-02-26
1514,Katie Odonnell,chad66@example.org,001-981-223-9278x844,Las Vegas,Nevada,USA,2022-05-06
1515,Jane Lee,nguyenthomas@example.net,884-544-2022x48248,Buffalo,New York,USA,2021-04-14
1516,Dana Murray,xjones@example.org,311.680.2669,Denver,Colorado,USA,2023-12-24
1517,Lindsey Wright,fsmith@example.org,471-689-1199x256,Buffalo,New York,USA,2024-07-30
1518,Jennifer Arnold,keithnovak@example.org,214-713-1811x814,Buffalo,New York,USA,2021-04-18
1519,Melissa Hall,daisy79@example.net,6442708560,San Francisco,California,USA,2023-04-27
1520,Stephanie Chavez,donna87@example.net,710.931.4564,Houston,Texas,USA,2025-01-09
1521,Phillip Ellis,ygreene@example.org,940.233.7449x998,Orlando,Florida,USA,2021-07-25
1522,Crystal Franklin,phillipbooker@example.net,712-564-1060x3267,Denver,Colorado,USA,2025-04-28
1523,Michele Hawkins,tracy63@example.org,+1-801-208-9654x6125,New York City,New York,USA,2021-01-11
1524,Dylan Brown,hroberts@example.com,394.986.9894x848,Chicago,Illinois,USA,2021-11-20
1525,Matthew Sullivan,johnsonbrian@example.com,501.277.3759x493,Miami,Florida,USA,2024-08-30
1526,Brian Huynh,ramosaudrey@example.com,6043902144,Boston,Massachusetts,USA,2025-12-09
1527,Rhonda Cook,owest@example.org,384.996.5523,Boston,Massachusetts,USA,2023-09-02
1528,Allison Clark,michaelmeadows@example.org,999-592-6653x6197,Orlando,Florida,USA,2024-08-25
1529,Jesse Nixon,kathryn24@example.net,923.385.8653x9276,Buffalo,New York,USA,2025-03-29
1530,Blake Schaefer,joshuagonzalez@example.org,001-779-967-0605x581,Austin,Texas,USA,2022-10-20
1531,Bailey Love,btaylor@example.com,001-998-293-5464x639,Austin,Texas,USA,2024-08-15
1532,Edward Rowland,michael03@example.net,001-734-427-1866x925,Los Angeles,California,USA,2025-04-24
1533,Sarah Brown,howellglenn@example.org,8013101561,San Francisco,California,USA,2024-08-28
1534,Julia Hoffman,tammy98@example.org,(613)800-8823,Las Vegas,Nevada,USA,2022-04-21
1535,Lori Duran,mwoods@example.net,510.844.8177,Chicago,Illinois,USA,2025-02-21
1536,Teresa Montes,ijones@example.org,888-622-0631,Seattle,Washington,USA,2025-10-08
1537,James Little,mariamoore@example.com,816-993-6835x991,Boston,Massachusetts,USA,2021-03-18
1538,Adrian Sanchez,kimberlyestrada@example.net,001-332-452-8267,Boston,Massachusetts,USA,2021-12-25
1539,Lance Murray,cassidy99@example.com,(625)529-6444,Miami,Florida,USA,2025-12-12
1540,Nicole Patterson,hhunter@example.org,933-306-4098x0587,Atlanta,Georgia,USA,2021-12-27
1541,Emily Bailey,wiserenee@example.net,(378)479-0259,Boston,Massachusetts,USA,2021-03-16
1542,Nicholas Blevins,taylorwilson@example.org,001-466-703-2358x418,Atlanta,Georgia,USA,2023-03-25
1543,Manuel Bradley,omcdonald@example.net,693.995.7955x192,Phoenix,Arizona,USA,2023-10-12
1544,Bradley Brown,vanessarichmond@example.com,3383625676,New York City,New York,USA,2025-03-14
1545,Travis Carter,jamiejohnson@example.org,+1-405-663-0829,Atlanta,Georgia,USA,2022-08-16
1546,Kristin Dixon MD,laurenwilliams@example.com,+1-488-231-2736x5485,Boston,Massachusetts,USA,2021-03-18
1547,Aaron Williamson,piercedevin@example.com,716-727-9636x512,Los Angeles,California,USA,2022-09-04
1548,Michael Smith,nicole08@example.org,+1-848-242-2623x003,Las Vegas,Nevada,USA,2024-05-19
1549,Brandy Allen MD,aaronstrong@example.net,224-337-5391x692,San Francisco,California,USA,2022-11-18
1550,Michelle Walker,ylarsen@example.com,+1-668-374-0330x454,Austin,Texas,USA,2023-07-20
1551,Jean Graham,betty00@example.net,+1-944-858-0151,Denver,Colorado,USA,2024-01-18
1552,Kevin Gutierrez,zacharywillis@example.com,815-305-0969,Chicago,Illinois,USA,2023-10-09
1553,Patricia Martinez,jeanettewatson@example.net,922.980.5883,Boston,Massachusetts,USA,2021-10-02
1554,Cynthia Morse,blevinsmelissa@example.com,762.753.9501x1152,Atlanta,Georgia,USA,2023-10-30
1555,Jessica White,jpadilla@example.net,(260)531-7489,Orlando,Florida,USA,2022-07-13
1556,Terry Howard,mannbrittany@example.org,+1-761-642-2935,Buffalo,New York,USA,2025-07-15
1557,Holly Suarez,nguyenlaura@example.net,(275)677-9911x37983,San Francisco,California,USA,2022-11-09
1558,Julie Mata,usawyer@example.net,916-208-9589,New York City,New York,USA,2025-02-06
1559,Ashley Bailey,hunterfrank@example.org,(589)260-0834x7612,Orlando,Florida,USA,2024-08-20
1560,Tammie Campbell,yangjulie@example.net,001-897-299-2715,Austin,Texas,USA,2025-01-11
1561,Selena Robinson,hgoodman@example.net,(528)958-9868x184,New York City,New York,USA,2021-01-29
1562,David Joseph,newmanthomas@example.com,001-649-699-4457,Seattle,Washington,USA,2022-11-22
1563,Samuel Williams,kperkins@example.net,(526)754-3475x91604,Phoenix,Arizona,USA,2022-08-28
1564,Tamara Clark,stephanie90@example.com,+1-396-858-5783x756,Las Vegas,Nevada,USA,2024-10-13
1565,Eric Colon,erica73@example.org,517.876.1350x078,Phoenix,Arizona,USA,2022-01-31
1566,Brittany Gonzalez,justin33@example.com,001-599-352-8502,New York City,New York,USA,2024-06-05
1567,Tonya Spears,kedwards@example.com,255.514.9724,Atlanta,Georgia,USA,2024-08-01
1568,Carl Adams,olivia93@example.net,(655)357-0200x617,Boston,Massachusetts,USA,2023-04-11
1569,William Baker,anne76@example.org,001-921-889-3912x706,Atlanta,Georgia,USA,2023-05-26
1570,Christian Booth,dianachen@example.com,(744)268-5304x5555,Chicago,Illinois,USA,2022-11-03
1571,Jason Thornton,fsmith@example.com,001-889-243-3276x399,San Francisco,California,USA,2023-04-01
1572,Christopher Harmon,richardbennett@example.net,(969)702-2209,Denver,Colorado,USA,2021-07-15
1573,Megan Morales,cmejia@example.com,+1-670-215-1200x3934,New York City,New York,USA,2021-10-15
1574,Kyle Shannon,reyesjessica@example.net,+1-233-739-1929x6921,Orlando,Florida,USA,2022-10-25
1575,John Moore,dwilliams@example.net,(228)737-7427,Boston,Massachusetts,USA,2022-05-24
1576,Justin Henry,jmccormick@example.org,8632228012,Los Angeles,California,USA,2022-06-19
1577,Deanna Padilla,wesley52@example.net,776-409-6064x724,Miami,Florida,USA,2022-04-28
1578,Daniel Pierce,taylor88@example.com,9702946577,Orlando,Florida,USA,2025-03-24
1579,Angelica Stein DDS,jashley@example.net,326-980-9282x6164,Austin,Texas,USA,2022-11-07
1580,Glenn Glenn,brewershelly@example.org,366-488-0316x64795,Austin,Texas,USA,2024-04-07
1581,Joseph Merritt,kathleenbarajas@example.org,+1-353-654-1601,Seattle,Washington,USA,2024-03-19
1582,Kelly Smith,ruizheather@example.net,+1-667-515-2077x1074,Los Angeles,California,USA,2022-06-20
1583,William Riley,charper@example.net,(246)210-5110,Denver,Colorado,USA,2023-01-07
1584,Amber Rodriguez,anthony20@example.com,4252497239,Seattle,Washington,USA,2022-04-29
1585,William Jackson,ndiaz@example.net,747.453.9659x7442,Los Angeles,California,USA,2024-09-29
1586,Michael Gilbert,elizabeth20@example.com,764-315-3740,San Francisco,California,USA,2023-08-12
1587,Whitney Allen,mirandaclarke@example.com,001-399-976-8160x855,Austin,Texas,USA,2021-11-24
1588,Matthew Marsh,christina68@example.net,744-899-0803,Miami,Florida,USA,2024-11-06
1589,Nicholas Craig,vscott@example.org,001-599-786-3245,Chicago,Illinois,USA,2025-12-24
1590,Jeremy Garza,valenzuelachristopher@example.org,001-585-418-4668x985,Seattle,Washington,USA,2025-04-26
1591,Howard Ray,porterjason@example.net,934.480.0226x425,Austin,Texas,USA,2024-11-14
1592,Samuel Phillips,lynnholmes@example.com,+1-619-921-4749,San Francisco,California,USA,2024-08-01
1593,Aaron Thompson,selenamullen@example.com,001-284-672-1461x727,Boston,Massachusetts,USA,2022-08-28
1594,Charles Collier,rodneylin@example.com,+1-688-797-9887x754,Houston,Texas,USA,2024-06-12
1595,Sophia Blake,youngadam@example.net,(993)760-5962,Buffalo,New York,USA,2022-03-25
1596,Amy Wolfe,johnhuang@example.net,+1-701-824-8447x936,New York City,New York,USA,2023-09-07
1597,Stephen Zavala,zspencer@example.org,001-723-507-0659x480,New York City,New York,USA,2023-07-21
1598,Andrew Mann,treid@example.org,403.672.7186,Seattle,Washington,USA,2024-05-25
1599,Shane Bell,michellemarsh@example.org,(913)280-7828,Houston,Texas,USA,2023-05-02
1600,Jennifer Flores,michael85@example.net,(463)756-5418x0288,Seattle,Washington,USA,2024-01-30
1601,Todd Melendez,creynolds@example.com,+1-646-999-8428x828,Boston,Massachusetts,USA,2023-08-23
1602,Erin Williams,santiagomary@example.org,+1-888-671-2320x366,Phoenix,Arizona,USA,2024-01-06
1603,Jeremy Salas,igardner@example.com,+1-552-472-8760,Phoenix,Arizona,USA,2024-09-22
1604,Xavier Webb,mariahkim@example.org,001-806-428-3345x573,Atlanta,Georgia,USA,2022-03-24
1605,Matthew Trevino,tporter@example.org,5452358597,Phoenix,Arizona,USA,2022-05-22
1606,Patty Walker,georgecooper@example.com,6428402555,Denver,Colorado,USA,2025-03-26
1607,Molly Graves,tinaflynn@example.com,+1-604-811-6788x1596,Las Vegas,Nevada,USA,2025-11-24
1608,Julia Rose,norman04@example.com,746.773.3229x12489,Phoenix,Arizona,USA,2021-06-17
1609,Tamara Kim,hopkinsrodney@example.org,694.259.9426,Chicago,Illinois,USA,2023-07-04
1610,Alexander Peters MD,millersherry@example.org,339.880.1387,Chicago,Illinois,USA,2024-12-12
1611,Danny Kelly,florespam@example.org,5807153374,Houston,Texas,USA,2021-06-09
1612,Alex Fields,ghenry@example.com,656-759-6957,Boston,Massachusetts,USA,2024-03-01
1613,Gina Cooper,theresa05@example.com,+1-536-729-1714x8541,San Francisco,California,USA,2021-05-07
1614,Melissa Anderson,douglas07@example.net,001-988-621-6511x921,Atlanta,Georgia,USA,2024-01-27
1615,Emma Brown,billyroman@example.org,769.547.3088x2403,Boston,Massachusetts,USA,2023-11-02
1616,Timothy Floyd,brandilutz@example.com,240.794.1218,Buffalo,New York,USA,2024-03-18
1617,Mary Gomez,brandy00@example.com,394.312.3254x6018,Chicago,Illinois,USA,2021-11-03
1618,Eric Richmond,joseshaw@example.com,413.939.9627x6861,New York City,New York,USA,2022-11-03
1619,Robert Wilson,hernandezkerri@example.net,638-213-0149,Atlanta,Georgia,USA,2023-12-02
1620,Joseph Guzman,laneerica@example.com,(523)519-1990x821,Orlando,Florida,USA,2021-08-27
1621,Victor Acosta,clintonhaley@example.org,001-366-970-4171x038,Denver,Colorado,USA,2022-02-25
1622,Frank Delacruz,allenjamie@example.org,3346495607,Seattle,Washington,USA,2024-04-09
1623,Karen Myers,mckenzietyler@example.com,001-325-372-3163x160,Orlando,Florida,USA,2021-07-06
1624,Sarah Garner,stewartpamela@example.com,9392963066,Boston,Massachusetts,USA,2023-11-12
1625,Kirk Campbell,msanders@example.org,001-223-937-0071x580,Orlando,Florida,USA,2025-07-15
1626,Ana Douglas,lgonzalez@example.org,430-565-8744x8883,Los Angeles,California,USA,2023-07-18
1627,Kyle Smith,ginapierce@example.com,001-445-551-3919x603,New York City,New York,USA,2023-11-18
1628,Joshua Stout,kgonzalez@example.net,623.980.0436,Miami,Florida,USA,2023-07-25
1629,Eric Fisher,zachary74@example.org,(937)912-0631x7552,Las Vegas,Nevada,USA,2021-04-29
1630,Bryan Howard,adam11@example.net,001-844-815-7281x436,Chicago,Illinois,USA,2023-08-05
1631,Eric Lowery,nataliejones@example.net,+1-826-505-5546x542,Denver,Colorado,USA,2025-07-11
1632,Paul Buckley,vincentdavis@example.com,8348454595,Austin,Texas,USA,2025-01-21
1633,David Smith,davisstephanie@example.net,(627)423-8697,Los Angeles,California,USA,2023-03-22
1634,Marissa Acosta,zmanning@example.org,(283)385-0957x0934,Austin,Texas,USA,2025-07-31
1635,Thomas Ward,jonesrobert@example.net,203-848-4843x770,Los Angeles,California,USA,2025-03-08
1636,John Hudson,nancy14@example.org,+1-954-749-6695x421,Buffalo,New York,USA,2024-03-30
1637,Bianca Cooper,coffeydaniel@example.net,001-517-734-4794x592,San Francisco,California,USA,2021-04-03
1638,Rose Dawson,madelinehenderson@example.net,697.710.0170x78129,Miami,Florida,USA,2022-12-07
1639,Tristan Rojas,blakenelson@example.net,984-414-2355x2833,Seattle,Washington,USA,2021-05-11
1640,Rhonda Marquez,kbarrett@example.net,930-326-5647,Chicago,Illinois,USA,2021-05-04
1641,Gloria Castro,houstonmichelle@example.com,3898410791,Boston,Massachusetts,USA,2021-05-22
1642,Eric Morales,patrick11@example.net,430.597.5424x73885,Boston,Massachusetts,USA,2023-08-25
1643,Nathan Webb IV,dellis@example.com,+1-481-325-3251,Los Angeles,California,USA,2022-08-11
1644,Monica Peters,piercefrank@example.org,(779)590-9666x0286,Miami,Florida,USA,2022-01-04
1645,Cindy Duncan,stephen64@example.com,001-982-210-0370x907,Phoenix,Arizona,USA,2021-10-05
1646,Kayla Quinn,lwalton@example.org,(607)409-8348,Phoenix,Arizona,USA,2024-08-06
1647,Melissa Vasquez,amber62@example.net,(750)674-4565x72676,Seattle,Washington,USA,2024-08-15
1648,Kyle Moore,griffinbrenda@example.com,495.800.3452x2026,Miami,Florida,USA,2023-02-06
1649,Vanessa Brown,meganprice@example.com,(825)573-3090x740,Boston,Massachusetts,USA,2023-02-23
1650,Jeffrey Cooper,josephross@example.com,(512)858-3799x005,Orlando,Florida,USA,2025-11-16
1651,Pamela Burke,jamesvasquez@example.org,542.928.5628,Boston,Massachusetts,USA,2023-02-13
1652,Richard Bond,tylerthompson@example.com,001-593-610-3370x089,Miami,Florida,USA,2021-06-14
1653,Amanda Paul,adamsjames@example.org,+1-218-683-8456x1257,Denver,Colorado,USA,2024-09-17
1654,Jeremiah Vargas,karen17@example.com,001-668-406-4554,Atlanta,Georgia,USA,2024-01-10
1655,John Horton,stevenbarnett@example.com,505-632-7396x8859,New York City,New York,USA,2024-08-31
1656,Brandi Braun,cynthiaarmstrong@example.org,+1-479-397-8331x503,Atlanta,Georgia,USA,2022-12-14
1657,Jacqueline Perkins,zmaynard@example.com,001-510-625-0666x860,San Francisco,California,USA,2022-01-01
1658,John Pitts PhD,jwright@example.net,(491)403-8524x276,Chicago,Illinois,USA,2023-03-16
1659,Harold Malone,rebeccaalexander@example.org,001-663-299-4959,Chicago,Illinois,USA,2021-09-18
1660,Justin Flores,robert65@example.org,370-287-3002,Seattle,Washington,USA,2022-04-02
1661,Nancy Duffy,omarbennett@example.net,001-525-367-3223x487,Atlanta,Georgia,USA,2021-01-08
1662,James Robles,johnsonalex@example.net,966.707.3264x47893,Phoenix,Arizona,USA,2021-02-16
1663,Lorraine Ramirez,yfrey@example.org,+1-609-737-1645x810,Austin,Texas,USA,2023-08-07
1664,Robin Baldwin,kgraham@example.com,273-738-7805x289,Denver,Colorado,USA,2025-01-12
1665,Gregory Archer,scottlindsey@example.com,001-777-219-8883x743,Chicago,Illinois,USA,2023-05-19
1666,Jennifer Flores,wesleyfoster@example.net,502-630-8996x46924,Chicago,Illinois,USA,2023-02-16
1667,Crystal King,llarson@example.org,(215)260-3871,Atlanta,Georgia,USA,2022-04-16
1668,Sean Barnes,patrick04@example.net,3373647476,Buffalo,New York,USA,2023-08-02
1669,Cody Wilson,bradley39@example.net,(555)586-8190x0415,Houston,Texas,USA,2021-11-14
1670,Carlos Stephens,osmith@example.net,450-602-9573x80101,Austin,Texas,USA,2022-01-22
1671,Savannah Davis,pruittangelica@example.com,001-719-349-9913x650,Boston,Massachusetts,USA,2025-11-28
1672,Megan Singh,martharay@example.net,418.567.1708x049,Seattle,Washington,USA,2025-04-17
1673,Nicole Gould,andre19@example.com,729-433-2134,San Francisco,California,USA,2021-03-07
1674,Amanda Savage,blake03@example.com,+1-817-875-8856x2748,Phoenix,Arizona,USA,2024-09-14
1675,Michael Kemp,rebeccamccormick@example.net,(703)906-9516,Miami,Florida,USA,2024-06-13
1676,Carol Wilson,pwilliams@example.org,+1-211-423-9933,Phoenix,Arizona,USA,2025-12-15
1677,Kevin Reese,icarpenter@example.org,(823)314-5968x89109,Boston,Massachusetts,USA,2021-02-02
1678,Jennifer Kelley,michael52@example.org,620-336-0816,Buffalo,New York,USA,2022-02-27
1679,Stacy Mack,jonathan60@example.net,001-719-671-4083x469,San Francisco,California,USA,2021-07-26
1680,Shaun Johnson,rsmith@example.net,780-262-7456x69839,Las Vegas,Nevada,USA,2021-03-10
1681,Mr. William Miller,elizabethbarrett@example.com,+1-857-376-2538x476,Orlando,Florida,USA,2024-05-09
1682,Renee Lee,myersmelissa@example.com,828.461.7468x5902,Denver,Colorado,USA,2024-12-11
1683,Jill Hughes,blakepaul@example.net,+1-666-803-4982,Atlanta,Georgia,USA,2021-04-10
1684,Linda Welch,cwebb@example.org,(556)327-7402x1572,Buffalo,New York,USA,2025-02-25
1685,Brittany Hernandez,susanpeterson@example.com,001-460-308-5894x961,Los Angeles,California,USA,2023-04-04
1686,Samuel Morgan,alanward@example.net,853.213.1845,Orlando,Florida,USA,2022-04-25
1687,Tyler Hanson,elizabeth32@example.org,001-610-291-2944x314,Chicago,Illinois,USA,2022-03-21
1688,Kimberly Tyler,josephmeadows@example.org,+1-577-398-2402x1168,Phoenix,Arizona,USA,2025-11-04
1689,Marcus Knight,shawdenise@example.org,+1-796-924-2657x8963,Phoenix,Arizona,USA,2021-04-26
1690,Douglas Raymond,michelle63@example.net,788-582-3725x4422,New York City,New York,USA,2023-10-29
1691,Austin Owens,angelarivera@example.org,955-838-8287x204,Austin,Texas,USA,2022-04-25
1692,James Gray,patelamber@example.com,758-571-2075x3136,Atlanta,Georgia,USA,2025-02-07
1693,Richard Fletcher,qanderson@example.net,2748144301,Las Vegas,Nevada,USA,2022-10-16
1694,Thomas Kelly,wvelazquez@example.net,544.533.1997x115,Las Vegas,Nevada,USA,2024-05-09
1695,Stacy Floyd,bmartin@example.net,901.700.3434x499,Phoenix,Arizona,USA,2024-10-09
1696,Kimberly Kelly,usims@example.net,681.578.6021x59927,Atlanta,Georgia,USA,2022-10-19
1697,William Robinson,travisroberts@example.org,631.222.2395,Buffalo,New York,USA,2022-09-11
1698,Jessica Roberts,ginahooper@example.net,001-283-568-7477x740,Boston,Massachusetts,USA,2021-10-21
1699,Jason Bolton,richard07@example.com,001-822-482-1282x193,Denver,Colorado,USA,2023-12-04
1700,Dr. Phillip Anderson,jeanette39@example.org,804.859.6920,Buffalo,New York,USA,2023-04-27
1701,Jennifer Clay,vanessa12@example.org,843-758-4981x184,Austin,Texas,USA,2022-07-18
1702,Walter White,salaskara@example.com,+1-317-304-8364,Los Angeles,California,USA,2024-02-15
1703,Molly Riley,joanna85@example.net,821-793-7931x363,Las Vegas,Nevada,USA,2025-12-07
1704,Cassandra Ross,estone@example.com,(393)758-6134x174,Seattle,Washington,USA,2021-12-25
1705,Robert Peters,harold72@example.org,299.307.6150,Denver,Colorado,USA,2024-10-22
1706,Danny Rodriguez,alicia04@example.com,(236)347-9214,Miami,Florida,USA,2024-02-13
1707,Nicholas Sampson,mcbridepatrick@example.com,890.949.9157x380,Orlando,Florida,USA,2021-04-07
1708,Laura Murray,paulwhite@example.org,001-661-502-3726,Houston,Texas,USA,2024-08-10
1709,Amy Hicks,cbradley@example.org,959-271-5579x327,Denver,Colorado,USA,2023-02-20
1710,Michael Parker,basssteven@example.com,826.309.6856,Phoenix,Arizona,USA,2023-12-11
1711,Peter Cooper,wgonzalez@example.net,(579)443-3644x7026,Houston,Texas,USA,2024-11-27
1712,Ryan Barrett PhD,brooke45@example.net,666.994.9471x553,Miami,Florida,USA,2023-04-17
1713,Sharon Holland,jonhampton@example.org,672.790.8489x653,New York City,New York,USA,2022-09-07
1714,Cynthia Ballard,joshua07@example.net,5534833856,Miami,Florida,USA,2022-01-12
1715,Barbara Russell,vturner@example.net,3407737304,Phoenix,Arizona,USA,2024-01-07
1716,Spencer Robinson,mary51@example.org,001-826-958-3879x633,Orlando,Florida,USA,2022-05-09
1717,Jeffery Holt,vshields@example.org,332.773.9974,Atlanta,Georgia,USA,2022-04-07
1718,Rachel Erickson,lisa10@example.org,7273607819,Austin,Texas,USA,2025-10-23
1719,William Baker,oalvarez@example.com,583.730.6144,Seattle,Washington,USA,2021-10-23
1720,Matthew Adams,nrice@example.com,9527602706,Phoenix,Arizona,USA,2023-08-07
1721,John Castillo,pughcarol@example.org,001-661-339-1237x745,Boston,Massachusetts,USA,2021-04-29
1722,Tracy Blankenship,tyronemcconnell@example.com,7583079106,Chicago,Illinois,USA,2023-04-26
1723,Sabrina Adams,djohnson@example.net,584.678.4830,Miami,Florida,USA,2024-02-16
1724,Patricia Ford,vspears@example.net,304-949-2728x0903,Chicago,Illinois,USA,2021-10-02
1725,Sabrina Sanchez,qlara@example.org,001-716-578-5984x440,Miami,Florida,USA,2022-05-13
1726,Zachary Bonilla,murraypaige@example.com,4525699015,Austin,Texas,USA,2022-02-21
1727,Mariah Nolan,ojames@example.org,+1-323-756-5403x079,Houston,Texas,USA,2024-08-17
1728,Robert Brown,feliciaclark@example.org,2122953185,San Francisco,California,USA,2023-07-11
1729,Curtis Beck,hollychang@example.net,(682)904-8109x3054,Atlanta,Georgia,USA,2023-01-30
1730,Jose Ramos,ngreene@example.net,524.455.3815x18272,San Francisco,California,USA,2024-01-02
1731,Donald Anderson,miranda18@example.com,(755)276-8815,Seattle,Washington,USA,2025-08-26
1732,Timothy Martinez,nluna@example.com,348-776-1504x8849,Buffalo,New York,USA,2021-04-16
1733,Kayla Taylor,keith40@example.org,307-269-5559x35588,Austin,Texas,USA,2023-02-12
1734,Michelle Beck,vgonzales@example.com,577.974.5925x412,Denver,Colorado,USA,2024-05-23
1735,Dylan Willis,timothyharrison@example.org,6708455948,Las Vegas,Nevada,USA,2021-03-22
1736,Derek Cortez,grahamdavid@example.net,001-556-771-2559,Atlanta,Georgia,USA,2021-05-30
1737,Tara Frank,ngriffin@example.net,8647122727,Buffalo,New York,USA,2025-07-06
1738,Arthur Campbell,stacy34@example.org,700.754.5583x4559,Phoenix,Arizona,USA,2024-04-18
1739,Rebecca Mullen,qgay@example.org,757.266.8089,Seattle,Washington,USA,2024-10-07
1740,Robert Carpenter,shawkatherine@example.org,931-571-5578x5219,Chicago,Illinois,USA,2022-03-21
1741,Justin Eaton,monicabarnett@example.com,2897888501,Orlando,Florida,USA,2022-03-04
1742,Phillip Gonzalez,davismike@example.org,(502)564-0093,Atlanta,Georgia,USA,2022-11-13
1743,Jessica Porter,lopezaaron@example.net,588.678.2188,Austin,Texas,USA,2021-02-01
1744,Todd Stone,bmejia@example.com,442.608.3481,Buffalo,New York,USA,2022-01-25
1745,Ralph Graham,uramirez@example.com,940-747-8327x9663,Seattle,Washington,USA,2021-08-29
1746,Melanie Dunn,tsummers@example.com,+1-592-746-8714x469,Seattle,Washington,USA,2025-03-25
1747,Robert Rivera,christinasmith@example.org,+1-369-308-9649x6668,Orlando,Florida,USA,2022-05-12
1748,Kimberly Franco,johnbarton@example.net,+1-924-668-7220x3733,Seattle,Washington,USA,2024-05-22
1749,James Joseph,xaviervasquez@example.com,001-785-978-3045x596,Seattle,Washington,USA,2022-02-23
1750,Marissa Wade,margaret78@example.com,+1-800-655-1267,Miami,Florida,USA,2022-05-06
1751,Teresa Baker,ksexton@example.com,6564146534,Chicago,Illinois,USA,2022-10-21
1752,Edgar Miller,dramos@example.net,752-203-5191,Phoenix,Arizona,USA,2022-08-03
1753,Jennifer Burton,jeffreykoch@example.net,408-914-3229x87663,Miami,Florida,USA,2023-08-13
1754,Melissa Williams,david38@example.org,7604891700,Chicago,Illinois,USA,2024-08-21
1755,Brad Adams,pmccullough@example.com,001-265-499-0527,Houston,Texas,USA,2022-09-24
1756,Marc Davis,phamjason@example.net,204.807.7513,Austin,Texas,USA,2023-01-07
1757,Kurt Hernandez,danielpierce@example.com,453-971-4732x0431,Chicago,Illinois,USA,2025-12-13
1758,Robert White,zjenkins@example.org,(233)861-6558,Orlando,Florida,USA,2023-08-13
1759,Danielle Nguyen,edward72@example.org,+1-936-270-2751x0056,San Francisco,California,USA,2025-07-03
1760,Aaron Ford,bartonteresa@example.org,001-581-567-9323x539,Seattle,Washington,USA,2023-08-20
1761,Sean Nelson,jessica51@example.com,470-879-4321x83024,Phoenix,Arizona,USA,2025-09-16
1762,Jennifer Rice,courtney51@example.net,2207411548,Houston,Texas,USA,2022-02-21
1763,Lawrence Lee,uhampton@example.org,563.930.5754,Houston,Texas,USA,2022-10-03
1764,Amy Lane,david43@example.com,402.517.0470x125,Miami,Florida,USA,2021-04-04
1765,Tami Burton,pdavis@example.net,(368)917-6975x059,Las Vegas,Nevada,USA,2025-11-05
1766,Cynthia Norris,anthonymiles@example.org,+1-855-691-6983x3179,Buffalo,New York,USA,2025-02-27
1767,Alyssa Guzman,jennifer06@example.com,001-745-225-9357x076,New York City,New York,USA,2021-02-03
1768,Jenna Booth,pmedina@example.com,(822)271-9260x26118,Austin,Texas,USA,2024-02-08
1769,Allison Obrien,ryansmith@example.net,294-590-8170,Boston,Massachusetts,USA,2024-04-11
1770,Kathryn Sullivan MD,coopermegan@example.net,+1-487-377-7014x9726,Las Vegas,Nevada,USA,2025-01-14
1771,George Holland,btorres@example.com,735.395.6919x220,Miami,Florida,USA,2022-08-28
1772,Isabella Allen,urobles@example.net,+1-992-550-0751x6748,New York City,New York,USA,2022-02-06
1773,Bryan Anderson,burnstyler@example.net,547.579.3599x584,Houston,Texas,USA,2022-04-17
1774,Larry Garza,thompsonduane@example.org,493-806-4691,Miami,Florida,USA,2024-03-12
1775,Ashley Davis,khayden@example.org,553.203.1387,Atlanta,Georgia,USA,2022-05-19
1776,James Anderson,pbrooks@example.com,326-420-2948x74781,Orlando,Florida,USA,2024-02-02
1777,Jennifer Bond,kellyrichardson@example.com,992.822.9317,Denver,Colorado,USA,2024-11-03
1778,Timothy Mcguire,gina75@example.net,+1-405-657-7791x7431,Houston,Texas,USA,2022-06-12
1779,Martin Clark,wesleydominguez@example.org,001-257-550-9272x094,Phoenix,Arizona,USA,2025-08-10
1780,Michael Brooks,victoria29@example.com,739.716.8670,Orlando,Florida,USA,2025-01-21
1781,Kenneth Nelson,joseph10@example.net,504-727-9749,Denver,Colorado,USA,2025-02-23
1782,Kevin Wilson,rodriguezalicia@example.org,589.669.9132x93575,Orlando,Florida,USA,2023-08-02
1783,Stacy Jones,nguyenvictor@example.org,775-660-1642x6245,New York City,New York,USA,2025-02-09
1784,Christopher Barr,rivasmatthew@example.com,(592)623-9407x1734,Phoenix,Arizona,USA,2022-12-23
1785,Thomas Hull,marissa47@example.net,9067039810,New York City,New York,USA,2021-10-14
1786,Colton Anderson,cynthia12@example.org,(224)717-5616,Seattle,Washington,USA,2024-01-25
1787,Matthew Miller,joseph33@example.net,366.750.2859,Orlando,Florida,USA,2022-01-12
1788,Melissa Suarez,gonzalescheyenne@example.net,(378)329-0524x922,Boston,Massachusetts,USA,2025-12-27
1789,Ashley Campbell,william41@example.com,3136856993,Chicago,Illinois,USA,2024-08-07
1790,Jennifer Moore,poolelori@example.org,674-802-0984,Los Angeles,California,USA,2023-12-10
1791,Kathy Horne,npowell@example.com,+1-818-927-2913,Los Angeles,California,USA,2025-09-15
1792,Erin Lawson,gentrylarry@example.com,001-291-753-2180x113,Atlanta,Georgia,USA,2021-06-02
1793,Claudia Howard,paigeyoung@example.org,+1-940-322-4626,Atlanta,Georgia,USA,2024-09-30
1794,Yvonne Moore,lawrencepineda@example.com,(238)667-0776,Los Angeles,California,USA,2025-04-15
1795,Lisa Dennis,bbowman@example.net,(674)208-7721x0752,Los Angeles,California,USA,2023-04-25
1796,Ronnie Hale,melissa09@example.net,524.472.5426x5416,New York City,New York,USA,2025-09-22
1797,Dr. Paul Ashley,beverlyflores@example.org,581.482.8936,Denver,Colorado,USA,2022-04-19
1798,Julia Curtis,mendozatonya@example.org,523-357-3189x959,San Francisco,California,USA,2024-12-19
1799,Molly Maldonado,emilycurtis@example.com,947.705.0707,New York City,New York,USA,2021-01-19
1800,Justin Ellison,ashley99@example.net,(735)776-8662x1380,Buffalo,New York,USA,2023-11-02
1801,Richard Scott,jodi42@example.org,(695)351-3305x915,Orlando,Florida,USA,2023-02-04
1802,Christine Barker,mccalljane@example.org,5968745136,Los Angeles,California,USA,2024-06-19
1803,Morgan Smith,jessica41@example.com,972.223.4267,Denver,Colorado,USA,2024-09-27
1804,Christina Sosa DDS,cynthiagardner@example.org,317.418.9935x47521,Boston,Massachusetts,USA,2024-06-16
1805,Evan Perkins,katherinejimenez@example.org,814-493-3108,Boston,Massachusetts,USA,2023-09-17
1806,Amy Reynolds,kimberly94@example.net,6037818036,Denver,Colorado,USA,2023-09-27
1807,Megan Hardin,carloshernandez@example.org,001-840-981-7028x461,Los Angeles,California,USA,2021-01-14
1808,Margaret Chen,katherinecampbell@example.net,001-970-632-0434,Chicago,Illinois,USA,2024-02-04
1809,Daniel Torres,williamsmichael@example.org,3465010413,Miami,Florida,USA,2021-01-25
1810,Geoffrey Mcgee,dean72@example.net,+1-923-995-6721x7618,Los Angeles,California,USA,2023-12-21
1811,John Kim MD,robinsontimothy@example.net,923-498-1893,Seattle,Washington,USA,2022-07-17
1812,Jonathon Walker,michael94@example.com,886-681-7341x88079,Chicago,Illinois,USA,2022-08-11
1813,Amanda Sims,baileytodd@example.com,659.539.1853x62054,Los Angeles,California,USA,2023-10-26
1814,Lauren West,johnathan63@example.net,267-702-0715x37842,Atlanta,Georgia,USA,2024-11-30
1815,Matthew Ball,emilyadams@example.org,389.267.7888x922,Denver,Colorado,USA,2023-06-01
1816,Joy Taylor,frostandrew@example.net,671-312-4617x5780,Phoenix,Arizona,USA,2022-01-03
1817,Allison Benson,andrea67@example.org,864.942.6244x70498,San Francisco,California,USA,2021-07-17
1818,Robert Petty,aowens@example.org,925.570.4430,Chicago,Illinois,USA,2021-11-01
1819,Ryan Hopkins,qsandoval@example.net,+1-403-604-3817x7998,Buffalo,New York,USA,2022-01-29
1820,Kenneth Campbell,campbellalison@example.org,+1-730-318-6432x3145,Las Vegas,Nevada,USA,2023-12-15
1821,Belinda Ford,merrittthomas@example.org,943.674.3256,Austin,Texas,USA,2025-07-28
1822,Robert Ponce,jason25@example.org,+1-223-811-5411x1902,Houston,Texas,USA,2022-07-02
1823,Brian Mclaughlin,brianjohnson@example.org,(514)642-6735,Phoenix,Arizona,USA,2023-03-24
1824,Emily Coleman,walldaniel@example.net,999-794-4261x84553,San Francisco,California,USA,2023-02-04
1825,Brittany Moreno,brian14@example.net,001-740-523-2358,Miami,Florida,USA,2023-07-30
1826,Kayla Steele,nancy28@example.net,9505750781,Las Vegas,Nevada,USA,2022-05-14
1827,Richard Carson,michaelramirez@example.net,677.874.4496x4930,Seattle,Washington,USA,2022-04-08
1828,Anthony Graham,gcarroll@example.org,(748)662-7553x7793,Austin,Texas,USA,2024-11-01
1829,Jamie Aguilar,davidblackwell@example.com,2723545396,Atlanta,Georgia,USA,2025-10-03
1830,Amy Bass,donaldchen@example.com,307.892.6251x743,San Francisco,California,USA,2024-08-31
1831,Claudia Watson,karagood@example.net,539-888-4427x8952,Atlanta,Georgia,USA,2024-08-23
1832,Samuel Vargas,ashley45@example.com,+1-659-457-8127x317,Phoenix,Arizona,USA,2021-03-06
1833,Brian Perez,sarahramirez@example.org,(939)836-2761,San Francisco,California,USA,2023-04-11
1834,Debra Johnson,tiffany46@example.com,+1-451-412-8638x1105,Miami,Florida,USA,2023-02-12
1835,Lindsey Johnson,erin59@example.com,(582)576-7742,Chicago,Illinois,USA,2023-09-02
1836,Derek Lozano,loricooley@example.com,327.783.9692,Los Angeles,California,USA,2024-07-28
1837,Adam Gray,kalexander@example.org,734-986-9653x715,Los Angeles,California,USA,2024-12-10
1838,Wayne Kelly,castroanita@example.org,+1-573-509-5079,New York City,New York,USA,2021-06-19
1839,Samuel Conway,haascheryl@example.org,414-885-0275x908,Orlando,Florida,USA,2025-09-28
1840,Alicia Lawson,bhernandez@example.net,+1-871-221-8945x2395,Miami,Florida,USA,2024-08-13
1841,Daniel Hess,hshah@example.com,(879)203-2308x880,Phoenix,Arizona,USA,2022-11-10
1842,Diane Jones,alexander41@example.org,9077886758,Las Vegas,Nevada,USA,2025-10-24
1843,Joshua Herring,matthewsbailey@example.org,450-949-7236x6946,San Francisco,California,USA,2023-12-18
1844,Jeffrey Morgan,robertshannah@example.org,538-645-0462x1764,Boston,Massachusetts,USA,2021-03-29
1845,Christina Berry,daniel67@example.com,7789869858,Buffalo,New York,USA,2022-03-09
1846,Bernard Walton,fosterlisa@example.com,726.541.8793x978,Boston,Massachusetts,USA,2025-11-13
1847,Anthony Rasmussen,bailey16@example.net,259-682-4378x047,Seattle,Washington,USA,2025-12-23
1848,Mark Harris,carlos87@example.com,(392)469-2032x7357,Las Vegas,Nevada,USA,2023-09-01
1849,Steven Branch,moorejohn@example.org,+1-557-489-5915,Austin,Texas,USA,2021-04-06
1850,Catherine Rowe,lsmith@example.net,001-305-578-3690x303,Boston,Massachusetts,USA,2021-06-02
1851,Jennifer Pena,briannamorris@example.net,+1-849-297-7070,Denver,Colorado,USA,2022-07-29
1852,Dominic Bennett,kristin37@example.org,9493174436,Boston,Massachusetts,USA,2024-01-18
1853,Mallory Abbott,sallen@example.com,(321)457-7405x45866,Las Vegas,Nevada,USA,2024-09-09
1854,Joshua Porter,hilltracy@example.com,814.519.8872,Los Angeles,California,USA,2022-01-03
1855,Melissa Jackson,derekreeves@example.net,001-382-515-9007,Boston,Massachusetts,USA,2025-10-08
1856,Brenda Horton,jennifer84@example.com,(577)315-4176x60456,Houston,Texas,USA,2021-02-02
1857,Jennifer Fuentes,mitchell67@example.net,765.476.6647x608,Buffalo,New York,USA,2024-04-17
1858,Michael Hebert,brendacollins@example.com,(917)450-4998,New York City,New York,USA,2025-03-21
1859,Kathryn Ferrell,vward@example.com,(420)961-8506,Atlanta,Georgia,USA,2024-12-30
1860,Crystal Fox,austin67@example.org,366-539-0321x4303,Atlanta,Georgia,USA,2023-03-27
1861,Dr. Cynthia Hoover DVM,dorseylauren@example.net,706-454-8855x875,Boston,Massachusetts,USA,2021-06-07
1862,Heather Hudson,cooperjoshua@example.com,+1-574-957-8351x798,Austin,Texas,USA,2021-11-29
1863,Ann Allen,tanya69@example.com,938.495.8641,Las Vegas,Nevada,USA,2022-05-08
1864,Michael Mckee,greenekaren@example.org,001-662-446-9476x293,Las Vegas,Nevada,USA,2025-09-06
1865,Scott Copeland,dburch@example.org,(479)290-1027x19095,Atlanta,Georgia,USA,2023-03-08
1866,Troy Gibson,hermandavid@example.com,+1-219-304-5624x4622,Denver,Colorado,USA,2024-01-13
1867,Jeffery Robinson,carolynduke@example.com,5823432625,Houston,Texas,USA,2023-02-26
1868,Alexis Brown,medwards@example.net,614-720-2484x3507,Phoenix,Arizona,USA,2025-02-23
1869,Troy Burke,shellyrobertson@example.net,+1-299-970-2440x4310,New York City,New York,USA,2025-06-07
1870,Mr. Christopher Byrd,sheilaanderson@example.com,737.965.5476x1727,Seattle,Washington,USA,2025-01-23
1871,Gail Collins,robertssharon@example.org,(966)215-3939x2942,San Francisco,California,USA,2023-10-23
1872,Tonya Reed,clarkjonathan@example.org,+1-639-906-2798x9582,Seattle,Washington,USA,2022-12-10
1873,Daniel Wilkerson,guerracarrie@example.net,5377191275,Los Angeles,California,USA,2021-07-20
1874,Michael Miller,laurie11@example.com,+1-622-506-5910x0443,Miami,Florida,USA,2022-04-21
1875,Dylan Clark,kaitlynelliott@example.com,001-414-922-0072,Atlanta,Georgia,USA,2021-06-05
1876,Jonathan Flores,oromero@example.net,285.271.0933x853,Houston,Texas,USA,2024-05-24
1877,Andrew Brown,ilewis@example.com,667.975.4658x61728,Phoenix,Arizona,USA,2024-06-11
1878,Daisy Hill,olittle@example.org,001-746-356-8415x463,Las Vegas,Nevada,USA,2023-03-24
1879,Jon Edwards,rothxavier@example.org,001-276-596-5959x656,Phoenix,Arizona,USA,2022-10-31
1880,Jo Edwards,ashleyfoster@example.com,942.710.9222x51455,Los Angeles,California,USA,2024-07-22
1881,Christina Davidson,toddgutierrez@example.com,942-264-3029,Austin,Texas,USA,2025-05-24
1882,Connie Tucker,brittanythomas@example.org,+1-335-624-3922x950,Orlando,Florida,USA,2023-10-02
1883,Stephanie Hawkins,murrayryan@example.net,+1-295-239-0878x3476,Buffalo,New York,USA,2022-12-30
1884,Jessica Moore,reginald66@example.net,283-760-9438x6825,Chicago,Illinois,USA,2023-02-08
1885,Christopher Cobb,emartin@example.org,(469)923-2572x7346,Miami,Florida,USA,2022-01-16
1886,Monica Nelson,jamespowers@example.org,346-266-1051x496,Denver,Colorado,USA,2024-04-14
1887,Dr. Jennifer Shaw,vtodd@example.net,001-787-392-4494x039,Denver,Colorado,USA,2023-02-18
1888,Jessica Zimmerman,omarsh@example.net,840-588-3318x3801,San Francisco,California,USA,2025-05-01
1889,Jason Jones,deannatyler@example.org,579.339.8012x2016,Las Vegas,Nevada,USA,2022-08-28
1890,Holly Johnson,johngarcia@example.org,413.336.3140,Phoenix,Arizona,USA,2022-05-20
1891,Angel Sanchez,cindymunoz@example.org,377-356-9000,Seattle,Washington,USA,2021-05-31
1892,Jamie Cooper,lorithompson@example.com,683-843-8715x1547,San Francisco,California,USA,2022-07-03
1893,Ashley Bray,hursthannah@example.com,2275282040,New York City,New York,USA,2023-02-18
1894,Morgan Stone,justinreeves@example.net,523-421-6005,Seattle,Washington,USA,2025-05-25
1895,Billy Hall,jacob76@example.org,(620)421-3116x795,Denver,Colorado,USA,2021-11-12
1896,Susan Lewis,bsnyder@example.org,001-216-478-1167x862,Seattle,Washington,USA,2023-03-09
1897,Gary Hunter,karen67@example.org,001-202-720-9941x753,Houston,Texas,USA,2023-01-09
1898,Angela Boyd,brownmatthew@example.com,550-984-8528x46770,San Francisco,California,USA,2021-07-07
1899,Jessica Bishop,grossangie@example.net,507.764.4058,Los Angeles,California,USA,2022-09-24
1900,Steven Miller,scottgibson@example.net,732.382.9018x320,Orlando,Florida,USA,2023-01-08
1901,Christopher Mckenzie,anthony36@example.net,2198905024,Phoenix,Arizona,USA,2022-07-07
1902,Austin Harrison,melissa71@example.net,870-864-8579,San Francisco,California,USA,2021-09-29
1903,Lydia Davis,maria79@example.org,748-813-8819x0114,San Francisco,California,USA,2022-01-19
1904,Mr. John Butler Jr.,david96@example.net,6177092176,Miami,Florida,USA,2023-07-09
1905,Steven Berg,cchang@example.org,(438)904-5347,Chicago,Illinois,USA,2024-02-11
1906,Chad Atkins,brianlowery@example.net,001-728-948-9873,Chicago,Illinois,USA,2023-04-16
1907,Jimmy Jackson,jasonhardy@example.net,602.840.9398x6639,San Francisco,California,USA,2021-02-23
1908,Dustin Taylor,jwright@example.org,965-523-9188x67622,San Francisco,California,USA,2022-12-26
1909,William Perez,melodyjacobson@example.com,+1-320-716-6334x0142,Chicago,Illinois,USA,2021-07-10
1910,Craig Khan,gregory63@example.com,(288)662-3357,Las Vegas,Nevada,USA,2024-05-09
1911,Jack Lloyd,singhnicole@example.com,644.621.1175,Phoenix,Arizona,USA,2022-10-27
1912,Keith Woods,garrett18@example.net,001-342-346-3815x129,Atlanta,Georgia,USA,2023-02-28
1913,Jennifer Goodwin,rachelguerrero@example.com,(799)587-2473,Los Angeles,California,USA,2022-08-21
1914,Lisa Rice,pbrooks@example.net,753-300-7514,Miami,Florida,USA,2023-03-06
1915,Connie Ramirez,samanthahurst@example.org,678-524-5310x81246,Phoenix,Arizona,USA,2021-06-23
1916,Kimberly Becker,tcase@example.org,001-801-546-0669x610,Seattle,Washington,USA,2024-02-20
1917,Susan Lawson,laurenflynn@example.net,290.365.0614x7159,Boston,Massachusetts,USA,2022-05-13
1918,Christopher Smith,christopherwilliams@example.com,001-202-872-8986x832,Las Vegas,Nevada,USA,2023-12-04
1919,Deborah Miles,donald07@example.net,(669)697-8420x0141,New York City,New York,USA,2024-11-04
1920,James May,meganjackson@example.net,+1-661-959-5285,Miami,Florida,USA,2021-12-14
1921,Mary Terry,paulahurst@example.net,001-598-829-3055x779,New York City,New York,USA,2022-07-05
1922,Alan Collins,williamsbrenda@example.net,281-450-4390x356,Austin,Texas,USA,2022-07-04
1923,Patricia Chen,acoleman@example.net,(635)447-6075x12101,Orlando,Florida,USA,2021-10-26
1924,Matthew James,robin80@example.org,559-740-8593x565,San Francisco,California,USA,2021-12-09
1925,Donald Sanchez,lgallagher@example.com,7764557374,Miami,Florida,USA,2022-07-20
1926,Christopher Hahn,robert90@example.org,+1-575-822-7929x4965,Miami,Florida,USA,2022-09-06
1927,Michael Richards DVM,thomaslori@example.net,654.407.0084x15912,Orlando,Florida,USA,2025-05-22
1928,Patrick Harrison,jeffrey85@example.org,001-639-476-3529x461,San Francisco,California,USA,2023-01-10
1929,Nicole Johnson,dixondonald@example.com,934.561.1897,Austin,Texas,USA,2022-05-21
1930,Joseph Curtis,wendy33@example.net,704.619.1716x03330,Seattle,Washington,USA,2024-07-04
1931,Joseph Turner,bdelgado@example.org,+1-520-893-1378x8021,Orlando,Florida,USA,2024-05-01
1932,Dr. Timothy Jimenez,dlogan@example.org,(357)764-5545x90348,Las Vegas,Nevada,USA,2022-02-05
1933,Melissa Harris,rodriguezbrent@example.com,+1-539-555-3308x923,Orlando,Florida,USA,2021-08-08
1934,Sherry Harris,collinsdiana@example.com,607-302-6406x26067,New York City,New York,USA,2022-09-16
1935,Zachary Francis,kevin87@example.com,(916)548-3427,Los Angeles,California,USA,2023-03-22
1936,Kevin Brown,mandy25@example.org,+1-402-635-8937x7125,Houston,Texas,USA,2025-09-20
1937,Pamela Morrison,vargaspamela@example.net,001-349-651-6599,Las Vegas,Nevada,USA,2023-02-18
1938,Robert Douglas,yesenia64@example.com,(639)400-4152,Phoenix,Arizona,USA,2025-11-01
1939,Sherry Mclaughlin,xsimpson@example.com,670-818-9779x501,Houston,Texas,USA,2023-06-21
1940,Andrew Mahoney,rodneythomas@example.net,802-280-0417x70734,Houston,Texas,USA,2023-06-01
1941,Ashley Davis,alexander79@example.net,(716)645-7527,Atlanta,Georgia,USA,2025-08-14
1942,Michelle Dawson,mistywolf@example.com,985.315.0668x8155,Atlanta,Georgia,USA,2024-08-26
1943,Holly Perry,amiller@example.com,+1-694-809-3636,Las Vegas,Nevada,USA,2021-10-06
1944,Gloria Andrade,david61@example.org,739.356.3224,Austin,Texas,USA,2022-10-19
1945,Jacqueline Lawson,watkinschristopher@example.org,+1-869-574-8697x8487,Las Vegas,Nevada,USA,2024-11-24
1946,Jeffery Walker,fernando04@example.net,669.422.5916,Buffalo,New York,USA,2023-09-09
1947,Todd Anderson,richard01@example.com,(731)591-9863x7085,Houston,Texas,USA,2021-12-30
1948,April French,jamesgutierrez@example.com,(373)257-7569x42984,Miami,Florida,USA,2022-10-16
1949,Sheryl Massey,robinsonjulie@example.com,803.524.8274,Austin,Texas,USA,2025-02-14
1950,Erika Vega,kristincombs@example.org,788-820-3806,Seattle,Washington,USA,2024-07-20
1951,Mary Hart,samanthafaulkner@example.org,001-811-828-1779x036,Orlando,Florida,USA,2024-03-25
1952,James Cortez,timothy81@example.net,526.559.8450,Phoenix,Arizona,USA,2022-05-12
1953,Katherine Williams,elizabethburke@example.org,675.735.3132,Houston,Texas,USA,2023-02-10
1954,Michael Benton,robert19@example.net,703-405-6878x07126,Austin,Texas,USA,2025-07-31
1955,Scott Carter,masonernest@example.net,+1-983-988-2015x149,Phoenix,Arizona,USA,2023-03-16
1956,Derrick Davis MD,russellmichael@example.com,(428)622-6195x490,Houston,Texas,USA,2021-08-22
1957,Deborah Osborne,emilygarner@example.com,001-257-276-6138x865,Boston,Massachusetts,USA,2024-02-29
1958,Lauren Davis,brooke67@example.net,323.695.9360,Buffalo,New York,USA,2024-04-27
1959,Mark Johnson,xrodriguez@example.com,+1-536-308-7807x2020,Chicago,Illinois,USA,2022-01-04
1960,Brooke Chang,efoster@example.com,572.803.7344,Denver,Colorado,USA,2025-04-22
1961,John Stevens,rileyheather@example.com,(957)543-9677x0546,Chicago,Illinois,USA,2021-02-25
1962,Angela King,garzajulia@example.com,368-287-3058x868,Seattle,Washington,USA,2023-08-04
1963,Erin Pollard,tammyowen@example.com,(325)647-8009x58040,Seattle,Washington,USA,2022-03-06
1964,Ronnie Franklin,amack@example.org,7196007388,Orlando,Florida,USA,2025-06-22
1965,Thomas Fletcher,jessica43@example.com,001-893-990-8941x319,Austin,Texas,USA,2025-08-30
1966,Daniel Rodriguez,belldavid@example.net,+1-542-751-1190,Seattle,Washington,USA,2021-05-22
1967,Shannon Smith,gabriel94@example.org,(459)579-9903,Atlanta,Georgia,USA,2025-10-03
1968,Michelle Shelton,bprice@example.org,+1-962-589-5134x0399,Phoenix,Arizona,USA,2025-06-17
1969,Donna Caldwell,andrewgarcia@example.org,(232)993-9702x66382,Miami,Florida,USA,2024-10-10
1970,Timothy Hansen,david31@example.org,486.205.7767x7192,Orlando,Florida,USA,2021-10-13
1971,Amy Moore,cflores@example.com,2588923036,Denver,Colorado,USA,2022-09-13
1972,Joseph Rodriguez,josephharper@example.net,(865)957-1364,Buffalo,New York,USA,2022-06-02
1973,Melissa Davis,leslie75@example.org,(274)348-8252x699,Denver,Colorado,USA,2021-11-12
1974,Holly Garcia,fuentesleonard@example.com,733.285.1576x4670,Seattle,Washington,USA,2023-05-17
1975,Nicole Mathis,walleramy@example.net,001-831-293-4650x275,Phoenix,Arizona,USA,2023-02-12
1976,Mario Francis,nicholas33@example.net,001-923-249-5245,San Francisco,California,USA,2023-07-09
1977,Evan Gilmore,jennifer82@example.com,388.803.2427,Las Vegas,Nevada,USA,2023-09-09
1978,Joseph Powers,jenniferwatts@example.net,(697)947-6237x0385,Las Vegas,Nevada,USA,2023-04-01
1979,Jill Berg,robertdavis@example.org,492-229-4123,Chicago,Illinois,USA,2023-11-04
1980,Pamela Wyatt,michaeljennings@example.com,001-518-354-5541x892,Boston,Massachusetts,USA,2025-11-17
1981,Aaron Zamora,richard03@example.org,726.973.5490x47986,Seattle,Washington,USA,2023-05-07
1982,Ronald Gordon,fpena@example.org,(750)886-2868,Chicago,Illinois,USA,2021-03-17
1983,Mario Evans,rwilliams@example.net,+1-423-609-2587,Phoenix,Arizona,USA,2023-01-07
1984,Timothy Beck,zclark@example.org,808.446.0172,Seattle,Washington,USA,2025-07-22
1985,Alexis Duffy,dcollins@example.net,274-391-1634x3031,Chicago,Illinois,USA,2024-05-01
1986,David Bennett,tracimaddox@example.net,455-441-4085x796,Denver,Colorado,USA,2021-06-24
1987,Heather Gallagher,schultzwilliam@example.net,(310)966-0026x04690,San Francisco,California,USA,2025-04-24
1988,Matthew Gonzalez,stoutjennifer@example.org,441-306-6788x4573,Buffalo,New York,USA,2024-09-08
1989,Anthony Thompson,michaelnewton@example.org,211.707.2985x023,Denver,Colorado,USA,2022-12-29
1990,Nicole Pittman,qwallace@example.net,433-431-7147x95541,New York City,New York,USA,2024-08-18
1991,Peter Thompson,hooverhector@example.net,+1-315-920-8952,Las Vegas,Nevada,USA,2021-04-01
1992,Kimberly Wilson,robertjordan@example.com,5506732491,Las Vegas,Nevada,USA,2024-08-14
1993,David Brandt,michaelharmon@example.org,949.862.3838x4403,Denver,Colorado,USA,2024-08-17
1994,Daniel Silva,eric85@example.net,203.730.8641x48632,Miami,Florida,USA,2025-03-22
1995,Faith Brown,sharon87@example.net,959-905-1823,Houston,Texas,USA,2025-06-19
1996,Anthony Williams,keith79@example.net,291.517.1740,Miami,Florida,USA,2021-08-05
1997,Heather Rice,rose86@example.com,+1-873-874-4966x6072,Los Angeles,California,USA,2021-07-21
1998,Patricia York,jbaker@example.org,+1-418-703-6893,Austin,Texas,USA,2022-03-31
1999,Brandi Ferguson,adam39@example.org,001-851-660-2695x775,Chicago,Illinois,USA,2025-03-10
2000,Taylor Robinson,simmonsrichard@example.net,575-924-8135,Chicago,Illinois,USA,2024-02-17
2001,Derek Bishop,katelynrobinson@example.org,+1-453-995-2608x853,Las Vegas,Nevada,USA,2024-11-09
2002,Donna Grimes,millerchristine@example.net,247.854.7377x0499,Las Vegas,Nevada,USA,2022-03-29
2003,Barry Collins,vdavila@example.net,873.396.1034x0573,Orlando,Florida,USA,2023-02-06
2004,Kelly Reese,lisa75@example.com,+1-843-307-2188x771,Miami,Florida,USA,2023-08-07
2005,Jonathan White,wwright@example.org,304-485-7867,Phoenix,Arizona,USA,2024-10-23
2006,Robert Benson,trandouglas@example.net,627-389-8852,Las Vegas,Nevada,USA,2024-11-15
2007,Jennifer Little,cory58@example.com,(737)730-4376x318,Chicago,Illinois,USA,2021-11-05
2008,Tricia Johnson,grahamcindy@example.com,881-244-0004x075,Houston,Texas,USA,2021-02-20
2009,Raymond Cooley,barberlarry@example.org,697.429.6822x885,Orlando,Florida,USA,2021-08-03
2010,Daniel Adams,vjohnston@example.net,(651)997-3665,Austin,Texas,USA,2023-05-02
2011,Holly Valenzuela,shuff@example.net,001-937-910-5392x590,Boston,Massachusetts,USA,2021-06-25
2012,Fred Espinoza,tatedaniel@example.com,604.302.5600,San Francisco,California,USA,2025-08-30
2013,Brett Fleming,jmarshall@example.com,001-807-612-7971x763,Seattle,Washington,USA,2021-10-18
2014,Michael Moore,wattsjason@example.net,+1-517-367-6227x0254,Houston,Texas,USA,2022-10-01
2015,William Hall,floreskyle@example.com,572-856-0467x820,Houston,Texas,USA,2023-07-22
2016,Jeanette Odonnell,jennifer50@example.net,(361)434-0973,Phoenix,Arizona,USA,2022-02-28
2017,Randy Brown,breyes@example.com,540-453-2421x69435,Chicago,Illinois,USA,2023-09-17
2018,Kathryn Hamilton,owenselizabeth@example.com,+1-313-580-5732,Houston,Texas,USA,2023-09-03
2019,Robert Mathews,vphillips@example.com,(761)951-0705,San Francisco,California,USA,2023-06-17
2020,Victor Moore,barry68@example.com,741-823-5998x962,Seattle,Washington,USA,2024-11-27
2021,Shelly Wright,yjohnson@example.net,(755)315-1797,Orlando,Florida,USA,2022-10-16
2022,Christina Rich,brianna31@example.org,334.545.8019x762,San Francisco,California,USA,2022-09-07
2023,Jennifer Davis,felicia15@example.org,001-265-332-2247x081,Los Angeles,California,USA,2025-07-18
2024,Michael Jackson,jjones@example.net,308-994-3748x126,Seattle,Washington,USA,2021-08-24
2025,Lindsay Smith,boydandrew@example.net,+1-699-205-8081,Los Angeles,California,USA,2025-10-06
2026,Douglas Franco,virginia81@example.net,001-505-363-5869x902,Houston,Texas,USA,2024-08-20
2027,Michael Carroll,ijohnson@example.net,324-467-6428,San Francisco,California,USA,2024-10-18
2028,Misty Reed,randymoore@example.com,498-284-9591x260,Phoenix,Arizona,USA,2021-12-03
2029,Bob Bridges,rwood@example.com,716.265.7813x0499,Boston,Massachusetts,USA,2025-02-25
2030,Timothy Hudson,groberts@example.com,250-986-2953x223,Buffalo,New York,USA,2023-11-23
2031,Wendy Barry DVM,gcruz@example.org,(713)595-5745x86180,New York City,New York,USA,2024-02-05
2032,Emily Brandt,miguelschultz@example.com,(478)285-9881,New York City,New York,USA,2022-11-09
2033,James James,gregorybeck@example.net,(527)662-2368x31275,Chicago,Illinois,USA,2023-05-24
2034,Daniel Stevenson,tammy78@example.net,001-602-728-0177x106,Orlando,Florida,USA,2022-04-20
2035,Alicia Curry,joseph35@example.net,441.543.9103,Phoenix,Arizona,USA,2023-04-10
2036,Becky Rice,kburch@example.net,3663747720,Denver,Colorado,USA,2022-01-13
2037,Amy Smith,williamwright@example.com,+1-726-501-8777,New York City,New York,USA,2024-08-04
2038,Timothy Randolph,deanlewis@example.org,+1-622-742-5777x277,Denver,Colorado,USA,2023-06-05
2039,Gerald Martin,barrettadriana@example.com,(811)548-4603,Miami,Florida,USA,2021-03-01
2040,Lauren Foster,gweaver@example.com,(604)975-9835,Seattle,Washington,USA,2024-06-11
2041,Amy Reyes,feliciathompson@example.com,920.625.4616,Boston,Massachusetts,USA,2022-02-09
2042,William Newman,meyerkathleen@example.net,(736)913-9594x59211,Orlando,Florida,USA,2024-04-27
2043,Troy Cook,millerjuan@example.org,979.962.6389x6549,Miami,Florida,USA,2023-03-08
2044,Michelle Spencer,lisabauer@example.org,8818001428,Los Angeles,California,USA,2024-12-14
2045,Jennifer Flores,tracy95@example.org,790-996-7108x004,Buffalo,New York,USA,2022-02-26
2046,Denise Hopkins,phodge@example.com,001-996-365-2948x305,Austin,Texas,USA,2025-03-21
2047,Brittney Rivera,denisehancock@example.com,935.936.7577,Seattle,Washington,USA,2025-07-15
2048,Steven Buchanan,paulwhitaker@example.com,+1-975-303-1049,Phoenix,Arizona,USA,2021-05-09
2049,John Woods,michellejohnson@example.com,999-607-4666,Las Vegas,Nevada,USA,2021-07-28
2050,Riley Hurst,stevenskaren@example.org,735-466-8303x2536,Phoenix,Arizona,USA,2025-11-21
2051,Erika Griffin,uburns@example.net,6789107283,Chicago,Illinois,USA,2022-01-18
2052,Debra Barber,whitenicholas@example.com,+1-693-663-1962x756,Houston,Texas,USA,2022-10-30
2053,Sean Johnson,bryce95@example.com,(630)206-3621x0516,Buffalo,New York,USA,2023-07-27
2054,Joel Figueroa,pittsmary@example.net,713-453-7396,San Francisco,California,USA,2022-06-22
2055,Mr. Christopher Pham,beverly86@example.com,470.855.4899x071,Denver,Colorado,USA,2025-11-02
2056,Lindsay Davis,jane27@example.org,5299331326,Orlando,Florida,USA,2023-12-17
2057,Jennifer Moore,ryangardner@example.net,315-777-1291x8425,Denver,Colorado,USA,2022-10-04
2058,Nicole Kennedy,matthew92@example.org,855.528.5870,Las Vegas,Nevada,USA,2023-03-07
2059,Michael Saunders,charlenewalker@example.org,(828)678-9715x359,Las Vegas,Nevada,USA,2023-03-15
2060,Mr. Joseph Collins,radams@example.net,(250)272-8310x185,Las Vegas,Nevada,USA,2021-08-22
2061,Karen Powell,lori50@example.net,+1-958-610-5801x0886,Houston,Texas,USA,2022-12-22
2062,Jeffrey Chapman,xschmidt@example.net,+1-566-536-4653,Atlanta,Georgia,USA,2023-07-27
2063,Jeremy Hill,mdickson@example.com,001-722-262-8191,Las Vegas,Nevada,USA,2021-12-20
2064,John Clark,usanchez@example.org,921-894-0504x72609,Atlanta,Georgia,USA,2024-10-11
2065,Billy Kelly,ahayes@example.com,9986591981,Seattle,Washington,USA,2025-06-28
2066,Dr. James Diaz,hbrewer@example.com,674.689.5571x31984,Austin,Texas,USA,2024-06-12
2067,Miranda Cantu,ellisonjohn@example.net,525-674-7774x37212,Las Vegas,Nevada,USA,2021-06-23
2068,Jill Reyes,floydsamantha@example.org,+1-598-475-5798,Denver,Colorado,USA,2021-10-02
2069,Robin Williams,hullmario@example.org,345-517-3658x54059,Houston,Texas,USA,2021-08-30
2070,Timothy Roberts,michelestevenson@example.com,523-593-3065,Buffalo,New York,USA,2022-09-18
2071,Rick Mcdowell,cheyenne75@example.net,+1-980-796-2821x9608,San Francisco,California,USA,2022-01-10
2072,Kathy Heath,kimberlybuchanan@example.org,863.809.7739x836,Houston,Texas,USA,2024-11-21
2073,Jonathan Hudson,ugordon@example.com,8044450729,New York City,New York,USA,2023-11-13
2074,Stephanie Daniel,parksandre@example.com,+1-832-526-5278x254,Miami,Florida,USA,2023-05-07
2075,Marc Lambert,ronald11@example.com,953.298.7245x819,Las Vegas,Nevada,USA,2021-10-10
2076,Miss Elizabeth Simpson,kathy80@example.com,765.297.2683,Las Vegas,Nevada,USA,2023-02-25
2077,Natalie Beltran,ewest@example.org,+1-415-968-3870,Miami,Florida,USA,2022-01-16
2078,Kelly Cook,jcarroll@example.org,949-524-1371,Orlando,Florida,USA,2024-07-25
2079,Stephen Barker,pooleallison@example.net,306.884.8368,Chicago,Illinois,USA,2024-11-21
2080,Cristian Foster,elizabeth06@example.com,955.495.7354x1057,Boston,Massachusetts,USA,2024-08-14
2081,Adam Williams,haley89@example.net,681.708.5587x23578,Boston,Massachusetts,USA,2021-12-21
2082,Lori Williams,hernandezshelly@example.org,315-807-4931x6608,Chicago,Illinois,USA,2021-12-08
2083,Samantha Miller,crystal61@example.org,+1-240-447-5000x4584,Orlando,Florida,USA,2022-08-15
2084,John Sullivan,mcintoshpatrick@example.net,893-656-5803x6383,New York City,New York,USA,2022-01-19
2085,Dr. Eric Nguyen,washingtonalexandria@example.org,851.542.4496,Houston,Texas,USA,2025-09-21
2086,Amanda Williams,greenjason@example.net,+1-304-688-6725,Orlando,Florida,USA,2024-06-22
2087,Kenneth Rodriguez,lwilliams@example.net,331.570.9816x688,Los Angeles,California,USA,2025-11-08
2088,Crystal Sims,noah12@example.net,850-416-4546,Houston,Texas,USA,2021-01-20
2089,David Moore,jeffery12@example.com,(698)776-2295x7947,Orlando,Florida,USA,2021-10-07
2090,Anthony Elliott,owilson@example.net,815.371.6042,Buffalo,New York,USA,2025-07-28
2091,Terry King,mosleymason@example.com,615-726-4458x296,Miami,Florida,USA,2024-02-25
2092,Matthew Combs,conleysarah@example.com,+1-504-598-7620,Chicago,Illinois,USA,2024-08-30
2093,Kristopher Galvan,larrythompson@example.com,+1-560-774-1464x4026,Orlando,Florida,USA,2023-04-18
2094,Christopher Gomez,fcortez@example.org,+1-641-455-1095,Denver,Colorado,USA,2023-10-05
2095,Lori Mejia,xmorgan@example.com,+1-480-984-8207,Miami,Florida,USA,2024-12-25
2096,James Harris,schwartzjack@example.net,978.513.2672,Atlanta,Georgia,USA,2023-06-29
2097,Shawn Martinez,bmoon@example.com,669-458-8194x6877,Orlando,Florida,USA,2021-12-09
2098,Donna Lawson,kristinharris@example.com,(872)966-8490x536,San Francisco,California,USA,2024-03-03
2099,Christine Lopez,charlesmartinez@example.net,001-531-577-9053x403,Los Angeles,California,USA,2025-06-18
2100,Matthew Pope,huntdaniel@example.com,780-523-6280x193,Phoenix,Arizona,USA,2022-03-28
2101,Hayden Hampton,annastephens@example.org,(873)441-5910x660,Austin,Texas,USA,2021-03-08
2102,James Brown,jjohnson@example.com,+1-822-347-8922x5182,Austin,Texas,USA,2022-04-06
2103,Paula Rogers,dmartinez@example.net,301-257-9970x6298,Chicago,Illinois,USA,2022-08-15
2104,Lisa Day,michellehenderson@example.com,(950)583-6816x82140,New York City,New York,USA,2025-05-18
2105,Craig Fox,rmiller@example.org,001-703-890-9200,Orlando,Florida,USA,2024-03-04
2106,Robert Olson,traciwalls@example.com,985-579-8889x2132,Seattle,Washington,USA,2025-05-02
2107,Stacy Crosby,caitlinmckenzie@example.org,(597)625-4014,Phoenix,Arizona,USA,2023-10-12
2108,Stephen Carter DDS,xcobb@example.net,878-500-7924x636,Chicago,Illinois,USA,2023-11-13
2109,Gregory Spence,deborah45@example.net,287.550.0770,San Francisco,California,USA,2024-03-18
2110,Richard Davis,leonkatie@example.net,001-680-243-3315x696,San Francisco,California,USA,2022-07-03
2111,Bradley Sullivan,tannererica@example.org,820-862-2609x31642,Phoenix,Arizona,USA,2024-01-18
2112,Cristina Wilson,carterrebecca@example.org,610.717.1719,Atlanta,Georgia,USA,2023-01-22
2113,Oscar Williams,munozdana@example.com,5817900567,Chicago,Illinois,USA,2025-08-12
2114,Jason Perez,christopher63@example.com,(941)330-2286,Phoenix,Arizona,USA,2021-03-27
2115,Jason Newton,jacksonbianca@example.org,(977)774-1490x571,Phoenix,Arizona,USA,2025-01-12
2116,Carl Crawford,rbenson@example.com,(361)858-7898,Orlando,Florida,USA,2024-01-24
2117,Kristen Wright,uarellano@example.org,614-724-1248,Buffalo,New York,USA,2023-05-21
2118,Tracy Gonzales,hermansavannah@example.com,774-619-0669,San Francisco,California,USA,2025-02-16
2119,Emily Brown,thomas03@example.com,3115761706,Atlanta,Georgia,USA,2024-08-31
2120,Amanda Garcia,shannonpatel@example.org,+1-281-272-0357x9656,Phoenix,Arizona,USA,2022-05-22
2121,Arthur Hampton,kelly26@example.net,5786241164,Austin,Texas,USA,2025-11-27
2122,Carrie Horne,huffjon@example.com,346-362-4822x30642,Los Angeles,California,USA,2023-07-11
2123,Jorge Ross,aprilavery@example.net,(915)692-3466x521,Austin,Texas,USA,2022-12-15
2124,Frederick Juarez,coreyhamilton@example.com,001-550-960-5411,Atlanta,Georgia,USA,2025-07-31
2125,Dr. Ashley Walker,danielle31@example.net,7789907869,San Francisco,California,USA,2023-06-19
2126,Amy Grant,traceyhill@example.net,+1-554-847-4733x4359,Atlanta,Georgia,USA,2021-08-29
2127,Karen Davis,xshaw@example.org,(331)375-0409x370,Phoenix,Arizona,USA,2025-07-21
2128,Lisa Hawkins,badams@example.net,+1-452-390-5509x579,Buffalo,New York,USA,2022-03-06
2129,Jillian Hernandez,zwagner@example.org,001-899-424-1611x954,Phoenix,Arizona,USA,2025-02-19
2130,Kayla Mcclain,dixonamanda@example.net,001-406-483-1121x795,Las Vegas,Nevada,USA,2024-11-12
2131,Shirley Clark,lopezpeter@example.com,(450)938-5616,Houston,Texas,USA,2025-10-30
2132,Tina Green,joshuathompson@example.net,001-673-423-5737x421,Seattle,Washington,USA,2024-06-03
2133,David Johnson,peggygreen@example.com,+1-787-519-9425x0592,Denver,Colorado,USA,2023-05-27
2134,Stephanie Roman,boyerautumn@example.com,001-987-779-9364x273,New York City,New York,USA,2024-06-15
2135,Daniel Griffith,hendersonerin@example.org,(592)513-5111,New York City,New York,USA,2025-05-27
2136,Allen Murphy,sonia02@example.com,(294)984-1232x2232,Buffalo,New York,USA,2025-07-25
2137,Kelly Morris,xbrown@example.net,001-743-991-3708,Buffalo,New York,USA,2025-07-08
2138,Christine Williamson,perezvanessa@example.com,001-782-326-0809x937,Los Angeles,California,USA,2024-03-13
2139,Angela Cole,joseph98@example.net,001-938-203-7473x811,Houston,Texas,USA,2023-12-27
2140,Laura Foster,megan54@example.org,670.305.3558x823,Austin,Texas,USA,2024-05-07
2141,Peggy Johnson,annettereese@example.net,502-984-7798x25875,Chicago,Illinois,USA,2021-12-11
2142,Jacob Carrillo,morrismelissa@example.org,807.506.6670,Houston,Texas,USA,2024-12-12
2143,Crystal Garcia,higginsheidi@example.org,001-355-530-9373,Austin,Texas,USA,2022-08-16
2144,Anthony Freeman,kaufmanalan@example.org,493.206.1892x0045,Las Vegas,Nevada,USA,2022-07-02
2145,Robert Myers,shane42@example.com,(284)773-2550x65299,Atlanta,Georgia,USA,2023-11-20
2146,Colleen Roman,hweber@example.org,2725095789,Boston,Massachusetts,USA,2024-10-23
2147,William Flores,carrollkaren@example.com,+1-944-656-5781,Atlanta,Georgia,USA,2021-07-15
2148,Cody Booker,brian51@example.com,001-756-574-0920x167,New York City,New York,USA,2025-03-17
2149,William Jones,michelle14@example.org,(680)667-0914x465,Phoenix,Arizona,USA,2023-04-23
2150,Anthony Williams,benjamin46@example.com,(749)876-8348x752,Boston,Massachusetts,USA,2021-05-02
2151,Wyatt Arnold,michelefoster@example.org,376-401-3807x95118,Austin,Texas,USA,2025-11-11
2152,Ashley Olsen,gregory50@example.net,+1-915-695-9043x1507,Denver,Colorado,USA,2021-09-17
2153,Jeffrey Hill,ugates@example.net,(431)703-2319x7670,Seattle,Washington,USA,2025-11-09
2154,James Gutierrez,samantha46@example.net,(345)589-2441x83281,New York City,New York,USA,2022-05-27
2155,Mackenzie Nelson,katrina92@example.net,659.814.4894x009,New York City,New York,USA,2024-12-27
2156,Philip Stephens,yyoung@example.net,(948)887-8073,Houston,Texas,USA,2025-08-24
2157,Megan Woods,melissa73@example.com,405.934.2519x18716,Buffalo,New York,USA,2025-04-09
2158,Jeffrey Ellis,zbenson@example.org,001-791-591-9352x642,Atlanta,Georgia,USA,2024-10-16
2159,Jeffrey Riley,schmidtmichael@example.com,991-905-6396x70447,Miami,Florida,USA,2023-09-30
2160,Wendy Nelson,linda70@example.org,(701)955-4494x099,New York City,New York,USA,2024-03-28
2161,Brandi Price,tracydodson@example.com,001-484-255-5766x335,Denver,Colorado,USA,2022-07-05
2162,Victoria Johnson,stephanie07@example.org,672.482.7695x8870,Denver,Colorado,USA,2023-04-29
2163,Maria Simmons,ajohnson@example.com,+1-580-727-6448x294,Miami,Florida,USA,2023-07-15
2164,Tyler Morrison,bpham@example.com,377.878.4247,San Francisco,California,USA,2024-07-21
2165,Kristy Brown MD,shirleypatterson@example.com,8723592501,Phoenix,Arizona,USA,2025-12-08
2166,Louis Moreno,jweber@example.org,2704081334,Phoenix,Arizona,USA,2021-07-10
2167,Randy Evans,mariereynolds@example.net,(749)341-8016,Miami,Florida,USA,2023-11-22
2168,Michael Armstrong,robert40@example.org,818-728-7914,Seattle,Washington,USA,2022-07-24
2169,Anne Miller,anthonylopez@example.org,001-405-596-6694,Seattle,Washington,USA,2025-12-02
2170,Tammy Wilcox,jenniferhoward@example.net,001-742-288-4637x734,Houston,Texas,USA,2023-07-21
2171,Alexandra Zavala,morganwells@example.org,+1-817-993-1625x0553,Orlando,Florida,USA,2022-11-02
2172,Brianna Atkins,emma83@example.net,326.487.7938x894,Las Vegas,Nevada,USA,2021-01-06
2173,Tracy Ramos,fcastillo@example.net,(791)404-0762x9696,Atlanta,Georgia,USA,2025-05-05
2174,Diane Manning,qrobinson@example.net,3203404107,Atlanta,Georgia,USA,2025-02-09
2175,Reginald Ramirez,stephenmcneil@example.org,(557)781-4963x55019,San Francisco,California,USA,2025-02-05
2176,Arthur Miller,ballwilliam@example.com,(373)913-7001x7493,Orlando,Florida,USA,2024-07-24
2177,Trevor Pham,adamacevedo@example.net,001-673-473-3970x101,Denver,Colorado,USA,2024-11-29
2178,Billy Lindsey,samanthamoore@example.net,+1-240-406-1386x5496,Houston,Texas,USA,2025-10-08
2179,Emily Miller,john80@example.com,311.780.0450x1531,San Francisco,California,USA,2025-06-18
2180,Susan Hayden,jbrown@example.com,(793)847-7966x0548,Chicago,Illinois,USA,2023-03-26
2181,John Smith,gary46@example.com,001-906-994-8617x541,Buffalo,New York,USA,2023-05-30
2182,Brian Hoffman,reyesmiguel@example.net,4198755708,Atlanta,Georgia,USA,2022-03-10
2183,Joshua Jefferson MD,bakerjessica@example.org,242-394-2670x8805,Orlando,Florida,USA,2022-07-04
2184,Caleb Gonzales,lkrause@example.com,449.270.4241x69814,Houston,Texas,USA,2025-08-24
2185,James Ryan,cvaldez@example.com,+1-514-936-5972,Austin,Texas,USA,2022-11-23
2186,Omar Vega,john71@example.com,2072601751,Chicago,Illinois,USA,2024-03-29
2187,Susan Spencer,williamdickson@example.com,361.486.7706x672,New York City,New York,USA,2024-03-05
2188,Cassandra Wolf,brenda14@example.org,9925152725,Atlanta,Georgia,USA,2023-09-21
2189,Troy Marshall,kristen08@example.net,001-912-805-9944,Phoenix,Arizona,USA,2022-12-05
2190,Sarah Zhang,davisemily@example.org,962-208-3610x88025,Boston,Massachusetts,USA,2024-10-29
2191,Sarah Golden,jennifermoss@example.com,001-337-803-5595x915,Phoenix,Arizona,USA,2021-04-10
2192,James Jones,khernandez@example.com,(586)436-0253x687,Los Angeles,California,USA,2021-07-23
2193,Lisa Thompson,michael80@example.com,+1-540-697-8738x718,Denver,Colorado,USA,2025-05-25
2194,Nicole Hendrix,kimmarcus@example.com,943.293.0046x03560,Atlanta,Georgia,USA,2023-07-31
2195,Keith Sweeney,thomashanson@example.org,947-290-5830x4702,Los Angeles,California,USA,2021-09-12
2196,Jesus Baker,cuevasadam@example.org,601-498-5754x73880,Boston,Massachusetts,USA,2025-10-23
2197,Mr. Christopher Martin,kristen72@example.com,732-405-2851x55013,New York City,New York,USA,2023-06-23
2198,Bobby Owen,xchambers@example.com,2517391841,Orlando,Florida,USA,2021-01-02
2199,Samantha Garcia,faulknersharon@example.org,940.845.1569x9332,Miami,Florida,USA,2022-02-19
2200,Brianna Schroeder,shane87@example.net,809.225.2390,Seattle,Washington,USA,2021-09-28
2201,Craig Shepherd,tmiller@example.org,373.594.9125,Boston,Massachusetts,USA,2024-08-24
2202,Jean Mitchell,ryanclark@example.com,(231)745-9456x815,Austin,Texas,USA,2021-11-22
2203,Sydney James MD,fergusonchristina@example.net,563.330.2304x2333,Atlanta,Georgia,USA,2025-12-01
2204,Jasmine Mack,anthony27@example.org,200-943-8666x847,Austin,Texas,USA,2021-07-11
2205,Jasmine Rojas,uedwards@example.net,+1-266-436-8053x738,Denver,Colorado,USA,2023-01-09
2206,Stephen Williams,mjohnson@example.net,+1-824-477-0751,Austin,Texas,USA,2021-06-18
2207,Justin Keller,zfranco@example.com,328.416.8960x06688,Houston,Texas,USA,2024-09-22
2208,Mr. Nicholas Martin,amyadams@example.com,906.281.7922x41997,Boston,Massachusetts,USA,2024-08-21
2209,Andrew Brown,josephhardy@example.net,+1-654-548-7890,New York City,New York,USA,2021-04-17
2210,Jason Flynn,dhardin@example.net,+1-626-202-1318x0666,Miami,Florida,USA,2024-07-05
2211,Mark Henson,schmidtjenny@example.org,001-937-282-5371x268,Austin,Texas,USA,2025-01-26
2212,Steven Cook,tommy13@example.net,001-673-614-2175x624,Seattle,Washington,USA,2025-03-27
2213,Russell Crawford,shannonbowen@example.org,(697)866-2084x078,Buffalo,New York,USA,2023-05-30
2214,Adam Wilson,acole@example.com,(419)797-8565,Denver,Colorado,USA,2021-07-06
2215,Mary Turner,matthew66@example.com,(892)999-0722,Seattle,Washington,USA,2021-07-14
2216,Amanda Wade,edwardskiara@example.org,582.573.8688,Los Angeles,California,USA,2022-03-14
2217,Regina Flowers,wtaylor@example.net,868-762-9661x035,Orlando,Florida,USA,2021-06-09
2218,Martin Williams DVM,tracyhowe@example.net,492-862-7350x6001,New York City,New York,USA,2024-04-30
2219,Dustin Myers,richardsryan@example.com,+1-709-610-0916x659,Buffalo,New York,USA,2023-11-30
2220,Eric Cortez,brownthomas@example.net,962-574-2052x258,Denver,Colorado,USA,2023-07-01
2221,Raymond Gonzalez,jenkinsrandy@example.com,001-910-370-8611,Los Angeles,California,USA,2021-01-17
2222,Thomas Smith,michaelsampson@example.com,422-876-4349x465,Seattle,Washington,USA,2022-12-05
2223,Suzanne Brown,teresa47@example.com,+1-941-716-0285x9538,Atlanta,Georgia,USA,2021-09-04
2224,Mark Hoffman,anne20@example.com,001-215-552-8230x164,Atlanta,Georgia,USA,2023-05-15
2225,Whitney Morrison,rellis@example.com,+1-243-632-9457x8674,Seattle,Washington,USA,2021-09-28
2226,Stephanie Hahn MD,nball@example.com,(383)241-9067,Orlando,Florida,USA,2021-05-26
2227,Kenneth Hansen,tracey98@example.org,001-493-816-4212,Buffalo,New York,USA,2023-02-24
2228,Gregory Munoz,poncemichelle@example.org,689-510-5579x9915,San Francisco,California,USA,2025-02-05
2229,William Mcclain,susan23@example.com,544.307.0806,Phoenix,Arizona,USA,2021-07-29
2230,Cynthia Murphy,john78@example.net,+1-345-490-7312x8211,San Francisco,California,USA,2022-10-04
2231,Mark Davis,floresjose@example.com,+1-789-237-7070,Houston,Texas,USA,2025-12-10
2232,Marc Arroyo,littlesarah@example.com,+1-932-276-2432x6572,Austin,Texas,USA,2021-10-08
2233,John Olson,scottmiddleton@example.com,652.739.9963x6918,Miami,Florida,USA,2025-05-04
2234,Brian Shelton,tinarocha@example.com,001-392-782-6290x165,Atlanta,Georgia,USA,2025-03-23
2235,Laura Martin,sean87@example.org,(953)733-1793x134,Atlanta,Georgia,USA,2021-09-30
2236,Sheryl Jensen,dcurry@example.com,(702)910-0027x864,Denver,Colorado,USA,2024-10-18
2237,Aaron Martinez,sheriperez@example.net,8635190537,New York City,New York,USA,2021-05-21
2238,Justin Schultz,jennaschaefer@example.com,462-626-8975x3115,Chicago,Illinois,USA,2024-02-28
2239,Christine Vasquez,wallacesean@example.org,001-814-444-9419x964,Los Angeles,California,USA,2024-06-03
2240,Maureen Tran,churchstacie@example.net,(777)215-7368,Denver,Colorado,USA,2021-12-03
2241,Amy Craig,michaellucas@example.org,7313867207,Orlando,Florida,USA,2022-12-21
2242,Ronald Brooks,ebean@example.net,(467)860-1504x34010,Seattle,Washington,USA,2022-03-13
2243,Gloria Gray,steven66@example.com,001-773-229-7741x050,Denver,Colorado,USA,2025-03-13
2244,Rebecca Hernandez,brianlogan@example.com,001-721-547-0616x537,New York City,New York,USA,2023-04-24
2245,Shelly Martin,tapiajenna@example.org,+1-262-893-0961x5071,Las Vegas,Nevada,USA,2024-11-07
2246,James Brown,dboone@example.org,690-841-1797x79631,Orlando,Florida,USA,2025-10-28
2247,Keith Howell,dunnjoseph@example.com,622-998-3087,Buffalo,New York,USA,2021-06-27
2248,Justin Romero,jonathanrobinson@example.com,+1-268-268-6274x823,Boston,Massachusetts,USA,2021-07-25
2249,Jessica Lam,tony59@example.com,7138367211,New York City,New York,USA,2025-03-22
2250,Nicholas Rasmussen,andrew28@example.org,464-591-3716x5094,San Francisco,California,USA,2024-04-22
2251,Jacqueline Hudson,taylorryan@example.org,291-251-8136,Seattle,Washington,USA,2023-02-26
2252,Jeremiah Williams,sgross@example.net,905-381-5193x942,Houston,Texas,USA,2023-05-30
2253,Dr. Vanessa Dean DDS,iclarke@example.net,6096860681,Houston,Texas,USA,2025-06-09
2254,Jessica Fowler,edavis@example.com,+1-429-642-0670x8058,New York City,New York,USA,2022-05-23
2255,Mrs. Lisa Castillo DDS,jacqueline24@example.org,3309315186,Austin,Texas,USA,2024-08-13
2256,Justin Graham,ginabishop@example.net,364.219.4958x325,San Francisco,California,USA,2022-05-24
2257,Chad Callahan,qhall@example.net,(627)477-0859,Chicago,Illinois,USA,2024-05-15
2258,Christopher Jensen,judith43@example.net,948-821-3801x155,Las Vegas,Nevada,USA,2025-01-16
2259,Peggy Chambers,molly13@example.net,+1-555-932-3750,Las Vegas,Nevada,USA,2022-08-07
2260,Joel Merritt,edward32@example.com,842.713.9579,Phoenix,Arizona,USA,2024-11-15
2261,Carol Smith,oliviabrooks@example.org,(445)858-0482x94078,Los Angeles,California,USA,2025-10-03
2262,Nicholas Boyd,barbaradillon@example.net,706.725.8736x080,Atlanta,Georgia,USA,2024-09-10
2263,Samantha Taylor,katelyngiles@example.net,467-950-1153,Boston,Massachusetts,USA,2022-09-10
2264,Virginia Lewis,katie47@example.com,268-286-3713x79987,Buffalo,New York,USA,2023-11-27
2265,Melissa Sweeney,williamryan@example.net,+1-712-523-9657,Las Vegas,Nevada,USA,2023-11-10
2266,Katelyn Malone,lindsay51@example.org,+1-456-822-2083x4644,Buffalo,New York,USA,2025-03-12
2267,Joseph West,uwilliams@example.com,001-893-599-4510,Miami,Florida,USA,2022-08-29
2268,Brittany Thomas,lthomas@example.net,001-560-242-7857x103,Denver,Colorado,USA,2021-04-22
2269,Kyle Curtis,udurham@example.net,4962941235,Phoenix,Arizona,USA,2025-06-14
2270,Terri Preston,hfarmer@example.org,207-514-9236,Buffalo,New York,USA,2023-10-11
2271,Jennifer Johnson,tina84@example.com,001-543-372-1326x776,Miami,Florida,USA,2021-08-19
2272,Angela Nielsen,owenjesse@example.com,001-330-397-9756x842,Buffalo,New York,USA,2023-10-21
2273,Tonya Jones,kramirez@example.net,631-812-6597,Denver,Colorado,USA,2024-05-01
2274,Anthony Parks,andersontracy@example.org,304.723.2758x881,San Francisco,California,USA,2023-12-18
2275,Carol Perry,vincentdarren@example.com,(772)561-8910,Boston,Massachusetts,USA,2021-01-25
2276,Andrew Beltran,stevensdonna@example.org,001-451-236-2238x013,Houston,Texas,USA,2022-10-11
2277,Marissa Castro,walllarry@example.org,001-246-696-1360x772,New York City,New York,USA,2023-03-04
2278,Michael Duncan,hamiltonmegan@example.org,001-753-333-5016x262,Atlanta,Georgia,USA,2025-09-15
2279,Ryan Johnston,fmays@example.org,8519513320,Las Vegas,Nevada,USA,2023-05-12
2280,Sean Villa,kellysmith@example.com,235-596-6533,Houston,Texas,USA,2024-01-24
2281,Courtney Baird,timothy33@example.net,395-880-0084,Denver,Colorado,USA,2021-12-20
2282,James Ward,reevesrussell@example.org,+1-614-865-0039x4558,Phoenix,Arizona,USA,2023-08-23
2283,Donna Martin,shawkathryn@example.net,2238201651,Phoenix,Arizona,USA,2021-05-30
2284,Sarah Rodriguez,ccannon@example.com,419-626-7750x46162,Los Angeles,California,USA,2024-04-17
2285,Morgan Craig MD,kmueller@example.org,(704)587-1036,San Francisco,California,USA,2021-01-29
2286,James Phillips,kelly27@example.org,+1-297-245-3145x9550,Austin,Texas,USA,2022-03-18
2287,Luis Smith,whiggins@example.com,235.264.2729x4361,Los Angeles,California,USA,2021-05-04
2288,Teresa Green,newmandarren@example.net,(247)402-3607x41706,Phoenix,Arizona,USA,2023-03-27
2289,Christopher Morris,donnamiller@example.com,001-717-662-2809x541,Chicago,Illinois,USA,2022-08-10
2290,Anne Wright,wmendez@example.net,382-281-7393x396,Denver,Colorado,USA,2024-12-30
2291,Tina Small,lauriehenderson@example.net,(661)920-6464x676,Chicago,Illinois,USA,2025-04-21
2292,Heather Jackson,peterssandra@example.org,001-414-839-9925x709,Miami,Florida,USA,2023-05-18
2293,Charles Cooper,kathy14@example.org,325.252.0328x65918,Seattle,Washington,USA,2023-04-04
2294,Charlene Chase,hornmatthew@example.org,(973)908-3038x84016,San Francisco,California,USA,2024-08-04
2295,Leslie Horton,perkinsdeborah@example.net,7509719709,Chicago,Illinois,USA,2024-01-07
2296,Thomas Parker,angel69@example.org,838-976-7384x3155,Las Vegas,Nevada,USA,2021-11-09
2297,Ernest Melendez,annawhite@example.com,527.332.4370,Austin,Texas,USA,2021-06-21
2298,Virginia Nguyen,rhubbard@example.org,913-843-0768x329,Austin,Texas,USA,2021-06-11
2299,Kimberly Davidson,wjohnson@example.net,+1-619-517-0242x3637,Chicago,Illinois,USA,2022-02-21
2300,Joseph Jones,foxjose@example.com,335-371-6826,Phoenix,Arizona,USA,2021-11-15
2301,Zachary Murray,anthonyharris@example.com,+1-873-654-1455,Chicago,Illinois,USA,2022-11-01
2302,Timothy Lee,osbornewilliam@example.com,001-626-563-7008,Miami,Florida,USA,2024-04-16
2303,Amber Evans,thomas16@example.com,(408)480-4189x02446,Denver,Colorado,USA,2025-04-13
2304,John Baker,zjohnson@example.net,936.431.4931x813,Atlanta,Georgia,USA,2024-08-23
2305,Leah Harris,torresadam@example.org,9838491164,Denver,Colorado,USA,2024-08-10
2306,Cody Woods,gpeters@example.org,772.727.8181,San Francisco,California,USA,2022-09-28
2307,Mary Lopez,austinthompson@example.org,(871)260-3384x1787,Seattle,Washington,USA,2023-06-15
2308,Johnny Harper,kennedyrobert@example.net,+1-348-481-0503x9167,Seattle,Washington,USA,2025-09-30
2309,Maureen Wallace,carolynfernandez@example.net,001-630-882-2781,Buffalo,New York,USA,2021-04-29
2310,Danielle Stewart,ulawrence@example.org,320.772.4861,Buffalo,New York,USA,2021-06-26
2311,Steve Decker,jerrywilliams@example.net,(478)201-9467x0141,Boston,Massachusetts,USA,2023-06-09
2312,Jeffrey Braun,benjaminhoffman@example.com,(548)974-8562,San Francisco,California,USA,2023-07-18
2313,Vanessa Simmons,castillojeffrey@example.org,276.806.3951x368,Las Vegas,Nevada,USA,2024-05-31
2314,John Jones,qwheeler@example.net,666.733.7561,Los Angeles,California,USA,2022-09-26
2315,John Olson,xsmall@example.net,(594)958-3618,Denver,Colorado,USA,2025-02-27
2316,Joshua Cunningham,jamesharvey@example.com,8429445025,Denver,Colorado,USA,2025-02-25
2317,Brittney Andersen,christineclarke@example.net,+1-581-461-0376,New York City,New York,USA,2021-09-02
2318,April Flowers,torrestravis@example.org,+1-826-398-0865x5108,Los Angeles,California,USA,2024-12-20
2319,Linda Hardin,delacruzmelanie@example.net,639.431.3294x02759,New York City,New York,USA,2024-12-07
2320,Andrew Clay,xbrooks@example.com,274-786-3281x07056,Los Angeles,California,USA,2021-12-02
2321,Karen Mills DDS,darrell96@example.org,001-406-661-6153x176,Orlando,Florida,USA,2022-12-12
2322,James Burke,dixonkelly@example.org,001-669-475-7554x606,Chicago,Illinois,USA,2023-11-26
2323,Jake Young,lisacollins@example.net,001-969-766-0818,Phoenix,Arizona,USA,2025-08-12
2324,Amanda Rodriguez,leetina@example.com,474.551.2619x37902,Seattle,Washington,USA,2022-06-15
2325,Lindsay Watts,jason12@example.org,245.957.9990,New York City,New York,USA,2023-02-01
2326,James Harrington,panderson@example.org,(336)557-8371x5104,New York City,New York,USA,2025-03-16
2327,Jesus Best,zobrien@example.net,+1-732-724-9673x7196,Phoenix,Arizona,USA,2025-11-24
2328,Lauren Wilson,anthonyjacobs@example.com,902-889-4438x826,Austin,Texas,USA,2025-02-10
2329,Tina Young,rhughes@example.net,368.699.6908x78639,Boston,Massachusetts,USA,2021-08-30
2330,Michael Morris,reeserachel@example.com,+1-704-644-7427x072,Phoenix,Arizona,USA,2021-03-02
2331,Nicholas Castillo,mbrown@example.com,372-687-4075x193,Houston,Texas,USA,2025-07-11
2332,Adam Cole,tinashepard@example.org,756.989.9108,Miami,Florida,USA,2022-07-12
2333,Mr. Nathan Howard,leedestiny@example.net,892.556.7974,Chicago,Illinois,USA,2021-05-11
2334,William Strickland,stonehoward@example.com,001-578-261-6338x638,Austin,Texas,USA,2024-12-29
2335,Brenda Lloyd,kevinfuentes@example.net,(540)894-6654x97705,Las Vegas,Nevada,USA,2024-07-09
2336,Victor Pratt,tammy54@example.org,(417)562-0801,San Francisco,California,USA,2023-10-14
2337,Tabitha Martin,starkkristy@example.net,(805)836-5045,Orlando,Florida,USA,2023-11-13
2338,Linda Johnson,burkenancy@example.org,752-640-4157,Houston,Texas,USA,2021-04-24
2339,Brianna Henderson,fcherry@example.net,(877)693-3335,Orlando,Florida,USA,2025-10-26
2340,Alicia Arnold,laura76@example.com,262-595-0641,Las Vegas,Nevada,USA,2021-12-08
2341,Eric Fields,qbarron@example.org,+1-265-523-4655x4612,Houston,Texas,USA,2021-11-19
2342,Kimberly Mclaughlin,lgibson@example.com,540-719-8928x914,Austin,Texas,USA,2025-05-03
2343,Mrs. Robin Baker,matthewespinoza@example.com,(686)907-8138,San Francisco,California,USA,2024-03-21
2344,Sarah Sanchez,kim74@example.net,785-705-8240,Denver,Colorado,USA,2025-01-20
2345,Jennifer Bell,brianjensen@example.net,+1-261-519-5973x7253,San Francisco,California,USA,2022-04-13
2346,Joseph Gray,tammycarlson@example.com,728-205-4009x231,Seattle,Washington,USA,2023-11-09
2347,Kristin Sanchez,gabrielle90@example.org,743.729.2620,Los Angeles,California,USA,2021-04-01
2348,Holly Reed,gfuentes@example.com,+1-675-565-7833x939,Atlanta,Georgia,USA,2025-11-03
2349,Kenneth Bell,kathleen87@example.net,(980)595-7283,Los Angeles,California,USA,2022-05-16
2350,Scott Hoffman,ocervantes@example.net,001-484-760-7456,Los Angeles,California,USA,2023-08-25
2351,Jamie Mcdonald,rhondawest@example.net,+1-987-758-7509x8020,Houston,Texas,USA,2023-02-24
2352,Mary Martinez,richard90@example.com,239-406-4847x7392,Boston,Massachusetts,USA,2021-11-04
2353,Robert Summers,alexander73@example.net,497-218-9011,New York City,New York,USA,2025-10-23
2354,Nicole Freeman,cherylwaller@example.org,001-269-942-6166x647,Los Angeles,California,USA,2024-02-07
2355,Colleen White,robert20@example.net,513.400.1618,Phoenix,Arizona,USA,2025-01-02
2356,Christopher Carroll,brownstephanie@example.com,666-443-0860,Seattle,Washington,USA,2024-09-04
2357,Mary Davis,itaylor@example.com,(944)971-0606x0673,Miami,Florida,USA,2022-04-05
2358,Stacey Martin,david10@example.org,929.208.4798x011,Houston,Texas,USA,2022-05-24
2359,Pamela Nelson,isingh@example.net,(675)979-0336x759,Miami,Florida,USA,2025-01-15
2360,Vanessa Bass,cardenaskathleen@example.net,+1-293-678-4865x230,Houston,Texas,USA,2022-07-10
2361,Daniel Baker,angelcarr@example.net,(707)700-0267,Atlanta,Georgia,USA,2021-06-09
2362,Gregory Burnett,fryjason@example.org,811-572-3035x82172,Las Vegas,Nevada,USA,2023-02-03
2363,Sharon Stephens,pattonkaitlyn@example.com,+1-208-686-1125,San Francisco,California,USA,2023-10-26
2364,Shawn Brown,erin77@example.org,312-971-6810,Denver,Colorado,USA,2021-04-18
2365,Dr. Valerie Durham MD,edwin67@example.org,+1-871-610-7068x6864,New York City,New York,USA,2022-04-03
2366,John Young,ronald95@example.org,+1-974-925-2577x6899,Phoenix,Arizona,USA,2023-11-23
2367,Connie Gallegos,christopher60@example.org,001-723-370-1409x507,Los Angeles,California,USA,2023-04-02
2368,Theresa Chandler,donaldbrown@example.com,672.359.6115x9533,San Francisco,California,USA,2025-12-02
2369,Thomas Travis,hamiltonamy@example.net,256-760-3098,Orlando,Florida,USA,2025-11-09
2370,Margaret Lewis,joshuabradley@example.com,556.680.8779,Austin,Texas,USA,2025-05-04
2371,Mr. Michael Davis,jford@example.org,+1-674-430-9647,Atlanta,Georgia,USA,2022-09-29
2372,Christina Myers,jessicamills@example.org,+1-729-651-6289x084,Houston,Texas,USA,2021-06-26
2373,Brittany Taylor,obullock@example.org,(558)612-8766,Chicago,Illinois,USA,2023-07-25
2374,Robert Dean,jose76@example.com,001-422-346-9685x169,Los Angeles,California,USA,2023-01-26
2375,Benjamin Garcia,gwendolyn28@example.com,847-805-0057x45807,Buffalo,New York,USA,2022-08-21
2376,Joe Evans,amywright@example.org,460.678.3359x482,Las Vegas,Nevada,USA,2025-05-26
2377,Dustin Ashley,hughesalexis@example.org,(334)317-6546x141,Austin,Texas,USA,2025-02-23
2378,Brett Nunez,klin@example.net,+1-912-998-3584x4801,Las Vegas,Nevada,USA,2022-05-12
2379,Stephen Petty,rochapaul@example.net,239-509-1744x79408,Orlando,Florida,USA,2023-01-25
2380,Robert Humphrey,garrettreid@example.com,919-896-5840x293,Las Vegas,Nevada,USA,2023-10-08
2381,Cameron Perry,angela28@example.org,(238)265-6260,Phoenix,Arizona,USA,2025-05-09
2382,Joshua Caldwell,roykayla@example.net,4038005378,Buffalo,New York,USA,2025-02-09
2383,Nancy Soto,brentcampos@example.org,4715081692,Boston,Massachusetts,USA,2024-01-25
2384,Leslie Gray,xjackson@example.com,951-498-0702,Phoenix,Arizona,USA,2025-06-19
2385,Carol Underwood,melinda28@example.com,958.634.9263,Buffalo,New York,USA,2021-11-05
2386,Heather Davis,kelseyfrancis@example.org,(358)885-7283x463,Los Angeles,California,USA,2023-04-20
2387,Kyle Bell,bdiaz@example.net,+1-929-761-4990x9416,Los Angeles,California,USA,2022-04-23
2388,Brooke Williams,glarson@example.net,+1-614-754-8118x9172,Chicago,Illinois,USA,2022-12-11
2389,Elizabeth Rodgers,brenda00@example.net,(962)488-6580,Denver,Colorado,USA,2025-09-16
2390,Dr. Kristin Stanley,stephen01@example.net,243.657.5292x5556,Seattle,Washington,USA,2025-12-02
2391,Kyle Smith,morgandenise@example.org,(936)224-2494,Los Angeles,California,USA,2022-11-18
2392,William Cooper,longdebra@example.org,646-909-5772x4877,Los Angeles,California,USA,2025-04-04
2393,Troy Krueger,mathewanderson@example.net,+1-209-610-0634x741,Denver,Colorado,USA,2023-02-10
2394,Brandy Gregory,jamesstewart@example.net,757.733.6828x7657,Atlanta,Georgia,USA,2025-02-20
2395,Gary Gutierrez,shelley85@example.org,001-566-248-7826x487,Seattle,Washington,USA,2022-09-22
2396,Christopher Gomez,vdavidson@example.org,647.698.5294,San Francisco,California,USA,2022-02-25
2397,Dustin Wilson,nathan56@example.org,001-537-906-9511x819,Chicago,Illinois,USA,2022-05-03
2398,Helen Jensen,anne22@example.net,213.332.4199x77118,Miami,Florida,USA,2023-10-05
2399,Jamie Terry,mphillips@example.com,4489909859,Los Angeles,California,USA,2021-10-19
2400,David Cohen,thomas93@example.net,976-988-9386x1618,Seattle,Washington,USA,2022-07-28
2401,Walter Stewart,fernandezjaime@example.net,(752)717-9005x31260,San Francisco,California,USA,2021-03-31
2402,Katherine Brown,sara95@example.net,001-976-595-5912x681,Boston,Massachusetts,USA,2022-04-20
2403,Daniel Harrington,michaelsellers@example.org,(234)459-2325,Boston,Massachusetts,USA,2025-09-28
2404,Francisco Porter,cannonvictoria@example.net,943.251.4928x632,Chicago,Illinois,USA,2023-04-26
2405,Brett Scott,andersonjulia@example.org,(807)563-4433x4602,Seattle,Washington,USA,2023-02-02
2406,Jacob Ramirez,llittle@example.net,+1-470-525-2151x4351,Orlando,Florida,USA,2025-03-12
2407,Tammy Diaz,jessica48@example.com,(460)623-5472,San Francisco,California,USA,2024-04-04
2408,Francisco Ramsey,leah30@example.com,413-990-0458,San Francisco,California,USA,2023-11-02
2409,Mark Gonzalez,hunteraustin@example.com,(483)635-5563x85981,New York City,New York,USA,2024-07-29
2410,Lisa Strickland,alyssa69@example.net,9054573380,Atlanta,Georgia,USA,2023-03-19
2411,James Lane,alejandro47@example.com,7172505665,San Francisco,California,USA,2024-04-27
2412,Erica Mahoney,vgrimes@example.net,001-822-532-4204x300,Las Vegas,Nevada,USA,2021-05-08
2413,Laura Dillon,ephelps@example.org,001-836-335-9114x202,Miami,Florida,USA,2024-09-18
2414,Charles Moore,wshelton@example.org,602-545-4224x922,New York City,New York,USA,2022-04-30
2415,David Anderson,smithcolin@example.org,389.528.2435x097,Austin,Texas,USA,2022-06-19
2416,Peter Munoz,fwilson@example.com,(294)984-6764,Atlanta,Georgia,USA,2022-10-08
2417,Timothy Lewis,steinadam@example.org,2704906336,Boston,Massachusetts,USA,2025-06-29
2418,Mr. Bryan Montes,uharrison@example.org,(917)936-2924x59897,Miami,Florida,USA,2024-12-06
2419,Nicholas White,james82@example.org,362-592-2228x338,Atlanta,Georgia,USA,2025-02-15
2420,Tanya Thompson,jeffguzman@example.org,(727)409-4014x4124,Houston,Texas,USA,2022-10-14
2421,William King,paul08@example.net,+1-993-693-5046x2933,Orlando,Florida,USA,2022-07-11
2422,Thomas Trevino,jaredboyd@example.net,+1-995-791-9053x0945,Buffalo,New York,USA,2021-06-02
2423,Amy Lyons,michaelstout@example.org,323.800.7086,Buffalo,New York,USA,2021-10-06
2424,Elizabeth Petersen,smaldonado@example.com,001-852-491-4835x650,Phoenix,Arizona,USA,2025-04-27
2425,Brenda Richard,francismason@example.org,+1-854-911-0556x2412,Las Vegas,Nevada,USA,2021-08-12
2426,Matthew Johnson,stephanie59@example.com,870-733-6424x5320,New York City,New York,USA,2021-08-05
2427,Nicholas Walker,swalters@example.org,703-871-5243x1091,New York City,New York,USA,2023-07-10
2428,Marie Johnson,john12@example.org,(926)849-7478x706,Orlando,Florida,USA,2022-10-06
2429,Christopher Gutierrez,benjaminmcgrath@example.net,6786101012,Miami,Florida,USA,2021-09-05
2430,Alexandra Myers,sherri11@example.net,574.390.0449x10072,Chicago,Illinois,USA,2023-01-04
2431,Renee Lowery,yvettecampbell@example.net,206.940.4121,Phoenix,Arizona,USA,2022-03-02
2432,Ryan Cohen,charlesowen@example.com,2318588785,Orlando,Florida,USA,2022-09-24
2433,Randy Wallace,deborah41@example.com,235.415.6095x14277,Orlando,Florida,USA,2022-06-27
2434,Richard Fernandez,garciamatthew@example.org,562-671-4359,Atlanta,Georgia,USA,2021-09-03
2435,James Holland,arichmond@example.net,472-455-3107x371,San Francisco,California,USA,2021-11-19
2436,Charles Gross,manuel24@example.org,+1-586-509-6925,Phoenix,Arizona,USA,2024-11-06
2437,Brett Smith,kimberlywhitaker@example.net,940-309-9812,Austin,Texas,USA,2025-08-20
2438,Laurie Stanley DVM,zacharywest@example.com,001-415-894-9254x345,Seattle,Washington,USA,2024-11-28
2439,Matthew Mendoza,zgarrett@example.com,681-510-5129x272,Las Vegas,Nevada,USA,2021-03-24
2440,Jeffery Ruiz,elizabethgibson@example.net,507-708-2408,Buffalo,New York,USA,2025-09-08
2441,Michael Tanner,juliadavis@example.com,292.308.2366x162,Atlanta,Georgia,USA,2022-11-03
2442,William Hernandez,jessica26@example.net,(208)469-6110x8403,New York City,New York,USA,2021-07-06
2443,Megan Kidd,nvillanueva@example.com,2868333995,Seattle,Washington,USA,2022-05-24
2444,Jared Osborn,tsmith@example.com,(808)400-5090x830,Houston,Texas,USA,2023-03-23
2445,Michael Garza,belltheresa@example.com,(244)719-9412x43616,Chicago,Illinois,USA,2021-04-11
2446,Christopher Reid,alexanderchristopher@example.org,001-481-349-8367x849,Denver,Colorado,USA,2022-09-05
2447,Douglas Bass,dicksonkatie@example.com,955.700.4375x315,Austin,Texas,USA,2025-08-07
2448,Mary Anderson,christinewilliams@example.net,986.603.9036,New York City,New York,USA,2021-03-05
2449,Jessica Ward,xkennedy@example.org,001-351-453-4743x927,Miami,Florida,USA,2025-10-17
2450,Joshua Farmer,clarkamber@example.org,303-820-8234,Orlando,Florida,USA,2024-02-13
2451,Michael Johnson,tbailey@example.net,+1-851-666-1907,Seattle,Washington,USA,2024-02-01
2452,Steven Williams,kristenroberts@example.net,001-261-762-2277x261,Buffalo,New York,USA,2021-07-13
2453,Matthew Vincent,jacksonpatrick@example.net,(784)865-5921,Orlando,Florida,USA,2021-07-28
2454,Rhonda Leach,melissabarnett@example.com,953-891-8023x848,Phoenix,Arizona,USA,2025-06-14
2455,Mark Torres,jessicaboone@example.net,+1-673-960-9085x7537,New York City,New York,USA,2021-09-06
2456,Daniel Rice,desireewhite@example.net,4025492785,Los Angeles,California,USA,2021-05-07
2457,Nathaniel Barrett,chad21@example.com,960.489.6010x6658,Atlanta,Georgia,USA,2025-05-19
2458,Beverly Wood,iward@example.net,585.840.4450,Buffalo,New York,USA,2021-09-25
2459,Stephen Gonzalez,nicholas69@example.org,514.349.8602x96532,Buffalo,New York,USA,2025-08-14
2460,Timothy Johnson,owenscarolyn@example.org,+1-504-587-8601x508,Miami,Florida,USA,2023-02-02
2461,Destiny Flores,catherinehernandez@example.net,001-945-641-8337x881,Denver,Colorado,USA,2024-07-14
2462,Gregory Ellis,jeffrey20@example.org,+1-250-707-8677x550,Denver,Colorado,USA,2021-06-22
2463,Paul Washington,pmarquez@example.org,(373)836-1424x7415,Las Vegas,Nevada,USA,2024-04-15
2464,Brittany Stewart,pfletcher@example.com,924.936.4851x78275,Austin,Texas,USA,2025-07-23
2465,Phillip Jones,fjohnson@example.net,519-764-0009x256,San Francisco,California,USA,2021-02-14
2466,Mary Simmons,seanwright@example.net,777.365.4023x4714,San Francisco,California,USA,2022-02-09
2467,Jocelyn Hopkins,chanamanda@example.org,(656)752-9367x56275,Boston,Massachusetts,USA,2024-08-15
2468,Deanna Young,breanna89@example.org,+1-675-995-5364x220,Orlando,Florida,USA,2025-07-16
2469,David Green,thoward@example.net,990.218.7692,New York City,New York,USA,2021-07-08
2470,David Fernandez,michellestone@example.org,(783)644-3029x973,Boston,Massachusetts,USA,2025-10-02
2471,Ryan Pratt,moorepenny@example.com,+1-204-968-8698,Atlanta,Georgia,USA,2025-07-15
2472,Stephen Pittman,tonyparker@example.com,315-778-7378,Houston,Texas,USA,2021-09-08
2473,Barbara Ware,calvinburns@example.com,813.887.3140x3191,Los Angeles,California,USA,2023-08-03
2474,Raymond Martinez,lancecraig@example.com,+1-688-996-7621x822,Los Angeles,California,USA,2021-12-11
2475,Lori White,troy86@example.com,7719671489,Boston,Massachusetts,USA,2024-03-21
2476,Felicia Herrera,jamesstewart@example.org,+1-780-609-3413x734,Miami,Florida,USA,2025-08-10
2477,Dustin Collier,maynardmichael@example.com,222.818.1951x71907,Seattle,Washington,USA,2023-03-20
2478,Matthew Hester,margaretwilson@example.org,(545)738-3364x2550,Orlando,Florida,USA,2021-03-02
2479,Michael Rojas,lisadavis@example.org,(754)967-5914,Miami,Florida,USA,2024-10-31
2480,David Warner,bsmith@example.net,+1-525-883-2014x3545,Miami,Florida,USA,2021-12-20
2481,Lisa Robertson,samuelhamilton@example.com,+1-544-449-8106x3267,Houston,Texas,USA,2022-03-16
2482,Jamie Mckinney,hillmikayla@example.net,729-292-1192x4743,Boston,Massachusetts,USA,2022-01-19
2483,Matthew Weaver,brianriley@example.org,272.311.2038x29983,Austin,Texas,USA,2022-07-28
2484,Aaron Estrada,christy47@example.com,668-206-8030,Orlando,Florida,USA,2025-12-15
2485,William Fleming,molly80@example.org,001-431-343-3605x743,New York City,New York,USA,2021-03-12
2486,Ashley Kent,joseph59@example.net,001-392-591-7919x690,Las Vegas,Nevada,USA,2024-06-22
2487,Austin Schneider,stephanie92@example.org,(294)383-6090x168,Las Vegas,Nevada,USA,2022-05-19
2488,Gina Hendrix,veronicabutler@example.net,(243)894-5349x7320,Denver,Colorado,USA,2022-08-28
2489,Bruce Gonzalez,lindarollins@example.org,(632)956-2488x880,Orlando,Florida,USA,2023-04-24
2490,Jason Arnold,marcus16@example.net,001-532-340-5741x193,Boston,Massachusetts,USA,2024-02-02
2491,Cynthia Schneider,steelelisa@example.com,670.595.2185x8680,Orlando,Florida,USA,2021-05-05
2492,Brianna Smith,markbuck@example.net,+1-957-583-9803x7037,San Francisco,California,USA,2022-07-27
2493,Brittany Richardson,sbradley@example.com,753.307.4878x13409,Miami,Florida,USA,2021-10-09
2494,Alexis Brown,spencerjohn@example.net,(617)300-0485x4123,Miami,Florida,USA,2022-02-13
2495,Neil Mitchell,gabriel53@example.net,001-362-455-6144,Denver,Colorado,USA,2025-12-17
2496,Michelle Schwartz,dbrown@example.net,821.352.9417,Phoenix,Arizona,USA,2023-12-13
2497,Stephen Parker,ericchristensen@example.org,+1-365-226-1216x694,Buffalo,New York,USA,2024-07-15
2498,Austin Mckinney,tiffanyjohnson@example.com,896.655.6732x383,Phoenix,Arizona,USA,2024-01-19
2499,David Campbell,gregorywagner@example.net,649.405.3890x5950,Phoenix,Arizona,USA,2021-02-09
2500,Andrea Daniels,chernandez@example.com,(210)787-2741,Miami,Florida,USA,2025-05-21
2501,Sydney Gentry,kstein@example.net,001-815-655-1849x552,Seattle,Washington,USA,2023-01-06
2502,Evan Taylor,jgonzalez@example.com,(248)472-9802,Orlando,Florida,USA,2024-01-21
2503,Maria Stevens,patrickhampton@example.net,+1-734-820-4578x1314,Phoenix,Arizona,USA,2023-09-20
2504,Jake Brown,stephensonjuan@example.org,600.611.3146,Houston,Texas,USA,2024-03-04
2505,Douglas Marshall,rshaw@example.org,(959)822-7702x604,Chicago,Illinois,USA,2022-10-21
2506,Marie Salazar,wdominguez@example.com,+1-896-941-1350x7649,Miami,Florida,USA,2022-07-08
2507,Jeremy Powell,annettehunter@example.org,311.394.7505x220,New York City,New York,USA,2021-02-23
2508,Ryan Decker,oconnordouglas@example.net,(893)332-3814x331,Houston,Texas,USA,2024-05-07
2509,Jared Huffman,tparker@example.com,001-770-371-1989,Buffalo,New York,USA,2021-03-02
2510,Autumn Snyder,landerson@example.org,871.655.8602,Boston,Massachusetts,USA,2025-07-19
2511,Jamie Thompson,matthew88@example.net,269-737-1478x7508,Phoenix,Arizona,USA,2022-07-30
2512,Julia Jones,orice@example.com,500-927-4894x244,Los Angeles,California,USA,2025-07-15
2513,Christine Price,mitchellamber@example.com,001-571-618-8161x827,Orlando,Florida,USA,2023-12-21
2514,Julie Chapman,vcompton@example.com,(727)633-1881x567,Houston,Texas,USA,2025-04-20
2515,Daniel Rogers,matthew79@example.com,+1-207-390-7704x5530,Las Vegas,Nevada,USA,2022-04-22
2516,Mr. Timothy Garcia,wjackson@example.net,(612)298-5672,New York City,New York,USA,2021-07-25
2517,Glenn Brewer,markmassey@example.com,648.456.5264x2437,Buffalo,New York,USA,2024-09-07
2518,Brandy Moore,davidhill@example.org,(949)860-7265x20148,Buffalo,New York,USA,2022-06-30
2519,Jason Sampson,cjackson@example.org,001-432-219-5693,Chicago,Illinois,USA,2025-07-30
2520,Aaron Chandler,sandersashley@example.net,858-684-4523,Phoenix,Arizona,USA,2025-02-18
2521,Deborah Garcia,mcbridelaura@example.net,(208)896-7604,Los Angeles,California,USA,2025-04-14
2522,Tony Davis,david75@example.org,+1-567-392-9605x865,Buffalo,New York,USA,2024-03-25
2523,Meghan Lewis,harrysimpson@example.org,731-507-7222x8749,Atlanta,Georgia,USA,2025-06-22
2524,Katelyn Carter,hcontreras@example.com,788.401.1130,Miami,Florida,USA,2022-12-28
2525,Lauren Landry,michaelhanna@example.org,877.550.4480,Boston,Massachusetts,USA,2025-09-15
2526,Deborah Pierce,adunn@example.org,512-561-6554x279,Atlanta,Georgia,USA,2021-12-22
2527,Laura Brown,barronkenneth@example.com,469-804-7610,New York City,New York,USA,2022-04-30
2528,Mariah Huerta,kelly90@example.com,777.202.9670,Las Vegas,Nevada,USA,2022-10-14
2529,Jason Wilcox,johnhayes@example.org,001-246-845-6048x511,Phoenix,Arizona,USA,2025-02-20
2530,James Young,emilywashington@example.org,001-311-878-5125x927,Seattle,Washington,USA,2023-01-05
2531,Terry Farmer,nicolelawson@example.com,384.918.7576,Boston,Massachusetts,USA,2024-04-26
2532,Michael Martin,michelle58@example.net,666.207.9833,Los Angeles,California,USA,2024-12-11
2533,Morgan Lang,zdixon@example.net,259-226-6866,Seattle,Washington,USA,2022-12-22
2534,Mr. George Williams,lopezdouglas@example.com,4932604709,Las Vegas,Nevada,USA,2024-02-29
2535,Daniel Solis,douglas13@example.com,772-679-3922x6894,New York City,New York,USA,2024-02-28
2536,Rodney Figueroa,cheryldaniel@example.org,(398)832-4072x8195,Buffalo,New York,USA,2025-09-10
2537,Mary Johnson,greeneanna@example.org,409-433-6272x445,Phoenix,Arizona,USA,2025-12-11
2538,Mr. Chad Freeman,hannahpage@example.com,(222)315-5325,Orlando,Florida,USA,2024-01-16
2539,Sean Lopez,ashleyvelez@example.com,(711)365-1608x624,Austin,Texas,USA,2021-12-26
2540,Kevin Simmons,averystephanie@example.com,929-466-4711x81320,Orlando,Florida,USA,2021-03-19
2541,Kenneth Aguilar,medinateresa@example.com,(706)736-9851x676,San Francisco,California,USA,2021-04-26
2542,Teresa Carpenter,abolton@example.net,360.622.3644x995,Buffalo,New York,USA,2024-05-17
2543,Melvin Rojas,paigeking@example.org,491-462-6317x7744,Buffalo,New York,USA,2021-02-10
2544,Scott Frazier,tammyrodriguez@example.net,001-973-581-9034,Chicago,Illinois,USA,2023-09-06
2545,Gabriel Johnson,brittanydiaz@example.org,001-585-708-3327x104,Los Angeles,California,USA,2022-11-11
2546,Daniel Santos,tracifletcher@example.org,671-991-6335,Boston,Massachusetts,USA,2024-06-11
2547,Meredith Savage,johnfowler@example.net,(454)217-6892,Buffalo,New York,USA,2025-07-10
2548,Joshua Hudson,matthew80@example.org,745.671.8691x98162,New York City,New York,USA,2022-11-29
2549,Christie Mora,john65@example.org,838.361.3674,Seattle,Washington,USA,2021-12-30
2550,Jeffrey Smith,john70@example.com,001-336-471-2747x069,Boston,Massachusetts,USA,2025-07-02
2551,Richard Ochoa,melissa69@example.com,(896)472-0418,Atlanta,Georgia,USA,2025-11-14
2552,Ana Avila,newmanpamela@example.net,+1-775-586-4740x1925,Houston,Texas,USA,2021-05-02
2553,Jody Rogers,greenmary@example.com,443-884-0397,Los Angeles,California,USA,2021-10-30
2554,Douglas Gonzales,perkinschristopher@example.org,(409)456-3603x855,Las Vegas,Nevada,USA,2024-12-14
2555,Todd Hernandez,ntucker@example.com,958.859.9197,Boston,Massachusetts,USA,2021-10-18
2556,Ivan Velazquez,donaldmarquez@example.net,937-363-6628x711,Phoenix,Arizona,USA,2021-08-16
2557,Jessica Callahan,candice55@example.org,+1-645-806-9895x829,Atlanta,Georgia,USA,2023-12-14
2558,Robert Lawson,hpadilla@example.com,441-379-3943x14914,Atlanta,Georgia,USA,2023-01-18
2559,Eric Marks,rileysteven@example.com,(242)785-7404,San Francisco,California,USA,2023-02-05
2560,Michael Washington,ybraun@example.org,954.976.6307,Seattle,Washington,USA,2024-09-18
2561,Michael Smith,fosterdiana@example.org,+1-340-372-3461x504,Miami,Florida,USA,2024-04-15
2562,Mr. Justin Taylor MD,christopher39@example.org,6299501147,San Francisco,California,USA,2022-11-21
2563,Kenneth Erickson,marc37@example.net,790.849.7574,Austin,Texas,USA,2022-10-23
2564,Diane Taylor,nhall@example.org,001-488-646-5190x348,New York City,New York,USA,2021-11-19
2565,Andrew Henderson,sullivankelli@example.com,+1-649-503-5934x1773,Seattle,Washington,USA,2023-06-14
2566,Michelle Williams,urodriguez@example.org,482-516-0639,Phoenix,Arizona,USA,2024-08-02
2567,Timothy Murray,leonarddoris@example.org,+1-902-238-8369,Orlando,Florida,USA,2024-08-22
2568,Brenda Larsen,shannon53@example.com,(844)411-9354x72863,Houston,Texas,USA,2021-12-23
2569,Alan Moore,tammy20@example.org,275-291-4509,Seattle,Washington,USA,2024-02-25
2570,Lisa Diaz,ytaylor@example.net,595.539.1067,Seattle,Washington,USA,2025-12-27
2571,Joseph Wallace,lori48@example.net,4245966899,Boston,Massachusetts,USA,2024-06-10
2572,Heidi Reed,jocelyn01@example.org,+1-215-744-4847x9207,Phoenix,Arizona,USA,2023-01-01
2573,Nicholas Vazquez,msmith@example.net,(421)777-5990,Buffalo,New York,USA,2024-09-25
2574,Nicole Burton,audreyjohnson@example.org,(304)210-3728,Las Vegas,Nevada,USA,2025-07-27
2575,Dr. Sierra Gibson,moorejason@example.org,+1-807-896-3302x2517,New York City,New York,USA,2023-02-14
2576,Joseph Carr,escobartracy@example.com,(413)734-5958,Austin,Texas,USA,2025-02-12
2577,Taylor Sanders,carpentergeorge@example.net,590-999-4414x75376,Seattle,Washington,USA,2022-08-27
2578,Susan Werner,michaelbutler@example.com,001-285-786-4766x955,New York City,New York,USA,2021-12-30
2579,Jason Diaz,fostercarol@example.net,(945)211-5905x92568,Seattle,Washington,USA,2021-01-04
2580,Christopher Baker,cwilliamson@example.net,+1-404-766-0638,Seattle,Washington,USA,2024-03-19
2581,Edward Butler,zrivera@example.net,+1-420-692-2521x2380,Miami,Florida,USA,2025-10-09
2582,Robert Werner,rachaelgray@example.com,001-714-687-4971x512,Phoenix,Arizona,USA,2024-03-08
2583,Robert George,jeffrey35@example.net,+1-449-499-9169x5359,Los Angeles,California,USA,2022-01-08
2584,Kara Frazier,andersonadrian@example.net,3183174973,Las Vegas,Nevada,USA,2022-10-14
2585,Steven Henderson,rodneyjohnson@example.net,+1-610-250-4596x197,Boston,Massachusetts,USA,2025-07-15
2586,Michael Jensen,kimberly34@example.net,459-842-1042x0841,Las Vegas,Nevada,USA,2022-03-29
2587,Kelly Whitaker,vthompson@example.org,001-954-915-1909x375,Denver,Colorado,USA,2024-03-04
2588,Dr. Sarah Clayton,bsandoval@example.net,(516)894-1351x2848,San Francisco,California,USA,2023-10-14
2589,Emily Frank,brianna58@example.org,670.269.9226x9156,New York City,New York,USA,2022-11-10
2590,Alex Mills,tylermartinez@example.org,(835)312-0945,Seattle,Washington,USA,2021-06-09
2591,Richard Harris,carolyn38@example.com,+1-963-937-5984x9138,Buffalo,New York,USA,2022-12-12
2592,Ashley Black,wilsonjerry@example.com,+1-252-933-1432x417,Houston,Texas,USA,2021-12-10
2593,Pamela Thomas,aingram@example.org,487.290.8132,Denver,Colorado,USA,2025-12-19
2594,Teresa White,torresapril@example.net,001-735-919-7881x649,San Francisco,California,USA,2025-08-10
2595,Peter Solis,elizabethpeterson@example.net,001-300-928-4224,Seattle,Washington,USA,2024-10-04
2596,Caleb Owen,melissaglover@example.org,374.934.0305x7925,Denver,Colorado,USA,2025-02-02
2597,David Reed,hallvincent@example.org,7156297968,Boston,Massachusetts,USA,2022-11-19
2598,Brad Cruz,bradleytaylor@example.org,(840)476-6453,Orlando,Florida,USA,2021-01-24
2599,Bethany Avila,pamelacook@example.net,713-244-9689,Austin,Texas,USA,2022-03-06
2600,Sally Miller,william99@example.com,(649)949-7254x720,Buffalo,New York,USA,2024-11-20
2601,Ruben Frey,westmichael@example.org,001-649-604-6514,San Francisco,California,USA,2022-12-19
2602,Michael Cox,zachary45@example.org,628-588-6465x08930,Austin,Texas,USA,2025-05-31
2603,Mrs. Kristin Moore,sheilagarcia@example.com,001-999-475-4839x377,San Francisco,California,USA,2025-01-15
2604,Whitney Rojas,john22@example.com,425-603-8341,Los Angeles,California,USA,2021-04-09
2605,Christopher Villegas,cmcintyre@example.com,919-975-3700x6323,Miami,Florida,USA,2023-06-17
2606,Tyler Moore,schmidtsabrina@example.org,+1-775-358-2632x1894,Seattle,Washington,USA,2023-05-10
2607,Kristin Reed,roserhonda@example.net,+1-642-581-7834x206,New York City,New York,USA,2025-12-17
2608,Thomas Mcgee,matthew43@example.org,697-419-7204x0932,Miami,Florida,USA,2023-10-07
2609,Craig Sims,glennchloe@example.org,+1-673-616-3324x3087,Boston,Massachusetts,USA,2023-02-15
2610,David Berry,livingstondavid@example.org,325-279-8969,Houston,Texas,USA,2024-01-24
2611,Samuel Carroll,thomasmartin@example.com,595-320-7699x1528,Miami,Florida,USA,2021-07-27
2612,Raymond Ford,daniel65@example.org,980-905-4402,Atlanta,Georgia,USA,2023-09-09
2613,Bruce Grimes,connortaylor@example.com,(510)900-3668x574,Phoenix,Arizona,USA,2025-11-05
2614,Cynthia Nelson PhD,mcgeeamy@example.com,516.930.2129x18236,Las Vegas,Nevada,USA,2024-08-26
2615,Erin Wilson,caitlinboyd@example.org,001-931-602-6237x050,Phoenix,Arizona,USA,2024-11-08
2616,Tasha Rhodes,michellehernandez@example.org,746-254-7631x69145,Buffalo,New York,USA,2021-11-30
2617,George Kelly,eric37@example.org,666-976-2267x617,Orlando,Florida,USA,2021-05-31
2618,Diamond Kelly,sheila24@example.net,001-820-659-6425x497,Phoenix,Arizona,USA,2025-09-29
2619,Bradley Wilkinson,melissa89@example.com,511.760.1565,Los Angeles,California,USA,2022-08-27
2620,Brandon Barton,joshua24@example.org,850-243-7908,Los Angeles,California,USA,2022-10-15
2621,Kayla Morgan,patricia83@example.com,454-787-5979x974,Austin,Texas,USA,2021-08-03
2622,Tammy Chen,simonmelanie@example.org,(982)875-6849x7850,San Francisco,California,USA,2022-12-02
2623,Karen White,jesse81@example.com,608.867.8945x11932,New York City,New York,USA,2025-12-24
2624,Mr. Marvin Jensen,stevenjackson@example.com,700-329-5963,Miami,Florida,USA,2021-11-26
2625,Kristin Tucker,nbrown@example.org,6938613014,Seattle,Washington,USA,2021-06-03
2626,Vincent Howell,kmoore@example.net,610-236-7580x6932,Chicago,Illinois,USA,2021-07-10
2627,Brandon Jones,nicolechristensen@example.net,909.571.8467x9087,Houston,Texas,USA,2024-05-01
2628,Wesley Garcia,ypham@example.org,959.927.4601x006,Las Vegas,Nevada,USA,2023-09-16
2629,Aaron Barker,brownjason@example.com,+1-266-218-0610x8537,Seattle,Washington,USA,2021-03-05
2630,Dr. Brett Calhoun DDS,jennyjackson@example.com,+1-339-805-1011,Miami,Florida,USA,2024-08-31
2631,Rachel Barber,smithpatrick@example.com,(498)471-0149x41163,New York City,New York,USA,2024-05-28
2632,Heidi Bradley,kendra95@example.net,+1-661-867-2117x0254,Boston,Massachusetts,USA,2023-06-09
2633,Andrew Moore,sandra21@example.net,+1-425-648-0575x9502,New York City,New York,USA,2021-04-20
2634,Brenda Lewis,harry17@example.net,448-277-1320x20613,San Francisco,California,USA,2022-11-10
2635,Richard Perry,ydecker@example.com,248-222-8780x739,Buffalo,New York,USA,2022-01-25
2636,Stephanie Salazar,anthonylane@example.com,(367)262-9602x96499,Miami,Florida,USA,2024-11-28
2637,Miguel Martinez,mevans@example.com,358-744-6577x137,Chicago,Illinois,USA,2025-01-18
2638,Christopher Shaw,cynthiathompson@example.com,001-632-827-6654x842,Boston,Massachusetts,USA,2025-02-03
2639,Grace Hill,lopezjessica@example.net,6217436659,Chicago,Illinois,USA,2022-06-28
2640,Christina Branch,tonyalewis@example.org,753-935-6682x2896,Denver,Colorado,USA,2022-07-31
2641,Elizabeth Valenzuela,elizabethmcpherson@example.org,001-798-901-3376x191,Austin,Texas,USA,2022-05-02
2642,Mr. Thomas Mcdowell,schaefermichael@example.net,462-331-5394,San Francisco,California,USA,2021-04-12
2643,Joshua Hutchinson,kmorgan@example.org,(239)375-0579x2151,Miami,Florida,USA,2024-03-16
2644,Matthew Wyatt,jeffrey02@example.com,232.406.5694x2763,Chicago,Illinois,USA,2025-09-17
2645,Craig Martin,apacheco@example.net,511.943.1075,Orlando,Florida,USA,2021-11-11
2646,Desiree Adams DVM,ryanwoodard@example.org,001-530-364-6143,Los Angeles,California,USA,2023-01-09
2647,Eric Ramsey,rebekah05@example.net,474-638-9475x2897,Los Angeles,California,USA,2023-05-26
2648,Lawrence Gaines,jacobsalinas@example.com,(840)342-1001x499,San Francisco,California,USA,2022-08-27
2649,Ronald Kennedy,lauren53@example.net,001-505-779-8662x692,Atlanta,Georgia,USA,2024-09-17
2650,Tammy Simon,johnsonemily@example.org,+1-355-439-5256x3773,Denver,Colorado,USA,2024-05-14
2651,Brooke Cox,hroman@example.org,711-575-1733,Orlando,Florida,USA,2022-02-13
2652,Steven Collier,davidmiller@example.com,001-944-338-7871,San Francisco,California,USA,2021-02-22
2653,Trevor Henson,michaelhorton@example.net,+1-891-605-4825x6273,Buffalo,New York,USA,2021-12-16
2654,Richard Foley,jmiller@example.org,+1-799-328-6878x4277,Denver,Colorado,USA,2022-08-21
2655,James Gonzales,brandonlawrence@example.net,(706)669-9128x568,San Francisco,California,USA,2023-08-28
2656,Jason Underwood,jamiecannon@example.org,456-385-4026,Atlanta,Georgia,USA,2021-08-25
2657,Jennifer Steele,baldwinkaren@example.com,323.851.8522,Austin,Texas,USA,2025-05-27
2658,Jennifer Gonzalez,copelandjessica@example.org,+1-287-914-8454x430,Miami,Florida,USA,2023-08-23
2659,Rachel Briggs,erojas@example.com,546-551-8316,Orlando,Florida,USA,2024-09-15
2660,Stacey Walker,janicegonzalez@example.com,957.886.6070x250,Austin,Texas,USA,2021-07-06
2661,Andrew Hughes,andrew52@example.com,406-889-6553,Denver,Colorado,USA,2024-01-20
2662,Dawn Nelson,wongjordan@example.org,+1-240-243-9684x8359,Miami,Florida,USA,2022-01-14
2663,Austin Keller,adrianpalmer@example.org,(538)381-9392x7191,Houston,Texas,USA,2025-12-19
2664,Kimberly Hutchinson,colecook@example.org,417.457.6018x08675,Miami,Florida,USA,2023-01-27
2665,Eric Patton,williammeadows@example.com,(351)577-3131x97493,New York City,New York,USA,2023-07-02
2666,Micheal Mcguire,brhodes@example.org,(859)837-6511x825,Los Angeles,California,USA,2022-06-24
2667,Gail Reyes,bryanttaylor@example.com,283-562-8134x135,Orlando,Florida,USA,2023-08-11
2668,James Reeves,victoria68@example.com,474-346-5448x21873,Austin,Texas,USA,2022-04-09
2669,Stephanie Whitehead,rmullen@example.org,001-750-831-5134x650,Atlanta,Georgia,USA,2022-07-05
2670,Tamara Norris,amymccormick@example.com,271.834.1253x8341,Las Vegas,Nevada,USA,2021-05-07
2671,Jimmy Merritt,yfisher@example.com,(620)667-0393x36777,New York City,New York,USA,2025-03-21
2672,Amanda Moss,james71@example.net,001-918-320-0340x935,Seattle,Washington,USA,2024-09-28
2673,Karla Mcdaniel,lisaherman@example.org,606-966-4651,San Francisco,California,USA,2021-06-25
2674,Katie Moran,gfox@example.com,(387)995-7971x149,Denver,Colorado,USA,2022-12-06
2675,Lindsay Carter,hollandcheryl@example.com,001-423-995-1083,Phoenix,Arizona,USA,2024-01-14
2676,Tonya Long,qweaver@example.net,001-784-220-0326,Miami,Florida,USA,2025-03-30
2677,Whitney Humphrey,josedavis@example.org,6767513352,Las Vegas,Nevada,USA,2022-04-11
2678,Anthony Joseph,eroy@example.org,+1-549-829-7045,Chicago,Illinois,USA,2021-05-05
2679,Jennifer Thomas,yjenkins@example.org,335-745-6143,Atlanta,Georgia,USA,2023-03-04
2680,Taylor Hendricks,gabriellatorres@example.net,001-795-231-2008,Atlanta,Georgia,USA,2023-12-07
2681,William Johnson,joshuarowland@example.com,3365423733,Miami,Florida,USA,2024-01-02
2682,Mark Collins,nicole71@example.net,001-476-421-7794,Denver,Colorado,USA,2025-11-11
2683,Robert Simpson,istafford@example.org,551-375-0796,Boston,Massachusetts,USA,2023-08-31
2684,Donald Brown,brenda19@example.com,001-251-896-6271x457,Las Vegas,Nevada,USA,2025-12-11
2685,Michael Winters,bmaxwell@example.org,001-537-385-7717x121,Buffalo,New York,USA,2023-09-03
2686,Nathan Mendoza DDS,awalsh@example.org,(979)662-4452,Austin,Texas,USA,2021-06-11
2687,April Montes,catherinecrawford@example.net,001-906-646-5949x186,Miami,Florida,USA,2025-10-15
2688,Cheryl White,jenniferthomas@example.com,+1-968-770-3755,Seattle,Washington,USA,2021-03-13
2689,Donna Webb,neaton@example.org,001-524-464-3081,Chicago,Illinois,USA,2024-03-15
2690,Gregory Stevens,greendevin@example.com,(443)850-9455x7314,Boston,Massachusetts,USA,2023-11-25
2691,Charles Sandoval,agonzales@example.org,+1-628-707-1002,Phoenix,Arizona,USA,2024-03-16
2692,Sarah Rice,onelson@example.com,+1-593-599-6979x3393,Denver,Colorado,USA,2024-06-24
2693,Kelsey Fuentes,andreahogan@example.net,001-882-358-1738,New York City,New York,USA,2021-09-04
2694,Jamie White,johnjohnson@example.net,+1-293-878-7352x199,Phoenix,Arizona,USA,2023-07-09
2695,Dawn Melendez,mjohnson@example.org,429-395-0867x2266,New York City,New York,USA,2021-12-09
2696,Joanna Alexander,idrake@example.com,639.871.8190x597,Buffalo,New York,USA,2025-07-14
2697,Rachel Kline,jeffward@example.net,640.962.4261x0332,Buffalo,New York,USA,2021-09-16
2698,Mr. Brian Herrera DDS,mendezmadison@example.com,932-494-0635,Los Angeles,California,USA,2023-05-18
2699,Jamie Harris,thomas26@example.net,001-285-200-7284x385,San Francisco,California,USA,2024-10-31
2700,Robin Durham,rhamilton@example.net,001-224-650-5149,Miami,Florida,USA,2022-02-18
2701,Julie Walker,obrooks@example.com,936-449-9610x77997,Atlanta,Georgia,USA,2024-07-08
2702,Charles Patterson,fcross@example.com,730.202.7027,New York City,New York,USA,2025-09-05
2703,Karen Barnes,sgallagher@example.com,001-293-380-5145x386,Las Vegas,Nevada,USA,2022-06-13
2704,Kelli Salas,kathleenblackwell@example.com,400-406-9915x58593,Houston,Texas,USA,2025-01-29
2705,Dawn Kelly,nmorgan@example.org,(714)389-4413,Boston,Massachusetts,USA,2025-07-12
2706,Jennifer Greene,sharonallen@example.org,869-559-0705x69510,San Francisco,California,USA,2021-06-28
2707,Brian Glover,aprilwashington@example.org,001-481-317-3069x938,Miami,Florida,USA,2024-02-14
2708,Carlos Alexander,ktaylor@example.org,7282405218,Miami,Florida,USA,2024-02-05
2709,Sean Castro,julieduncan@example.org,+1-360-648-5896x5498,Houston,Texas,USA,2025-10-21
2710,Alan Russo,tgomez@example.com,692-970-5487,Austin,Texas,USA,2023-12-01
2711,James Hernandez,hodgesara@example.org,(560)794-4615x012,Orlando,Florida,USA,2025-11-24
2712,James Brooks,dreynolds@example.com,7599085576,Los Angeles,California,USA,2025-05-30
2713,Laura Mckenzie,pberry@example.net,294-574-3729,Seattle,Washington,USA,2024-06-30
2714,Christian Benson,bmorton@example.net,402-676-4714,Las Vegas,Nevada,USA,2023-12-07
2715,Crystal Miller,libeverly@example.org,(562)337-7381x33098,Phoenix,Arizona,USA,2023-05-10
2716,Jacqueline Martin DDS,clarkpaul@example.org,001-228-774-2565x686,San Francisco,California,USA,2023-04-29
2717,Amanda Williams,rebecca95@example.net,001-938-315-7501x543,New York City,New York,USA,2021-10-31
2718,Amber Castillo,christine14@example.net,915.314.4661x99541,Las Vegas,Nevada,USA,2024-04-19
2719,Sean Russell,robert26@example.com,(788)754-5536x37766,Las Vegas,Nevada,USA,2025-04-03
2720,Amber Bates,juan23@example.net,362-826-6484,San Francisco,California,USA,2021-08-05
2721,James Moore,richardjoseph@example.net,5537315131,Las Vegas,Nevada,USA,2025-05-16
2722,Robert Shah,martinwilliam@example.com,544.379.3722,San Francisco,California,USA,2025-05-29
2723,Mr. Leonard Stanton,kgrant@example.com,685.984.3135x74087,Austin,Texas,USA,2025-11-12
2724,Sean Lee,ohernandez@example.com,275-865-7799,Chicago,Illinois,USA,2025-12-08
2725,Steven Yang,edward11@example.net,6953455192,Houston,Texas,USA,2025-12-03
2726,Carl Rubio,larryking@example.org,(717)406-4914x45337,Miami,Florida,USA,2022-06-25
2727,Robert James,hillshelley@example.org,(341)557-3376x8409,Miami,Florida,USA,2024-09-03
2728,Mark Hunter,montgomerytony@example.net,(771)745-1495x149,Orlando,Florida,USA,2024-03-17
2729,Chelsey Tucker,patrickjohnson@example.com,(596)361-8084,Las Vegas,Nevada,USA,2023-08-27
2730,Joshua Moreno,mreeves@example.net,6997070464,Los Angeles,California,USA,2021-12-19
2731,Alex Smith,greenjennifer@example.org,+1-899-508-1873x3002,Austin,Texas,USA,2023-04-06
2732,Brenda Lutz,gabrielcasey@example.org,(595)704-3260x59047,New York City,New York,USA,2024-06-20
2733,Ryan Martin,jorge30@example.com,897.634.5135,Las Vegas,Nevada,USA,2024-10-26
2734,Anthony James,espinozachelsea@example.net,001-672-374-0514x316,Seattle,Washington,USA,2023-04-03
2735,Lisa Bond,ryanbarnes@example.net,4254426006,Los Angeles,California,USA,2023-03-22
2736,Joseph Harris,nlynch@example.org,+1-495-794-5892,Boston,Massachusetts,USA,2025-12-06
2737,John Camacho,gregory49@example.com,556.555.1288x956,Houston,Texas,USA,2024-11-15
2738,Jason Reed,fbrown@example.net,7125213387,Buffalo,New York,USA,2021-04-11
2739,Melanie Green,turnerjillian@example.org,445-774-9883x96838,Seattle,Washington,USA,2023-09-01
2740,Sean Lewis,sharonnorris@example.com,(215)817-3466,Boston,Massachusetts,USA,2022-07-05
2741,Misty Bowman,teresascott@example.org,(475)461-0801x030,Boston,Massachusetts,USA,2023-02-02
2742,Michelle Clark,susan12@example.org,(898)532-3285x41422,Los Angeles,California,USA,2022-11-23
2743,Jennifer Kidd,danielbaker@example.org,215.304.5196x7877,Atlanta,Georgia,USA,2025-06-14
2744,Margaret Juarez,clarkroberto@example.com,(232)563-5546,Austin,Texas,USA,2022-09-29
2745,James Fitzgerald,christopherwalter@example.com,719.473.2381x545,Austin,Texas,USA,2025-09-23
2746,William Hansen,xkim@example.org,+1-860-323-5640x9309,Orlando,Florida,USA,2025-10-24
2747,Jacqueline Olson,ksimpson@example.com,001-699-993-8191,Seattle,Washington,USA,2024-11-03
2748,Bruce Young,georgeeileen@example.org,(841)555-1758,San Francisco,California,USA,2025-11-15
2749,Tammy Clark,jamessuarez@example.org,(789)696-6686,Buffalo,New York,USA,2021-10-03
2750,Brandon Martin,brownemily@example.com,(314)294-7396x543,Austin,Texas,USA,2025-03-04
2751,Jeffrey Jones,randolpherin@example.net,001-927-559-6088x958,Orlando,Florida,USA,2025-05-05
2752,Sharon Evans MD,jacobgreen@example.com,001-352-212-5860x620,Atlanta,Georgia,USA,2022-10-20
2753,Amber Andrews,stewartlauren@example.com,001-614-405-0850x134,Austin,Texas,USA,2025-02-01
2754,Melissa Stout,lscott@example.org,(247)625-4392x45396,Miami,Florida,USA,2024-05-23
2755,Alexander Best,ocampbell@example.com,(853)496-8527,Denver,Colorado,USA,2021-07-02
2756,Brent Holland,martinkristopher@example.com,(214)828-0970x2097,Buffalo,New York,USA,2023-06-24
2757,Heather Sloan,cindy17@example.com,+1-233-817-0253x3797,Buffalo,New York,USA,2025-08-15
2758,Steven Young,jmccall@example.com,(753)571-7201,Miami,Florida,USA,2025-02-26
2759,Alexander Gonzalez,matthewreyes@example.com,574-613-3115x196,Orlando,Florida,USA,2025-04-05
2760,Dr. Melissa Moore,mdouglas@example.org,(343)709-9034x913,Chicago,Illinois,USA,2025-11-12
2761,Margaret Gonzalez,freynolds@example.org,(446)735-1452x2823,Houston,Texas,USA,2025-08-09
2762,Sandra Hunt,jessica97@example.net,001-534-596-5775,Los Angeles,California,USA,2023-11-22
2763,Bryan Lawson,krausepaul@example.org,(541)223-1540x24478,Phoenix,Arizona,USA,2021-11-22
2764,Jodi Cook,rossdonald@example.net,4348914105,San Francisco,California,USA,2022-09-30
2765,Lori Harris,kmichael@example.com,(912)864-5436,Seattle,Washington,USA,2023-11-04
2766,Terry Castillo,tmendoza@example.com,926.498.6301x3332,Miami,Florida,USA,2021-10-05
2767,Sandra Smith,ewade@example.org,+1-696-914-9491x851,Phoenix,Arizona,USA,2025-10-10
2768,Trevor Villegas,hoganamy@example.net,626-306-8228x79561,Chicago,Illinois,USA,2025-12-06
2769,Krystal James,chambersmiguel@example.org,+1-832-257-8908x850,Las Vegas,Nevada,USA,2021-03-01
2770,Robert Johns,justingoodman@example.com,001-711-320-2730x238,New York City,New York,USA,2022-01-30
2771,Brenda Sims,marshalldylan@example.org,735.382.3398,Boston,Massachusetts,USA,2025-09-02
2772,Bryan Allen,ehines@example.org,+1-479-527-8767,Buffalo,New York,USA,2025-09-11
2773,Mark Klein,davidtownsend@example.com,214-844-8657x43062,Los Angeles,California,USA,2022-05-26
2774,Ellen Lowe,lisa91@example.net,572.502.9811x30084,Los Angeles,California,USA,2023-07-24
2775,Zoe Roach,fischercharles@example.net,296.633.0507x495,Los Angeles,California,USA,2023-01-09
2776,Ryan Jackson,petersenbrittany@example.net,+1-802-584-4161,Seattle,Washington,USA,2022-02-12
2777,Tonya Lamb,mariah88@example.com,263-723-8137,Austin,Texas,USA,2023-01-25
2778,Mr. Billy Sanchez,lho@example.com,001-859-541-5258x385,Atlanta,Georgia,USA,2023-08-09
2779,Jose Holder,jenkinskristin@example.com,001-266-484-7132x901,Chicago,Illinois,USA,2023-03-24
2780,Mariah Case,gina18@example.com,811.401.4602x35359,Denver,Colorado,USA,2021-09-11
2781,Alexis Mueller,medinamelinda@example.net,256.431.6766,Denver,Colorado,USA,2021-03-04
2782,James Aguilar,orice@example.net,+1-547-587-1819,Buffalo,New York,USA,2023-02-02
2783,Michael Wallace,baileychristopher@example.net,001-647-430-8028x213,Orlando,Florida,USA,2024-05-01
2784,Stephen Davis,joann04@example.com,269-278-9425x9634,Orlando,Florida,USA,2021-12-30
2785,Leslie Barnes,johnward@example.org,819-351-1303x076,Atlanta,Georgia,USA,2023-08-30
2786,James Spears,zjennings@example.net,001-346-348-2098x728,Las Vegas,Nevada,USA,2024-02-04
2787,Laura Munoz,kimberlyking@example.com,3555724772,Houston,Texas,USA,2022-12-07
2788,Jennifer Gonzalez,thernandez@example.net,560-349-4172,New York City,New York,USA,2025-09-12
2789,Alyssa Gonzales,hhenderson@example.com,772.618.5893,Boston,Massachusetts,USA,2022-06-14
2790,Tammy Rios,timothy57@example.org,(765)865-6416,Seattle,Washington,USA,2025-08-29
2791,Jim Rogers,maddoxlynn@example.org,5707180589,Seattle,Washington,USA,2021-07-05
2792,Katherine Lawrence,lindahenson@example.org,(652)257-6150x335,Austin,Texas,USA,2021-02-26
2793,Jennifer Gordon,karenfuentes@example.org,322-599-7853x210,Miami,Florida,USA,2021-04-12
2794,Kevin Cunningham,alecsmith@example.org,3376658490,New York City,New York,USA,2025-10-15
2795,Gerald Cook,hernandezmichael@example.net,609.809.5902x7990,Las Vegas,Nevada,USA,2025-05-17
2796,Larry Jones,blackjames@example.net,(948)983-6269x61636,Buffalo,New York,USA,2025-10-22
2797,Joy Fletcher,jacob69@example.net,626-391-5489x7881,Buffalo,New York,USA,2024-08-18
2798,Deanna Collier,egoodwin@example.org,(308)875-5056x244,Buffalo,New York,USA,2024-10-19
2799,Tyler Baldwin,garciapaige@example.org,001-438-270-7414,Buffalo,New York,USA,2022-07-06
2800,Donald Hanson,jason28@example.net,001-414-504-6247x863,Denver,Colorado,USA,2023-04-19
2801,Christopher Sexton,brandonguerrero@example.org,445.344.6843,Chicago,Illinois,USA,2021-02-11
2802,Teresa Williams,kenneth96@example.net,(617)873-0790x99199,Atlanta,Georgia,USA,2025-05-18
2803,Barry Smith,david03@example.net,(262)757-6210x902,Phoenix,Arizona,USA,2024-10-29
2804,Thomas Garza,nathaniel00@example.com,841-456-6305x7275,Los Angeles,California,USA,2023-08-29
2805,Susan Lopez,danielflores@example.net,(383)590-5370,Boston,Massachusetts,USA,2021-09-28
2806,Michelle Park,levyelizabeth@example.org,9329489323,Denver,Colorado,USA,2021-12-21
2807,Jennifer Alvarez,selena68@example.com,224.914.8426,Las Vegas,Nevada,USA,2025-06-29
2808,John Schultz,samuel58@example.com,+1-578-656-4519x2427,Los Angeles,California,USA,2022-04-04
2809,Michael Abbott,christopher52@example.org,+1-387-635-1187x7863,Austin,Texas,USA,2024-05-30
2810,Steven Ortega,aturner@example.org,001-471-903-1887,Phoenix,Arizona,USA,2022-09-18
2811,Mr. Jason Brown,gcontreras@example.net,+1-467-342-0505x7846,Seattle,Washington,USA,2024-12-23
2812,Dennis Russell,schmidtrichard@example.com,001-915-231-2141x382,Denver,Colorado,USA,2022-07-18
2813,Sandra Jordan,gedwards@example.net,966-201-7059x396,Miami,Florida,USA,2023-02-11
2814,Steven Watts,heather22@example.com,512-746-5529x5787,Atlanta,Georgia,USA,2022-12-16
2815,Joshua Taylor,erikstephenson@example.net,613-218-0021,Orlando,Florida,USA,2022-06-01
2816,Phillip Ferguson,ubeltran@example.com,(577)434-3282x391,Buffalo,New York,USA,2023-08-14
2817,Michelle Jones PhD,robertcarpenter@example.net,998-535-9808x469,Austin,Texas,USA,2024-10-18
2818,William Chavez,william56@example.org,213.270.2446x9845,Chicago,Illinois,USA,2025-08-16
2819,Timothy Johnson,tanner30@example.com,(964)465-8899,Las Vegas,Nevada,USA,2023-03-25
2820,Mrs. Elizabeth Velez,christopherluna@example.net,320-392-7493x909,Las Vegas,Nevada,USA,2021-07-29
2821,Andrew Rosario,petersoncole@example.org,+1-785-413-6840x5416,Los Angeles,California,USA,2023-11-14
2822,Katherine Smith DDS,xjimenez@example.org,+1-600-532-2607x347,Denver,Colorado,USA,2025-09-24
2823,John Scott,robert31@example.org,823.938.5437,Atlanta,Georgia,USA,2023-02-06
2824,Paul Kelley,chrishenderson@example.net,359-496-8224x312,Chicago,Illinois,USA,2024-08-18
2825,William Mcmahon,jilljackson@example.org,2788141257,Las Vegas,Nevada,USA,2024-06-01
2826,Anthony Jimenez,meaganevans@example.net,547-359-7113x15687,Austin,Texas,USA,2022-09-04
2827,Bianca Moore,logan63@example.net,768-745-8310x903,Denver,Colorado,USA,2021-08-10
2828,Karen Gray,heatherwells@example.org,(271)492-6421,Orlando,Florida,USA,2021-05-11
2829,Richard Olsen,burnsryan@example.com,001-849-670-6959x901,Houston,Texas,USA,2022-07-21
2830,Matthew Dawson,robert39@example.com,2212118700,Denver,Colorado,USA,2022-10-28
2831,Brenda Anderson,howarddavid@example.org,2896395608,Atlanta,Georgia,USA,2022-07-22
2832,Benjamin Griffin,linjustin@example.net,(547)259-9117,Austin,Texas,USA,2024-09-05
2833,Jennifer Brown,orobertson@example.net,457.660.2731x60350,Seattle,Washington,USA,2024-08-27
2834,Gina Long,davidford@example.org,001-852-841-6945x646,Austin,Texas,USA,2022-01-21
2835,Raymond Randolph,robert14@example.org,001-984-600-0013x743,New York City,New York,USA,2023-11-26
2836,Brent Chang II,jameswhite@example.com,001-383-737-6223x345,Phoenix,Arizona,USA,2022-05-08
2837,John Sullivan,aryan@example.com,800-400-5911,Boston,Massachusetts,USA,2021-04-27
2838,Debra Franklin,cindygarrett@example.org,789-714-0269x6315,Phoenix,Arizona,USA,2025-10-22
2839,Amber Smith,xwood@example.com,651.631.8382x370,Phoenix,Arizona,USA,2025-07-17
2840,Joshua Little,garciajames@example.net,538-454-1842,Las Vegas,Nevada,USA,2023-04-08
2841,Natalie Ewing,ewilliams@example.com,837.201.0653,Denver,Colorado,USA,2022-10-17
2842,Richard Mckenzie,emiller@example.net,710.882.6277,Denver,Colorado,USA,2021-10-14
2843,Tammy Harper,hamiltonandrew@example.org,469.360.9566x11828,Seattle,Washington,USA,2021-02-22
2844,Victoria Edwards,xtorres@example.net,309.675.3363,Denver,Colorado,USA,2023-10-16
2845,Vicki Taylor,ghinton@example.net,+1-661-475-6863x4549,Austin,Texas,USA,2022-06-16
2846,Jason Wilcox,matthewcooper@example.org,8035580875,Boston,Massachusetts,USA,2023-05-08
2847,Dylan Davis,huntermichael@example.org,688-231-9272x7783,Miami,Florida,USA,2023-03-07
2848,Russell Sims Jr.,mcmillanchristopher@example.net,517.871.1034x0207,Seattle,Washington,USA,2021-03-14
2849,Eric Gibson,daniel91@example.net,380-600-0013x302,Las Vegas,Nevada,USA,2024-12-21
2850,Leah Scott,millerjessica@example.org,001-592-915-8192x772,Las Vegas,Nevada,USA,2025-07-30
2851,Tiffany Morris,holmessamantha@example.com,(289)315-8336x59747,Buffalo,New York,USA,2022-12-04
2852,Joel Cowan,morrisonheidi@example.net,001-808-333-8265x619,Seattle,Washington,USA,2024-12-31
2853,Jamie Vega,cruzmegan@example.net,(677)808-6657,Buffalo,New York,USA,2024-11-06
2854,Kyle Ramos,caroline77@example.com,938.500.7506x8233,Chicago,Illinois,USA,2024-07-31
2855,Courtney Allen,sbarton@example.org,+1-626-878-8657x0738,Phoenix,Arizona,USA,2023-09-02
2856,Patrick Howard,dudleywanda@example.org,(413)230-5878,Boston,Massachusetts,USA,2024-10-07
2857,Dr. Patricia Dunlap,matthew76@example.net,001-230-888-8370x799,Houston,Texas,USA,2023-11-05
2858,Michael Banks,joyce34@example.com,+1-319-374-7084x867,Austin,Texas,USA,2025-09-28
2859,Nicole Moore,maria63@example.com,865.909.4162,New York City,New York,USA,2025-09-18
2860,Adam Lawson,anitavasquez@example.org,001-932-315-6670x191,Denver,Colorado,USA,2025-12-01
2861,Adam Hartman,jenniferwilliams@example.org,298.502.2131x89605,Chicago,Illinois,USA,2022-01-06
2862,Janice Parrish,wellskenneth@example.com,001-541-746-5545x123,Austin,Texas,USA,2021-07-19
2863,Benjamin Leon,julie15@example.net,(263)203-6338x64865,Orlando,Florida,USA,2021-09-20
2864,Edward Clark,rachelstewart@example.net,9192165364,Seattle,Washington,USA,2022-06-14
2865,Marilyn Austin,owashington@example.org,841.645.2448,Seattle,Washington,USA,2025-07-14
2866,Amy Hoover,james51@example.net,406-939-2946x513,Chicago,Illinois,USA,2025-04-12
2867,Andrew Montgomery,glennruben@example.com,001-338-847-0981x920,Boston,Massachusetts,USA,2022-01-10
2868,Cynthia Lowe,donnameyers@example.com,(359)332-8657,Denver,Colorado,USA,2022-11-19
2869,Dr. Lisa Erickson,taylorkayla@example.org,4066238183,Denver,Colorado,USA,2021-07-02
2870,Jason Duncan,hcole@example.net,001-596-507-9117x292,Buffalo,New York,USA,2022-12-29
2871,Michele Cunningham,jessicaward@example.org,(235)662-8724x504,Buffalo,New York,USA,2025-03-05
2872,Ricky Ortega,avilaroy@example.org,+1-898-421-8244,Atlanta,Georgia,USA,2022-09-21
2873,Anne Lee,carlasmith@example.net,(547)832-2322x42637,Miami,Florida,USA,2025-06-03
2874,Angela Peterson,carteryvette@example.net,001-878-647-5904x474,Boston,Massachusetts,USA,2022-11-10
2875,Derrick Smith,qwillis@example.net,4656253293,Houston,Texas,USA,2022-06-18
2876,Derrick Medina,joshuabrooks@example.net,001-655-908-9775,Las Vegas,Nevada,USA,2022-08-26
2877,Joshua Martinez,michaelreeves@example.org,001-662-920-4377x149,Orlando,Florida,USA,2025-10-10
2878,Joseph Silva,russellbailey@example.net,001-230-456-8208x082,San Francisco,California,USA,2023-08-22
2879,Andrew Wilcox,gregory10@example.net,001-494-923-5479x130,Los Angeles,California,USA,2025-11-10
2880,Lauren Matthews,jacksonchristopher@example.org,+1-722-679-8257x9988,Denver,Colorado,USA,2024-04-10
2881,Caroline Clarke,gregoryjackson@example.org,+1-307-970-0378,Las Vegas,Nevada,USA,2024-06-25
2882,Gregory Kemp,eddie60@example.net,889.859.2085x15122,San Francisco,California,USA,2023-08-26
2883,Alison Armstrong,slevy@example.net,911-571-5903x648,Boston,Massachusetts,USA,2022-02-03
2884,Michael Austin,fischerdustin@example.net,001-968-848-3432,Chicago,Illinois,USA,2021-09-03
2885,Angela Collins,lisadennis@example.net,001-259-995-7194x770,Atlanta,Georgia,USA,2024-10-26
2886,Miss Angela Newman,halljacob@example.com,259.721.7234,Miami,Florida,USA,2023-12-22
2887,Angelica Flores,hfisher@example.net,+1-343-787-0611x5421,Austin,Texas,USA,2023-04-27
2888,Linda Kline,jessicahughes@example.net,001-651-373-3666,Los Angeles,California,USA,2025-11-19
2889,Brandon Mccormick,andrew01@example.net,+1-401-610-6382,Atlanta,Georgia,USA,2021-11-05
2890,Cynthia Cruz,tammy95@example.org,+1-789-681-9785x5179,New York City,New York,USA,2022-02-15
2891,Jennifer Grant,staffordrachel@example.com,(294)389-3049x408,Houston,Texas,USA,2023-04-19
2892,Aaron Willis,faustin@example.net,+1-833-831-6792,Las Vegas,Nevada,USA,2023-07-27
2893,Philip Huff,jasminegriffin@example.org,299-390-6408x10671,New York City,New York,USA,2022-10-10
2894,James Garcia,catherine08@example.com,737-849-4558x39318,Atlanta,Georgia,USA,2025-01-05
2895,Mitchell Scott,jonathanford@example.net,826-588-8107,New York City,New York,USA,2025-05-15
2896,Brad Marshall,andrewburton@example.net,376-323-2558,San Francisco,California,USA,2023-09-26
2897,Michelle Howell,martinscott@example.com,451-680-7844,Houston,Texas,USA,2024-07-16
2898,Jeffrey Graves,brownmolly@example.org,(697)965-7125x445,New York City,New York,USA,2022-10-04
2899,Veronica Gomez,kbrown@example.net,6148090544,Denver,Colorado,USA,2021-04-29
2900,Patrick Brooks,fisherjohn@example.net,639.407.6667x524,Los Angeles,California,USA,2023-07-15
2901,Ryan Garcia,timothy97@example.org,(858)511-2450x7783,Austin,Texas,USA,2022-03-05
2902,Michael Hanson,baxterashley@example.org,316.962.3935x260,Phoenix,Arizona,USA,2025-05-04
2903,Tina Thompson MD,william32@example.com,435-542-7018,New York City,New York,USA,2024-03-26
2904,Raymond Anderson,williamsmark@example.net,704.567.4071,Phoenix,Arizona,USA,2021-11-21
2905,Philip Peterson,heidi35@example.com,(587)553-1848,Orlando,Florida,USA,2025-05-28
2906,Justin Rodriguez,loriharrell@example.net,(445)387-1663x93032,Phoenix,Arizona,USA,2025-05-16
2907,William Marquez,owenscody@example.org,455-374-1251,San Francisco,California,USA,2021-09-23
2908,Cheryl Clay,kellybond@example.org,491.794.4557x6696,Las Vegas,Nevada,USA,2023-06-08
2909,Jerry Garcia,imartinez@example.org,745.474.1756,Denver,Colorado,USA,2023-05-30
2910,Aaron Donovan,kellythompson@example.org,916.464.3335x199,Miami,Florida,USA,2023-05-29
2911,Andrea Stewart,scottkirk@example.net,+1-393-206-7642x0117,Orlando,Florida,USA,2023-02-25
2912,Lonnie Wilson,philip05@example.org,+1-704-595-6686x5103,Los Angeles,California,USA,2021-03-19
2913,Mark Taylor,margaretbullock@example.net,+1-902-853-2448x880,Chicago,Illinois,USA,2022-02-13
2914,Molly Graham,zkennedy@example.com,439-659-2891x4631,Seattle,Washington,USA,2023-02-04
2915,David Chavez,averyrichard@example.net,647.981.8222x34494,Los Angeles,California,USA,2022-10-22
2916,Mary Turner,alicia69@example.net,645-414-2157x2991,Phoenix,Arizona,USA,2025-09-03
2917,Anthony Brown,kristinamiller@example.org,+1-727-764-6123,Chicago,Illinois,USA,2022-01-26
2918,Patrick Bean,paularamsey@example.org,972.206.7730,Los Angeles,California,USA,2024-10-17
2919,Logan Hardy,richard62@example.org,001-375-539-1919x382,Los Angeles,California,USA,2024-07-07
2920,Miranda Smith,cindyturner@example.net,950-750-6815x11462,Seattle,Washington,USA,2022-05-25
2921,William Russell,harrisonshawna@example.com,(772)843-8144,Buffalo,New York,USA,2024-11-21
2922,Victoria Miller,brittany75@example.org,+1-701-244-6338x4554,Boston,Massachusetts,USA,2022-12-07
2923,Matthew Taylor,anita31@example.org,5592308989,Austin,Texas,USA,2021-09-22
2924,Meredith Valdez MD,martinstephanie@example.com,576-469-7068,San Francisco,California,USA,2023-02-25
2925,Jamie Ortiz,bruce00@example.net,+1-377-435-4962x5959,Chicago,Illinois,USA,2024-04-20
2926,Jackson Rangel,ryangreen@example.com,001-637-206-7564,Austin,Texas,USA,2021-12-09
2927,Brandon Robertson,davidharvey@example.com,772-205-5532x16855,San Francisco,California,USA,2025-08-15
2928,Rodney Larson,alexander83@example.net,(807)822-8849x9392,Los Angeles,California,USA,2022-09-03
2929,Kelsey Garcia,vchen@example.net,(585)844-3052,Austin,Texas,USA,2023-07-23
2930,David Potts,reynoldskristin@example.org,+1-670-272-7420x0502,Seattle,Washington,USA,2023-12-02
2931,Jessica Austin,carrieramos@example.net,+1-781-204-8591,Las Vegas,Nevada,USA,2023-12-10
2932,Sharon Jackson,angela78@example.com,+1-704-314-7140x8877,Houston,Texas,USA,2023-06-08
2933,Todd Bishop,denniswilson@example.net,279.601.6884,Boston,Massachusetts,USA,2024-11-07
2934,Sarah Norris,alexanderdean@example.net,879-914-1592x8427,New York City,New York,USA,2022-12-03
2935,Joyce Garcia,john74@example.com,001-367-385-6371x643,Boston,Massachusetts,USA,2023-10-01
2936,Jared Holmes,vicki24@example.org,516.487.4782x5634,Houston,Texas,USA,2025-03-17
2937,Adam Christian,martinsandra@example.net,931.649.1410x11201,Buffalo,New York,USA,2021-12-04
2938,Michael Davis,glenda96@example.org,001-642-738-0212,Boston,Massachusetts,USA,2025-07-21
2939,Kimberly Baker,gbrady@example.org,001-470-792-7857x436,Miami,Florida,USA,2021-02-09
2940,Michael Shelton,valentinepaul@example.org,+1-454-466-6920x7297,Buffalo,New York,USA,2022-04-05
2941,Patricia Haynes,gbray@example.com,001-433-244-5397x508,Seattle,Washington,USA,2021-09-26
2942,Tiffany Ball,pedro98@example.org,(884)440-2783,Buffalo,New York,USA,2025-02-12
2943,Kristen Velez,christine41@example.net,+1-447-890-4475x1537,Los Angeles,California,USA,2024-04-22
2944,Alicia Malone,huangkayla@example.org,282.800.0297,Chicago,Illinois,USA,2021-12-13
2945,Monica Tran,robert53@example.org,+1-222-522-1288x169,San Francisco,California,USA,2023-01-21
2946,Erica Herrera,kimstein@example.net,(632)372-3442,Seattle,Washington,USA,2024-08-25
2947,Shirley Atkinson,angelavilla@example.net,548-599-4822,Phoenix,Arizona,USA,2021-03-18
2948,Jonathan Acosta,zwebster@example.org,+1-399-571-0818x632,Miami,Florida,USA,2025-12-01
2949,Jill Mullins,jennifer21@example.com,(954)647-2270x048,Denver,Colorado,USA,2022-06-08
2950,Carmen Thompson,christina73@example.org,674.585.0837,Phoenix,Arizona,USA,2024-01-01
2951,Anthony Conway,rossadam@example.net,+1-730-777-3667,Las Vegas,Nevada,USA,2021-04-10
2952,Jessica Tucker,acostarhonda@example.com,533.635.3837x902,Las Vegas,Nevada,USA,2021-04-09
2953,Amy Kim,erika76@example.org,+1-227-781-2079x624,Denver,Colorado,USA,2021-08-10
2954,Dennis Anderson,hmurphy@example.com,001-737-720-1701x175,Denver,Colorado,USA,2025-09-09
2955,Jordan Brennan,hwright@example.org,(974)244-9989x07167,Los Angeles,California,USA,2021-04-09
2956,Robert Rowland,jefferyrhodes@example.org,7837341871,Seattle,Washington,USA,2021-08-26
2957,Alicia Lamb,brianlarsen@example.net,3354431373,Miami,Florida,USA,2023-06-29
2958,Laura Flynn,nortonjoseph@example.net,+1-481-998-7599x7322,Miami,Florida,USA,2021-09-11
2959,Lisa Thomas,nicolegraves@example.net,+1-663-891-0620,Chicago,Illinois,USA,2022-06-02
2960,Kristina Lozano,tateamy@example.com,001-819-848-6707,Orlando,Florida,USA,2024-12-08
2961,Sabrina Nelson,brenda18@example.com,701-954-2725,New York City,New York,USA,2022-02-25
2962,Noah Braun,foxderek@example.net,423-902-2727x5215,Seattle,Washington,USA,2024-11-05
2963,Monica Fitzpatrick,johngrimes@example.net,734-916-6382x677,Denver,Colorado,USA,2021-01-20
2964,Jeremiah Rodriguez,richard53@example.net,965-374-0968x3486,Austin,Texas,USA,2023-05-12
2965,Dylan Rowland,christinacunningham@example.com,236.905.3908x1100,Denver,Colorado,USA,2021-07-26
2966,Kaitlin Young,braunapril@example.org,001-763-274-1987x032,Denver,Colorado,USA,2023-12-02
2967,Ann Gonzalez,eugenekaufman@example.com,+1-445-645-4472x7879,Austin,Texas,USA,2024-06-29
2968,Jeffrey Rhodes,enielsen@example.com,306-568-6799x4206,Las Vegas,Nevada,USA,2024-12-06
2969,Lee Patel,jamesbennett@example.net,(259)330-8787,New York City,New York,USA,2023-05-08
2970,William Thompson,benderrachel@example.org,581-556-7102x62251,Atlanta,Georgia,USA,2021-08-03
2971,Carlos Ponce,kelly72@example.net,(284)601-2520,Chicago,Illinois,USA,2025-01-12
2972,Anthony Baird,vincentsantos@example.org,479-666-6783x0317,Las Vegas,Nevada,USA,2021-08-30
2973,Leon Hutchinson,nbell@example.com,(684)781-4196x79918,Austin,Texas,USA,2021-08-22
2974,Christian Hicks,victoria65@example.org,251.394.0568x45934,Phoenix,Arizona,USA,2021-08-06
2975,Joel Lin,mzimmerman@example.net,422.457.5022x5931,Orlando,Florida,USA,2022-02-11
2976,Caroline Adams,erica95@example.com,+1-903-407-9582x5467,Las Vegas,Nevada,USA,2022-02-14
2977,James Estrada,annamoyer@example.com,963-680-6626,Phoenix,Arizona,USA,2022-06-23
2978,Michael Huff,stevenssteven@example.org,(891)376-4803,Atlanta,Georgia,USA,2023-12-08
2979,Michael Kelly,anthony29@example.org,+1-456-450-5848x414,Buffalo,New York,USA,2023-01-04
2980,Sara Marquez,fletcherdennis@example.net,851.517.4863,Seattle,Washington,USA,2023-04-20
2981,Nancy Bell,jeremy17@example.com,+1-531-372-6108x456,Austin,Texas,USA,2021-11-25
2982,Danielle Fleming,lgarcia@example.com,908-389-9755x85379,Los Angeles,California,USA,2024-01-28
2983,Jason Reid,grivera@example.net,+1-388-974-4732,Orlando,Florida,USA,2022-03-02
2984,Wendy Duran,louis47@example.net,706.808.5588x348,Seattle,Washington,USA,2023-09-12
2985,Tony Hall,melissamccarthy@example.com,315-765-2770,Houston,Texas,USA,2022-04-26
2986,Victoria Martin,nbarron@example.net,+1-218-205-2792,Los Angeles,California,USA,2021-01-27
2987,Dawn Allen,hendersonkathleen@example.com,001-760-566-4932x375,Denver,Colorado,USA,2021-07-02
2988,Christina Pham,desireebaker@example.org,+1-825-748-5928x2066,Boston,Massachusetts,USA,2021-08-15
2989,Jonathan West,johnsonandrew@example.org,+1-810-300-3266,Atlanta,Georgia,USA,2024-03-21
2990,Adam Robbins,thogan@example.net,+1-691-462-7765x029,Denver,Colorado,USA,2023-10-09
2991,Peter Moore,wardjames@example.org,459.627.1976x616,New York City,New York,USA,2021-07-04
2992,Paul Lee,rodriguezelizabeth@example.com,+1-601-377-4460x8348,Phoenix,Arizona,USA,2023-11-14
2993,Mr. Jesus Blake,codyanderson@example.org,315.934.9762,San Francisco,California,USA,2025-01-21
2994,Mark Franco,shaungarcia@example.org,(448)966-8982x3973,Seattle,Washington,USA,2021-07-27
2995,Amanda Burnett,heather63@example.com,(750)412-1991x499,Boston,Massachusetts,USA,2022-06-09
2996,Stephen Rogers,joel01@example.net,(354)697-0594x4599,Denver,Colorado,USA,2022-04-19
2997,Randy Jones,benjaminjuarez@example.net,+1-470-371-3604,Orlando,Florida,USA,2022-08-30
2998,Thomas Ballard,johnsonrichard@example.com,+1-675-421-0084x865,Austin,Texas,USA,2023-08-09
2999,Todd Zimmerman,lhess@example.org,+1-505-444-1710x567,Los Angeles,California,USA,2021-07-24
3000,Melissa Stokes,cwebster@example.com,5647872358,Atlanta,Georgia,USA,2021-12-24
3001,Shawn Reid,torrestimothy@example.org,483-907-6273x2553,Atlanta,Georgia,USA,2021-03-22
3002,Elizabeth Hansen,heatherfoster@example.org,(550)463-4837,Atlanta,Georgia,USA,2022-08-19
3003,Crystal Smith,paula64@example.com,250.538.0954x1852,Houston,Texas,USA,2025-06-30
3004,Ashley Williams,holtandrew@example.com,530.650.9809,Denver,Colorado,USA,2022-10-03
3005,Kevin Ortiz,brownallison@example.com,(984)986-5584x2252,Miami,Florida,USA,2025-02-21
3006,Guy Rogers,sskinner@example.com,(592)477-5019,San Francisco,California,USA,2021-07-14
3007,Bianca Russell,kathrynthompson@example.com,(609)452-3814x9871,Atlanta,Georgia,USA,2025-04-02
3008,Monique Graves,stephen77@example.net,812.540.4938,Boston,Massachusetts,USA,2021-04-04
3009,Paul Vang,wmorgan@example.org,873.747.7630,Los Angeles,California,USA,2025-10-11
3010,Heather Thomas,tesparza@example.net,(799)315-8973x0378,New York City,New York,USA,2024-09-20
3011,Maureen Rhodes,dana29@example.net,001-736-887-6190x750,Denver,Colorado,USA,2021-12-16
3012,Timothy Reed,michael10@example.com,298-318-8696x1158,Houston,Texas,USA,2023-01-03
3013,Nicholas Gonzales Jr.,fmckee@example.net,(468)231-5624,Boston,Massachusetts,USA,2023-06-16
3014,James Walter,stricklandrichard@example.com,(990)354-3526x82194,Las Vegas,Nevada,USA,2022-07-04
3015,April Anderson,gilbertmccarthy@example.org,001-273-525-7592x123,Boston,Massachusetts,USA,2025-02-10
3016,Katie Elliott,nguyenjennifer@example.org,372-810-4631,San Francisco,California,USA,2023-02-03
3017,Monica Savage,knighttroy@example.org,(305)444-5931x813,Atlanta,Georgia,USA,2022-12-03
3018,Steven Smith,glee@example.org,(405)640-7647x186,New York City,New York,USA,2021-08-22
3019,Joshua Rodriguez,phillipsmason@example.org,001-794-680-7207x845,Miami,Florida,USA,2023-03-31
3020,Carlos Ramos,rkrause@example.org,(418)906-6725,Orlando,Florida,USA,2022-07-11
3021,Nicole Blair,jonathan45@example.org,001-290-867-7421x083,Atlanta,Georgia,USA,2023-03-01
3022,Donald Gonzalez,rgarcia@example.net,942.457.5423x73534,Seattle,Washington,USA,2025-10-09
3023,Victoria Barnes,gabrielhurst@example.org,902-327-7469x03384,Orlando,Florida,USA,2025-06-27
3024,John Smith,thobbs@example.com,001-652-422-1200x402,Miami,Florida,USA,2024-08-21
3025,Zoe Lopez,jdavidson@example.com,(835)800-2156x383,Boston,Massachusetts,USA,2025-06-21
3026,Douglas Campos,gsavage@example.com,001-694-791-9978x513,New York City,New York,USA,2021-08-20
3027,Danielle Martin,mjimenez@example.com,894-528-3188x86166,New York City,New York,USA,2024-11-26
3028,Edwin Mcguire,morrisonconnor@example.com,001-316-382-4977x054,Seattle,Washington,USA,2021-05-01
3029,Tara Green,acevedoroy@example.net,776-551-2674x907,Atlanta,Georgia,USA,2021-11-23
3030,Curtis Wright,robert93@example.org,695-965-1582x2309,San Francisco,California,USA,2023-05-03
3031,Gordon Simmons,xhooper@example.net,001-961-824-9833x441,Boston,Massachusetts,USA,2024-04-24
3032,Nancy Harris,nathanmartin@example.net,249-537-3529,Orlando,Florida,USA,2025-07-02
3033,Nicholas Miles,qwest@example.com,001-878-668-7320x718,Las Vegas,Nevada,USA,2024-10-21
3034,Brian Dunn,phillipmorrison@example.net,987-601-5398,Orlando,Florida,USA,2022-01-07
3035,Alisha Walton,lanebrandi@example.net,001-449-885-1174,Las Vegas,Nevada,USA,2023-02-17
3036,Carlos Shannon,anthony51@example.org,(385)289-3708,Phoenix,Arizona,USA,2023-01-05
3037,Haley Vega,reginahawkins@example.org,4047924601,Las Vegas,Nevada,USA,2021-03-01
3038,Matthew Andrews,zsantana@example.org,950-281-0866,Atlanta,Georgia,USA,2024-11-02
3039,Michael Anderson,margaret79@example.org,554.706.4282,Boston,Massachusetts,USA,2025-09-14
3040,Kathryn Stokes,nross@example.net,486-548-4121,Seattle,Washington,USA,2021-09-25
3041,James Bell,katherinewilliams@example.com,(872)335-2643,Orlando,Florida,USA,2023-09-27
3042,Ryan Downs,ubrown@example.com,962-298-4754,San Francisco,California,USA,2025-12-23
3043,Amy Jordan,ywilson@example.net,+1-748-838-5601x668,Miami,Florida,USA,2023-06-22
3044,Richard Rose,jerry24@example.net,553.493.0361x999,Los Angeles,California,USA,2021-05-10
3045,Alex Mueller,ojoyce@example.com,001-374-923-6837x803,Austin,Texas,USA,2024-09-03
3046,Jeffrey Medina,bryantstephanie@example.org,001-520-846-5456x566,Houston,Texas,USA,2021-01-26
3047,Christine Lee,clarkchristine@example.net,(923)404-2103,Seattle,Washington,USA,2025-11-14
3048,Elizabeth Medina,tyronewilliams@example.org,(733)257-9377,Denver,Colorado,USA,2023-12-11
3049,Kyle Lawrence,christinebarron@example.org,737.204.5740,Phoenix,Arizona,USA,2025-03-03
3050,Taylor Mccarthy,schaeferchristopher@example.org,+1-428-823-6964x938,Las Vegas,Nevada,USA,2025-01-22
3051,Anita Dunn,kleinjeffery@example.org,+1-233-667-3614,Las Vegas,Nevada,USA,2022-04-04
3052,Mr. Larry Mcclure PhD,amanda81@example.net,406-599-4292,Denver,Colorado,USA,2025-11-24
3053,Marc Paul,jennifer89@example.org,+1-420-410-8981x0723,Houston,Texas,USA,2023-11-30
3054,Sierra Chambers,vevans@example.com,630.419.4410x88344,Chicago,Illinois,USA,2024-11-10
3055,John Taylor,christopher78@example.com,+1-547-370-2392,Seattle,Washington,USA,2024-06-20
3056,Austin Gonzales,harperclayton@example.com,+1-739-279-2341x0242,San Francisco,California,USA,2023-06-06
3057,Michael Harris,starkkathryn@example.com,+1-844-318-7768,Denver,Colorado,USA,2025-01-28
3058,Tammy Schultz,kmiles@example.com,(204)329-7581,Buffalo,New York,USA,2023-09-14
3059,Stephanie Brown,rosestacie@example.com,001-823-406-5117,Houston,Texas,USA,2024-09-21
3060,Erika Wilson,patriciaguerra@example.net,2047960546,Denver,Colorado,USA,2024-08-06
3061,Katie Day,dominique17@example.net,9429047308,Miami,Florida,USA,2021-11-01
3062,Cameron Walker,monicaboyd@example.com,913-233-5802x1037,Atlanta,Georgia,USA,2025-08-20
3063,David Lewis,jamesballard@example.org,(227)641-5708x83286,Chicago,Illinois,USA,2024-06-09
3064,Brett Walker,jeffrey49@example.org,001-589-524-5574x643,Los Angeles,California,USA,2021-01-24
3065,Robert Robinson,estradamegan@example.net,481-781-5853x50629,Denver,Colorado,USA,2021-11-18
3066,Kimberly Johnson,cheryl94@example.org,833.731.2938x655,Chicago,Illinois,USA,2025-10-05
3067,Amy Moore,alecschmidt@example.com,384.579.2795,Orlando,Florida,USA,2025-10-11
3068,Tina Paul,inguyen@example.org,+1-559-614-6120x1407,Orlando,Florida,USA,2025-11-16
3069,Jerry Wallace,solisdenise@example.net,8105831734,New York City,New York,USA,2021-06-03
3070,Jacob Walker,melissahartman@example.com,417.652.8612,Phoenix,Arizona,USA,2023-10-04
3071,Dr. Margaret Williams MD,troyfletcher@example.net,983-650-0228,Houston,Texas,USA,2022-05-09
3072,Michael Garza,tina78@example.net,623-451-8026x421,Houston,Texas,USA,2022-07-24
3073,Michelle Phillips,tbowen@example.com,777-792-7969x3920,Los Angeles,California,USA,2023-11-05
3074,Sara Owen,qsmith@example.com,001-433-804-3494x815,Buffalo,New York,USA,2024-02-02
3075,Eileen Robinson,nknox@example.org,302-390-3008x103,Denver,Colorado,USA,2023-02-15
3076,Elijah Vasquez,terri78@example.com,(216)734-8443,Miami,Florida,USA,2025-08-01
3077,Timothy Velazquez,wcompton@example.org,723.282.8881x61371,Buffalo,New York,USA,2021-06-11
3078,Rick Cardenas DVM,parkerjeffrey@example.com,428-546-8638x7203,Orlando,Florida,USA,2023-06-29
3079,Pamela Goodwin,nbrown@example.com,727.440.2655,Phoenix,Arizona,USA,2024-03-19
3080,Justin Williams,jenniferwright@example.org,918.554.8051x43882,Orlando,Florida,USA,2021-06-30
3081,Raymond Adams MD,diane71@example.net,+1-513-724-0621x4613,Atlanta,Georgia,USA,2023-10-18
3082,Colin Cummings,xbrown@example.com,256-934-8141x57718,Orlando,Florida,USA,2022-10-10
3083,Kristy Thomas,christinepatterson@example.com,(485)914-1908,San Francisco,California,USA,2023-10-16
3084,Matthew Hill,lbailey@example.net,001-792-550-7633x736,Seattle,Washington,USA,2024-08-31
3085,Christopher Carter II,alyssa04@example.org,001-986-632-3102x655,Los Angeles,California,USA,2021-07-30
3086,Lindsey Foster,jperez@example.org,(508)534-0289x7409,Miami,Florida,USA,2023-04-25
3087,Tracy Vazquez,zramirez@example.net,653.495.6215,Los Angeles,California,USA,2024-02-16
3088,Jennifer Guerra,hbruce@example.net,+1-826-970-1361x916,Chicago,Illinois,USA,2021-01-01
3089,Ricky Martinez,cbanks@example.com,001-641-744-7720,Atlanta,Georgia,USA,2021-07-06
3090,Danny Haley,dchapman@example.net,862-276-2439,Phoenix,Arizona,USA,2024-05-22
3091,Connie Johnson,llawrence@example.org,001-438-391-7873x563,Las Vegas,Nevada,USA,2024-07-29
3092,Travis Spencer,harmondonald@example.net,001-987-573-5105,Austin,Texas,USA,2025-12-28
3093,Richard Jenkins,linda00@example.net,479-247-9293x6166,Chicago,Illinois,USA,2024-02-26
3094,Laura Koch,yfernandez@example.org,+1-567-876-3966x3527,Buffalo,New York,USA,2024-09-02
3095,Richard Chavez,alex08@example.com,938-738-9011,Denver,Colorado,USA,2023-07-24
3096,Rebecca Brewer,cochranpatricia@example.com,+1-807-379-8861x825,Houston,Texas,USA,2023-01-15
3097,Dean Clay,andersonsandra@example.org,(722)344-6616,Atlanta,Georgia,USA,2021-04-22
3098,Ronald Hoffman,lortiz@example.com,(670)243-8833x923,Atlanta,Georgia,USA,2022-04-02
3099,Michelle Lopez,ewu@example.com,(649)285-7742x7359,Atlanta,Georgia,USA,2023-07-20
3100,Melanie Johns,sharpsarah@example.com,920.692.6465x296,Houston,Texas,USA,2024-02-22
3101,Ashley Munoz,milesrobert@example.org,231.400.1797x7660,Phoenix,Arizona,USA,2024-06-23
3102,Alexander Calhoun,iparker@example.org,722.835.5220x94124,Las Vegas,Nevada,USA,2023-08-27
3103,Mario Hernandez,jacksonjonathan@example.net,6947113965,Seattle,Washington,USA,2024-09-07
3104,Michael Davis,tflores@example.net,+1-836-449-5092,Houston,Texas,USA,2025-01-06
3105,Lisa Olson,uhernandez@example.net,001-731-643-0614x328,Orlando,Florida,USA,2021-08-22
3106,Kyle Aguilar,perrybarbara@example.net,+1-618-692-3710,San Francisco,California,USA,2025-04-05
3107,Kathleen Sandoval,donnaking@example.net,+1-306-488-7858x039,Denver,Colorado,USA,2022-03-31
3108,Julia Boone,rogerssuzanne@example.net,001-575-918-9534x297,Los Angeles,California,USA,2022-12-01
3109,Rachel Harris,camachojohnny@example.org,432-269-4410x423,Houston,Texas,USA,2025-08-27
3110,Wayne Pitts,ydiaz@example.org,001-333-348-7819x342,Denver,Colorado,USA,2025-06-27
3111,Jessica Campbell,fedwards@example.org,(551)341-5617,Austin,Texas,USA,2024-01-27
3112,Darrell Wilson,jarmstrong@example.com,661.374.0353x0056,Chicago,Illinois,USA,2023-02-05
3113,Brittney Clark,myersmary@example.com,441-532-6301x50892,Seattle,Washington,USA,2021-08-06
3114,Christian Jones,jamiemarshall@example.com,+1-450-938-6072x9430,Los Angeles,California,USA,2021-12-03
3115,Donald Martinez,margaret97@example.net,+1-928-855-8679x3160,Orlando,Florida,USA,2021-10-15
3116,Nicholas Phillips,xochoa@example.com,001-261-728-0695x521,Atlanta,Georgia,USA,2025-01-08
3117,James Rodriguez,elamb@example.net,+1-459-471-3411,Seattle,Washington,USA,2025-01-17
3118,Melinda Stone,nelsonmelissa@example.net,+1-752-747-9655x4508,Miami,Florida,USA,2021-08-08
3119,Joseph Rogers,hughesbrent@example.org,001-687-688-8999,Austin,Texas,USA,2024-06-05
3120,Sarah Foster,kristinariley@example.org,001-259-440-5219,Buffalo,New York,USA,2022-01-20
3121,Rebecca Crawford,ilee@example.net,853-902-9333,San Francisco,California,USA,2025-10-12
3122,Gregory Elliott,michaelfernandez@example.org,001-627-291-3253x325,Miami,Florida,USA,2022-03-18
3123,Bob Thompson,gregory12@example.net,415-644-4850,Orlando,Florida,USA,2025-08-16
3124,Melissa Smith,priceamanda@example.org,813.277.9730x9514,Phoenix,Arizona,USA,2022-01-26
3125,Sean Jackson,bernard24@example.org,840-312-1785x6343,Seattle,Washington,USA,2022-11-24
3126,Jacob Johnson,carolking@example.org,(886)686-6775,San Francisco,California,USA,2025-03-31
3127,Leonard Lamb,patrickclark@example.org,3942816853,Miami,Florida,USA,2021-04-06
3128,Kaitlyn Zhang,joneskevin@example.org,670.827.3924x67831,Boston,Massachusetts,USA,2024-07-20
3129,Gene Johnson,johnayala@example.net,496.596.4773,Atlanta,Georgia,USA,2024-10-08
3130,David Stephenson DDS,cassandrabanks@example.org,624.806.1869,Las Vegas,Nevada,USA,2021-09-10
3131,James Li,rhondaking@example.com,8563958261,Phoenix,Arizona,USA,2023-07-12
3132,Vincent Fuller,moorematthew@example.org,(856)221-9747,Orlando,Florida,USA,2024-09-10
3133,Edward Evans,daniel26@example.com,(426)616-0464x3007,Las Vegas,Nevada,USA,2023-10-30
3134,James Hughes,nixonmichael@example.net,913.897.8374,New York City,New York,USA,2023-10-19
3135,Nathan Casey,ekennedy@example.org,424-427-8412x8761,Los Angeles,California,USA,2023-12-23
3136,Brian Ramirez,kwest@example.net,381-294-0681x2756,Seattle,Washington,USA,2021-04-10
3137,Andrew Coleman,douglasmoody@example.com,548.810.6247x16569,Chicago,Illinois,USA,2023-06-06
3138,Andrea White,jose52@example.net,8788647701,Atlanta,Georgia,USA,2024-04-13
3139,Dr. Stacey Hernandez MD,bmartinez@example.com,(738)613-7895x623,Orlando,Florida,USA,2023-11-08
3140,Holly Velazquez,briannasmith@example.com,+1-696-238-5952,Phoenix,Arizona,USA,2021-12-29
3141,Andrew Ramirez,kristina06@example.net,(360)758-8095x9243,Seattle,Washington,USA,2024-03-30
3142,Lori Sanchez MD,margaret02@example.org,468-366-0289,New York City,New York,USA,2025-02-05
3143,Jonathan Long,pamela91@example.net,581.554.8361x1538,Atlanta,Georgia,USA,2021-09-20
3144,Jasmine Fowler,justin34@example.com,001-843-803-4267x845,San Francisco,California,USA,2023-03-05
3145,Sharon Rodriguez,sarah68@example.net,960-896-4057,Denver,Colorado,USA,2024-05-14
3146,Phillip Dennis,ruizamy@example.net,+1-961-947-3074x802,Las Vegas,Nevada,USA,2025-12-13
3147,Melissa Duffy,hharris@example.net,+1-869-794-6521x745,Houston,Texas,USA,2023-10-30
3148,Susan Payne,james86@example.net,743-780-6841x4579,Boston,Massachusetts,USA,2023-02-27
3149,Robin Griffith,egonzalez@example.com,+1-267-499-7281x5613,Miami,Florida,USA,2024-06-01
3150,Lori Gates PhD,flewis@example.com,001-794-897-3976x876,Boston,Massachusetts,USA,2024-11-19
3151,Scott Rodriguez,craigtimothy@example.org,709-861-9975x117,Phoenix,Arizona,USA,2022-05-24
3152,Samantha Campbell,brian02@example.org,8919626969,Austin,Texas,USA,2023-03-26
3153,Reginald French,jasonpacheco@example.org,(337)431-9682x4369,Houston,Texas,USA,2022-08-26
3154,Amanda Kennedy,dmoore@example.org,(669)714-7012x983,Orlando,Florida,USA,2025-07-07
3155,Shawn Reyes,rjohnson@example.org,(600)766-5285x300,New York City,New York,USA,2021-10-10
3156,Michael Hicks,zferguson@example.com,+1-622-322-0065x977,Miami,Florida,USA,2024-05-18
3157,Chad Brown,clarkjustin@example.org,8688721704,Seattle,Washington,USA,2025-12-21
3158,Kaitlyn Moody,lloydcheryl@example.org,816-771-2304,Seattle,Washington,USA,2023-11-16
3159,Veronica Sanders,cassandra80@example.net,001-216-865-8136x622,Austin,Texas,USA,2025-09-23
3160,Melinda Taylor,michaelafletcher@example.com,5966399478,Seattle,Washington,USA,2024-01-27
3161,Andrea Adams,toddtracey@example.net,(647)640-7943,Atlanta,Georgia,USA,2022-10-05
3162,Brian Maddox,nicholas61@example.net,(921)832-3929x5019,Seattle,Washington,USA,2025-02-18
3163,Phillip Taylor,myersmelissa@example.net,001-508-572-6705x119,Boston,Massachusetts,USA,2024-02-08
3164,Amy Smith,courtney16@example.net,229.719.3042x0185,Denver,Colorado,USA,2022-03-22
3165,Darren Miller,wwiley@example.com,322.241.2865x0384,Buffalo,New York,USA,2022-03-06
3166,Michael Gomez,erikbaker@example.org,001-444-240-6615x922,Las Vegas,Nevada,USA,2025-01-03
3167,Katherine Cruz,lori61@example.net,482.355.9143,Austin,Texas,USA,2024-11-07
3168,Michelle Jackson,nicholas05@example.org,520.780.8617x80871,Houston,Texas,USA,2024-10-09
3169,Joseph Parker,edwardbaker@example.org,001-957-203-6595x925,New York City,New York,USA,2024-12-25
3170,Cody Dyer PhD,carolynlyons@example.net,(399)881-1721x37026,Denver,Colorado,USA,2021-12-31
3171,James Vaughn Jr.,jbrown@example.net,410-226-2108x3083,Chicago,Illinois,USA,2024-01-17
3172,Tracey Lane,jenna19@example.org,+1-441-553-1189,Seattle,Washington,USA,2024-07-28
3173,Rodney Miller,ithomas@example.net,828.277.1304x2387,Houston,Texas,USA,2024-12-25
3174,Adriana Figueroa,vli@example.com,+1-764-527-7097x852,San Francisco,California,USA,2025-04-08
3175,Patricia Williamson,lopezalexandra@example.com,731-674-4851,Houston,Texas,USA,2024-02-26
3176,Christopher Walker,jonathan25@example.net,+1-485-351-0889,Orlando,Florida,USA,2024-04-08
3177,Zachary Mcclain,uhill@example.org,959-496-4608,Las Vegas,Nevada,USA,2024-09-28
3178,Gina Porter,vmcpherson@example.org,381.276.8353x24781,Seattle,Washington,USA,2023-05-05
3179,Mary Wilson,mhernandez@example.net,001-374-746-9316,Denver,Colorado,USA,2025-03-12
3180,Angel Roberts,reevesandrew@example.org,+1-844-351-9649x2306,Boston,Massachusetts,USA,2025-09-20
3181,Theresa Smith,ydelgado@example.net,925-524-6719x3064,Chicago,Illinois,USA,2022-08-09
3182,Allison Rice,james89@example.net,524.535.9513,Boston,Massachusetts,USA,2025-10-02
3183,Mike Ortiz,rebecca32@example.org,(946)593-5516,Miami,Florida,USA,2025-07-14
3184,Kathleen Colon,whogan@example.org,839-771-8884x2716,Los Angeles,California,USA,2023-12-07
3185,Timothy Howard,kristinetrevino@example.org,840.834.7696x45440,San Francisco,California,USA,2021-02-21
3186,Linda Luna,matthewmartin@example.org,(593)208-0118x7213,Miami,Florida,USA,2021-10-25
3187,Amanda Johnson,tammy57@example.org,+1-838-661-6018x6191,Los Angeles,California,USA,2024-10-04
3188,Melissa Watkins,caseymichael@example.org,940.647.7350x31884,Los Angeles,California,USA,2022-02-14
3189,Danny Martin,michael33@example.com,(302)535-2179x21182,Austin,Texas,USA,2025-03-17
3190,Michael Jones,shawnbishop@example.com,+1-281-647-9605x6233,Phoenix,Arizona,USA,2021-11-26
3191,Patrick Zimmerman,gpowell@example.net,943-546-4582x95463,Austin,Texas,USA,2024-10-31
3192,Timothy Williams,nelsoncory@example.net,(623)242-5301x2819,Austin,Texas,USA,2021-10-27
3193,Ashley Taylor,dennis78@example.org,+1-574-914-6566,Atlanta,Georgia,USA,2021-05-08
3194,Andrew Green,daniellewells@example.com,001-451-443-5355x462,Seattle,Washington,USA,2025-05-26
3195,Stacey Turner,dhughes@example.net,349.709.1261x9358,Austin,Texas,USA,2022-02-22
3196,Brent Hartman,cindy40@example.org,689-765-6084x6954,Phoenix,Arizona,USA,2024-01-14
3197,Natasha Stein,xrosario@example.com,(212)334-0015x22904,Los Angeles,California,USA,2023-01-05
3198,John Martin,george12@example.net,472-420-9434,Atlanta,Georgia,USA,2023-07-16
3199,Thomas Phillips,nunezamy@example.com,978.573.4137x230,San Francisco,California,USA,2024-06-15
3200,Brett Lewis,masonsteven@example.net,789.353.5258x5355,Atlanta,Georgia,USA,2024-10-15
3201,Brian Carter,snoble@example.org,+1-872-243-0884,Seattle,Washington,USA,2024-02-25
3202,Dennis Wilson,kevin25@example.net,001-309-769-3375x790,Atlanta,Georgia,USA,2022-04-05
3203,Tina Rice,parrishjames@example.com,645.945.0529x65370,Seattle,Washington,USA,2024-08-18
3204,Jonathan Brown,stacey68@example.org,905-218-3440x27554,Chicago,Illinois,USA,2023-03-08
3205,Donald Mcclure,andrew36@example.net,268.634.0211,Buffalo,New York,USA,2023-11-13
3206,Paul Stone,paul65@example.org,893-209-6663x4916,Phoenix,Arizona,USA,2025-06-20
3207,Frank Cole,melissaandrews@example.com,(454)336-2331x931,Phoenix,Arizona,USA,2024-11-26
3208,Kristi Wilson,robinsontracy@example.org,001-980-207-7898x196,Austin,Texas,USA,2024-11-20
3209,Jennifer Cruz,ghicks@example.com,531.365.0983,Denver,Colorado,USA,2021-04-07
3210,Katherine Kramer,rodriguezroberta@example.org,(943)593-4698x984,Boston,Massachusetts,USA,2023-02-21
3211,Diane Watkins,merediththompson@example.com,001-280-515-3584x962,Miami,Florida,USA,2023-05-04
3212,Danny Martin,durhamcharlene@example.com,+1-786-301-7385x5555,Phoenix,Arizona,USA,2024-11-04
3213,Anna Padilla,ycharles@example.org,326-362-4436x7704,Houston,Texas,USA,2024-02-05
3214,Andrew Welch,dawnlong@example.com,+1-413-759-7489x564,Los Angeles,California,USA,2021-01-27
3215,Gerald Lewis,lfreeman@example.org,5535725656,Seattle,Washington,USA,2022-05-30
3216,Tyler Lee MD,williamsonanthony@example.org,8242201277,Buffalo,New York,USA,2024-06-24
3217,James Beard,elizabeth57@example.net,444.911.2848x4217,Atlanta,Georgia,USA,2025-05-19
3218,Steven Welch,jarvischristy@example.org,+1-647-389-1367x1616,Atlanta,Georgia,USA,2025-11-18
3219,Janet Young,shannonwheeler@example.org,255-509-7333x0987,Orlando,Florida,USA,2025-08-27
3220,Kayla Bush,reneepayne@example.net,(670)849-7344,Buffalo,New York,USA,2024-07-21
3221,Renee Phillips,wrightchristopher@example.org,001-552-821-8159x588,Seattle,Washington,USA,2024-12-24
3222,Monica Rose,qjohnson@example.net,(732)435-1139,Denver,Colorado,USA,2023-01-24
3223,Nathan Johnston,michael03@example.org,268.310.1324x7073,Phoenix,Arizona,USA,2024-04-20
3224,Donald Fry,rhoward@example.net,845-717-3301x65487,Chicago,Illinois,USA,2025-02-21
3225,Brandon Flowers,fishersarah@example.com,317-628-6421x36017,Las Vegas,Nevada,USA,2022-02-07
3226,Susan Moore,lisamartinez@example.net,253-719-6516x4418,Phoenix,Arizona,USA,2025-01-24
3227,Adam Stone,aprilmorton@example.org,+1-894-720-7961x9909,Buffalo,New York,USA,2022-08-26
3228,Melissa Perez,hawkinsvictor@example.net,878.915.7491x67165,Orlando,Florida,USA,2021-12-30
3229,Kenneth Lam,ivasquez@example.net,616-282-0385x28579,Denver,Colorado,USA,2021-06-02
3230,Scott Gould,sarah15@example.org,(989)585-1188x1167,New York City,New York,USA,2021-12-22
3231,William Hansen,darryl49@example.com,(675)471-6954x02313,Seattle,Washington,USA,2023-11-19
3232,Kristin Austin,wmatthews@example.com,639-757-0016,San Francisco,California,USA,2023-02-12
3233,Charles Oconnor,thompsonapril@example.com,+1-893-203-8147,Los Angeles,California,USA,2023-05-28
3234,Kenneth Baxter,joanhenderson@example.net,(325)295-3762,Austin,Texas,USA,2024-02-14
3235,Krista Ward,jenniferanderson@example.org,9665754905,Austin,Texas,USA,2021-09-24
3236,Cynthia Morris,thomasscott@example.net,6883306829,New York City,New York,USA,2024-04-11
3237,Tammy Williams,lfreeman@example.com,(279)219-1637,Atlanta,Georgia,USA,2022-06-07
3238,Thomas Thomas,heatherschmidt@example.net,+1-923-997-9708,Los Angeles,California,USA,2022-11-08
3239,Benjamin Contreras,gina44@example.org,502-899-3210,Orlando,Florida,USA,2024-12-24
3240,Samuel Montoya,chapmanyolanda@example.com,001-642-570-9831x818,Boston,Massachusetts,USA,2021-11-14
3241,Jesus Turner,nicolerandolph@example.net,350-982-7598x6858,Los Angeles,California,USA,2021-11-11
3242,Juan Haynes,robert74@example.net,(223)628-6425,Boston,Massachusetts,USA,2022-10-23
3243,Tyler Davis,ycarter@example.com,+1-784-206-6124,Las Vegas,Nevada,USA,2021-04-15
3244,Jeffrey Johnson,mooredana@example.net,381-216-0762,Phoenix,Arizona,USA,2024-07-04
3245,Robyn Bishop,rileywhite@example.com,+1-347-620-2063,Las Vegas,Nevada,USA,2025-09-23
3246,Andrew Vargas,jonathan29@example.com,001-440-656-8642x961,Denver,Colorado,USA,2022-09-09
3247,Olivia Solomon,lindaleonard@example.org,689.670.6044x62037,Orlando,Florida,USA,2025-06-06
3248,Karen Ray,estradaerin@example.org,821-842-1140x7813,Las Vegas,Nevada,USA,2024-02-01
3249,Linda Petersen,simpsonjames@example.org,001-942-271-3424,Houston,Texas,USA,2021-05-30
3250,Steven Wade,davidanderson@example.net,316.640.0489x524,Phoenix,Arizona,USA,2024-12-20
3251,Douglas Wall,roy66@example.org,+1-971-780-1206x335,Houston,Texas,USA,2023-12-13
3252,Lisa Woods,carla56@example.com,(564)666-7667x491,Buffalo,New York,USA,2022-01-12
3253,Ashley Stark,regina32@example.com,001-822-316-4532x442,Chicago,Illinois,USA,2021-05-20
3254,Duane Palmer,sheryl00@example.com,319.583.6514x69059,Phoenix,Arizona,USA,2023-11-01
3255,Mr. Manuel Ray,johnsonstephen@example.net,741.208.0750,New York City,New York,USA,2023-05-02
3256,Tina Duarte,rebecca51@example.org,(540)329-4220x85950,Chicago,Illinois,USA,2024-01-05
3257,Peter Huff,matthew95@example.net,+1-759-524-1971x665,Miami,Florida,USA,2021-07-08
3258,Angel Gardner,brewerkatie@example.org,(880)332-5383,Houston,Texas,USA,2022-03-30
3259,Debra Serrano,harrisoneric@example.org,+1-465-814-8111x4687,Boston,Massachusetts,USA,2022-03-13
3260,Johnny Mendoza,davidclark@example.com,(303)455-9967x313,Denver,Colorado,USA,2022-11-11
3261,Robert Stokes,cordovapriscilla@example.org,734-566-6291x3621,Houston,Texas,USA,2023-01-09
3262,Tiffany Scott,ssmith@example.com,001-512-505-8498x447,Austin,Texas,USA,2022-03-24
3263,Antonio Mendoza,morsemelissa@example.org,(233)236-9417x518,Phoenix,Arizona,USA,2024-06-20
3264,Gregory Richardson,matthewmurphy@example.net,001-238-768-6123x587,Chicago,Illinois,USA,2023-08-31
3265,Robert Williams,olsondavid@example.com,+1-485-863-6667x3139,Chicago,Illinois,USA,2025-08-14
3266,Joshua Ellis,tracy11@example.org,643-459-3939,Phoenix,Arizona,USA,2024-08-22
3267,Victoria Hunt,reneepatel@example.net,456-959-6040,Los Angeles,California,USA,2021-08-23
3268,Joe Rocha,framirez@example.org,657.482.9924,Denver,Colorado,USA,2022-12-10
3269,Frederick Williams,jason93@example.net,496.506.2638,Orlando,Florida,USA,2022-05-08
3270,Linda Richards,vnielsen@example.net,+1-774-454-5603x1868,Boston,Massachusetts,USA,2024-08-08
3271,Ronald Wiley,weissgregory@example.net,(645)348-2771x95911,Las Vegas,Nevada,USA,2024-06-26
3272,Crystal Evans,lruiz@example.org,288-444-0147,Buffalo,New York,USA,2021-03-23
3273,Anita Vargas,prodriguez@example.org,(688)728-4427x180,Denver,Colorado,USA,2025-12-19
3274,Timothy Bray,darrell17@example.com,001-947-256-3651x837,Houston,Texas,USA,2023-02-21
3275,Cheryl Chavez,riosfrank@example.org,(782)312-0358x1397,Boston,Massachusetts,USA,2025-06-19
3276,Shannon Mccullough,swalters@example.com,(324)705-5897x235,San Francisco,California,USA,2023-03-02
3277,Heather Sweeney,cherylolson@example.org,(659)484-5855,Austin,Texas,USA,2024-01-12
3278,Andrew Phillips,ymahoney@example.net,729-589-6733,Seattle,Washington,USA,2022-08-03
3279,Ryan Patterson,dustinwilliams@example.net,471-795-5763,Los Angeles,California,USA,2023-11-25
3280,Barbara Nash,chadbailey@example.com,+1-874-886-3747x0303,Atlanta,Georgia,USA,2025-04-27
3281,Scott Simmons,andersoncourtney@example.com,875-784-0531,Houston,Texas,USA,2023-11-20
3282,Catherine Hunter,steventanner@example.org,9342105882,Phoenix,Arizona,USA,2023-11-08
3283,Jacqueline Woods,emily97@example.com,500-697-0644x07125,Orlando,Florida,USA,2023-09-24
3284,Ashley Nguyen,connie24@example.net,3273820158,Los Angeles,California,USA,2022-08-31
3285,Alvin Palmer,brookelee@example.org,001-869-251-5223x450,Boston,Massachusetts,USA,2024-08-27
3286,Taylor Glover,tracyfarley@example.com,(270)780-6060x5064,Buffalo,New York,USA,2022-10-19
3287,Joshua Thompson,andrew14@example.net,307-990-4389x353,Chicago,Illinois,USA,2021-06-18
3288,Charles Roberts,bellelizabeth@example.org,(341)413-4148,San Francisco,California,USA,2021-12-09
3289,Joshua Anderson,swood@example.org,627-738-3968x85606,Phoenix,Arizona,USA,2024-01-07
3290,Kayla Abbott,mwilliams@example.org,395-479-9659,Chicago,Illinois,USA,2021-01-16
3291,Dana Burgess,lori94@example.net,607.284.5784,Denver,Colorado,USA,2021-05-15
3292,Caroline Christensen,castillonancy@example.org,865-302-8601x1837,Buffalo,New York,USA,2024-10-04
3293,Benjamin Mccullough,nealkatelyn@example.com,501.410.4708x44445,Denver,Colorado,USA,2025-05-04
3294,John Davis,hartkristen@example.org,409-345-2658,Buffalo,New York,USA,2025-11-07
3295,Howard Evans,athompson@example.org,6885887641,Denver,Colorado,USA,2023-05-19
3296,Jeremy Moore,mark69@example.net,+1-431-949-3548x8107,Atlanta,Georgia,USA,2021-08-01
3297,Tim Dawson,garzatina@example.net,4377773110,Buffalo,New York,USA,2024-01-07
3298,Cheryl Gibson,michele93@example.org,985-415-1494x00746,Atlanta,Georgia,USA,2024-12-10
3299,Jimmy Dean,garciatanya@example.org,907-260-5955,Boston,Massachusetts,USA,2025-02-27
3300,Jacob Schwartz,tsullivan@example.com,932.554.9660x7028,Phoenix,Arizona,USA,2023-06-11
3301,Rebecca Combs,andreaward@example.org,(416)962-9668,Denver,Colorado,USA,2025-07-31
3302,Christopher Elliott,valdezjoseph@example.com,+1-754-546-0688,San Francisco,California,USA,2025-03-10
3303,Mrs. Angela Carey,jacobjohnson@example.com,221-679-5348x5645,Denver,Colorado,USA,2021-11-11
3304,Christopher Johnson,gail41@example.com,216.564.1700,Los Angeles,California,USA,2023-07-30
3305,Kevin Scott,ibaker@example.org,(706)860-5808,Seattle,Washington,USA,2022-11-11
3306,Abigail Anderson,burtonbrett@example.net,407.424.2075x30877,Los Angeles,California,USA,2021-06-29
3307,Kyle Hampton,ogalvan@example.com,+1-758-660-1500x858,San Francisco,California,USA,2021-04-22
3308,Michelle Norris,carlos79@example.org,927-319-5261,New York City,New York,USA,2025-06-15
3309,Julie Wade,swagner@example.net,001-572-401-6485x471,Austin,Texas,USA,2024-02-17
3310,Kristen Haynes,jclark@example.org,300.743.6256,San Francisco,California,USA,2024-03-23
3311,Paul Luna,adrianhawkins@example.org,+1-376-224-0466,Atlanta,Georgia,USA,2022-04-12
3312,Amanda Novak,armstrongjulia@example.org,(318)693-2986x5366,Boston,Massachusetts,USA,2022-06-14
3313,Michael Tran,dhansen@example.org,343.461.2514x261,Miami,Florida,USA,2023-03-06
3314,Garrett Klein,moorelaura@example.net,+1-933-787-3006x032,Orlando,Florida,USA,2024-07-14
3315,Crystal Newton,vrichardson@example.net,001-741-608-9452x072,Miami,Florida,USA,2023-06-06
3316,Cheryl Cruz,heather33@example.org,001-684-655-2255,Houston,Texas,USA,2021-02-04
3317,Caroline Peterson,greenpatricia@example.com,001-732-855-8613x333,Miami,Florida,USA,2024-10-10
3318,Steven Santana,milleremily@example.net,472.336.7908,San Francisco,California,USA,2024-01-01
3319,Natalie Wood,jodyhernandez@example.org,918-590-9830,Los Angeles,California,USA,2024-08-06
3320,Christine Burke,lopezlinda@example.net,898-360-2082,Seattle,Washington,USA,2024-06-20
3321,Deborah Harris,sandra86@example.org,+1-935-988-0588,San Francisco,California,USA,2025-03-29
3322,Samantha Graham,ellisangela@example.net,7248464423,Seattle,Washington,USA,2024-04-14
3323,Donald Vaughn,ginaruiz@example.org,001-207-354-2248,Los Angeles,California,USA,2024-12-06
3324,James Ray,mallorylee@example.net,+1-215-596-5866x814,Atlanta,Georgia,USA,2021-05-29
3325,Kimberly King,sylvia53@example.com,393.326.3345x708,Houston,Texas,USA,2023-10-27
3326,Heather Collier,frussell@example.net,346-265-8490x8957,San Francisco,California,USA,2022-08-17
3327,Mr. Brendan Melton,garrettlewis@example.net,696-606-5855x22950,Phoenix,Arizona,USA,2024-11-05
3328,Albert Moss,amanda61@example.net,474-857-5768,Austin,Texas,USA,2024-05-27
3329,Rebecca George,reidrhonda@example.net,+1-673-503-6590x7746,San Francisco,California,USA,2022-07-31
3330,Timothy Knight,vbrown@example.com,4139334317,Phoenix,Arizona,USA,2023-06-16
3331,Lisa Henderson,colinpetty@example.com,740.426.1015,Miami,Florida,USA,2023-03-21
3332,Steven Clark,williamsjacqueline@example.net,001-457-278-8462x054,Atlanta,Georgia,USA,2024-09-15
3333,Anita Stone,lgolden@example.com,(663)940-1881,Los Angeles,California,USA,2023-08-29
3334,Jessica Scott,underwoodhaley@example.org,415.913.1948x288,New York City,New York,USA,2023-12-29
3335,Daniel Clark,ryan57@example.net,588-968-3547,Buffalo,New York,USA,2021-10-07
3336,Joel Collins,qlopez@example.net,001-879-931-9807x123,Seattle,Washington,USA,2023-03-12
3337,Melinda Ramsey,michael23@example.com,799.877.0414,Phoenix,Arizona,USA,2025-06-22
3338,James Lee,michealwalton@example.org,(632)487-7554x8400,Atlanta,Georgia,USA,2024-01-23
3339,Aaron Sampson,hgarza@example.net,476-901-9666x79399,Austin,Texas,USA,2024-07-22
3340,Megan Lee,parrishjanet@example.com,001-289-909-7892,New York City,New York,USA,2022-09-03
3341,Monica Hunt,staceylyons@example.net,501-336-2408,Denver,Colorado,USA,2025-12-22
3342,Rachel Hernandez,zgreen@example.com,645-263-2250x5467,Boston,Massachusetts,USA,2025-06-17
3343,Stephanie Lane,timothy20@example.org,(689)423-4371,Atlanta,Georgia,USA,2025-02-02
3344,Diane Lowe,mccormickjohn@example.net,824.792.8840x969,Denver,Colorado,USA,2023-02-04
3345,Joseph Preston II,gedwards@example.org,(707)821-5980,Los Angeles,California,USA,2024-02-08
3346,Thomas Hernandez,opearson@example.org,+1-813-637-8006x8409,Atlanta,Georgia,USA,2024-02-11
3347,Mrs. Samantha Castro,mark07@example.net,001-632-300-8224,New York City,New York,USA,2021-09-10
3348,Mark Bridges,huntlouis@example.com,6413936406,Los Angeles,California,USA,2021-01-11
3349,Brian Oneal,hunterroberts@example.org,+1-429-750-1023x2321,Las Vegas,Nevada,USA,2024-05-06
3350,Sara Shannon,tina73@example.com,2223149161,Miami,Florida,USA,2024-01-06
3351,Sarah Morgan,tamarasmith@example.net,984.328.1435x1941,Chicago,Illinois,USA,2021-06-24
3352,Mr. Matthew Wheeler,rodriguezjoshua@example.org,001-216-870-1410x488,Austin,Texas,USA,2022-03-07
3353,Gregory Farley,sotochristina@example.org,+1-427-236-5293x9725,Seattle,Washington,USA,2025-02-27
3354,Marcia Gray,dwatts@example.net,001-516-271-2794x401,Boston,Massachusetts,USA,2025-01-26
3355,Kenneth Anderson,johnburgess@example.com,001-897-307-3068x688,Houston,Texas,USA,2022-03-10
3356,Teresa Bryan,lorithomas@example.net,(740)240-2616x684,Miami,Florida,USA,2024-08-15
3357,Robert Goodman,gabrielsalinas@example.com,619.906.0459x82781,Atlanta,Georgia,USA,2023-11-16
3358,Gloria Newton,cheyenne71@example.com,(591)526-9815,New York City,New York,USA,2021-11-26
3359,Zachary Perez,lisa09@example.net,(269)478-8331,New York City,New York,USA,2022-03-29
3360,Terri Gordon,bradleycox@example.com,798-303-4405x85659,Las Vegas,Nevada,USA,2025-09-06
3361,Kaitlin Scott,kimberlytownsend@example.org,344-492-0954x554,Austin,Texas,USA,2022-02-02
3362,Christine Davenport,koneal@example.com,001-744-922-8329,San Francisco,California,USA,2022-01-07
3363,Elizabeth Gonzales DVM,afigueroa@example.com,+1-555-409-4786x416,Denver,Colorado,USA,2025-06-26
3364,Tamara Smith,jennifer92@example.com,521-318-9462,Las Vegas,Nevada,USA,2025-10-12
3365,Jessica Orozco,maria56@example.org,+1-863-600-4335x9015,Los Angeles,California,USA,2025-10-10
3366,Melvin Soto,jennifer94@example.org,767-935-9283x962,Phoenix,Arizona,USA,2024-01-30
3367,Deborah Garcia,wmcdaniel@example.com,364.906.3365x586,Orlando,Florida,USA,2024-08-13
3368,Anthony Hudson,ystevens@example.net,692.549.6234,Chicago,Illinois,USA,2021-05-30
3369,Thomas Gordon,christopher62@example.net,237.394.7741x73336,Austin,Texas,USA,2024-10-07
3370,John Medina,xwoods@example.net,3538450358,San Francisco,California,USA,2022-05-29
3371,Renee Alvarado,cheryl80@example.net,+1-861-684-6487x6085,San Francisco,California,USA,2022-02-09
3372,Russell Harris,mwalter@example.net,(342)486-6227,Seattle,Washington,USA,2024-04-04
3373,Danny Hughes,tina67@example.org,+1-906-807-2772x365,Orlando,Florida,USA,2022-11-09
3374,David Hale,zgomez@example.net,616.740.2261x2349,Houston,Texas,USA,2021-09-20
3375,Carrie Norris,gibsonjoseph@example.net,(761)948-1099,Denver,Colorado,USA,2024-09-04
3376,Andrea Hoffman,apriljuarez@example.com,7335156670,Buffalo,New York,USA,2021-07-24
3377,Maria Conley,patelmark@example.net,+1-638-760-6962,Austin,Texas,USA,2024-06-22
3378,Kenneth Brown,alexanderdaniels@example.net,858.363.8040x441,San Francisco,California,USA,2022-02-01
3379,Mark Andersen,harrisadam@example.org,248-753-9610x48088,Houston,Texas,USA,2023-09-23
3380,Karen Baker,tward@example.com,001-402-949-3871x389,Orlando,Florida,USA,2022-11-04
3381,Crystal Caldwell,gina58@example.net,001-690-757-3019x952,Las Vegas,Nevada,USA,2024-09-12
3382,Jill Holmes,micheal66@example.org,(530)351-2816x37996,Austin,Texas,USA,2024-11-21
3383,Dana Webster,victoriacastro@example.com,(683)569-5700x1503,Las Vegas,Nevada,USA,2021-11-09
3384,Samuel Hernandez,jamesmorris@example.org,234-733-5712,Las Vegas,Nevada,USA,2024-03-06
3385,Mr. Robert Robinson,gsmith@example.org,397.228.7024x56453,Houston,Texas,USA,2025-07-13
3386,Mark Miles,xjohnson@example.net,001-560-789-6744,Houston,Texas,USA,2023-05-28
3387,Ms. Courtney Cox,amora@example.net,+1-515-363-3606x1013,New York City,New York,USA,2021-01-10
3388,Alex Zamora,gmoore@example.com,630.481.6903x503,Houston,Texas,USA,2022-05-20
3389,Charles Ball,jessica04@example.org,685-511-6883x9211,Phoenix,Arizona,USA,2022-03-30
3390,Kathleen Reed,zhall@example.net,+1-546-967-6682x9300,Seattle,Washington,USA,2025-02-24
3391,Steven Bernard,broberts@example.com,285.608.8257,Denver,Colorado,USA,2023-06-13
3392,Nicholas Rogers,jon83@example.com,+1-788-674-2109x4380,Austin,Texas,USA,2025-09-17
3393,Jordan Owen,julie98@example.org,5185608075,Houston,Texas,USA,2021-10-03
3394,Monica Tran,katie76@example.org,8427709839,Denver,Colorado,USA,2025-02-10
3395,Ronald Fox,crystal38@example.net,9532634716,Houston,Texas,USA,2025-12-03
3396,Robert Mahoney,zpearson@example.net,4546452925,Orlando,Florida,USA,2023-08-06
3397,Donna Smith,kgreen@example.org,889-831-0587,Orlando,Florida,USA,2023-01-05
3398,Monica Pratt,piercejoshua@example.org,(857)814-1787x4105,Phoenix,Arizona,USA,2022-09-18
3399,Carl Strong,rodney02@example.com,001-878-265-3578x666,Orlando,Florida,USA,2024-02-04
3400,Charles Davis,joshuahoffman@example.org,(847)599-8441x851,San Francisco,California,USA,2021-12-26
3401,Karen Barnes,kristinehardin@example.net,001-808-223-7105,Denver,Colorado,USA,2024-05-27
3402,Christina Vaughn,hilljean@example.org,(372)324-3758,San Francisco,California,USA,2025-09-20
3403,Gregg Myers,gpugh@example.com,314-777-7163,Austin,Texas,USA,2025-10-25
3404,Christina Williams,vthomas@example.com,461.818.9192x83440,Atlanta,Georgia,USA,2021-10-14
3405,Samantha Barnett,marvinpeters@example.net,+1-797-643-5408,Boston,Massachusetts,USA,2024-01-09
3406,Aaron Carr,courtney92@example.net,367.656.7538x6688,Buffalo,New York,USA,2022-06-24
3407,Yvonne Lewis,emilyvelasquez@example.org,001-637-633-2640x819,Seattle,Washington,USA,2025-12-21
3408,Tonya Tate,andrewphillips@example.com,959.891.9215,Denver,Colorado,USA,2021-06-06
3409,Dawn Hill,annehamilton@example.org,2528870019,Seattle,Washington,USA,2021-06-04
3410,Dustin Cuevas,edwin12@example.org,(862)844-3762x920,Boston,Massachusetts,USA,2021-02-08
3411,Debbie Lowery,dpatton@example.org,407.701.0955x753,Atlanta,Georgia,USA,2023-11-05
3412,Jody Scott,stephenhester@example.com,+1-918-756-9117x8188,Denver,Colorado,USA,2021-03-05
3413,Kathy Davis,ricerebecca@example.org,393.778.4087,Atlanta,Georgia,USA,2024-04-06
3414,Gregory Morales,kathleensmith@example.org,8477194065,Las Vegas,Nevada,USA,2023-04-10
3415,Amanda Brown,idorsey@example.com,646-439-1027,Phoenix,Arizona,USA,2024-04-23
3416,Robert Hunter,bduke@example.org,714.870.1260,Buffalo,New York,USA,2021-03-17
3417,Mia Holden,richardchapman@example.org,(220)413-4214x8763,Chicago,Illinois,USA,2022-06-18
3418,Kathryn Key,millerandrew@example.org,001-568-785-3591,Chicago,Illinois,USA,2024-01-11
3419,Chelsea Patterson,ukerr@example.com,388.582.4591x987,Orlando,Florida,USA,2024-09-01
3420,Bryan Vasquez,kathleenspencer@example.org,+1-739-627-5413x8705,Phoenix,Arizona,USA,2021-11-01
3421,Alyssa House,tom53@example.org,613-369-0702x4991,Houston,Texas,USA,2023-03-15
3422,John Garcia,apalmer@example.com,001-953-760-0454x579,Buffalo,New York,USA,2025-12-31
3423,Daniel Clark,ssweeney@example.net,(837)724-4497x122,Phoenix,Arizona,USA,2024-04-22
3424,Donna Clay,robertmartin@example.org,2914258534,Seattle,Washington,USA,2025-10-22
3425,Susan Romero,joel97@example.org,(540)913-7489x67826,Austin,Texas,USA,2021-10-02
3426,Cameron Sanders,riverasabrina@example.net,+1-231-780-4479x405,Orlando,Florida,USA,2023-10-24
3427,Felicia Nelson,ortizbruce@example.com,(727)506-1050x09171,Chicago,Illinois,USA,2021-07-05
3428,Justin Davis,qcowan@example.org,+1-598-384-7975,Miami,Florida,USA,2023-01-16
3429,Michelle Cox,marcus16@example.com,939.282.8836,Chicago,Illinois,USA,2021-01-22
3430,Jesse Allison,iarnold@example.net,+1-775-971-9887x2307,Denver,Colorado,USA,2022-05-05
3431,Jennifer Santos,jstewart@example.com,830-609-3220,Atlanta,Georgia,USA,2025-07-10
3432,Alex Curtis,gjackson@example.org,(419)841-0282x96380,Las Vegas,Nevada,USA,2024-11-02
3433,Kyle Pena,marthacannon@example.org,315.912.2658,New York City,New York,USA,2025-03-31
3434,Kevin Brewer,michaelschmidt@example.com,468.712.3053,Chicago,Illinois,USA,2021-10-15
3435,Anthony Jones,ryandaniel@example.org,407.438.8801,Orlando,Florida,USA,2021-11-23
3436,Dennis Gonzalez,ibell@example.org,2102745205,New York City,New York,USA,2024-03-05
3437,Laura Jones,gwilson@example.org,351.411.5041x22501,Las Vegas,Nevada,USA,2024-09-12
3438,Joy Hubbard,brian82@example.com,303.690.9738x079,Atlanta,Georgia,USA,2021-10-27
3439,Cynthia Pruitt,burkeanthony@example.com,741-846-8817,Seattle,Washington,USA,2025-02-08
3440,Keith Peters,amber35@example.net,227-753-6247,Orlando,Florida,USA,2023-01-05
3441,David Lee,thomas09@example.org,383.356.3640x5858,Los Angeles,California,USA,2022-03-25
3442,Hayley Alvarez,cholden@example.com,(476)262-7106x104,Phoenix,Arizona,USA,2023-09-26
3443,John Mccall,jim68@example.org,215.297.8007x86169,Buffalo,New York,USA,2021-05-09
3444,Emily Green,dmurphy@example.net,448.814.4439x446,Austin,Texas,USA,2023-01-27
3445,Jason Robinson,cody81@example.net,783.434.9415,Buffalo,New York,USA,2021-03-29
3446,Sarah Williamson,rmurray@example.com,235-289-9616,Denver,Colorado,USA,2022-02-28
3447,Brian Sanchez,emason@example.net,497.789.2930x9077,Chicago,Illinois,USA,2025-06-09
3448,Amber Moody,chasesheryl@example.net,409-746-6605x06890,Houston,Texas,USA,2023-03-06
3449,Morgan Hensley,ogonzalez@example.net,307-904-1902x416,Orlando,Florida,USA,2023-07-21
3450,Chad Landry,cjuarez@example.net,3538301925,Boston,Massachusetts,USA,2021-04-06
3451,Alejandro Rice,brandon31@example.org,001-274-247-1565x037,Los Angeles,California,USA,2024-08-21
3452,Mr. Daniel Dixon,dmedina@example.org,(902)815-2620,Houston,Texas,USA,2021-07-31
3453,Laura Joseph,dedwards@example.org,001-886-797-2500x697,Seattle,Washington,USA,2023-12-04
3454,Kayla Lang,bridget23@example.org,+1-951-310-8178x3135,Denver,Colorado,USA,2025-08-27
3455,Amy Barker,hcoleman@example.com,(358)481-8837x60617,Austin,Texas,USA,2025-09-06
3456,Gloria Brown,chelsealang@example.com,+1-626-540-8344,Seattle,Washington,USA,2022-06-24
3457,Clayton Holmes,gwendolyn59@example.net,808-577-1756,Las Vegas,Nevada,USA,2024-01-20
3458,Kevin Cameron,ryankathleen@example.org,(500)973-8654,Las Vegas,Nevada,USA,2021-12-23
3459,Bryan Brandt,aliciastevens@example.org,(949)976-1934,Miami,Florida,USA,2024-08-31
3460,Jane Davis,johnsoncolleen@example.com,(445)831-1571,Miami,Florida,USA,2023-01-19
3461,Christopher Bryant,powelljordan@example.com,(656)958-4042x91037,Las Vegas,Nevada,USA,2024-08-31
3462,Edwin Perry,moorechristian@example.org,398-376-4155x7213,Boston,Massachusetts,USA,2025-09-08
3463,William Fox,leahpitts@example.org,(282)997-6722,San Francisco,California,USA,2023-11-25
3464,Angela Morse,lewismichael@example.net,001-933-566-8949x492,Austin,Texas,USA,2023-02-10
3465,John Phillips,garyroberts@example.com,995-454-9684,Boston,Massachusetts,USA,2022-04-02
3466,Melissa Williams MD,racheldavis@example.com,471-569-9444,Chicago,Illinois,USA,2023-04-12
3467,Cindy Guerra,trevor04@example.org,001-955-547-1200,Houston,Texas,USA,2025-08-01
3468,Anita Peters,jamesann@example.com,(539)497-7675,Atlanta,Georgia,USA,2022-12-08
3469,Laura Herrera,piercejacqueline@example.com,+1-690-858-8419x482,Orlando,Florida,USA,2025-06-12
3470,Melanie Tanner,jonesallison@example.org,546.670.0616,Orlando,Florida,USA,2025-12-22
3471,Jorge Johnson DDS,tyronesmith@example.net,521.685.0822x616,Las Vegas,Nevada,USA,2021-01-14
3472,Douglas Mitchell,veronica90@example.org,552.740.0175x5049,Chicago,Illinois,USA,2025-12-12
3473,Brian Davis,bmcmahon@example.org,001-353-438-7928x392,New York City,New York,USA,2023-06-20
3474,Kathryn Martinez,riossusan@example.com,+1-500-974-3262x8432,New York City,New York,USA,2022-04-17
3475,Tyler Welch,luiswells@example.org,001-844-624-7222,San Francisco,California,USA,2023-11-20
3476,Brittany Lin,jeffreyfrancis@example.org,+1-560-632-2275x6175,Denver,Colorado,USA,2022-07-30
3477,Megan Jones,nrobinson@example.net,001-818-519-2424x129,Buffalo,New York,USA,2021-11-04
3478,Lance Wood,williamromero@example.org,2934974980,New York City,New York,USA,2021-11-19
3479,Jennifer Gonzales,maria45@example.com,894-544-4297x372,Houston,Texas,USA,2024-05-17
3480,David Proctor,amanda37@example.net,(357)837-8513x931,Seattle,Washington,USA,2025-08-01
3481,Brian Heath,yking@example.net,001-396-575-7057x171,San Francisco,California,USA,2024-09-15
3482,Rachel Perez,randall55@example.org,335-384-1034,Buffalo,New York,USA,2023-04-30
3483,Jessica Underwood,andrewstanley@example.net,(820)217-3822,Phoenix,Arizona,USA,2022-11-08
3484,Jennifer Long,afisher@example.com,9997648863,Seattle,Washington,USA,2021-08-21
3485,Kristina Garcia,colleenjuarez@example.net,510-729-8493,Orlando,Florida,USA,2024-10-14
3486,Keith Thomas,iwood@example.net,001-769-548-6320x130,Orlando,Florida,USA,2023-09-09
3487,David Vazquez,mmcintyre@example.org,886-664-1151,Buffalo,New York,USA,2024-04-24
3488,Patricia Short,mrobles@example.org,296.259.7826,New York City,New York,USA,2024-08-18
3489,April Gibson,jacobbutler@example.net,6889843913,Atlanta,Georgia,USA,2023-04-22
3490,Stanley Serrano,jason88@example.net,+1-393-812-9044x2823,Los Angeles,California,USA,2022-05-15
3491,Bradley Beck,jenniferjackson@example.org,001-910-215-1060x978,Los Angeles,California,USA,2021-09-19
3492,Michael Moore,perkinsemily@example.com,+1-466-431-0094x5319,Las Vegas,Nevada,USA,2024-04-28
3493,Janet Paul,frankmiller@example.com,001-625-607-6233x275,New York City,New York,USA,2021-10-03
3494,Tami Robertson,simpsonsandra@example.net,293-960-1616x8763,Denver,Colorado,USA,2023-11-16
3495,Christopher Pittman,timothy84@example.net,363.291.7013,Los Angeles,California,USA,2025-12-30
3496,Frank Alexander,glenchambers@example.org,+1-658-362-3422x3422,Las Vegas,Nevada,USA,2021-10-28
3497,David Hill,jamessmith@example.com,(557)676-0612x5174,Los Angeles,California,USA,2021-12-07
3498,Alfred Collins,helenbradley@example.org,001-916-696-4668x026,Austin,Texas,USA,2022-01-04
3499,Haley Soto,griffinnicole@example.net,001-861-624-7685x976,Chicago,Illinois,USA,2023-04-11
3500,Kristy Gillespie,carly02@example.net,(777)646-9482,Las Vegas,Nevada,USA,2024-02-29
3501,Julie Sanchez,lisa82@example.org,3135768352,Denver,Colorado,USA,2021-02-08
3502,Mr. Christopher Mullins,robert53@example.com,(917)505-7267,Boston,Massachusetts,USA,2025-01-13
3503,Renee Williams,leejoseph@example.org,7775900121,Seattle,Washington,USA,2024-09-17
3504,Jonathan Parker,mitchell06@example.org,218.810.6319x8544,Atlanta,Georgia,USA,2022-08-04
3505,Steven James,ntaylor@example.net,7656165126,San Francisco,California,USA,2022-03-20
3506,Sarah Olson,frank14@example.org,(723)687-7870x009,Orlando,Florida,USA,2024-05-27
3507,Amy Walsh,lindagarrett@example.com,538.812.3543,Orlando,Florida,USA,2025-11-12
3508,James Smith,drowland@example.org,+1-307-807-3736x6803,Orlando,Florida,USA,2021-12-16
3509,Maria Graham,aespinoza@example.com,(560)605-5931x9949,Buffalo,New York,USA,2025-08-28
3510,Michael Jones,nmiller@example.org,(787)798-2622,Miami,Florida,USA,2024-05-15
3511,Jill Torres,harveyjose@example.com,+1-308-890-6603x6340,New York City,New York,USA,2025-06-16
3512,Angela Perry,davidhickman@example.org,563.545.2804,Las Vegas,Nevada,USA,2025-08-08
3513,Peter Scott,lisa81@example.com,394-761-5286x8159,Phoenix,Arizona,USA,2022-01-08
3514,Eric Potter,lvazquez@example.com,001-417-790-6081,Las Vegas,Nevada,USA,2024-09-12
3515,Antonio Johnson,stephaniebaker@example.net,001-871-747-0675,Chicago,Illinois,USA,2022-06-26
3516,Richard Smith,whitedaniel@example.net,001-879-776-4704x860,New York City,New York,USA,2025-01-23
3517,Charles Graham,martinbright@example.com,825-316-2802,Denver,Colorado,USA,2022-12-03
3518,Robin Hill,lisamorse@example.net,674-269-7851x3681,Boston,Massachusetts,USA,2023-07-18
3519,Deborah Bennett,gina00@example.net,+1-427-229-1714x1121,Las Vegas,Nevada,USA,2024-04-24
3520,Hannah Shaw,carlos36@example.net,+1-326-431-3494x6078,San Francisco,California,USA,2022-04-16
3521,Terry Noble,bernardeileen@example.net,622-929-3114x23115,Miami,Florida,USA,2023-03-01
3522,Lauren Hayes,scottclaire@example.net,+1-698-583-1206x0539,New York City,New York,USA,2021-08-11
3523,Carol Robertson,meagan12@example.net,+1-393-687-8843x1074,Los Angeles,California,USA,2022-02-19
3524,Kelsey Perry,gregory30@example.org,001-520-418-8706,Chicago,Illinois,USA,2025-10-27
3525,Brittany Nelson,wilsongerald@example.net,3169807328,Boston,Massachusetts,USA,2023-10-30
3526,Lori Davidson,gibsonedward@example.net,+1-790-766-5056,Denver,Colorado,USA,2023-05-10
3527,William Pennington,yatesryan@example.com,761-672-7753,Atlanta,Georgia,USA,2021-11-03
3528,Meghan Hale,edavis@example.net,(298)614-2185x92930,Las Vegas,Nevada,USA,2021-07-17
3529,Denise Thomas,robert89@example.com,(416)261-1857x0010,New York City,New York,USA,2023-09-02
3530,Rebecca Hall,wmorales@example.net,819.755.7290x3413,Boston,Massachusetts,USA,2024-06-13
3531,James Crawford,deborahhernandez@example.com,(359)406-3593,Las Vegas,Nevada,USA,2021-03-21
3532,Melissa Jones,johnsoncarmen@example.net,329-598-2486,Boston,Massachusetts,USA,2025-05-25
3533,Anne Lee,rebekah07@example.com,001-910-791-2045x938,Chicago,Illinois,USA,2023-10-28
3534,Tamara Perez,marco54@example.com,+1-519-966-2300,Phoenix,Arizona,USA,2021-08-29
3535,Craig Chan,timothy08@example.org,618-607-7833x68261,San Francisco,California,USA,2023-09-15
3536,Steven Davenport,shane31@example.org,9267689742,Denver,Colorado,USA,2021-09-24
3537,Benjamin Mills,thompsonnathan@example.org,+1-216-353-9794x474,Boston,Massachusetts,USA,2024-05-20
3538,Michelle Cook,afuentes@example.net,292-472-5452x8324,Chicago,Illinois,USA,2025-08-22
3539,William Navarro,taylornicole@example.net,001-243-497-1501,Los Angeles,California,USA,2025-05-06
3540,Megan Duncan,parkerdavid@example.net,001-600-394-0177,Denver,Colorado,USA,2024-08-22
3541,Tammy Harris,ashlee11@example.org,001-867-502-4911,Miami,Florida,USA,2023-12-06
3542,Mikayla Schneider,jford@example.net,346.479.3072x1782,Miami,Florida,USA,2023-01-29
3543,Dr. Miguel Brown,stephanie64@example.org,+1-973-545-7635,Atlanta,Georgia,USA,2021-03-30
3544,Bradley Lewis,jessica25@example.net,(774)856-4431x3281,Seattle,Washington,USA,2023-12-22
3545,Jason Lopez,tiffanyhardy@example.net,001-404-660-8467x407,Miami,Florida,USA,2022-04-15
3546,Kelsey Camacho,changdaniel@example.com,+1-799-471-7908x481,Phoenix,Arizona,USA,2023-09-15
3547,Michael Jones DDS,trevorpark@example.com,+1-536-813-2040x6322,Phoenix,Arizona,USA,2025-04-24
3548,Jonathan Davis,fhart@example.org,830-973-6619,Miami,Florida,USA,2022-12-19
3549,Laura Lawrence,mbuchanan@example.com,716.926.6714x16826,Las Vegas,Nevada,USA,2025-07-06
3550,Jeremy Frederick,lutzdevin@example.org,+1-821-951-9709x6273,Seattle,Washington,USA,2025-04-09
3551,David Bradley,angelagreen@example.com,486.217.8405x4851,Atlanta,Georgia,USA,2024-11-27
3552,Cameron Gray,ewalter@example.org,444-998-7715,Las Vegas,Nevada,USA,2021-07-20
3553,Annette Daniel,caitlin33@example.net,001-891-697-9368,Miami,Florida,USA,2021-10-02
3554,Eugene Miller,jasminemyers@example.org,001-712-582-7756,Austin,Texas,USA,2023-09-05
3555,Rebecca Warner,opatterson@example.net,332.664.2667x730,Phoenix,Arizona,USA,2022-04-22
3556,Samantha Peterson,toddaustin@example.com,840.671.6276,Boston,Massachusetts,USA,2025-10-26
3557,Dr. Michael Boyd,davidsonpatrick@example.org,910.466.6029,San Francisco,California,USA,2022-08-04
3558,Felicia Harris,monica09@example.net,8147806810,Las Vegas,Nevada,USA,2025-12-01
3559,Sandra Diaz,woodwarddarlene@example.org,+1-226-423-7505x4322,Chicago,Illinois,USA,2023-04-17
3560,Mr. James Miles,justinbrown@example.net,337.259.4587x02307,Austin,Texas,USA,2022-01-23
3561,Jamie Williams,gutierrezshelly@example.org,(386)779-5240x874,Los Angeles,California,USA,2024-12-23
3562,Mary Huff,vanessa07@example.com,864.649.6392x1481,Seattle,Washington,USA,2025-06-05
3563,Donald Macdonald,katie65@example.com,001-851-991-6002x226,Los Angeles,California,USA,2024-03-29
3564,Lisa Fisher,kevinchase@example.net,001-817-381-4808x965,Chicago,Illinois,USA,2021-08-30
3565,Louis Sandoval,holtmelanie@example.org,+1-268-675-7412x2876,Chicago,Illinois,USA,2021-01-15
3566,Timothy Pratt,qcunningham@example.org,490.540.8086,Miami,Florida,USA,2024-09-02
3567,Michael Walters,campbellsteven@example.net,719.512.1259,Buffalo,New York,USA,2024-11-09
3568,Cindy Taylor,david66@example.com,001-720-668-5660x902,Phoenix,Arizona,USA,2022-10-09
3569,Roy Espinoza,anthonyhoward@example.org,(715)454-2771x4104,Miami,Florida,USA,2023-01-12
3570,Kimberly Sullivan,ghunter@example.org,+1-604-895-2605x185,San Francisco,California,USA,2021-11-13
3571,Brandon Harris,lisahansen@example.org,(523)814-4886,Miami,Florida,USA,2024-08-27
3572,Andrew Franklin,joseph85@example.net,001-497-652-6570x056,Las Vegas,Nevada,USA,2022-06-04
3573,Tyler Suarez,christyjohnson@example.net,716-809-6293,Austin,Texas,USA,2025-10-17
3574,James Nguyen,smithkayla@example.org,249.921.2096x9860,Chicago,Illinois,USA,2023-05-18
3575,Michael West,coxkristi@example.com,(923)794-7646x9145,Las Vegas,Nevada,USA,2023-01-19
3576,Melissa Gamble,rileydavid@example.net,+1-209-559-9056,Las Vegas,Nevada,USA,2022-07-19
3577,Jean Glenn,iduran@example.net,001-551-503-1530x870,Denver,Colorado,USA,2023-03-25
3578,Travis Hill,abuckley@example.net,+1-368-287-0641x080,Phoenix,Arizona,USA,2022-02-22
3579,Christopher Elliott,lsimpson@example.com,001-985-351-5703x434,Miami,Florida,USA,2024-02-05
3580,Amy Delgado,lisa05@example.net,734.294.3747,Phoenix,Arizona,USA,2024-02-16
3581,James Hansen,jason92@example.net,(336)893-4115x2564,Orlando,Florida,USA,2022-01-02
3582,Anthony Avery,jason30@example.com,906-496-5148x2682,Houston,Texas,USA,2024-02-20
3583,Phillip Hatfield,sabrinawright@example.org,001-722-741-1771,Chicago,Illinois,USA,2023-09-18
3584,Jessica Henry,zimmermanlaura@example.org,515-821-9269,Austin,Texas,USA,2022-09-21
3585,Kevin Williams,michelleharvey@example.com,831-503-9868,Las Vegas,Nevada,USA,2022-12-07
3586,Edward Taylor,powersthomas@example.com,(774)853-7709x6422,Phoenix,Arizona,USA,2024-12-15
3587,Reginald Jones,mckaydaniel@example.org,001-491-944-2381x454,Miami,Florida,USA,2025-02-15
3588,Ashley Scott,isaac55@example.net,(627)319-2074,New York City,New York,USA,2025-10-18
3589,Elaine Holmes,charlenecaldwell@example.com,232.684.5381x29166,Atlanta,Georgia,USA,2024-09-12
3590,Stephanie Oneill,rojasangela@example.org,001-968-670-1721x518,San Francisco,California,USA,2025-03-12
3591,Andrew Brown,gloria31@example.net,(922)464-9232,Buffalo,New York,USA,2023-07-04
3592,Eric Parks,morgan38@example.net,547.464.9952,Phoenix,Arizona,USA,2024-12-03
3593,Christina Kennedy,kimberly26@example.com,764-684-3514,New York City,New York,USA,2021-07-25
3594,Jennifer Price,matthew85@example.com,(988)959-9189x034,Buffalo,New York,USA,2023-11-08
3595,Darlene Mcgee,kristen85@example.org,001-391-811-3083x212,Miami,Florida,USA,2025-05-29
3596,Thomas Juarez,wbarnes@example.org,001-797-431-0298x331,Houston,Texas,USA,2025-06-29
3597,Anna Riddle,wcampbell@example.net,+1-688-271-0548,Chicago,Illinois,USA,2024-06-11
3598,David Hebert,brownsarah@example.com,(558)815-3936x22339,Seattle,Washington,USA,2024-11-02
3599,Jeffrey Bailey,ryan59@example.org,5544888507,Seattle,Washington,USA,2021-04-17
3600,Kyle Ortiz,meltonrachel@example.org,(492)752-3209x96627,New York City,New York,USA,2023-03-08
3601,Katelyn Jones,smithandrea@example.org,558.382.2272x4859,Denver,Colorado,USA,2021-01-11
3602,Shawn Wagner MD,dharris@example.com,986.576.7703,Phoenix,Arizona,USA,2021-07-06
3603,Robert Giles,angelawilliams@example.com,719.999.4650x123,Atlanta,Georgia,USA,2021-10-25
3604,Tina Gonzalez,terri97@example.org,+1-734-506-2629,Orlando,Florida,USA,2024-05-14
3605,Eric Nelson,cnorton@example.net,259-594-1883x6808,Miami,Florida,USA,2021-06-30
3606,Jeffrey Price,jenny17@example.com,(225)539-1255x250,San Francisco,California,USA,2022-06-23
3607,Kenneth Pope,tammyalvarez@example.com,3277870332,Buffalo,New York,USA,2023-01-30
3608,Kathryn Clark,mclark@example.net,+1-528-558-6743x604,San Francisco,California,USA,2024-06-01
3609,Noah Parks,randolphscott@example.com,2608947188,Los Angeles,California,USA,2025-01-23
3610,Maria Reed,christophermartinez@example.com,(896)573-0746,Miami,Florida,USA,2023-04-01
3611,Jamie Price,browntara@example.com,+1-912-877-9491,Las Vegas,Nevada,USA,2024-09-05
3612,Sean Blevins,jeffreygreene@example.com,001-427-504-9141x856,Chicago,Illinois,USA,2022-08-10
3613,Daniel Skinner,danieljimenez@example.net,6033724709,Seattle,Washington,USA,2024-05-08
3614,Victoria Beltran,brianevans@example.com,(790)903-5920,Los Angeles,California,USA,2025-05-04
3615,Shelley Castaneda,bonnieanderson@example.net,(963)303-0783,Atlanta,Georgia,USA,2021-12-25
3616,Jennifer Green,kimberly61@example.org,+1-257-498-1233x1603,Denver,Colorado,USA,2023-10-10
3617,Megan Powell,mercerkelly@example.org,(415)930-8040,Orlando,Florida,USA,2021-01-22
3618,Andrea Mcclain,jacksonhannah@example.net,001-433-523-4542,Buffalo,New York,USA,2025-10-08
3619,Angela Woods,yblack@example.org,242-976-5657,Denver,Colorado,USA,2025-07-05
3620,Austin Scott,ortizmichelle@example.org,+1-621-742-1061x1410,Chicago,Illinois,USA,2022-08-09
3621,Jonathan Smith,katherine24@example.com,(416)519-4653x709,Buffalo,New York,USA,2021-03-10
3622,Mary Franklin,lindawhite@example.org,(736)577-0989,Phoenix,Arizona,USA,2024-05-12
3623,Victoria Gomez,crawforddavid@example.net,588-212-1555x24899,Chicago,Illinois,USA,2023-11-23
3624,Kathy Martinez,malonerichard@example.net,304.211.2126x10906,Seattle,Washington,USA,2022-04-20
3625,Breanna Duncan,aruiz@example.net,+1-577-680-3493x163,Las Vegas,Nevada,USA,2021-12-14
3626,Holly Alexander,weaverscott@example.com,877-615-5648,Denver,Colorado,USA,2021-03-15
3627,Chris Green,omatthews@example.org,+1-515-489-9609,Houston,Texas,USA,2022-05-05
3628,David Williams,ryansmith@example.com,924.501.5217x38101,Denver,Colorado,USA,2021-01-01
3629,Melissa White,qgarcia@example.org,989-499-6739x03169,New York City,New York,USA,2021-06-27
3630,Ashley Ryan,dawn84@example.org,834.831.9085x734,Austin,Texas,USA,2025-05-16
3631,Gina Pierce,vbrown@example.net,001-242-227-0955x772,Miami,Florida,USA,2022-12-25
3632,Melissa Perry,spencerryan@example.org,638-620-1877x67129,Denver,Colorado,USA,2023-03-21
3633,Stephanie Wood,zhardy@example.com,666.620.6272,Miami,Florida,USA,2024-04-15
3634,Adam Knight,xruiz@example.org,716.923.9252x655,Buffalo,New York,USA,2023-11-27
3635,Tara Russell,rodriguezmary@example.org,2569555304,Los Angeles,California,USA,2025-02-18
3636,Diana Burton,alyssamoore@example.net,507.659.3359x242,Seattle,Washington,USA,2021-05-21
3637,Steven Anderson,amysmith@example.net,510.563.7811x8689,Boston,Massachusetts,USA,2021-07-04
3638,Michele Spears,kayla34@example.net,971-228-4038x40588,Chicago,Illinois,USA,2022-08-06
3639,Louis Ali,bradleylisa@example.net,+1-473-523-3519x5096,Seattle,Washington,USA,2025-08-27
3640,Elizabeth Johnson,tammy93@example.net,001-298-733-3378x733,Chicago,Illinois,USA,2024-04-08
3641,Kirsten Salazar,ashley81@example.com,480.459.5155x67464,Houston,Texas,USA,2022-12-13
3642,Anthony Perry,ccarter@example.com,670.642.8048x91929,Atlanta,Georgia,USA,2022-07-21
3643,Daniel Reid,mburns@example.net,580.947.0130,Buffalo,New York,USA,2024-05-26
3644,Adam Nelson,williscorey@example.com,+1-297-405-7973x108,Buffalo,New York,USA,2023-07-21
3645,Benjamin Perez MD,rebeccarichardson@example.net,819-303-2221x1388,Boston,Massachusetts,USA,2023-04-08
3646,Jessica Johnson,ysmith@example.com,795-672-4168,Las Vegas,Nevada,USA,2021-01-10
3647,Robert Barber,garrettteresa@example.com,440.553.4749,Austin,Texas,USA,2021-12-25
3648,Joshua Mack,lhardy@example.org,656-751-3907x267,Miami,Florida,USA,2023-11-03
3649,Monique Mendez,loganberry@example.net,478-902-7152,San Francisco,California,USA,2024-02-19
3650,Scott Haynes,reneegonzalez@example.net,(317)216-8138x35817,San Francisco,California,USA,2023-10-28
3651,Brittany Schneider,alexander57@example.net,+1-935-842-1135,Austin,Texas,USA,2022-11-28
3652,Vernon Phillips,murphybreanna@example.com,+1-284-931-5227x911,San Francisco,California,USA,2025-07-03
3653,Gregory Pineda,pwood@example.org,(400)268-6523,Chicago,Illinois,USA,2022-06-12
3654,Roy May,earlramirez@example.org,628-748-5013x672,Boston,Massachusetts,USA,2024-01-07
3655,Luis Taylor,mathisallison@example.net,001-687-852-1932x694,Atlanta,Georgia,USA,2025-06-13
3656,Brett Martinez,rodgerssara@example.org,001-976-858-3571,Las Vegas,Nevada,USA,2022-05-28
3657,Joseph Wheeler,friley@example.net,948.632.9480,Seattle,Washington,USA,2023-06-26
3658,Jonathan Smith,gbell@example.com,554.875.0316x8157,Miami,Florida,USA,2024-02-28
3659,Nicholas Caldwell,hcastro@example.org,2036908197,Orlando,Florida,USA,2025-04-26
3660,George Dean,morgan40@example.net,+1-588-250-3721,Buffalo,New York,USA,2025-04-01
3661,Brandon French,angela96@example.org,001-446-320-8738x432,Houston,Texas,USA,2025-05-08
3662,James Mccormick,patricia97@example.com,725.723.8154x74329,Orlando,Florida,USA,2024-10-27
3663,Heather Young,michaelgraham@example.com,001-941-439-0744x329,Orlando,Florida,USA,2024-04-16
3664,April English,sharimartinez@example.org,970.232.2888,Atlanta,Georgia,USA,2021-02-26
3665,Whitney Mclaughlin,hbradford@example.org,001-884-510-6977x753,Orlando,Florida,USA,2021-08-27
3666,Kari Harris,jsimon@example.org,385.972.2804x369,Austin,Texas,USA,2021-05-19
3667,Elizabeth Wall,angelabrown@example.net,+1-369-919-1809,Miami,Florida,USA,2024-07-21
3668,Gary Anderson,obarton@example.org,600.341.0233x6286,Phoenix,Arizona,USA,2022-03-28
3669,Stanley Martinez,ppearson@example.net,+1-331-836-4903x657,Denver,Colorado,USA,2024-12-07
3670,Linda Hernandez,charlesjohnson@example.org,685-954-0574,Buffalo,New York,USA,2025-06-27
3671,Shirley Huang,domingueztyler@example.com,574-590-7923x285,Houston,Texas,USA,2023-04-25
3672,Danielle Thomas,schwartzkathleen@example.com,(707)726-6931,Houston,Texas,USA,2023-11-24
3673,Michael Garcia,othomas@example.net,(663)294-8742x243,Chicago,Illinois,USA,2021-01-20
3674,Tiffany Harris,douglas92@example.com,244.748.3041,Seattle,Washington,USA,2025-09-01
3675,Gail Glenn DVM,msmith@example.org,+1-577-628-6756x6807,Austin,Texas,USA,2022-05-24
3676,Michael Kent,johnsondan@example.net,4654502647,Austin,Texas,USA,2021-07-10
3677,Dean Jenkins,kristy02@example.org,665.579.6675x813,Miami,Florida,USA,2024-10-11
3678,Melissa Ford,ydavenport@example.net,(836)396-6378,Seattle,Washington,USA,2025-08-09
3679,Troy Franco,traci77@example.com,340.349.5069x2519,Houston,Texas,USA,2021-06-05
3680,Jake Cooper,christinataylor@example.net,+1-813-962-4804,Chicago,Illinois,USA,2022-01-01
3681,Lee Santana,brandyfrench@example.org,(378)562-6314,Orlando,Florida,USA,2022-10-05
3682,Wayne Lee,uwarren@example.org,712-401-1906x7736,Houston,Texas,USA,2022-03-24
3683,Jordan Hammond,sara76@example.org,655-284-9738,Boston,Massachusetts,USA,2024-03-20
3684,Brian Clayton,melanie12@example.com,8768678619,Austin,Texas,USA,2022-01-10
3685,Dakota Black,hperez@example.org,747.560.3107x773,Seattle,Washington,USA,2024-10-31
3686,Jason Miller,christopher75@example.com,001-588-702-7209,Boston,Massachusetts,USA,2022-01-25
3687,Jackson Moore,wbenitez@example.com,267-900-4758x7012,Orlando,Florida,USA,2025-02-18
3688,Donald Pennington,myersamber@example.org,7104830153,Buffalo,New York,USA,2022-04-26
3689,Joann Hawkins,drakemark@example.org,686.638.4196x28419,Seattle,Washington,USA,2022-05-11
3690,James Johnson,tyler23@example.org,+1-518-739-5768x5389,Atlanta,Georgia,USA,2022-06-28
3691,Michael Rodriguez,christopher86@example.org,789-827-8698,Buffalo,New York,USA,2022-04-15
3692,Miranda Carroll,dmiles@example.net,+1-795-468-8085x966,Buffalo,New York,USA,2025-09-06
3693,James Kemp,alicia86@example.net,680-310-5118x426,Buffalo,New York,USA,2025-09-09
3694,Brooke Shepherd,diazjohn@example.net,478-980-8352x62738,Las Vegas,Nevada,USA,2022-12-31
3695,Ronald Graham,conradchristopher@example.net,892.561.1980x9560,New York City,New York,USA,2025-05-15
3696,Danielle Moss,phenry@example.com,001-254-401-9731x112,San Francisco,California,USA,2021-09-03
3697,Caroline Wilson,stephaniefreeman@example.net,+1-719-893-8927x3340,Boston,Massachusetts,USA,2021-06-10
3698,Dylan Richards,kimberlyreyes@example.com,(242)999-6639,Denver,Colorado,USA,2024-09-20
3699,Matthew Henderson,warrenburton@example.org,(828)200-2370,Orlando,Florida,USA,2024-06-11
3700,Vanessa Mercado,charlesjones@example.net,336.612.3933,Los Angeles,California,USA,2025-04-15
3701,Mark Contreras,bhernandez@example.com,513.622.3709x031,Atlanta,Georgia,USA,2024-01-14
3702,Emily Rocha,parkmark@example.org,295.283.3265,Los Angeles,California,USA,2025-10-03
3703,Zachary Jones,denise89@example.org,+1-364-559-0300x6799,Orlando,Florida,USA,2023-01-31
3704,Justin Williams,cruzrandall@example.org,674-272-6723,Las Vegas,Nevada,USA,2022-10-08
3705,Ms. Tamara Gonzales,timothywalter@example.net,586.668.9707,Orlando,Florida,USA,2025-12-10
3706,Beth Medina,acostawilliam@example.net,716.598.2379,Boston,Massachusetts,USA,2024-03-22
3707,Elizabeth Frazier,riverarichard@example.org,235.726.7565x298,Atlanta,Georgia,USA,2022-07-17
3708,William Johnson,raysmith@example.org,260-951-0019x950,Orlando,Florida,USA,2022-01-10
3709,Devon Barnes,dgarcia@example.com,(905)493-5415,Phoenix,Arizona,USA,2023-11-13
3710,Jon Lopez,jkaiser@example.net,689-819-9597x46519,Austin,Texas,USA,2023-03-26
3711,Jacqueline Lewis,buchanananthony@example.org,(688)389-4897,Buffalo,New York,USA,2025-03-17
3712,Susan Martinez,heatherkelly@example.net,+1-528-208-2314,Las Vegas,Nevada,USA,2021-09-20
3713,Brittany Hernandez,delgadokimberly@example.net,001-789-504-2698x087,Los Angeles,California,USA,2023-12-13
3714,Jon Smith,gibarra@example.net,306-816-1312x17888,Phoenix,Arizona,USA,2023-05-17
3715,Jenna Pineda,iadams@example.org,938.744.4611,Orlando,Florida,USA,2024-01-13
3716,Nicholas Leblanc,rvelasquez@example.org,704.394.4153x614,Los Angeles,California,USA,2023-10-27
3717,Maria Mcintyre,charlesclayton@example.org,781-867-0491,Houston,Texas,USA,2023-03-18
3718,Alexandra Brown,danderson@example.com,(685)616-4064x0058,Atlanta,Georgia,USA,2024-11-06
3719,Nathaniel Taylor,victoriaharrington@example.org,+1-942-489-8116x649,Phoenix,Arizona,USA,2021-12-24
3720,Kelly Sanchez,leslieburke@example.com,685-791-3375x9933,Orlando,Florida,USA,2021-09-04
3721,Chelsea Mcpherson,shawdaniel@example.net,867-256-8929x247,Seattle,Washington,USA,2023-11-28
3722,Gary Bates,okelly@example.org,415.346.3676,Orlando,Florida,USA,2022-10-09
3723,Jeffrey Smith,christinanicholson@example.net,947-727-2455x769,Seattle,Washington,USA,2021-01-18
3724,Marcus Rice,emilyrobbins@example.com,001-939-996-0144x715,Los Angeles,California,USA,2024-10-12
3725,Angela Green,mark59@example.com,640-397-7418,Buffalo,New York,USA,2023-02-17
3726,Brenda James,nguyenpatricia@example.com,(593)222-7697,Las Vegas,Nevada,USA,2021-07-26
3727,Jesse Wilson,rramirez@example.org,(561)669-1749,Houston,Texas,USA,2023-01-11
3728,Christopher Griffin,holmesalex@example.com,870-406-8873x029,Las Vegas,Nevada,USA,2025-11-01
3729,Gregory Ortiz,jessemyers@example.com,4974628271,Austin,Texas,USA,2022-01-19
3730,Samantha Ortiz,smithashley@example.net,425.240.7748x816,Chicago,Illinois,USA,2022-06-23
3731,Christopher Stone,yvettewashington@example.org,001-477-642-7894x378,Buffalo,New York,USA,2022-07-06
3732,Gregory Harrington,angel65@example.org,001-658-909-5316x470,Orlando,Florida,USA,2024-06-09
3733,Michael Johnson,hectorreid@example.com,(488)493-2281x7108,Houston,Texas,USA,2023-01-20
3734,Sandra Wilson,brian34@example.net,001-677-759-3367x835,New York City,New York,USA,2023-10-19
3735,Andrew Stephens,hschultz@example.org,882.631.1967,Miami,Florida,USA,2022-03-08
3736,Melvin Yang,pamelakelly@example.com,888.928.2270,Miami,Florida,USA,2024-12-06
3737,Mr. Andrew Cervantes DVM,rebecca77@example.org,+1-223-368-1046x3632,Phoenix,Arizona,USA,2023-02-02
3738,Haley Evans,andersonjonathan@example.net,622-386-7319,Houston,Texas,USA,2025-10-16
3739,Mary Marks,deannamccall@example.net,311-285-8020x23152,Miami,Florida,USA,2022-07-27
3740,Jennifer Moore,bryanrodriguez@example.net,435-997-3098x0657,Orlando,Florida,USA,2022-01-04
3741,Kelly Garcia,angela56@example.org,(845)740-5360,Las Vegas,Nevada,USA,2021-09-26
3742,Brett Flores,rivasabigail@example.com,+1-821-977-2962x2923,Las Vegas,Nevada,USA,2024-11-05
3743,Eric Butler,clopez@example.com,307.666.7400,Buffalo,New York,USA,2025-07-26
3744,Michael Holland,maxwellbennett@example.com,424-208-4765,San Francisco,California,USA,2025-01-16
3745,Hannah Thompson,kathleen18@example.org,688.714.3710,Austin,Texas,USA,2025-07-05
3746,Chelsea Brown,bgarner@example.net,250.879.7522x178,Buffalo,New York,USA,2024-02-12
3747,Jeremy Torres,hunttiffany@example.org,001-316-336-8426x336,Miami,Florida,USA,2025-10-20
3748,Emily Mosley,kcox@example.com,(987)881-8414,Miami,Florida,USA,2022-02-06
3749,Richard Young,moorelisa@example.com,3948618677,New York City,New York,USA,2025-06-27
3750,Diana Stone,samantha04@example.net,+1-999-212-9363x2280,Seattle,Washington,USA,2021-11-03
3751,Sandra Lewis,todd09@example.com,838.966.7519x6537,Orlando,Florida,USA,2025-07-09
3752,Dana Hanson DDS,timothyoliver@example.net,743-583-9750,Los Angeles,California,USA,2021-12-28
3753,Thomas Lee,cgill@example.org,267-515-1188x8827,Miami,Florida,USA,2023-10-21
3754,Ross Phillips,youngbenjamin@example.org,345.457.6639x408,New York City,New York,USA,2025-10-06
3755,William Hartman III,tracywood@example.com,792.727.0192x467,Denver,Colorado,USA,2023-11-25
3756,Mr. James Sanchez,goodstacey@example.org,+1-335-917-0871x650,Chicago,Illinois,USA,2025-01-15
3757,Robert Shea,ujones@example.org,628-416-9453x8455,Houston,Texas,USA,2025-05-28
3758,Roberta Marshall,joseph75@example.org,+1-587-992-0148x292,Orlando,Florida,USA,2022-09-07
3759,Sandra White,qferguson@example.com,8667011655,Austin,Texas,USA,2024-02-26
3760,Gregory Sloan,mariowood@example.org,+1-900-466-0567,Atlanta,Georgia,USA,2024-03-08
3761,Chelsea Graham,medinajoshua@example.net,980.406.3993,Los Angeles,California,USA,2023-03-27
3762,Sarah Henderson,smitherin@example.net,787.321.9163x0916,San Francisco,California,USA,2024-11-15
3763,Andrew Nelson,uwhite@example.org,270-709-3587x17020,New York City,New York,USA,2021-05-03
3764,Teresa Diaz,bradyshannon@example.net,001-500-452-9942,Buffalo,New York,USA,2025-07-25
3765,Matthew Hobbs,debbiescott@example.org,+1-532-812-4302x5833,Austin,Texas,USA,2023-09-03
3766,Cynthia Taylor,uenglish@example.net,3473447309,Atlanta,Georgia,USA,2024-07-13
3767,Sara Wallace,aguirremary@example.com,(667)584-5334x33578,San Francisco,California,USA,2023-07-11
3768,Richard Shelton,gonzalezjudith@example.com,736-237-5060,Seattle,Washington,USA,2022-11-17
3769,Tyler Noble,villanuevakristin@example.org,(537)684-5736x2530,Austin,Texas,USA,2023-01-10
3770,Beth Hamilton,jacksonmary@example.org,(269)492-7287,Houston,Texas,USA,2024-02-22
3771,Eric Smith,erivera@example.org,001-729-839-4099x656,Chicago,Illinois,USA,2025-07-17
3772,Patrick Obrien,blakescott@example.org,4323928442,Austin,Texas,USA,2022-12-06
3773,Eduardo Harris,clarencesanchez@example.org,001-500-204-2956x030,Los Angeles,California,USA,2023-04-24
3774,Shelby Henry,anthonyjohnson@example.com,(820)202-5569x318,San Francisco,California,USA,2022-12-21
3775,Christopher Cabrera,bakeralison@example.com,537-230-5359x6276,Atlanta,Georgia,USA,2024-10-23
3776,Kevin Chung,xduran@example.net,(652)373-9767,Las Vegas,Nevada,USA,2022-02-12
3777,Kenneth Hill,hallvictor@example.com,+1-941-643-1401x398,Las Vegas,Nevada,USA,2024-03-25
3778,Logan Allen,jennifermurray@example.net,001-742-884-0888,Denver,Colorado,USA,2024-08-22
3779,Kathryn White,edgar20@example.org,916-248-5155x9648,Chicago,Illinois,USA,2021-12-24
3780,Russell Velazquez,nsmith@example.com,001-408-388-8423x594,Phoenix,Arizona,USA,2022-08-06
3781,Joshua Williams,oarnold@example.com,+1-863-362-2446x2655,Houston,Texas,USA,2022-10-28
3782,John Hayes,randerson@example.net,+1-647-692-7059,Denver,Colorado,USA,2023-11-12
3783,Jerry Stewart,tbrown@example.net,447-906-7409x1260,Orlando,Florida,USA,2025-05-06
3784,Amy Swanson,gsherman@example.org,(248)302-3258x69980,Seattle,Washington,USA,2023-07-05
3785,Eric Reid,paul54@example.org,001-512-442-2960x691,Boston,Massachusetts,USA,2021-06-10
3786,Barbara Joseph,madeline18@example.com,(678)823-9675x67659,Miami,Florida,USA,2024-06-10
3787,Justin Colon,matthew71@example.org,001-989-972-4818x706,Austin,Texas,USA,2023-08-08
3788,Jeremy Erickson,kgriffith@example.com,001-881-436-1593x640,Denver,Colorado,USA,2021-10-24
3789,William Summers,stacymarquez@example.com,395-496-2413x2459,Atlanta,Georgia,USA,2021-12-10
3790,Robert Mitchell,adamschristopher@example.com,225.845.1434x38250,Denver,Colorado,USA,2025-07-13
3791,Lindsey Cannon,tiffanybailey@example.org,541.659.4928,Boston,Massachusetts,USA,2022-11-22
3792,Brittany Wright,scottbarnes@example.com,214.597.6423x6917,Miami,Florida,USA,2024-07-16
3793,Bonnie Thompson,justinmayo@example.net,892.211.7005x245,Las Vegas,Nevada,USA,2024-03-16
3794,Anna Mullins,olsonmary@example.net,+1-384-902-7094x3152,Miami,Florida,USA,2025-10-05
3795,William Olsen,michaeldelgado@example.com,001-215-663-6886x465,Boston,Massachusetts,USA,2021-05-27
3796,Jaime Hughes,karias@example.net,(336)574-9281x871,San Francisco,California,USA,2021-11-28
3797,Jennifer Bell,james13@example.org,912-570-6454,Houston,Texas,USA,2022-04-13
3798,Laura Rios,ramirezbeth@example.net,001-310-730-3379x916,Houston,Texas,USA,2022-10-11
3799,Candace Ford,melanie93@example.org,001-257-276-1406x926,Denver,Colorado,USA,2022-08-20
3800,Christopher Perry,vanessa40@example.net,451.574.4441x38825,Seattle,Washington,USA,2022-07-02
3801,Heather Thomas,stevesanchez@example.org,(217)279-9890x4381,Las Vegas,Nevada,USA,2024-08-13
3802,Brian Edwards,anthony61@example.com,2489687169,Miami,Florida,USA,2022-07-10
3803,Dana Vincent,laurenbrown@example.org,4093114989,Boston,Massachusetts,USA,2023-07-01
3804,Kristen Beard,steven39@example.net,+1-536-546-9061x0960,Phoenix,Arizona,USA,2025-11-03
3805,Brittney Ayala,francesclark@example.net,001-222-735-3755x727,Houston,Texas,USA,2025-03-12
3806,Nicole Stewart,averymelissa@example.net,+1-972-806-9657,Las Vegas,Nevada,USA,2023-12-03
3807,Dr. Stephen Payne,amartinez@example.net,+1-748-839-7200x6632,Orlando,Florida,USA,2023-04-28
3808,Kimberly Bennett,xcollins@example.net,001-336-670-6197x500,New York City,New York,USA,2022-01-12
3809,Dawn Golden,davismelissa@example.org,(600)458-3534x858,Atlanta,Georgia,USA,2021-02-17
3810,James Hill,cuevasscott@example.net,337-860-1832x5798,New York City,New York,USA,2025-01-30
3811,Melissa Webster,edward69@example.org,001-760-342-5990x401,Buffalo,New York,USA,2024-09-17
3812,Katrina Carter,joshuabird@example.com,743.442.5951x2286,Austin,Texas,USA,2025-03-04
3813,Michelle Baxter,dakotawilliams@example.org,+1-568-752-1007,Seattle,Washington,USA,2025-03-16
3814,Angela White,melinda70@example.net,001-744-714-8224x302,San Francisco,California,USA,2022-03-08
3815,Samantha Santana,brittneyrobinson@example.com,326-608-5502x625,New York City,New York,USA,2023-03-25
3816,Tonya Greer,jeff95@example.net,569-917-2070x36798,San Francisco,California,USA,2021-07-15
3817,Daniel Roth,reeddenise@example.com,237.748.1184x4878,San Francisco,California,USA,2025-12-05
3818,Brian Atkinson,brent00@example.org,258-578-2573x13022,Orlando,Florida,USA,2024-01-29
3819,Ronald Galvan,kevin53@example.org,+1-540-916-4785x0609,Los Angeles,California,USA,2021-02-23
3820,Joshua Gomez,chad21@example.net,765-448-1932x2061,Phoenix,Arizona,USA,2023-03-25
3821,Shannon Miller,kimcarolyn@example.net,001-779-250-4700x622,Chicago,Illinois,USA,2025-04-16
3822,Jesse Snyder,marshalljulian@example.net,+1-290-992-3936x0447,San Francisco,California,USA,2021-08-01
3823,Nicole Smith,wwilliams@example.com,+1-765-427-3983x112,Austin,Texas,USA,2024-06-19
3824,Robert Robertson,hgibbs@example.com,(344)545-1696,New York City,New York,USA,2021-06-22
3825,David Johnson MD,catherine85@example.org,350-327-4393,Denver,Colorado,USA,2025-12-19
3826,Jamie Ramirez,samantha06@example.org,2959279586,Miami,Florida,USA,2022-09-26
3827,Antonio Valencia,jamescooley@example.net,702.506.8220,Buffalo,New York,USA,2022-05-22
3828,Vanessa Campbell,angelaclark@example.net,585.475.2326x610,Seattle,Washington,USA,2022-08-05
3829,Joseph Thompson,laura02@example.com,913-909-9962x94264,Orlando,Florida,USA,2024-07-07
3830,Alex Carter,derrick42@example.org,(791)695-7594x1904,New York City,New York,USA,2021-09-26
3831,Amber Morris,jfox@example.net,(340)398-8666,Chicago,Illinois,USA,2025-09-14
3832,Sheena Wallace,kirksamuel@example.net,001-789-800-6180x203,New York City,New York,USA,2021-02-28
3833,Julia Marsh,dariushobbs@example.org,(992)344-4507x654,Los Angeles,California,USA,2024-09-20
3834,Rebecca Hanson,xhenry@example.net,+1-514-925-8074x2212,Houston,Texas,USA,2025-10-29
3835,Rebecca Smith,turnerjacob@example.org,(332)991-4204,Boston,Massachusetts,USA,2022-10-29
3836,Michelle Murphy,robert09@example.org,351.549.0333,Atlanta,Georgia,USA,2023-09-03
3837,Stacey Stevenson,heidi20@example.net,731.415.6762x386,Orlando,Florida,USA,2025-11-19
3838,Travis French,ghuffman@example.org,503.687.9426,Chicago,Illinois,USA,2022-07-12
3839,Hector Avila,nathan56@example.net,332.929.9181x28091,Chicago,Illinois,USA,2023-07-01
3840,Allen Johnston,maryford@example.org,495.367.8587x661,New York City,New York,USA,2024-11-29
3841,Katherine Fitzgerald,victoria44@example.org,(365)574-3759x824,Chicago,Illinois,USA,2021-12-29
3842,Joshua Vaughan,bowerssusan@example.net,+1-955-384-4573x5264,Las Vegas,Nevada,USA,2024-05-08
3843,Tina Jefferson,gonzalezbob@example.com,001-352-474-0456x454,Orlando,Florida,USA,2024-07-16
3844,Cynthia Cervantes,jflores@example.net,772-399-2633x700,Seattle,Washington,USA,2024-07-26
3845,Ronald Obrien,sheltonjack@example.org,(376)315-8425,Boston,Massachusetts,USA,2024-03-01
3846,Kimberly Berg,sarah23@example.org,+1-758-931-3297,Miami,Florida,USA,2023-12-09
3847,Eddie Beasley,udickerson@example.net,648-354-3627,Denver,Colorado,USA,2024-08-02
3848,Chelsey Mendoza,dennis76@example.com,(884)368-5192,Chicago,Illinois,USA,2022-09-27
3849,Dr. Randy Parks,jcollier@example.com,001-442-390-0391x610,Boston,Massachusetts,USA,2022-12-13
3850,Brian Garcia,evanskeith@example.com,+1-373-974-8052,Orlando,Florida,USA,2024-01-11
3851,Betty Porter,annettewebb@example.org,+1-916-331-6295x8107,Buffalo,New York,USA,2025-07-07
3852,Mary Simpson,qmelton@example.org,+1-466-606-4858x8844,San Francisco,California,USA,2023-06-24
3853,Steven Quinn,wcarter@example.org,568.345.1265x27667,Austin,Texas,USA,2023-01-20
3854,Christopher Massey,nealmaria@example.org,(711)226-8186,Miami,Florida,USA,2022-06-17
3855,Jeanne Evans,robert97@example.com,504-656-8826,New York City,New York,USA,2022-09-14
3856,Eric Harris,alyssameyer@example.com,9054251362,Los Angeles,California,USA,2021-01-01
3857,Tony Powell,coreysims@example.org,001-384-487-4261x547,Chicago,Illinois,USA,2025-07-28
3858,Nicholas Crosby,obrooks@example.org,820.706.1193,Phoenix,Arizona,USA,2025-10-03
3859,Lisa Contreras,zstrickland@example.net,6237352358,New York City,New York,USA,2022-12-06
3860,Cynthia Hansen,peter74@example.net,369-581-5556,Austin,Texas,USA,2023-08-19
3861,Jessica Wolfe,thomas51@example.net,7425425846,Chicago,Illinois,USA,2021-01-18
3862,Ricky Morgan,westryan@example.net,(438)949-9408x477,Seattle,Washington,USA,2023-10-05
3863,Jodi Dixon,tylerbryant@example.org,500-846-4087x9817,Phoenix,Arizona,USA,2023-09-05
3864,William Warren,jadkins@example.com,(421)764-2011x808,Austin,Texas,USA,2021-01-19
3865,Justin Banks,christopherdavid@example.org,+1-621-459-4633x3817,Phoenix,Arizona,USA,2023-06-01
3866,Jason Watkins,garciatanner@example.com,+1-805-733-7019x363,Phoenix,Arizona,USA,2022-08-23
3867,Stephanie Bowman,rickyjordan@example.net,(990)354-5219x0926,Las Vegas,Nevada,USA,2022-04-19
3868,Francis Bowers,alex76@example.org,230.973.5460x07974,Phoenix,Arizona,USA,2021-01-15
3869,Jessica Bell,wnelson@example.net,001-725-659-3348x869,Chicago,Illinois,USA,2023-02-05
3870,Antonio Martinez,ortegascott@example.com,(453)517-5959x6274,Buffalo,New York,USA,2023-04-24
3871,Todd Martinez,amyallen@example.org,+1-770-537-5269x6857,Boston,Massachusetts,USA,2024-02-23
3872,Amy Day,lopezjose@example.net,+1-633-327-6616x398,Miami,Florida,USA,2023-03-20
3873,Judy Barton,matthewthompson@example.com,348.215.3246x0639,Buffalo,New York,USA,2021-12-01
3874,Heather Jackson,chelseygarrett@example.com,2078894935,Seattle,Washington,USA,2025-02-18
3875,John White,paulaanderson@example.com,(311)234-8657x968,Denver,Colorado,USA,2023-03-10
3876,Antonio Martin,garciajeffrey@example.org,+1-615-895-4312,Atlanta,Georgia,USA,2023-02-14
3877,Adam Smith DDS,joycejohn@example.net,841-219-5873,Buffalo,New York,USA,2022-06-23
3878,Jennifer Huffman,josephwatson@example.org,500.457.2395,San Francisco,California,USA,2023-05-15
3879,Keith Romero,jeffreymartinez@example.com,762-699-6817,Denver,Colorado,USA,2022-05-06
3880,Anna Phillips,debrasanchez@example.com,(915)660-2324,Chicago,Illinois,USA,2025-04-15
3881,Tiffany Rose,iwaller@example.com,785-951-3703,Phoenix,Arizona,USA,2024-06-09
3882,Linda Camacho,hansenwilliam@example.com,878-567-9393,Phoenix,Arizona,USA,2024-11-22
3883,Nancy Khan,lisa20@example.org,3356210481,Denver,Colorado,USA,2022-07-11
3884,Kendra Davis,johnlewis@example.com,549.923.5249,Austin,Texas,USA,2024-08-21
3885,Ashley Blankenship,marshalljacob@example.net,810-430-1640x40397,Seattle,Washington,USA,2023-12-26
3886,Joseph Peters,raustin@example.org,491.614.8219x91206,Phoenix,Arizona,USA,2022-07-05
3887,Amy Stewart,jonesrebecca@example.com,001-341-550-9957x568,Miami,Florida,USA,2022-01-21
3888,Billy Walker,carolynbridges@example.com,001-839-528-2235,Atlanta,Georgia,USA,2021-05-21
3889,Michael Mckenzie,kendrapatterson@example.net,571-293-9165x277,New York City,New York,USA,2021-10-07
3890,Meredith Leonard,halljustin@example.org,8257406467,Austin,Texas,USA,2021-08-15
3891,Katherine Washington,uherman@example.org,(691)623-6556,Denver,Colorado,USA,2023-07-22
3892,Kevin Smith,doylemicheal@example.org,482.540.3092,Las Vegas,Nevada,USA,2023-07-17
3893,Christina Nelson,mike63@example.org,001-606-269-5804,Austin,Texas,USA,2024-12-05
3894,Tonya Massey,larry51@example.com,617.492.3002x883,Las Vegas,Nevada,USA,2023-10-05
3895,Debra Phillips,kari07@example.com,+1-229-282-8037x9440,Buffalo,New York,USA,2022-10-19
3896,Stephen Murphy,dwells@example.org,001-464-896-4422x169,Los Angeles,California,USA,2021-11-08
3897,Lauren Chavez,maryporter@example.com,+1-263-757-2231x526,Los Angeles,California,USA,2024-01-01
3898,Judith Mitchell,edwardsluis@example.org,4016544751,Los Angeles,California,USA,2022-01-16
3899,Mrs. Karen Hudson,william00@example.org,8323870789,San Francisco,California,USA,2022-08-01
3900,Nathaniel Hodges,elizabethshort@example.com,+1-809-215-5732x2223,Austin,Texas,USA,2021-09-14
3901,Steven Mitchell,uhanson@example.net,583.220.9912x42348,Seattle,Washington,USA,2023-06-17
3902,Angela Black,richard72@example.com,657.830.2394x84771,Seattle,Washington,USA,2021-01-17
3903,Daniel Chapman,deandavid@example.net,601.983.2740x316,Buffalo,New York,USA,2021-07-04
3904,Dana Miller,chungkaren@example.net,465.315.0218x645,New York City,New York,USA,2021-01-31
3905,Autumn Miller,pmalone@example.net,(518)790-8540x30325,Orlando,Florida,USA,2022-03-21
3906,Kevin Ramsey,carlawhite@example.net,001-956-500-6420x922,Houston,Texas,USA,2023-05-11
3907,Jennifer Pham,fpratt@example.org,(601)513-0322x3235,Austin,Texas,USA,2025-05-29
3908,Johnny Barr,jared65@example.com,5264741216,Phoenix,Arizona,USA,2023-10-18
3909,Kevin Reyes,garymoyer@example.net,+1-272-948-4396x0996,Houston,Texas,USA,2023-08-08
3910,Lauren Miller,stephanie50@example.net,310.781.6535x985,Seattle,Washington,USA,2025-06-09
3911,Christina Farrell,espinozageorge@example.org,+1-253-242-4950x1528,Los Angeles,California,USA,2022-11-08
3912,Jennifer Copeland,omartinez@example.com,479.893.2469x649,San Francisco,California,USA,2025-09-24
3913,Joseph Santos,ghicks@example.org,001-666-499-3005x476,Phoenix,Arizona,USA,2021-10-27
3914,Lisa Parker,marydavis@example.net,325.951.2669,Los Angeles,California,USA,2022-06-30
3915,Catherine Gonzales,hhuffman@example.org,(790)286-6022x96316,Phoenix,Arizona,USA,2023-03-15
3916,Christopher Poole,tiffany03@example.com,976-909-7137,San Francisco,California,USA,2024-01-18
3917,Claire Gray,greenlori@example.com,(508)766-4786,Orlando,Florida,USA,2022-01-07
3918,Melissa Wright,flynndavid@example.net,415-435-4318x7050,Buffalo,New York,USA,2025-09-20
3919,Jason Taylor,regina32@example.org,308-840-7493x834,Austin,Texas,USA,2025-08-01
3920,David Todd,deborah28@example.com,240-529-1332x276,Miami,Florida,USA,2025-08-24
3921,Catherine Martinez,hatfieldsara@example.com,806.543.8551x29986,Los Angeles,California,USA,2021-09-07
3922,Kelly Johnson,lauriesmith@example.com,(790)546-3507x7318,Phoenix,Arizona,USA,2025-01-03
3923,Julia Allen,brooke40@example.net,533-524-3350x69844,Buffalo,New York,USA,2023-02-28
3924,Lisa Martin,victor12@example.com,+1-906-864-4856,Phoenix,Arizona,USA,2023-06-27
3925,Carolyn Curry,jennifer12@example.com,001-601-718-3606x370,Buffalo,New York,USA,2025-02-19
3926,George Cook,hoodgregory@example.org,001-486-414-5094x138,Los Angeles,California,USA,2022-02-12
3927,Patricia Brown,milleralbert@example.org,+1-219-305-0442x8164,Orlando,Florida,USA,2025-02-14
3928,Nicholas Graves,michael97@example.org,(434)745-5658x2476,Phoenix,Arizona,USA,2021-07-12
3929,Shannon Kelly,martinezchristopher@example.org,9268849677,Chicago,Illinois,USA,2024-09-25
3930,Lauren Williams,cmorales@example.com,355-879-4319x36671,Buffalo,New York,USA,2023-08-27
3931,Hunter Rogers,toninicholson@example.net,(429)918-7937x5937,Miami,Florida,USA,2024-10-27
3932,Brett Miller,abigail62@example.org,613.789.4778x5407,Austin,Texas,USA,2022-10-24
3933,Daniel Miller,stephaniehobbs@example.com,(628)250-6967x20647,New York City,New York,USA,2024-07-12
3934,Jacqueline Smith,hstewart@example.net,(405)957-0478x71237,Seattle,Washington,USA,2021-03-28
3935,Heidi Morales,ryan29@example.com,(939)699-0954x717,Seattle,Washington,USA,2024-01-31
3936,Anne Fox,rcampbell@example.net,001-296-615-1600,Chicago,Illinois,USA,2021-09-08
3937,Dalton Doyle,michellecortez@example.org,6067707603,Austin,Texas,USA,2023-09-13
3938,Andre Lamb,rfields@example.org,(627)542-1281x330,Denver,Colorado,USA,2022-09-04
3939,Kelly Wilson,fernandeztravis@example.net,(637)741-2600x267,Buffalo,New York,USA,2023-01-09
3940,Kayla Jones,david06@example.org,788-778-2028x2536,Boston,Massachusetts,USA,2021-04-17
3941,Alex Lopez,meghan03@example.org,(751)657-1619,Atlanta,Georgia,USA,2024-09-27
3942,Christian Harper,susan18@example.com,+1-607-911-3835x1463,Buffalo,New York,USA,2021-08-20
3943,Joshua Herrera,olivia76@example.org,9692348673,Buffalo,New York,USA,2024-07-20
3944,Cathy Mann,james64@example.net,772-225-5145,Miami,Florida,USA,2022-10-27
3945,Christopher Richards,carralejandro@example.org,2269390019,Los Angeles,California,USA,2021-12-09
3946,Latoya Nelson,kevinatkins@example.net,9602771872,Phoenix,Arizona,USA,2022-07-20
3947,Ernest Lowe,elizabethjackson@example.com,(594)239-7422x5779,Las Vegas,Nevada,USA,2021-09-03
3948,Mathew Garcia,jamie23@example.org,(413)401-9386,Miami,Florida,USA,2025-06-05
3949,Vincent Wright,mgarcia@example.com,961.447.5629,Buffalo,New York,USA,2021-01-19
3950,Gerald Costa,frostsarah@example.net,001-844-546-9048x835,Los Angeles,California,USA,2024-04-05
3951,Katherine Cervantes,htran@example.org,777-610-8696,Phoenix,Arizona,USA,2024-11-15
3952,Jack Johnson,jamespowell@example.com,001-714-307-7142x105,Orlando,Florida,USA,2024-11-10
3953,Brett Hall,patricia97@example.net,001-992-929-1080,Las Vegas,Nevada,USA,2021-11-14
3954,Jacqueline Lambert,chelsea91@example.net,+1-528-692-1769x603,Houston,Texas,USA,2025-04-28
3955,Ronald Jordan MD,uhartman@example.com,550-718-6050,San Francisco,California,USA,2022-05-25
3956,Dr. Sherri Sherman,hubervictor@example.com,614-907-6703,New York City,New York,USA,2023-10-21
3957,Jonathan Foster,timothyevans@example.com,562-525-0747x6219,San Francisco,California,USA,2024-11-05
3958,Emma Perez,longkrista@example.net,907.319.9257x511,Las Vegas,Nevada,USA,2022-11-25
3959,Scott Johnson,justinherrera@example.com,367-431-1017x66027,Boston,Massachusetts,USA,2025-04-05
3960,Angela Hill DVM,richard10@example.org,001-634-781-0033,Denver,Colorado,USA,2021-05-03
3961,Kenneth Rodriguez,icollins@example.org,365-598-1157,Los Angeles,California,USA,2022-12-30
3962,Michael Wade,john79@example.org,+1-306-939-6824,Denver,Colorado,USA,2021-11-12
3963,Mallory Lynn,egarcia@example.org,+1-358-425-0843x4211,Seattle,Washington,USA,2024-01-04
3964,Nicole Jackson,greenlance@example.com,7546332125,Phoenix,Arizona,USA,2021-08-08
3965,Thomas Hill,jodiwhite@example.org,381.805.0898x940,New York City,New York,USA,2023-09-27
3966,Julia Sanchez,richardsanchez@example.org,001-907-638-5153x435,Buffalo,New York,USA,2022-10-11
3967,Dwayne Lambert,robert74@example.com,263-878-0187x15130,Chicago,Illinois,USA,2025-06-03
3968,Andrew Barnes,thompsondebbie@example.net,001-726-923-6181,Denver,Colorado,USA,2025-03-30
3969,Jessica Dunlap,jamesmoreno@example.net,707-290-4755x23033,Houston,Texas,USA,2025-07-08
3970,Darren Carroll,cobbkaren@example.net,(449)334-1582,Boston,Massachusetts,USA,2023-06-18
3971,Sharon Mullins,charles08@example.net,5987950665,Seattle,Washington,USA,2022-01-31
3972,Brandon Nelson,johnsonjennifer@example.com,+1-952-286-0689x2174,Los Angeles,California,USA,2024-11-12
3973,Darlene Barnett,gilbert49@example.net,998-897-6391x600,Miami,Florida,USA,2023-01-04
3974,Angela Barnes,ejohnson@example.com,(895)906-3541,Seattle,Washington,USA,2021-10-03
3975,Lynn Walker,kevin67@example.com,+1-798-318-6324x3350,Austin,Texas,USA,2021-03-22
3976,Beth Marshall,reyesrobert@example.net,352.905.6605x99932,Orlando,Florida,USA,2024-12-18
3977,Jennifer Rowland,teresaschmidt@example.com,(390)228-7619x76813,Orlando,Florida,USA,2024-02-19
3978,Andrew Porter,antonio89@example.net,765.900.3190,Austin,Texas,USA,2024-01-17
3979,Shannon Moore,michelle20@example.net,+1-865-520-7748x6025,Seattle,Washington,USA,2023-10-01
3980,Jordan Davis,dosborn@example.net,+1-972-673-2855x779,Buffalo,New York,USA,2024-03-06
3981,Dawn Chase,frederick28@example.com,798-927-2606,New York City,New York,USA,2024-01-19
3982,Christopher Mccarthy,hruiz@example.org,419-778-6804x2887,Houston,Texas,USA,2022-10-25
3983,Kelly Barron,heathermartinez@example.net,(941)457-1762x696,Seattle,Washington,USA,2023-08-18
3984,Wendy Taylor,wpatterson@example.com,751-546-5998x31430,Austin,Texas,USA,2025-11-12
3985,Joshua Sawyer,daniellucas@example.com,+1-830-958-6548x3388,Atlanta,Georgia,USA,2024-05-11
3986,Brian Mitchell,sierra86@example.net,956.767.1752x409,Boston,Massachusetts,USA,2025-10-29
3987,Ashley Bauer,joshuaruiz@example.net,+1-595-200-4418x5006,Chicago,Illinois,USA,2021-11-25
3988,Terri Douglas,john63@example.com,861.556.5887x93404,San Francisco,California,USA,2023-12-24
3989,Deborah Gonzalez,hsmith@example.com,4338014118,New York City,New York,USA,2023-07-10
3990,Jessica Williams,trose@example.net,779-976-4670,Austin,Texas,USA,2025-08-06
3991,Stephanie Smith,hollandamanda@example.org,3183260620,Austin,Texas,USA,2024-01-15
3992,Aimee Reyes,vandrade@example.net,+1-709-804-2326x634,Houston,Texas,USA,2023-07-19
3993,Andrew Garrett,warnerbrittany@example.com,(759)422-0213,Los Angeles,California,USA,2025-05-09
3994,Robert Valenzuela,matthewrobinson@example.com,(818)437-0157x74416,Denver,Colorado,USA,2023-11-03
3995,Michael Acosta,erin84@example.com,+1-316-693-6175x6826,Miami,Florida,USA,2025-02-11
3996,Teresa Murphy,hullcynthia@example.com,300.340.1733x759,New York City,New York,USA,2025-12-14
3997,Kelsey Fisher,perezkathleen@example.net,739.655.7016x01619,Los Angeles,California,USA,2024-06-23
3998,Hannah Wright,monicayoung@example.org,+1-242-206-5999x544,Atlanta,Georgia,USA,2023-01-16
3999,Lauren Castro,diamondstone@example.org,+1-754-396-3083x9772,Phoenix,Arizona,USA,2024-06-24
4000,Dr. Crystal Castro DDS,lauriewalker@example.net,001-764-793-5449x970,Buffalo,New York,USA,2022-10-19
4001,Connor Payne,ericholland@example.com,6915708957,Seattle,Washington,USA,2021-05-10
4002,Brianna Crawford MD,scottcarpenter@example.net,368.607.9810x513,Denver,Colorado,USA,2024-01-09
4003,Robert Perkins,jamessims@example.com,001-734-658-7236x362,Atlanta,Georgia,USA,2023-03-05
4004,Rebecca Gardner,hooverjonathan@example.com,658.773.8688x0507,Buffalo,New York,USA,2023-12-10
4005,Gary Carter,bonillajoy@example.net,400-903-0035,Denver,Colorado,USA,2023-10-16
4006,Brent Reid,rwalker@example.net,787-483-6002x9845,Phoenix,Arizona,USA,2024-02-04
4007,Andrea Goodwin,owenstamara@example.org,401.589.1388x7217,New York City,New York,USA,2024-06-09
4008,Jeffrey James,kimberly87@example.net,293-917-3322x0624,Austin,Texas,USA,2022-10-23
4009,Sheri Mitchell,mary56@example.net,728.274.3420,Miami,Florida,USA,2024-08-05
4010,Anthony Aguilar,gomezanita@example.org,001-445-703-7350x926,Houston,Texas,USA,2021-08-15
4011,Melissa Phelps,ronaldruiz@example.org,(341)588-2287x002,San Francisco,California,USA,2023-12-08
4012,Matthew Robinson,jaredvelazquez@example.net,+1-887-844-5122x7607,Denver,Colorado,USA,2021-05-17
4013,Jeremy Wolfe,keith20@example.com,5775135992,Los Angeles,California,USA,2025-09-07
4014,Joshua Silva,daryl86@example.net,+1-605-842-3112x6257,New York City,New York,USA,2022-01-01
4015,Johnny Hughes,matthew57@example.com,+1-719-343-4254x8250,Atlanta,Georgia,USA,2021-03-06
4016,Eric Duncan,shannon50@example.net,565-434-2542x2880,Buffalo,New York,USA,2021-08-08
4017,Christopher Castillo,kim05@example.com,+1-968-873-3520x188,Orlando,Florida,USA,2022-01-28
4018,Angela Cohen,mhuff@example.org,(786)965-3581,San Francisco,California,USA,2021-03-07
4019,Ashley Ramos,bakerricardo@example.net,(538)655-1510,Las Vegas,Nevada,USA,2024-08-07
4020,Jeffrey Williams,greenelizabeth@example.net,327-327-4600,Atlanta,Georgia,USA,2023-03-07
4021,Jeffrey Herman,oyoung@example.org,001-310-484-8557x939,Denver,Colorado,USA,2023-10-01
4022,Brian Mitchell,zhughes@example.com,+1-646-715-9101,Chicago,Illinois,USA,2024-07-01
4023,Kenneth Ramos,bryantjames@example.org,231-813-8750x931,Seattle,Washington,USA,2024-04-23
4024,Stephanie Branch,matthewreed@example.net,+1-371-877-7216x640,Austin,Texas,USA,2021-04-11
4025,Erica Peterson,michael79@example.com,(780)889-3725,Houston,Texas,USA,2022-03-29
4026,Nathan George,melissasantiago@example.org,848-610-2703,Las Vegas,Nevada,USA,2025-01-10
4027,Heather Miles,ojones@example.org,(927)223-7543x547,San Francisco,California,USA,2021-01-27
4028,Christopher Roth,henryamanda@example.net,001-393-858-8397x847,Boston,Massachusetts,USA,2022-03-04
4029,Tina Duncan,campbelljonathan@example.org,623.412.4891,Denver,Colorado,USA,2023-10-04
4030,Carl Frazier MD,wardcarolyn@example.com,558-627-3720x4168,Boston,Massachusetts,USA,2025-12-28
4031,Bryan Sawyer,robertsbrenda@example.org,4606670876,Atlanta,Georgia,USA,2021-06-13
4032,Zachary Hansen,cynthiawilliams@example.net,001-427-733-8528,Orlando,Florida,USA,2025-06-29
4033,Roger Reeves MD,imoore@example.org,(571)957-7317x536,Denver,Colorado,USA,2021-05-05
4034,Janet Wheeler,philiphess@example.net,339-768-2298x336,Houston,Texas,USA,2024-02-17
4035,John Vaughan,alexschwartz@example.org,+1-656-444-1589x6897,Seattle,Washington,USA,2025-12-29
4036,Kimberly Stewart,rosevega@example.org,+1-439-202-1573,Miami,Florida,USA,2025-08-11
4037,Christine Jenkins,dickersonnicholas@example.org,(287)494-7311,Houston,Texas,USA,2025-06-15
4038,Edward Greer,mdavis@example.org,(828)785-7015x89671,Seattle,Washington,USA,2021-04-30
4039,Jeffrey Allen,martinmary@example.com,+1-480-232-7399x666,Atlanta,Georgia,USA,2024-06-17
4040,Christina Pineda,hoodamy@example.org,001-291-675-6735x082,Austin,Texas,USA,2023-12-20
4041,Michael Hampton Jr.,josechambers@example.com,488-224-1833x567,Los Angeles,California,USA,2025-02-12
4042,Scott Brown,rodriguezjenna@example.org,001-242-372-2089x580,San Francisco,California,USA,2025-09-05
4043,Terry Ford,eileen98@example.com,(620)568-6736,Austin,Texas,USA,2021-06-09
4044,Linda Brown,frank59@example.net,001-620-929-0166x515,Buffalo,New York,USA,2023-11-30
4045,William Avila,emilyclark@example.net,(266)647-9846x50335,San Francisco,California,USA,2021-07-27
4046,Richard Williams,floresdennis@example.com,(509)860-3075x856,Seattle,Washington,USA,2022-04-19
4047,Stacy Anderson,briannamccarty@example.net,457-563-4339x971,Chicago,Illinois,USA,2023-03-01
4048,Zachary Graham,sarahwallace@example.net,001-370-861-9878x018,Buffalo,New York,USA,2022-01-31
4049,Mary Hendrix,josephmiller@example.com,967-324-2742x07842,Chicago,Illinois,USA,2024-09-07
4050,Tara Brown,zanthony@example.com,+1-567-814-3648,Buffalo,New York,USA,2024-03-13
4051,Joel Mosley,andradewilliam@example.com,001-200-425-1882x816,Denver,Colorado,USA,2022-01-02
4052,Susan Young,cesar10@example.org,(401)439-2160,Chicago,Illinois,USA,2025-03-15
4053,Shelly Carr,stephenfigueroa@example.net,001-497-526-3329x330,Chicago,Illinois,USA,2023-05-01
4054,Michael Martin,josephwilliams@example.org,(841)674-8600,Seattle,Washington,USA,2021-08-05
4055,Leslie Hunt,johnvazquez@example.net,2296027699,Phoenix,Arizona,USA,2024-07-31
4056,Amber Booker,allenfields@example.org,001-569-927-8297x253,Las Vegas,Nevada,USA,2023-01-04
4057,Darius Adams,burgesspatrick@example.com,001-390-485-6432x065,Denver,Colorado,USA,2023-07-29
4058,Kelly Hodges DDS,teresafranklin@example.com,+1-554-857-3485x4132,Seattle,Washington,USA,2024-09-24
4059,Thomas Butler,ian08@example.org,+1-473-634-9452x045,Miami,Florida,USA,2025-12-14
4060,William Gomez,mfleming@example.net,+1-789-607-6131x8763,San Francisco,California,USA,2021-12-08
4061,Allison Terrell,lisasmith@example.org,001-767-988-6951x270,Phoenix,Arizona,USA,2022-01-05
4062,Christopher Lee,townsendveronica@example.net,(300)200-3901,Chicago,Illinois,USA,2023-04-03
4063,Amber Clements,danielbenjamin@example.org,388.978.1514,Chicago,Illinois,USA,2022-11-23
4064,Sarah Coleman,theresa16@example.org,001-342-795-5538x709,Denver,Colorado,USA,2021-11-20
4065,Caitlin Blackburn,wardebony@example.org,001-883-571-5875x449,Chicago,Illinois,USA,2024-05-13
4066,Ryan Bright,caroldixon@example.org,(209)300-1431,Orlando,Florida,USA,2022-12-23
4067,Antonio Alexander,mclaughlinstephen@example.org,730-624-1935x080,Boston,Massachusetts,USA,2022-10-08
4068,Christine Hampton,wcampbell@example.org,+1-313-642-8815,Chicago,Illinois,USA,2022-10-27
4069,Seth Bradley,nguyensteven@example.net,001-699-315-5728x768,Atlanta,Georgia,USA,2023-02-01
4070,Ashley Anderson,paulstokes@example.org,(524)434-1917x3959,Miami,Florida,USA,2025-04-15
4071,Sherri Adams,rogersluis@example.net,(832)318-2700x6268,Denver,Colorado,USA,2023-06-01
4072,Kristin Osborne,kenneth76@example.org,+1-677-598-9896x2867,Atlanta,Georgia,USA,2025-01-26
4073,Ronald Montgomery,lori25@example.net,704.596.2525x58031,Houston,Texas,USA,2024-05-31
4074,Frances Lewis,charleskelly@example.org,548-357-5174,Buffalo,New York,USA,2024-02-28
4075,Cathy Dorsey,landerson@example.com,001-831-245-7265x425,Chicago,Illinois,USA,2022-03-15
4076,Laura Livingston,tasha11@example.com,6818074525,Miami,Florida,USA,2025-04-18
4077,Walter Wolf,bob85@example.com,710-680-3061,Chicago,Illinois,USA,2025-03-05
4078,Antonio Flores,dmccarty@example.org,+1-571-831-1942x7100,Austin,Texas,USA,2023-01-08
4079,Veronica Lowery,hamiltonedwin@example.net,001-779-788-1594x560,Orlando,Florida,USA,2023-07-06
4080,Michelle Carroll,riverakaren@example.com,(775)509-0161,Miami,Florida,USA,2021-01-01
4081,Melanie Conway,joshua31@example.com,(430)203-0045,Seattle,Washington,USA,2021-03-12
4082,Caitlin Edwards,vhunt@example.net,+1-683-611-4963x8676,Austin,Texas,USA,2024-05-05
4083,Matthew Mcintosh,brennanlaura@example.com,001-406-222-1789x426,Los Angeles,California,USA,2023-11-27
4084,Nathan Lewis,mooremonique@example.com,325-294-2839x8112,New York City,New York,USA,2025-12-29
4085,Johnathan Smith,lopezjose@example.com,(436)402-5673,Austin,Texas,USA,2021-01-14
4086,Jocelyn Martin,brianwoodard@example.net,654-209-3436x88691,Austin,Texas,USA,2022-03-31
4087,James Ortiz,mmcdaniel@example.org,001-509-603-8755x676,Buffalo,New York,USA,2025-10-19
4088,Carlos Lee,megan43@example.org,001-747-614-2720x513,Houston,Texas,USA,2021-02-14
4089,Donna Salas,pbarajas@example.net,812-484-2561,Phoenix,Arizona,USA,2025-08-11
4090,Pamela Reid,fthomas@example.org,672.576.9055x590,Seattle,Washington,USA,2025-08-12
4091,Daniel Adams,nlarson@example.org,949.282.0976x812,Austin,Texas,USA,2024-02-08
4092,Andrea White,kkeith@example.com,290-762-9442,Chicago,Illinois,USA,2024-02-14
4093,Alex Harris,ffitzgerald@example.org,(287)353-3480,Las Vegas,Nevada,USA,2024-03-16
4094,Jeffrey Brown,lisa47@example.com,001-221-642-5482x718,New York City,New York,USA,2021-07-13
4095,Richard Silva,annettemoore@example.net,001-747-207-2176x999,Los Angeles,California,USA,2023-08-01
4096,Angel Adams,kaylamiller@example.net,940.663.9590x700,Houston,Texas,USA,2021-11-16
4097,Shawn Allen,hrobinson@example.org,001-390-693-3186x839,New York City,New York,USA,2022-06-27
4098,Lisa Grimes,twoodward@example.com,291.989.0091,Houston,Texas,USA,2025-12-27
4099,Christopher Davis,david19@example.com,001-734-286-0717x754,Las Vegas,Nevada,USA,2022-05-27
4100,Dr. Jack Page,sdunn@example.com,390.301.3885x9787,Buffalo,New York,USA,2022-06-09
4101,Cody Wilson,ubrown@example.net,466-896-1479x7938,Phoenix,Arizona,USA,2022-09-08
4102,Kelly Perez,jessicabest@example.net,+1-554-300-5453x0421,San Francisco,California,USA,2024-03-14
4103,Jennifer Ortiz,grantbrittney@example.net,001-994-503-6402x981,Miami,Florida,USA,2024-03-11
4104,James Martinez,perezmichele@example.com,594.872.9155x15219,Boston,Massachusetts,USA,2022-03-22
4105,Cindy Warner,wangsteven@example.net,(807)461-2420x4415,Seattle,Washington,USA,2021-06-08
4106,Mariah Brown,rmoore@example.net,001-499-849-9401,Seattle,Washington,USA,2022-10-27
4107,Steven Saunders,karlathornton@example.net,(774)908-6560x0229,Phoenix,Arizona,USA,2023-09-16
4108,Edwin Shannon,michaelbrooks@example.com,976-507-9876,New York City,New York,USA,2023-09-27
4109,Monica Wang,housemichael@example.org,001-684-363-4777,Atlanta,Georgia,USA,2024-11-13
4110,Elijah Pope,connierobinson@example.net,619-401-2802x9143,Seattle,Washington,USA,2024-03-26
4111,Stephanie Green,jonesmichael@example.com,(405)865-2271,Atlanta,Georgia,USA,2021-07-15
4112,Alicia Watson,valdezashley@example.com,508.533.8880x697,Las Vegas,Nevada,USA,2024-08-08
4113,Wanda Webb,jenningswendy@example.org,852.488.1513,Austin,Texas,USA,2021-03-18
4114,Annette Bush,whitemegan@example.net,570.443.1345x5163,Seattle,Washington,USA,2025-07-14
4115,Vanessa Ramos,williamssteven@example.com,001-898-211-1809x816,Las Vegas,Nevada,USA,2023-02-21
4116,Kimberly Pierce,baldwineric@example.org,571-543-8401x1540,San Francisco,California,USA,2025-05-17
4117,Lisa Coleman,brownmorgan@example.org,853-509-6277x18698,Los Angeles,California,USA,2025-04-28
4118,Jeremy Henderson,rbrown@example.com,001-492-874-5379x569,Houston,Texas,USA,2022-12-14
4119,Melissa Fletcher,anningram@example.com,579-758-8303,Boston,Massachusetts,USA,2025-08-01
4120,Tyler Wallace,mark38@example.com,+1-471-506-8973x1736,Miami,Florida,USA,2023-05-04
4121,Amy Nunez,hansonsara@example.net,351.830.1207x308,Boston,Massachusetts,USA,2025-11-13
4122,Dylan Wilson,hinesandrew@example.com,001-325-477-2619x584,San Francisco,California,USA,2025-11-17
4123,Cheryl Bell,lauren24@example.org,482-528-0857x6236,Phoenix,Arizona,USA,2022-04-10
4124,Jennifer Garcia,zoemorgan@example.org,(948)255-2568,Seattle,Washington,USA,2024-08-29
4125,Amanda Dominguez,michaelroberson@example.com,(398)598-2054,Atlanta,Georgia,USA,2024-05-18
4126,Scott Bruce,christinathompson@example.org,(343)316-9580x0684,Boston,Massachusetts,USA,2021-01-24
4127,Jessica Salas,atkinsjulie@example.org,(521)925-8472,Denver,Colorado,USA,2025-05-12
4128,Kayla Barron,kathleenortiz@example.net,9223509135,Denver,Colorado,USA,2023-02-23
4129,Michael White,torreschristian@example.com,2997521046,Los Angeles,California,USA,2022-09-17
4130,Leslie Martin,rodriguezemily@example.com,001-576-814-9434x050,Chicago,Illinois,USA,2021-03-26
4131,Ashlee Morrison,shawn54@example.net,001-752-235-5897x295,Houston,Texas,USA,2024-01-11
4132,Jacob Thomas,garciaapril@example.net,554-609-9229,Las Vegas,Nevada,USA,2021-11-03
4133,Christopher Hayes,jennifer48@example.org,(745)799-5726x348,Houston,Texas,USA,2023-10-26
4134,Amber Wright,franklindenise@example.org,+1-767-282-8661x982,Seattle,Washington,USA,2022-03-29
4135,Jason Brown,wendy34@example.org,5234013011,New York City,New York,USA,2021-04-14
4136,David Harper,lrobertson@example.com,(468)367-3481x53912,Denver,Colorado,USA,2025-02-07
4137,Dawn Hale,adamsjohn@example.net,244-269-4421x1067,Miami,Florida,USA,2023-07-02
4138,Christine Shields,georgeschroeder@example.net,651-687-1040,Phoenix,Arizona,USA,2024-05-03
4139,Deborah Blake,kperez@example.net,001-922-284-0144,Las Vegas,Nevada,USA,2023-10-31
4140,Suzanne Morgan,oblanchard@example.com,205.841.6318x92750,San Francisco,California,USA,2022-03-31
4141,Krystal Rollins,curtislopez@example.net,9052067481,Miami,Florida,USA,2022-08-17
4142,Mark Randolph,nicoleyoung@example.com,001-781-930-1217x099,Phoenix,Arizona,USA,2023-03-19
4143,Austin Scott,lopezcaitlin@example.com,269-818-5361,New York City,New York,USA,2021-09-28
4144,Mr. James Chapman MD,lopezjasmine@example.net,727-917-7326,Houston,Texas,USA,2021-06-19
4145,Sharon Brown,jill89@example.com,468-763-1855,Orlando,Florida,USA,2024-03-16
4146,James Washington,abishop@example.com,001-741-416-6911x534,Seattle,Washington,USA,2021-04-11
4147,Brenda Ali,lstanley@example.com,001-976-486-9900,Chicago,Illinois,USA,2023-03-29
4148,Tanya Ross,greenkathryn@example.com,001-564-604-9703,Austin,Texas,USA,2021-06-24
4149,David Hutchinson,woodtodd@example.net,601.783.0784x9082,Miami,Florida,USA,2023-10-25
4150,Michael Thornton,samantha20@example.org,202.523.9354,Miami,Florida,USA,2025-05-04
4151,Brad Foley,tami47@example.org,+1-778-612-1965x7351,Seattle,Washington,USA,2021-09-25
4152,Mrs. Megan Hamilton,bpadilla@example.com,771-624-3468x348,Phoenix,Arizona,USA,2021-10-04
4153,Glenda Parks,ccarlson@example.org,983-426-9736x06301,Orlando,Florida,USA,2024-02-20
4154,Ann Williams,claire78@example.org,001-332-885-9683x451,Buffalo,New York,USA,2023-09-27
4155,Angela Brown,ureed@example.net,538-822-2629,Miami,Florida,USA,2024-08-28
4156,Kayla Perez,jennifer99@example.com,4528048825,Las Vegas,Nevada,USA,2022-02-06
4157,Julie Guzman,lauriemason@example.org,(486)394-0948x718,Chicago,Illinois,USA,2024-06-15
4158,Kimberly Roach,awu@example.org,(545)880-6187x001,Seattle,Washington,USA,2023-12-10
4159,Charles Smith,charris@example.com,+1-613-464-7259x856,Buffalo,New York,USA,2022-05-12
4160,Michelle Anderson,jared54@example.org,430-719-4267x363,San Francisco,California,USA,2022-06-30
4161,Rebekah Gomez,williamsjennifer@example.net,208.404.5310,Phoenix,Arizona,USA,2023-05-31
4162,Andrew West,isabella76@example.net,671-835-9518,Houston,Texas,USA,2024-11-03
4163,Melissa Kennedy,thomas12@example.com,999-527-2419,Boston,Massachusetts,USA,2024-03-25
4164,Cynthia Brown,michael97@example.com,935-852-2022,San Francisco,California,USA,2021-08-19
4165,John Tapia,johnsonlisa@example.net,5855517294,Denver,Colorado,USA,2023-04-28
4166,Ashley Elliott,xpierce@example.com,7528564060,Miami,Florida,USA,2023-01-19
4167,Daniel Taylor,williamsandrea@example.com,8915572750,Houston,Texas,USA,2022-01-26
4168,Jennifer Hernandez,michellemartin@example.org,(638)465-3123x584,Houston,Texas,USA,2022-12-07
4169,Laura Davis MD,tiffany20@example.com,(345)579-7273,Las Vegas,Nevada,USA,2024-09-04
4170,Sarah Vaughan,rodriguezwilliam@example.net,001-229-538-0743x857,Los Angeles,California,USA,2025-04-26
4171,Wendy Hopkins,natalie15@example.com,(873)737-6107x27787,Austin,Texas,USA,2021-12-13
4172,Nancy Spence,edwardbarnes@example.com,+1-570-850-2119x2505,Houston,Texas,USA,2024-06-16
4173,Sharon Murphy,ellisbrandon@example.org,555-426-7469x344,Atlanta,Georgia,USA,2025-07-03
4174,Wendy Pierce,ecollier@example.org,6272322044,Orlando,Florida,USA,2024-06-30
4175,Alexandria Kelly,keith62@example.org,992.981.7272x4334,New York City,New York,USA,2023-06-22
4176,Alex Boyer,justin76@example.org,+1-782-855-9948x4827,Los Angeles,California,USA,2025-08-03
4177,Kurt Vasquez,stephanie30@example.org,471.606.2359x16931,Buffalo,New York,USA,2022-02-13
4178,Rebekah Hill,lnunez@example.com,(365)566-0207x6245,Denver,Colorado,USA,2023-02-05
4179,Lauren Rodriguez,stevenperez@example.net,657.794.9418x44265,New York City,New York,USA,2025-04-01
4180,Timothy Richardson,joseph41@example.com,774.949.1502x22951,Seattle,Washington,USA,2025-10-13
4181,Kayla Jones,michael89@example.org,290-287-6991x5748,San Francisco,California,USA,2021-08-19
4182,Jonathan Cherry,warrenalexander@example.net,(567)682-2490,Seattle,Washington,USA,2021-04-22
4183,Ryan Adams,sspence@example.com,522-981-5515x62499,Buffalo,New York,USA,2024-06-25
4184,Kyle Pratt,austinclark@example.org,(604)826-3759x9729,Boston,Massachusetts,USA,2021-10-30
4185,Susan Hicks,stephen05@example.org,+1-357-659-9753x9291,Atlanta,Georgia,USA,2025-09-01
4186,Douglas Hinton,robert52@example.net,589-235-8058,Atlanta,Georgia,USA,2022-08-13
4187,Robert Taylor,strongjohn@example.org,(802)444-2117x3849,Los Angeles,California,USA,2022-12-05
4188,Deborah Reeves,ucastro@example.com,+1-450-570-1342,Seattle,Washington,USA,2025-07-06
4189,Evan Johnson,veronica05@example.com,001-610-362-0802x011,San Francisco,California,USA,2022-09-17
4190,Isaiah Bender,sbarker@example.net,+1-760-722-5092x0119,Orlando,Florida,USA,2023-08-23
4191,Bradley Taylor,tracyanderson@example.com,225-692-7976,Los Angeles,California,USA,2022-11-11
4192,Jerry Patel,kimberlysparks@example.org,2845952540,Buffalo,New York,USA,2025-02-24
4193,Steven Blevins,wisejessica@example.net,+1-993-445-7649x4789,Chicago,Illinois,USA,2022-03-10
4194,Paul Chandler,millerdenise@example.net,001-416-946-6632x663,Buffalo,New York,USA,2024-01-25
4195,Margaret Hampton,jdaniels@example.com,(984)785-1662x635,Chicago,Illinois,USA,2025-03-17
4196,Jordan Carter,kevinserrano@example.com,668-933-1421,Austin,Texas,USA,2024-01-29
4197,David Holmes,ericwilliams@example.com,444-202-7412x43205,Orlando,Florida,USA,2024-06-29
4198,Karen Larsen,deborah66@example.org,+1-736-276-3485x2852,Seattle,Washington,USA,2021-10-17
4199,Michael Spears,rodriguezjudy@example.org,001-979-968-5596x521,Seattle,Washington,USA,2024-12-02
4200,Kristen Smith,vincentgrimes@example.com,001-839-903-0641,Denver,Colorado,USA,2021-02-07
4201,Alison Burgess,ariana90@example.com,734.501.0772x50210,Miami,Florida,USA,2024-04-08
4202,Jeffrey Smith,james29@example.org,453.994.1187,Boston,Massachusetts,USA,2024-09-20
4203,Zachary Obrien,lauramarshall@example.com,736-731-1596,Chicago,Illinois,USA,2021-03-31
4204,Susan Vega,ipierce@example.net,257-463-4162x53164,Austin,Texas,USA,2021-12-15
4205,Joanne Berry,cortezmicheal@example.net,241.729.8603x779,Los Angeles,California,USA,2022-08-05
4206,Francis Robinson,alvarezandrew@example.org,477.821.7887x2878,Buffalo,New York,USA,2025-06-05
4207,Anthony Garrett,newtonsarah@example.com,583-466-2539x6718,Seattle,Washington,USA,2024-06-19
4208,Leah Gonzalez,chadrogers@example.com,(223)793-1591,Austin,Texas,USA,2021-04-19
4209,Kimberly Pollard,penasylvia@example.net,722.281.0891x8870,Orlando,Florida,USA,2024-09-02
4210,Anthony Rose,garciavictoria@example.org,9366096033,Los Angeles,California,USA,2021-05-17
4211,Jennifer Jones,richardmorrow@example.com,(880)279-3446,Miami,Florida,USA,2024-09-14
4212,Ashley Moore,lanejohn@example.net,001-480-544-6007x919,Austin,Texas,USA,2024-09-19
4213,Michael Guerrero,thompsonmonica@example.net,2493978055,Atlanta,Georgia,USA,2024-09-13
4214,Stuart Robinson,garciacarl@example.com,605.412.1075x3535,Houston,Texas,USA,2025-11-06
4215,Jessica Caldwell,ibailey@example.com,+1-712-882-6424x914,San Francisco,California,USA,2021-02-09
4216,Luis Decker,destiny85@example.com,001-473-698-9301x612,Austin,Texas,USA,2025-11-12
4217,Carl Robertson,jonesluke@example.org,616.889.2321x711,Boston,Massachusetts,USA,2024-08-22
4218,Vanessa Clark,davisleonard@example.com,4559701430,Miami,Florida,USA,2022-04-19
4219,Jeanne Valdez,lambertdavid@example.com,2427832420,Miami,Florida,USA,2023-11-08
4220,Andrew Romero,david97@example.net,001-467-764-2633x313,Seattle,Washington,USA,2021-07-23
4221,Christopher Gilmore,uhill@example.net,805-351-6297x7291,Boston,Massachusetts,USA,2022-10-09
4222,Tara Fisher,sarahramirez@example.com,274-964-8782,Orlando,Florida,USA,2025-11-11
4223,Laurie Rivera,tiffanyjimenez@example.com,5462483715,Las Vegas,Nevada,USA,2023-12-25
4224,Jason Shelton,rdudley@example.net,467-943-1218,San Francisco,California,USA,2022-01-17
4225,Justin Barnes,teresaortega@example.com,717.884.1647,Buffalo,New York,USA,2023-10-23
4226,Victor House,taylor54@example.org,(479)261-4282x342,Orlando,Florida,USA,2024-02-23
4227,Kelsey Henderson,victoriawright@example.com,942.921.3286,Boston,Massachusetts,USA,2024-12-30
4228,Garrett Gillespie,kwilliams@example.net,594.675.8598,Los Angeles,California,USA,2021-03-23
4229,Christian Robertson,carlsonemily@example.net,651-777-9017x1548,Buffalo,New York,USA,2023-12-21
4230,David Spears,pmartinez@example.com,+1-807-668-2637x4068,Austin,Texas,USA,2022-11-15
4231,Robert Burnett,murphytimothy@example.org,989-556-6546x4398,Orlando,Florida,USA,2023-03-17
4232,Jeremy Smith,campbellrobert@example.org,001-452-226-1247x130,Seattle,Washington,USA,2021-11-18
4233,Michael Blevins,harveychristian@example.com,001-306-369-3548x910,Los Angeles,California,USA,2022-12-12
4234,Allen Lawrence,lawrence81@example.com,738.833.9970x4983,Denver,Colorado,USA,2022-12-22
4235,Cynthia Alvarez,lewischad@example.net,828.987.5257,Houston,Texas,USA,2024-07-04
4236,Matthew Sullivan,samuelcarlson@example.com,001-397-852-5421x719,Austin,Texas,USA,2022-04-29
4237,Michelle Glenn,ashley26@example.org,001-249-645-9053x754,Chicago,Illinois,USA,2022-07-19
4238,Gabrielle Wilson,pagedaniel@example.org,208-798-7269,Phoenix,Arizona,USA,2021-05-07
4239,Rachel Cole,trevorvargas@example.com,001-566-695-9818x370,Denver,Colorado,USA,2022-06-12
4240,Daniel Rodriguez DVM,margaret97@example.org,851.949.7674x0028,Boston,Massachusetts,USA,2023-03-04
4241,Brandon Mcguire,fallen@example.net,450.647.8825x56612,Boston,Massachusetts,USA,2025-07-27
4242,Joseph Peters,wdennis@example.org,640.364.7088x704,Los Angeles,California,USA,2024-02-11
4243,Mary Olson,stephaniepatrick@example.com,001-258-679-4320x500,Austin,Texas,USA,2022-04-07
4244,Jean Harper,cervantestracy@example.com,001-954-422-3360x694,New York City,New York,USA,2022-12-01
4245,Jessica Watts,ericgarcia@example.com,(799)659-6170,Boston,Massachusetts,USA,2023-03-16
4246,Michelle Castro,ryanmunoz@example.net,001-509-241-2547x246,Denver,Colorado,USA,2021-10-09
4247,Elizabeth Ryan,marie94@example.org,9892436664,San Francisco,California,USA,2025-02-03
4248,Michael Davis,wwilson@example.net,+1-906-795-7071x3080,Miami,Florida,USA,2023-12-03
4249,Michael Ramsey,susan69@example.com,451.471.7118,Denver,Colorado,USA,2024-06-08
4250,David Costa,ythomas@example.net,732-680-0019,Atlanta,Georgia,USA,2024-07-05
4251,Kelly Vazquez,wking@example.org,534.867.0577,Denver,Colorado,USA,2022-04-11
4252,Ashley Campbell,isaacmunoz@example.com,(209)448-4618,Miami,Florida,USA,2022-05-08
4253,Brittany Robinson,james72@example.org,583-218-5175,Las Vegas,Nevada,USA,2021-11-09
4254,Lisa Mendoza,greenjasmine@example.com,+1-418-720-4129,Miami,Florida,USA,2022-10-02
4255,Jason Zamora,gregorymclean@example.com,001-245-668-6314x687,Boston,Massachusetts,USA,2024-05-24
4256,Tracy Morton,david69@example.com,239-921-8112x46488,Houston,Texas,USA,2023-07-09
4257,Sheila Greene MD,bauertravis@example.org,001-383-292-2282,Chicago,Illinois,USA,2021-09-27
4258,Scott Bell,jamesparks@example.net,317-719-3225x7177,Buffalo,New York,USA,2024-08-29
4259,Eric Wheeler,odominguez@example.org,9362071498,New York City,New York,USA,2024-04-04
4260,Jodi Bass,kimberly57@example.net,001-567-463-1413x192,Chicago,Illinois,USA,2024-11-01
4261,Darren Evans,imaxwell@example.org,8055067156,Phoenix,Arizona,USA,2022-02-19
4262,Michael Jordan,mcguireaustin@example.net,+1-797-934-8290x450,Atlanta,Georgia,USA,2021-10-10
4263,Oscar Schultz,brianperry@example.net,(497)622-3709x144,Austin,Texas,USA,2024-11-11
4264,Samantha Jacobson,blanchardkathryn@example.org,496-409-1330x7726,Seattle,Washington,USA,2023-12-09
4265,Hannah Howe,jesse28@example.org,585-980-2576x9985,Boston,Massachusetts,USA,2021-10-04
4266,Brian Johnson,fkim@example.com,(788)555-1895,Miami,Florida,USA,2025-04-27
4267,Sarah Reed,michael38@example.net,(921)646-1110x559,New York City,New York,USA,2024-09-05
4268,Thomas Brady,damon24@example.org,(628)798-9365x19565,Boston,Massachusetts,USA,2024-03-02
4269,Jennifer Smith,richard19@example.com,999.264.1765,Boston,Massachusetts,USA,2021-11-20
4270,Dr. Kristopher Perkins,aaronlee@example.com,366.437.0216x98709,Houston,Texas,USA,2021-05-19
4271,Michele Butler DDS,irobinson@example.org,379.771.3027,Chicago,Illinois,USA,2023-12-28
4272,Shannon Kerr,ryanwilliams@example.net,236.237.6274x2086,Seattle,Washington,USA,2021-08-31
4273,Marcus Rangel,makayla16@example.net,547-396-8824x8932,New York City,New York,USA,2022-10-13
4274,Mark Copeland,felicia74@example.org,(820)331-4754x880,Atlanta,Georgia,USA,2025-12-07
4275,Teresa Torres MD,jillianbowers@example.net,971-483-4499x8564,New York City,New York,USA,2025-01-29
4276,David Montoya,tstewart@example.net,(756)305-9233x892,Los Angeles,California,USA,2025-04-17
4277,Phillip Martinez,janeolsen@example.org,(783)212-9285x03413,Houston,Texas,USA,2025-12-08
4278,Mr. James Miller Jr.,michelleleon@example.net,001-586-421-7008x781,Miami,Florida,USA,2023-04-23
4279,Stephanie Davis,collierkimberly@example.net,(979)584-0582,Austin,Texas,USA,2023-06-27
4280,Jacob Bishop,ngomez@example.net,001-689-720-8582,Seattle,Washington,USA,2025-08-10
4281,Susan Smith,conniereynolds@example.org,9737359985,Boston,Massachusetts,USA,2024-07-28
4282,Sergio Higgins,jenniferbailey@example.org,469.284.8282x4104,Boston,Massachusetts,USA,2025-02-21
4283,Anna Lucas,spencecourtney@example.com,839.618.0757,Austin,Texas,USA,2021-11-08
4284,Dan Thompson,jacobwade@example.com,223-828-9310x4988,Phoenix,Arizona,USA,2022-01-20
4285,Debra Russell,natalietaylor@example.net,466.615.9282,San Francisco,California,USA,2021-09-27
4286,Danielle Martin,ggreene@example.com,+1-391-775-5413x308,New York City,New York,USA,2021-02-23
4287,Andrea Perez,millersara@example.com,+1-499-611-4434,Phoenix,Arizona,USA,2024-06-07
4288,Denise Crosby,xmartinez@example.com,(363)390-7387x5656,Las Vegas,Nevada,USA,2022-07-01
4289,Rachael Travis,deborah90@example.com,001-901-527-2419x750,Las Vegas,Nevada,USA,2024-03-07
4290,Austin Green,christina56@example.org,957.577.7832x186,Las Vegas,Nevada,USA,2022-04-18
4291,Jeremy James,msutton@example.com,(300)745-1655,Las Vegas,Nevada,USA,2022-04-21
4292,Travis Weaver,scottrobinson@example.com,4215421721,Buffalo,New York,USA,2024-11-08
4293,Jessica Hernandez,williamgonzalez@example.com,529-207-1223x025,Los Angeles,California,USA,2023-01-06
4294,Rebecca Harrison,jeffreythomas@example.net,+1-944-244-0513x7488,San Francisco,California,USA,2024-11-10
4295,David Sloan,williamstaylor@example.org,429-344-9309x98233,Phoenix,Arizona,USA,2023-09-04
4296,Terry Jackson,kimberlylewis@example.org,7188616264,New York City,New York,USA,2023-10-26
4297,Jose Ellis,fmartinez@example.org,984.670.4022,Atlanta,Georgia,USA,2024-05-23
4298,Christina Sutton,conleyhaley@example.net,+1-529-755-3631x5737,Orlando,Florida,USA,2024-12-29
4299,Carl Kaufman,hammondjason@example.com,001-506-335-9999x067,Denver,Colorado,USA,2023-02-05
4300,Patricia Williams,smithjohn@example.org,362-329-6522,New York City,New York,USA,2025-10-12
4301,Kelsey Butler,thomas33@example.com,281-829-1686,Miami,Florida,USA,2023-10-04
4302,Ryan Vang,richardelizabeth@example.org,548.578.6777x11090,Orlando,Florida,USA,2021-10-09
4303,Nicole Smith,lburton@example.com,331.769.5628x5916,New York City,New York,USA,2022-01-31
4304,Brittany Johnson,smithalex@example.com,(975)580-8273x37799,Buffalo,New York,USA,2021-03-08
4305,Gregory Meyer,richardkennedy@example.net,558.568.5873x25744,Miami,Florida,USA,2025-04-15
4306,Julie Oneill,johnathangarcia@example.com,(893)499-1196,Los Angeles,California,USA,2022-07-07
4307,Anne Mckee,bdiaz@example.com,387.420.6797x23842,Miami,Florida,USA,2022-04-01
4308,Michael Lucas,beverly00@example.org,001-503-580-1219x244,Seattle,Washington,USA,2024-10-06
4309,Kenneth Perez,brenda27@example.net,803-639-2132x8390,Buffalo,New York,USA,2025-04-01
4310,Veronica Brady,murphyjamie@example.org,(513)503-9949x201,Buffalo,New York,USA,2021-05-16
4311,Christine Landry,geoffreyberry@example.com,001-618-624-3256x509,New York City,New York,USA,2023-06-19
4312,Michael Bauer,michael99@example.net,7339654531,Atlanta,Georgia,USA,2024-06-17
4313,Eric Vargas,robert32@example.com,532.499.9604,Orlando,Florida,USA,2024-11-09
4314,Jeff Norton,davidcasey@example.net,6435796508,Houston,Texas,USA,2025-11-11
4315,Joel Anderson,banksshannon@example.net,3979827698,Orlando,Florida,USA,2025-12-23
4316,Ashley Barnes,briansharp@example.com,337-251-7778x425,Buffalo,New York,USA,2023-05-26
4317,Ann Morgan,ehansen@example.org,001-867-447-7531,Miami,Florida,USA,2025-05-09
4318,Rachael Austin,jordannoah@example.net,+1-495-851-5403x289,Los Angeles,California,USA,2024-05-30
4319,Jesse Allen,zacevedo@example.com,+1-702-789-4614,Seattle,Washington,USA,2025-08-16
4320,Scott Huffman,usaunders@example.net,(883)698-2157x095,Miami,Florida,USA,2025-01-14
4321,Charles Obrien,ngonzales@example.org,255.944.3644x93747,Houston,Texas,USA,2023-03-19
4322,Tara Lucero,xweaver@example.org,649.216.9715x76289,Las Vegas,Nevada,USA,2025-03-01
4323,David Robinson,prattkimberly@example.com,(564)877-8809,Las Vegas,Nevada,USA,2024-05-01
4324,Janet Garcia,othompson@example.net,2232193902,Chicago,Illinois,USA,2023-12-12
4325,Rebecca Boyer,anthony62@example.com,640-409-0372x2472,Denver,Colorado,USA,2025-11-29
4326,Courtney Bell,qblackburn@example.org,680-882-3006x79928,Seattle,Washington,USA,2025-05-31
4327,Steven Hickman,patrick22@example.com,3812759701,Los Angeles,California,USA,2023-12-03
4328,Sara Stout,tgreene@example.net,001-405-215-8488x825,San Francisco,California,USA,2023-07-14
4329,Mary Lopez,zmartin@example.net,814-716-8950,Orlando,Florida,USA,2025-08-21
4330,Victoria Harrell,glennmorgan@example.com,(229)474-2866x771,Boston,Massachusetts,USA,2021-03-28
4331,Cole Stephenson,jcastro@example.net,280.789.7079x472,Boston,Massachusetts,USA,2022-05-19
4332,Brandi Davis,pford@example.org,+1-663-592-7769,Chicago,Illinois,USA,2024-01-07
4333,Christopher Chen,qpatrick@example.org,+1-343-766-8995x7041,Miami,Florida,USA,2025-02-14
4334,Jeff Martinez,kaiserphillip@example.com,(919)763-4610,Los Angeles,California,USA,2024-02-17
4335,Kelly Johnson,idonovan@example.org,(440)657-9268,Miami,Florida,USA,2023-11-24
4336,Kaitlyn Cook,twilliams@example.org,+1-940-635-1957x3009,Phoenix,Arizona,USA,2024-07-15
4337,William Anderson,kevinlee@example.net,514-650-6453,Los Angeles,California,USA,2022-01-24
4338,Shannon Wheeler,rickey24@example.org,638-259-8646,Austin,Texas,USA,2023-06-20
4339,Nancy Howard,sarahmoore@example.org,787-743-2362x9825,Miami,Florida,USA,2025-12-17
4340,Troy Hill,bennettjessica@example.com,001-200-306-7947x199,Austin,Texas,USA,2025-05-04
4341,Brian Graham,marialopez@example.net,5559641990,Atlanta,Georgia,USA,2022-08-09
4342,Patrick Mendez,bernardcheryl@example.org,905-761-2199,Orlando,Florida,USA,2021-12-07
4343,Heidi King,alexanderamber@example.com,+1-894-747-2512x120,Miami,Florida,USA,2022-08-26
4344,Erica Perkins,mendozadamon@example.com,605.684.7163,Las Vegas,Nevada,USA,2021-04-22
4345,Brian Hall,zmcbride@example.net,(440)936-0127,Seattle,Washington,USA,2023-11-25
4346,Timothy Henry,martinsarah@example.com,7267356887,Boston,Massachusetts,USA,2021-10-19
4347,Kevin Johnson,mtaylor@example.org,(296)570-8323x87825,Orlando,Florida,USA,2025-08-27
4348,Amanda Lindsey,allisonbrandon@example.com,(840)303-8160x6032,Denver,Colorado,USA,2023-07-15
4349,Dawn Lee,klevy@example.com,(688)896-8273x47072,San Francisco,California,USA,2025-01-19
4350,Gary Guzman,krichards@example.com,262.505.5067x28236,Chicago,Illinois,USA,2021-08-20
4351,Tina Lee MD,wheelercassandra@example.net,(527)370-2874x89282,New York City,New York,USA,2025-05-14
4352,Angela Leonard,nliu@example.net,723-306-5533,Las Vegas,Nevada,USA,2024-11-26
4353,Sean Silva,mariah84@example.net,(971)494-7143x95161,Chicago,Illinois,USA,2021-10-05
4354,Aaron Sanchez,stephen23@example.org,833.661.4345,Miami,Florida,USA,2023-04-27
4355,Susan Simpson,petersonbrittany@example.net,230.933.4160x4629,Houston,Texas,USA,2023-07-13
4356,Glen Johnson,donald55@example.net,001-526-435-4057x013,Los Angeles,California,USA,2022-01-02
4357,Lindsay Pruitt DDS,jacqueline57@example.org,(296)669-9149x825,Orlando,Florida,USA,2024-04-23
4358,Zachary Rodriguez,lewistravis@example.org,871-818-5630x690,Boston,Massachusetts,USA,2024-12-30
4359,Chloe White,michellehawkins@example.net,646.868.3516x123,Boston,Massachusetts,USA,2022-02-18
4360,Angela Taylor,jamieblake@example.org,001-206-258-2283,Boston,Massachusetts,USA,2023-07-21
4361,Debra Walker,transherry@example.com,496-316-8914x90889,San Francisco,California,USA,2022-05-28
4362,Alexander Paul,spencergreg@example.com,863.765.6756,Houston,Texas,USA,2024-11-17
4363,Catherine Vargas,angela22@example.com,+1-750-644-6567x0162,Denver,Colorado,USA,2024-12-28
4364,Mary Sullivan,alexandra49@example.org,641-768-6052x573,Phoenix,Arizona,USA,2021-12-02
4365,Andrew Clark,jorgeochoa@example.net,001-400-591-5422x184,Seattle,Washington,USA,2025-02-10
4366,Tiffany Ruiz,troberts@example.com,440.710.7490,San Francisco,California,USA,2021-07-06
4367,Cheryl Keller,isims@example.org,666-974-6493x2516,San Francisco,California,USA,2024-12-17
4368,Johnny Mcintosh,graveschristina@example.net,(239)885-8798,Orlando,Florida,USA,2024-07-22
4369,Howard Thomas,barnold@example.net,830.940.0095x365,Houston,Texas,USA,2021-06-24
4370,Cody Leon,fwagner@example.com,728-584-4142,Chicago,Illinois,USA,2024-12-19
4371,Jennifer Bartlett,xgonzalez@example.net,846-434-2853x574,Miami,Florida,USA,2025-01-28
4372,Tracy Barry,eric35@example.net,+1-865-852-8980x017,Phoenix,Arizona,USA,2023-11-14
4373,Jennifer Patterson,hfletcher@example.com,(230)275-9257x97766,Las Vegas,Nevada,USA,2021-11-24
4374,Nicole Case,jacksonjared@example.org,772.965.1255,Miami,Florida,USA,2024-02-02
4375,Brenda Brooks,johncrane@example.org,(811)999-0643,Miami,Florida,USA,2021-03-31
4376,Kenneth Scott,dkeller@example.com,+1-420-350-3182x736,Phoenix,Arizona,USA,2021-12-16
4377,Ashley Jordan,dreeves@example.org,2864694793,Boston,Massachusetts,USA,2022-11-18
4378,Leah Jacobson,marquezalice@example.com,+1-927-386-9030x0451,Las Vegas,Nevada,USA,2025-11-20
4379,Nancy Rodgers,edavis@example.org,601.781.1073x5527,Denver,Colorado,USA,2025-11-02
4380,Briana Dennis,smithpatricia@example.net,688.334.9877,New York City,New York,USA,2021-11-29
4381,Paul Alvarez,rmaldonado@example.net,8869847625,Atlanta,Georgia,USA,2021-10-24
4382,Ricardo Gonzalez,evalencia@example.net,889.617.7102x037,New York City,New York,USA,2025-04-25
4383,Caleb Gilbert,shawn71@example.com,001-993-888-6848,Seattle,Washington,USA,2021-04-16
4384,Kristin Nelson,adavis@example.net,(351)731-2773x152,Miami,Florida,USA,2022-09-23
4385,April Hood,vbowman@example.org,001-315-416-3945,Austin,Texas,USA,2025-02-04
4386,Gina Holmes,leeadam@example.net,617.591.1598x72483,Phoenix,Arizona,USA,2023-07-03
4387,Amy Baldwin,sruiz@example.org,(971)823-9889x1399,Austin,Texas,USA,2024-07-06
4388,Karen Williamson,ypatton@example.com,572.743.6752,New York City,New York,USA,2021-08-29
4389,Jennifer Shea,smithcynthia@example.net,+1-997-333-5613x0852,Boston,Massachusetts,USA,2021-09-27
4390,Sarah Bell,bradleymcgee@example.com,621.587.1634x578,Buffalo,New York,USA,2021-01-08
4391,Rebecca Christensen,david53@example.org,001-223-346-9297x837,Las Vegas,Nevada,USA,2025-04-17
4392,William Duarte,masseymary@example.org,983.933.1129,Austin,Texas,USA,2021-01-26
4393,Sandra Morgan,ohoover@example.com,+1-996-562-4282x3766,Orlando,Florida,USA,2023-10-17
4394,Andrew Zhang,jwebb@example.net,578.868.9433,Atlanta,Georgia,USA,2023-10-19
4395,Peggy Green,ebony82@example.com,695.948.1661,Chicago,Illinois,USA,2025-07-12
4396,Anne Robertson,jessicahamilton@example.net,(992)445-9094,Los Angeles,California,USA,2024-05-30
4397,Grant Jacobson,nicholas25@example.org,(588)385-8212x402,Boston,Massachusetts,USA,2023-10-08
4398,Richard Owen,christine09@example.net,831.533.1256x809,Buffalo,New York,USA,2022-03-21
4399,Dawn Jacobs,kfrey@example.com,(957)601-7278x539,Las Vegas,Nevada,USA,2024-09-12
4400,Gail Stokes,virginiajordan@example.org,492-286-4018x101,Orlando,Florida,USA,2023-07-19
4401,Cathy Leonard,johnsonashley@example.net,266.590.2051,Miami,Florida,USA,2023-06-24
4402,Joseph Martin,janiceanderson@example.com,(520)429-8135x283,San Francisco,California,USA,2024-05-16
4403,Gabrielle Leonard,ahoffman@example.com,+1-263-202-3598x860,Las Vegas,Nevada,USA,2021-01-14
4404,Douglas Long,michaelthomas@example.com,750-976-5233,Buffalo,New York,USA,2025-12-12
4405,Brian Garcia,brandon29@example.net,+1-306-451-5270x1274,Chicago,Illinois,USA,2022-07-24
4406,Tammy Coleman,achaney@example.com,(449)454-7671,Las Vegas,Nevada,USA,2024-07-11
4407,Jordan Hammond,gabrielsimon@example.org,+1-825-788-0761x2927,Chicago,Illinois,USA,2025-08-07
4408,Suzanne Brewer,wgarcia@example.net,612-237-9281,Atlanta,Georgia,USA,2022-03-02
4409,Philip Hanson,jenniferrogers@example.net,647.444.1240x438,Los Angeles,California,USA,2022-01-14
4410,Kelsey Stevenson,johnbailey@example.net,+1-411-558-2702x4528,New York City,New York,USA,2021-04-23
4411,Jason Perez,georgejones@example.net,001-247-301-1723x963,Denver,Colorado,USA,2022-12-16
4412,Melissa Williams,fhernandez@example.net,(556)271-2301x674,Los Angeles,California,USA,2021-10-25
4413,Brian Anderson,wallrichard@example.org,001-867-639-5894x832,Atlanta,Georgia,USA,2021-03-08
4414,Jennifer Martinez,bfisher@example.com,001-368-932-8233,Denver,Colorado,USA,2024-03-29
4415,Sean Reynolds,karen33@example.com,001-946-281-7557x958,Atlanta,Georgia,USA,2024-05-20
4416,Jonathan Gray,wheelerpedro@example.net,001-650-375-6638x623,Austin,Texas,USA,2022-11-10
4417,Veronica Alvarado,sheaashley@example.com,+1-704-895-6603,Boston,Massachusetts,USA,2021-06-29
4418,Stacy Frazier,moorekimberly@example.com,881.979.4632x9514,Los Angeles,California,USA,2021-08-12
4419,Thomas Pearson,stevenavery@example.com,+1-619-904-2446x2416,Miami,Florida,USA,2022-01-01
4420,Robert Oliver,annewilliams@example.com,331.982.1181x48506,New York City,New York,USA,2024-10-08
4421,Jessica King,andrew08@example.net,(547)292-2297,Austin,Texas,USA,2024-06-05
4422,Tamara Riley,griffinashley@example.net,(793)598-9085,Denver,Colorado,USA,2024-11-17
4423,Jon Owens,kellydoris@example.org,971.881.9624,Seattle,Washington,USA,2024-05-03
4424,Eugene Lawrence,monica34@example.net,+1-675-774-4510x1598,Las Vegas,Nevada,USA,2025-06-01
4425,David Huynh,ltaylor@example.org,391.840.1864x357,Chicago,Illinois,USA,2021-12-30
4426,Adrian Thomas,fhammond@example.org,9294455469,Orlando,Florida,USA,2025-03-15
4427,Dennis Adams,sarahscott@example.net,657.623.0896x126,Las Vegas,Nevada,USA,2023-01-08
4428,Hannah Carrillo MD,thomaswright@example.org,+1-838-523-8925x6584,Boston,Massachusetts,USA,2021-03-15
4429,Mr. Jonathan Moore,phill@example.org,+1-259-643-7359x1815,San Francisco,California,USA,2025-04-23
4430,Megan Schultz,travis62@example.com,787.424.8863,Austin,Texas,USA,2022-10-24
4431,Russell Ortiz,jeffreyhoward@example.net,761.543.2699,Houston,Texas,USA,2023-02-16
4432,Jay Fernandez,kellybishop@example.net,994-212-2954,Atlanta,Georgia,USA,2021-05-19
4433,Mark Travis,yvonneshields@example.net,(464)399-2898,Phoenix,Arizona,USA,2023-05-26
4434,Richard Harvey,cheryl86@example.com,392.911.2196,Atlanta,Georgia,USA,2024-02-02
4435,Shawn Calderon,jonesderrick@example.org,718.222.9094x467,San Francisco,California,USA,2022-08-23
4436,Holly Vang,richard12@example.net,(547)814-1167,Orlando,Florida,USA,2021-10-03
4437,Gina Foster,tmiller@example.com,001-511-977-6969x391,San Francisco,California,USA,2024-11-23
4438,Cheryl Rogers,arobinson@example.com,513-504-5047x4424,Atlanta,Georgia,USA,2022-07-17
4439,Rebecca Allen,prattjennifer@example.com,536-759-1061,Houston,Texas,USA,2023-12-16
4440,Debbie Levine,joshua10@example.com,+1-692-735-9551x0725,Miami,Florida,USA,2023-12-11
4441,Adam Snyder,gracegarza@example.org,276-522-8989x9242,Buffalo,New York,USA,2024-11-26
4442,Maria Williams,laura17@example.com,001-726-459-9387,Buffalo,New York,USA,2024-06-07
4443,Kelly Matthews,ygibson@example.org,218.250.8146x358,Los Angeles,California,USA,2021-08-12
4444,John Jones,johngarza@example.org,+1-282-398-1186x2438,Las Vegas,Nevada,USA,2025-02-03
4445,Jonathan Dawson,jenniferalvarado@example.com,7303666557,Denver,Colorado,USA,2023-12-20
4446,Deanna Lamb,alicialittle@example.org,890-206-6632x2581,San Francisco,California,USA,2023-09-18
4447,Betty Hernandez,lpage@example.net,001-445-405-4952,Seattle,Washington,USA,2024-11-11
4448,Thomas Tyler,nhanna@example.net,522-205-8592x7751,Las Vegas,Nevada,USA,2025-06-03
4449,Mary Leonard,edwinmeyers@example.com,(291)340-2268,Seattle,Washington,USA,2022-08-12
4450,James Acosta,stephaniemorris@example.org,(966)354-0791x3705,Miami,Florida,USA,2024-05-31
4451,Zachary Hall,michellecurtis@example.net,(535)466-2578,Atlanta,Georgia,USA,2022-10-11
4452,Olivia Navarro,juan65@example.com,(501)933-2057,Austin,Texas,USA,2023-12-13
4453,Michael Ray,billy07@example.org,(877)671-9101,Las Vegas,Nevada,USA,2024-06-30
4454,Amanda Thomas,stephanierodriguez@example.net,(572)465-7552,Houston,Texas,USA,2021-09-23
4455,Johnny Harris DDS,susanbradley@example.org,+1-848-451-1160,Las Vegas,Nevada,USA,2024-02-27
4456,Ashley Roberts,katie02@example.com,418.832.5244x85317,Orlando,Florida,USA,2023-12-01
4457,Tiffany Floyd,deanna56@example.com,+1-319-720-1248x4417,Seattle,Washington,USA,2024-07-18
4458,Thomas Chang,melissabennett@example.net,001-607-583-1523,Orlando,Florida,USA,2023-10-06
4459,Marie Grimes,robertburke@example.org,001-913-620-5853,Phoenix,Arizona,USA,2022-01-04
4460,Stacey Cox,bakerharold@example.net,364.623.3693x909,Boston,Massachusetts,USA,2024-06-02
4461,Cassidy Smith,harveyderrick@example.com,578.521.0567,Buffalo,New York,USA,2024-12-22
4462,Wendy Johnson,wrivera@example.com,001-270-455-3435x356,Austin,Texas,USA,2022-02-01
4463,Karen Flores,jessica57@example.net,504-949-9271x108,Los Angeles,California,USA,2021-08-31
4464,Kerri Rollins,bakercarl@example.net,(456)773-8564x88001,Los Angeles,California,USA,2023-08-11
4465,Lisa Finley,natalie32@example.org,(996)336-0402x451,Denver,Colorado,USA,2025-06-20
4466,Elizabeth Hill,david31@example.com,438.496.0105,San Francisco,California,USA,2025-02-19
4467,Maurice Gonzalez,madison75@example.com,644.836.3225x032,Atlanta,Georgia,USA,2022-03-01
4468,Jose Dawson,vsoto@example.net,322.965.7114,Phoenix,Arizona,USA,2024-06-14
4469,Edward Atkinson,dodom@example.net,326-959-7984x3620,Miami,Florida,USA,2023-04-28
4470,Anne Strong,goldenjacob@example.org,001-381-983-7260x346,Los Angeles,California,USA,2022-11-15
4471,April Wright,lsanchez@example.com,969.296.9178,Houston,Texas,USA,2024-02-22
4472,Stephen Simon,james83@example.org,(519)374-0282,Phoenix,Arizona,USA,2024-07-29
4473,Derek Johnson,stephanie90@example.org,+1-218-410-2105,Buffalo,New York,USA,2021-01-24
4474,David Jones,anthonyjustin@example.net,001-779-655-9366,Denver,Colorado,USA,2022-02-17
4475,Erica Chan,monroegabriela@example.org,+1-659-954-4863,Seattle,Washington,USA,2022-07-31
4476,Daniel Watkins,longanthony@example.net,001-210-499-8452x761,Austin,Texas,USA,2025-06-07
4477,Robert Hendricks,jason18@example.com,(743)550-4814,San Francisco,California,USA,2022-09-23
4478,Jennifer Hicks,dunnbrittany@example.com,+1-834-573-7257x730,Austin,Texas,USA,2023-11-04
4479,Heidi Klein,powersmichelle@example.net,9639425879,Chicago,Illinois,USA,2022-10-26
4480,Christopher May,iperry@example.net,982.448.9182x4553,Phoenix,Arizona,USA,2021-01-13
4481,Christian Duffy,susanmarquez@example.net,(795)728-0707x71881,San Francisco,California,USA,2024-11-05
4482,Melissa Martin,nmatthews@example.com,(925)259-1654x3496,Houston,Texas,USA,2022-12-01
4483,Mary Perez,crystaldavis@example.org,001-428-211-0180x138,Miami,Florida,USA,2025-01-23
4484,Gerald Taylor,john40@example.com,001-689-902-1772x074,Las Vegas,Nevada,USA,2024-06-15
4485,Matthew Horne,qgraham@example.org,001-711-372-2837,Los Angeles,California,USA,2025-09-01
4486,Kimberly Bush,margaretmarsh@example.net,+1-987-904-8595x9389,New York City,New York,USA,2022-02-02
4487,Todd Lloyd,franklinkristina@example.net,816.487.7541x1847,Houston,Texas,USA,2025-09-04
4488,Mary Berry,colleen91@example.com,001-717-910-2763x090,Houston,Texas,USA,2024-10-09
4489,Adam Howard,rebeccachapman@example.org,437-257-4676x654,Orlando,Florida,USA,2023-08-30
4490,Kimberly Gray,maurice07@example.org,231.381.4421x0209,Phoenix,Arizona,USA,2021-03-14
4491,Dwayne Dalton,oscardavis@example.org,538-358-2406x85889,Denver,Colorado,USA,2021-10-06
4492,Felicia Rowe,richard47@example.org,(517)870-2538,Orlando,Florida,USA,2021-11-15
4493,Misty Mcpherson,lschroeder@example.org,7994220896,Denver,Colorado,USA,2023-08-02
4494,Heidi Ruiz,christy45@example.com,001-325-334-6058,Boston,Massachusetts,USA,2025-11-07
4495,Emily Walker,frodriguez@example.com,834-624-5912x53685,Chicago,Illinois,USA,2022-11-18
4496,Christina Wilson,lisa93@example.net,001-820-577-0839x540,Orlando,Florida,USA,2025-05-25
4497,James Dean,julie45@example.net,483-303-8606x551,Atlanta,Georgia,USA,2023-04-28
4498,Troy Rose,tuckerrichard@example.org,001-890-349-0782x433,Boston,Massachusetts,USA,2025-03-01
4499,April Coleman,bryanmeza@example.com,+1-536-568-2406,Los Angeles,California,USA,2025-09-07
4500,Molly Oconnell,rodriguezjustin@example.net,(638)576-7989x764,Chicago,Illinois,USA,2022-09-06
4501,Michael Edwards,ycraig@example.org,+1-400-679-3762,Las Vegas,Nevada,USA,2025-01-24
4502,Thomas Jones,simonkimberly@example.org,907-485-3733x50206,Denver,Colorado,USA,2022-10-09
4503,Meagan Harrington,qrice@example.com,+1-667-967-1498x386,Chicago,Illinois,USA,2024-01-03
4504,Samantha Finley,xmccarthy@example.org,412.694.6576x02491,Los Angeles,California,USA,2022-03-03
4505,Vincent Martin,fwang@example.com,(440)917-4890x90130,Las Vegas,Nevada,USA,2024-11-04
4506,Katrina Perez,eugenebrown@example.com,+1-371-546-7031x2869,Houston,Texas,USA,2025-06-26
4507,Barbara Reilly,melissa52@example.net,943.786.3222x17050,Boston,Massachusetts,USA,2025-12-24
4508,Juan Adams,caleb64@example.org,+1-887-897-0532,Phoenix,Arizona,USA,2022-12-26
4509,Kyle Rodriguez,ivazquez@example.org,001-747-462-2214x711,San Francisco,California,USA,2021-11-02
4510,James Lopez,longscott@example.com,001-439-954-4755x682,Austin,Texas,USA,2025-09-18
4511,Kari Gillespie,debra16@example.net,+1-277-500-1848x4564,Los Angeles,California,USA,2022-11-26
4512,Jeffrey Coleman,reedjustin@example.org,387-934-2225x38618,Miami,Florida,USA,2024-07-07
4513,Barbara Mckee,harveykimberly@example.org,001-920-368-1836x912,Chicago,Illinois,USA,2025-09-22
4514,Pamela Lewis,qvazquez@example.net,2026432405,New York City,New York,USA,2024-03-15
4515,Ariana Gibbs,bradyamy@example.org,+1-481-837-9724x1742,Las Vegas,Nevada,USA,2023-03-09
4516,Sherry King,daniel01@example.org,(311)633-4078,New York City,New York,USA,2024-05-03
4517,Jessica Hubbard,fwright@example.com,001-734-987-5535,San Francisco,California,USA,2025-11-06
4518,Jillian Steele,psanchez@example.net,(564)829-7422x44175,Phoenix,Arizona,USA,2025-03-20
4519,Julie Robinson,mercedeswalton@example.org,835.981.0790x2475,Austin,Texas,USA,2024-12-15
4520,Lori Smith,esawyer@example.org,(614)474-5501,Atlanta,Georgia,USA,2022-10-07
4521,Donald Griffin,davidadams@example.com,+1-875-243-1706x7836,Seattle,Washington,USA,2021-03-06
4522,Laura Meyer,uandrews@example.org,001-586-330-8253x900,Austin,Texas,USA,2023-04-28
4523,Rodney Wallace,adamsjoseph@example.net,(822)640-6660,San Francisco,California,USA,2023-10-15
4524,James Reyes,wrose@example.net,(263)980-0331x37587,Boston,Massachusetts,USA,2022-05-02
4525,Jeremy Ortega,tiffanyharris@example.net,+1-512-897-8552x9648,Houston,Texas,USA,2023-07-15
4526,Shelly Wilson MD,marcus34@example.org,941-962-5580x81786,Atlanta,Georgia,USA,2022-09-12
4527,Brittany Kelley,bwang@example.org,(711)403-5358x399,Buffalo,New York,USA,2023-12-12
4528,Antonio Johnson,hlee@example.org,001-509-786-3316x659,Austin,Texas,USA,2021-12-25
4529,Andrew Clark,smithcody@example.net,587-630-1924x41892,San Francisco,California,USA,2023-02-06
4530,Brittany Kidd,pmiller@example.com,001-915-315-2854x895,Phoenix,Arizona,USA,2021-03-18
4531,Wesley Calhoun,martineztina@example.net,(386)411-8394x97527,Phoenix,Arizona,USA,2022-02-18
4532,Tonya Lam,eric08@example.org,546.219.8164x4337,Boston,Massachusetts,USA,2021-07-09
4533,Amanda Johnson,christinecisneros@example.org,001-639-904-1040x633,Orlando,Florida,USA,2023-11-03
4534,Kathleen Smith,sullivansharon@example.org,+1-815-585-3089x674,Los Angeles,California,USA,2025-06-25
4535,Travis Johnston,kellie36@example.org,590-636-1654,Orlando,Florida,USA,2023-10-22
4536,Tyler Anderson,franciscoparsons@example.com,(437)863-4596,New York City,New York,USA,2022-01-25
4537,Jacob Burton,marvinmartinez@example.net,(877)248-0766,Houston,Texas,USA,2023-09-18
4538,Patricia Knight,triddle@example.com,001-492-654-4951x764,Seattle,Washington,USA,2025-11-25
4539,Cynthia Castillo,amanda87@example.com,200-859-4827,Chicago,Illinois,USA,2022-09-28
4540,Amanda Tran,benjaminchristopher@example.net,628.858.0208x206,Phoenix,Arizona,USA,2022-11-02
4541,Taylor Maynard,robertward@example.net,(801)858-0439x39881,New York City,New York,USA,2025-04-25
4542,Robert Evans,omooney@example.net,407.472.0780,Atlanta,Georgia,USA,2021-07-21
4543,Nancy Knight,lanecheryl@example.net,001-689-753-7747x693,Atlanta,Georgia,USA,2023-11-24
4544,Amanda Cox,tommyfoley@example.net,260.705.4251x88689,Denver,Colorado,USA,2021-09-29
4545,John Hicks,jeremy95@example.net,001-709-418-1498x350,Buffalo,New York,USA,2025-01-23
4546,Shelby Armstrong,mcdowelltina@example.com,307.577.8108,Los Angeles,California,USA,2023-07-30
4547,Jeffrey Maynard,craig03@example.org,(399)662-1392x38165,Miami,Florida,USA,2025-01-01
4548,Lynn Lewis,susan29@example.org,640.364.5338x45247,Atlanta,Georgia,USA,2023-12-06
4549,Christina Randolph,herreramegan@example.org,953.932.3195x12154,San Francisco,California,USA,2021-01-09
4550,Jeremy Osborne,qfreeman@example.org,+1-406-514-3563x108,Austin,Texas,USA,2021-04-01
4551,Shane Rodriguez,alexis24@example.net,+1-686-311-4163x5557,Denver,Colorado,USA,2025-10-03
4552,Robert Tate,pmitchell@example.com,(687)985-7671x634,Las Vegas,Nevada,USA,2025-11-21
4553,Juan Young,hammondchristopher@example.com,(975)330-4537x074,San Francisco,California,USA,2022-11-14
4554,David Davenport,sarahjenkins@example.org,(919)728-2793x07504,Orlando,Florida,USA,2025-12-27
4555,Anthony Cunningham,ztorres@example.org,517-345-0115x959,Los Angeles,California,USA,2021-07-31
4556,Jacqueline Orr,larsonscott@example.org,(844)478-5894x4397,Chicago,Illinois,USA,2025-04-19
4557,Natalie Moran,robertsonmegan@example.net,748.354.2084x8139,Denver,Colorado,USA,2025-03-07
4558,Alexandria Henry,dixonholly@example.org,4856626239,Austin,Texas,USA,2021-02-16
4559,Henry Allen,emily17@example.com,+1-771-236-4125x418,Las Vegas,Nevada,USA,2025-04-03
4560,Ashley Klein,ywalsh@example.com,617-893-8525x27470,Austin,Texas,USA,2024-08-01
4561,Brandon Ellis,oherring@example.net,857-287-2930,Boston,Massachusetts,USA,2022-03-06
4562,Kimberly Kline,austinandre@example.org,929.263.5532x58788,Houston,Texas,USA,2022-02-15
4563,Brenda Jones,lauren64@example.org,001-961-666-9459x483,Buffalo,New York,USA,2022-08-10
4564,Kevin Houston,gloria42@example.org,397.543.4762x96117,Austin,Texas,USA,2023-12-27
4565,Amanda Spencer,carlospatterson@example.org,001-224-716-5673x868,Houston,Texas,USA,2025-05-02
4566,Adam James,stevensrachel@example.com,(369)423-3833,Orlando,Florida,USA,2024-10-06
4567,Jason Webb,fhood@example.net,001-737-398-8900x843,San Francisco,California,USA,2022-07-13
4568,Lee Wheeler,jacksonashley@example.com,829.390.3253,New York City,New York,USA,2021-11-19
4569,Daniel Mills,cooperrebecca@example.net,001-652-877-8340,Austin,Texas,USA,2021-08-23
4570,Heather Mitchell,psummers@example.net,282.882.3266,Los Angeles,California,USA,2024-06-29
4571,Michael Howard,cgarcia@example.com,(674)866-2035x66094,Chicago,Illinois,USA,2023-11-19
4572,Kimberly Wood,brandon47@example.net,(826)325-7897x61682,San Francisco,California,USA,2022-02-28
4573,Stephanie Taylor,smithshannon@example.org,468.421.5658x8680,Chicago,Illinois,USA,2022-12-19
4574,Crystal Kennedy,nielsenjoshua@example.org,001-513-763-1776x260,Chicago,Illinois,USA,2022-10-15
4575,Tracey Hoffman,bartonstephen@example.net,+1-270-614-5065,Austin,Texas,USA,2021-10-17
4576,Keith Gallegos,xfry@example.com,(966)266-4155,Seattle,Washington,USA,2025-07-05
4577,Linda Jones,conleystephen@example.net,+1-345-217-4388,Austin,Texas,USA,2024-03-21
4578,Andrew Smith,reginald39@example.com,853-822-1784x151,Buffalo,New York,USA,2021-12-17
4579,Anna Lindsey,ashley31@example.net,964.839.6219,San Francisco,California,USA,2022-09-30
4580,Cory Levy,dustinschwartz@example.com,001-851-842-1454x781,Las Vegas,Nevada,USA,2022-11-25
4581,Hannah Williams,cwhite@example.com,(994)721-7000x18894,Chicago,Illinois,USA,2023-06-28
4582,Justin Martin,ricemargaret@example.com,860.820.9628,Los Angeles,California,USA,2021-09-24
4583,David Hill,wbell@example.com,8614851688,Los Angeles,California,USA,2023-08-23
4584,Daniel Fowler,lloydlaurie@example.net,441-708-8265,Boston,Massachusetts,USA,2024-10-15
4585,Matthew Le,wallaceemily@example.org,001-644-280-4873,Los Angeles,California,USA,2021-08-05
4586,Shane Bryant,marshalljeanne@example.com,253.494.6343x152,Miami,Florida,USA,2021-04-21
4587,Shawn Williams,teresalawrence@example.org,316-228-1672x79664,San Francisco,California,USA,2023-05-24
4588,Amber Anderson,jeannelson@example.net,(207)231-0837,Miami,Florida,USA,2022-01-02
4589,Daniel Snyder,sylvia96@example.com,(984)945-4064,Seattle,Washington,USA,2024-05-05
4590,Lee Whitney,lewisjessica@example.net,548.719.5000x15969,Boston,Massachusetts,USA,2024-04-28
4591,Kevin Duncan,samanthaeaton@example.net,001-593-865-9552,Denver,Colorado,USA,2025-09-09
4592,Jason Green,shanelyons@example.org,378-999-3703x87262,Seattle,Washington,USA,2024-12-03
4593,Tara Jacobs,emilynewton@example.com,887-294-7693x2572,Orlando,Florida,USA,2024-06-16
4594,Duane Bishop,webermichael@example.org,001-728-403-9098x802,Houston,Texas,USA,2022-10-02
4595,Eric Tran,scott12@example.com,297-778-7268x5655,Houston,Texas,USA,2025-08-02
4596,Kelly Young,evanskenneth@example.net,224-764-5220x3948,Buffalo,New York,USA,2024-12-31
4597,Danielle Dennis,curtiskristine@example.com,737-482-6259x4583,Phoenix,Arizona,USA,2024-10-05
4598,Larry Bryant,thomas67@example.com,4242401143,Phoenix,Arizona,USA,2023-12-29
4599,Zachary Fox,blackburnpatricia@example.org,778-287-8441,San Francisco,California,USA,2025-03-28
4600,Justin Malone,dpugh@example.com,485-529-8675x542,Phoenix,Arizona,USA,2023-08-12
4601,Carolyn Freeman,sherilittle@example.net,7815727552,Las Vegas,Nevada,USA,2021-09-27
4602,Emily Cooper,owhite@example.com,511-912-1395x1167,San Francisco,California,USA,2025-07-23
4603,Melvin Munoz,lmarks@example.net,+1-520-621-5442x3899,Phoenix,Arizona,USA,2024-12-01
4604,Mrs. Kimberly Petersen,iramirez@example.net,780.762.0922x7515,Orlando,Florida,USA,2021-07-19
4605,Scott Brown,emma14@example.org,369-463-7109x9964,Orlando,Florida,USA,2022-09-28
4606,Tom Price,carlsonbryan@example.org,001-929-419-7426x941,Denver,Colorado,USA,2024-08-12
4607,David Henderson,halladam@example.org,231-571-8718,Seattle,Washington,USA,2025-04-19
4608,Daniel Jones,shane21@example.net,7328871718,Orlando,Florida,USA,2023-08-22
4609,Timothy Ruiz,amanda98@example.org,(332)201-0735x583,Buffalo,New York,USA,2022-04-04
4610,Stephen Martin,gutierrezbrittany@example.org,596-336-5088x290,New York City,New York,USA,2025-10-30
4611,Kristen Smith,carpenterdaniel@example.com,(365)208-5624x5553,Boston,Massachusetts,USA,2024-06-17
4612,Debra Carroll,randy85@example.org,379.672.7545,Austin,Texas,USA,2023-01-15
4613,Thomas Thomas,michael99@example.org,846.262.1678x5557,Miami,Florida,USA,2022-01-11
4614,John Mosley,chavezjason@example.net,6297640821,Seattle,Washington,USA,2024-09-24
4615,Kimberly Mcguire,powellmary@example.com,+1-496-531-8871x879,Houston,Texas,USA,2025-06-04
4616,Ashley Kim,clarkenathan@example.com,3504558147,Atlanta,Georgia,USA,2025-12-13
4617,Brian Woods,williamwinters@example.org,(388)349-0289x104,Houston,Texas,USA,2023-07-18
4618,Sarah George,brianagregory@example.org,284-404-0933x73260,Orlando,Florida,USA,2021-03-03
4619,Taylor Carrillo,richard56@example.com,(248)262-0263x695,San Francisco,California,USA,2023-09-01
4620,Sean Pierce,russellmelinda@example.net,+1-941-565-1163x9931,San Francisco,California,USA,2022-12-21
4621,Courtney Sawyer,phicks@example.net,277.504.2519x9529,Orlando,Florida,USA,2023-08-03
4622,Scott Bullock,ssalazar@example.com,+1-374-714-5187x365,Atlanta,Georgia,USA,2021-12-16
4623,Kayla Mcbride,kellysilva@example.org,(813)548-2024,Austin,Texas,USA,2025-04-22
4624,Stephen White,whitecrystal@example.net,953.394.1173,Houston,Texas,USA,2024-05-22
4625,Eric Boyd,andrea28@example.com,243.731.1647x8961,Las Vegas,Nevada,USA,2021-09-18
4626,Jeffery Smith,mcampbell@example.org,001-789-298-0907,Chicago,Illinois,USA,2021-07-30
4627,David Walker,julia99@example.net,+1-887-504-6281x5933,Miami,Florida,USA,2025-08-02
4628,Michael Rodriguez,aharmon@example.com,566-381-3576,Seattle,Washington,USA,2025-06-20
4629,Laura Alexander,jenniferhickman@example.net,516.708.8745,San Francisco,California,USA,2022-10-30
4630,William Cole,vlewis@example.net,277-726-7950x3558,Chicago,Illinois,USA,2024-08-23
4631,Christopher Cook,chelsea74@example.net,+1-787-269-7042x2024,San Francisco,California,USA,2025-06-11
4632,Daniel Harding,zimmermandavid@example.com,7244187987,Austin,Texas,USA,2023-12-28
4633,Kelly Hale,bgrant@example.com,001-714-391-6968x015,Orlando,Florida,USA,2023-04-01
4634,Benjamin Garcia,veronica25@example.net,(464)305-1795,Las Vegas,Nevada,USA,2023-04-27
4635,Lynn Richardson,eddie14@example.com,(809)875-9177,Buffalo,New York,USA,2024-06-25
4636,Michael Williams,anthonymoyer@example.net,001-425-385-7282x859,Buffalo,New York,USA,2024-01-28
4637,Joseph Watson,allison80@example.com,001-998-975-0942x169,New York City,New York,USA,2023-09-15
4638,Jodi Morrison,emiller@example.com,+1-630-706-1778x944,Miami,Florida,USA,2021-05-16
4639,Anita Grimes,cayala@example.org,3367873391,Houston,Texas,USA,2022-03-03
4640,Dawn Atkins,wilsonrebecca@example.org,487-642-2749x935,Atlanta,Georgia,USA,2024-11-22
4641,Donna Lawrence,andrew04@example.net,+1-380-474-4880,Las Vegas,Nevada,USA,2023-06-02
4642,Jenny Cole,jthompson@example.net,(650)799-4241,Phoenix,Arizona,USA,2023-06-11
4643,Ronald Aguilar,scotttammy@example.org,001-704-306-3886x984,Las Vegas,Nevada,USA,2025-06-01
4644,Gina Giles,kingmarissa@example.org,001-954-640-6005x325,Houston,Texas,USA,2024-01-21
4645,Dr. Valerie Snyder,charlesbutler@example.net,235.577.3978x34127,Seattle,Washington,USA,2022-04-29
4646,John Lewis,dgarcia@example.org,429-265-7387x33417,New York City,New York,USA,2024-09-19
4647,David Mcmahon,idiaz@example.com,(466)827-1312x4013,Denver,Colorado,USA,2021-06-09
4648,Jeremy Mooney,patriciamathews@example.net,(403)275-2335x549,Seattle,Washington,USA,2024-12-28
4649,Julie Murphy,lawsonjames@example.com,736-859-1532x7639,Las Vegas,Nevada,USA,2025-09-10
4650,Heather Jones,sarawebb@example.org,885-351-3138x436,Orlando,Florida,USA,2021-08-23
4651,Angela Ward,michael75@example.org,(297)359-9890,Las Vegas,Nevada,USA,2024-05-05
4652,Joshua Duncan,coxamber@example.net,001-330-282-1079,Orlando,Florida,USA,2022-10-29
4653,Karen Mcclain,castrovincent@example.com,(834)573-7283x00930,Chicago,Illinois,USA,2021-07-19
4654,James Fuller,jwilliams@example.org,242.317.8277x105,Atlanta,Georgia,USA,2023-07-01
4655,Kristi Hall,jasmine12@example.org,583.608.3393,New York City,New York,USA,2022-09-23
4656,Christopher Kane,johnnyli@example.net,974-525-9144,Miami,Florida,USA,2021-05-23
4657,Pamela Mcclure,ricardomcclain@example.com,(628)909-9560x52440,Las Vegas,Nevada,USA,2021-08-11
4658,Jessica Ayala,smithdouglas@example.com,001-678-298-6877x811,Denver,Colorado,USA,2025-07-26
4659,Thomas Hogan,juliaknapp@example.com,(953)767-6307x2872,Las Vegas,Nevada,USA,2025-04-29
4660,Madison Rodriguez,emilymontgomery@example.org,933-686-0792,Atlanta,Georgia,USA,2023-02-16
4661,Virginia Walter,erikmata@example.org,944-863-9639x26691,Houston,Texas,USA,2023-10-10
4662,Jenna Faulkner,whitekeith@example.org,898-944-9679x48471,Denver,Colorado,USA,2024-09-14
4663,James Beck,danielle48@example.org,001-609-288-9081x550,Los Angeles,California,USA,2021-07-05
4664,Cindy Griffith,debra26@example.com,+1-308-859-5514x9572,Buffalo,New York,USA,2025-08-01
4665,Dr. Erika Pittman,nguyenpatrick@example.org,(397)478-1976x73148,New York City,New York,USA,2025-12-23
4666,John Rollins,paige60@example.com,+1-202-706-5157x2024,Las Vegas,Nevada,USA,2025-03-27
4667,Chris Harris,uwright@example.net,(290)353-6256x65481,Denver,Colorado,USA,2025-07-17
4668,Ashley Williams,ischmidt@example.net,217-864-3996,Los Angeles,California,USA,2025-03-31
4669,Charles Marshall,andrew12@example.net,725.688.7132x287,New York City,New York,USA,2024-09-15
4670,Marissa Walter MD,randall41@example.net,(594)330-5044,New York City,New York,USA,2023-07-17
4671,Colton Rojas,johnsonphillip@example.com,+1-678-579-7041x5742,Chicago,Illinois,USA,2022-08-20
4672,Hunter Moran,obarnes@example.net,(592)973-0739,Miami,Florida,USA,2024-06-14
4673,Victoria Clark,kristen67@example.com,+1-549-990-0974,Las Vegas,Nevada,USA,2023-07-05
4674,Robert Moore,marqueznathaniel@example.org,001-816-365-0434x484,Buffalo,New York,USA,2022-02-26
4675,Veronica Drake,russelljoel@example.org,782-998-1320x272,Denver,Colorado,USA,2025-12-02
4676,Christopher Mayer,levi83@example.org,622-793-0117x96851,Houston,Texas,USA,2022-09-06
4677,Nancy Kelley,cindy12@example.com,001-586-968-0015x631,Las Vegas,Nevada,USA,2025-06-15
4678,Michael Parker,jenniferhiggins@example.com,(435)285-2110x1799,Boston,Massachusetts,USA,2024-10-23
4679,Andrew Cameron,jleach@example.net,853.233.5657x3294,Austin,Texas,USA,2023-06-10
4680,Chris Holder,matthew96@example.net,001-933-289-4726,Seattle,Washington,USA,2022-12-07
4681,Roger White,ihanson@example.com,233.981.6975,San Francisco,California,USA,2024-04-08
4682,Melissa Rose,robin89@example.net,001-513-554-6652x289,Los Angeles,California,USA,2024-06-06
4683,Mary Powell,dbrown@example.org,869-882-9976x99714,Chicago,Illinois,USA,2023-04-08
4684,Valerie Gonzalez,tonyaford@example.com,6552508348,Atlanta,Georgia,USA,2021-09-19
4685,Robert Spencer,marcus44@example.com,001-328-497-0926,Atlanta,Georgia,USA,2022-08-26
4686,Ariel Fernandez,jeffery39@example.net,001-729-857-8650x952,Los Angeles,California,USA,2023-01-27
4687,Amy Rice,velezbenjamin@example.net,+1-210-374-1260,Boston,Massachusetts,USA,2024-01-30
4688,Benjamin Fox,jcontreras@example.net,001-694-247-4622x696,Los Angeles,California,USA,2021-01-02
4689,Mr. Joshua Walker Jr.,qdillon@example.com,001-655-247-0607x805,Seattle,Washington,USA,2024-02-21
4690,Todd Vargas,gknight@example.org,562.515.8873x1450,Atlanta,Georgia,USA,2023-01-06
4691,Chad Good,erinnguyen@example.org,(508)312-7499,San Francisco,California,USA,2025-10-30
4692,Amy Smith,duffydavid@example.com,001-801-272-3446x779,Austin,Texas,USA,2025-11-08
4693,Sara Kaiser,gcarey@example.org,642-338-2919x69880,Los Angeles,California,USA,2022-04-27
4694,Marie Jones,santosdarryl@example.com,+1-419-377-0744x347,Miami,Florida,USA,2024-12-09
4695,Tanya Leonard,angelaknight@example.com,(650)456-4202x446,Las Vegas,Nevada,USA,2023-03-19
4696,Stephanie Carpenter,douglas52@example.net,001-724-620-9042,Denver,Colorado,USA,2022-10-14
4697,Mark Duncan,jennifercherry@example.net,8775224414,Seattle,Washington,USA,2023-02-23
4698,William Stone,manuel93@example.org,606-499-8758x52572,Miami,Florida,USA,2023-02-21
4699,Krystal Gordon,bbaker@example.org,001-969-264-6901x644,Miami,Florida,USA,2024-01-22
4700,Steven Roberts,misty51@example.net,3514775786,Buffalo,New York,USA,2024-09-18
4701,Jaime Kline,kgray@example.com,+1-709-511-9632x362,New York City,New York,USA,2023-08-31
4702,Jeffrey Johnson,obrown@example.net,516.588.9780,New York City,New York,USA,2022-01-21
4703,Nicole Hall,vtorres@example.net,(649)817-0580x3071,Chicago,Illinois,USA,2023-02-27
4704,Andrew Austin,sjackson@example.org,001-811-339-7303x105,Atlanta,Georgia,USA,2023-01-08
4705,Nancy Jordan,smithsamantha@example.com,432-663-1424x382,Atlanta,Georgia,USA,2023-05-05
4706,Sharon Andrews,daniel53@example.net,810-724-0975x2606,New York City,New York,USA,2022-08-14
4707,Nancy Robinson,walkerjanice@example.org,+1-763-477-4019x422,Atlanta,Georgia,USA,2024-10-04
4708,Eric Gonzalez,walshpaul@example.org,905.504.7827,New York City,New York,USA,2021-10-03
4709,Gregory Park,jessicacampbell@example.net,326-974-9988x35199,Los Angeles,California,USA,2021-05-27
4710,David Collier,ksmith@example.com,+1-537-872-4574x415,Denver,Colorado,USA,2021-02-02
4711,Stephanie Rose,twilliams@example.net,+1-994-501-8514x968,New York City,New York,USA,2025-01-17
4712,Kimberly Schmitt,leslie18@example.net,+1-213-549-3167x5503,Boston,Massachusetts,USA,2023-09-24
4713,Kimberly White,nicholas79@example.com,867.489.8801,Denver,Colorado,USA,2023-06-14
4714,Brandon Anderson,garciaeileen@example.org,434-704-4440x72111,New York City,New York,USA,2021-06-23
4715,Stephanie Sanders,xdalton@example.net,(561)813-9353x019,New York City,New York,USA,2024-08-08
4716,Claire Riley,xmcmillan@example.com,489.677.6127x6514,Phoenix,Arizona,USA,2023-05-02
4717,Robin Rodriguez,phamrobert@example.org,2418813662,Atlanta,Georgia,USA,2023-07-23
4718,Jeffery Smith,katherinemiller@example.net,345.218.8934x773,Boston,Massachusetts,USA,2025-06-04
4719,Nicholas Sullivan,hallkara@example.net,797-337-0612x45551,Seattle,Washington,USA,2024-05-22
4720,Richard Harmon,debbiefisher@example.com,6982017056,Boston,Massachusetts,USA,2023-05-22
4721,Jeremy Payne,travis43@example.com,420-604-5158,Las Vegas,Nevada,USA,2022-01-04
4722,James Hamilton,jennifer69@example.com,+1-744-830-2789x1174,Orlando,Florida,USA,2023-11-10
4723,Joseph Brown,brooksbenjamin@example.net,345.576.8254,Miami,Florida,USA,2024-02-05
4724,Tammy Fletcher,charlesfleming@example.org,678.918.4393x9578,Atlanta,Georgia,USA,2023-07-11
4725,Gregory Peterson,qbennett@example.com,+1-953-613-8678x2362,Miami,Florida,USA,2022-12-29
4726,Tara Schultz,cbates@example.com,+1-317-517-5732x2836,Buffalo,New York,USA,2022-01-16
4727,Elizabeth Smith,andersontimothy@example.org,+1-640-436-2756x2952,Miami,Florida,USA,2024-05-23
4728,Brianna Stevens,lauren08@example.org,(407)659-8173x11601,Los Angeles,California,USA,2024-03-29
4729,Mindy Hodges,abrown@example.org,+1-627-981-5758,Orlando,Florida,USA,2025-10-01
4730,Henry Kidd,alexajones@example.org,+1-593-319-9389x6355,Seattle,Washington,USA,2022-04-30
4731,Sean Rivera,gthompson@example.com,2383504486,Seattle,Washington,USA,2023-10-25
4732,Jared Harris,smithlarry@example.org,999-589-3960,Austin,Texas,USA,2023-04-22
4733,Clayton Barnes,qjones@example.org,5626140249,Boston,Massachusetts,USA,2024-01-24
4734,Ashley Simpson,sandovalluke@example.org,912.884.1527,Las Vegas,Nevada,USA,2023-01-22
4735,Michael Pacheco,stacyward@example.org,425-847-5957x624,Los Angeles,California,USA,2021-03-19
4736,Kelly Bryant,aprilchambers@example.org,517.302.6245x85224,Las Vegas,Nevada,USA,2023-09-17
4737,Jerome Williams,jenniferblack@example.net,661-208-6226x5919,Seattle,Washington,USA,2023-01-25
4738,Jennifer Kim,derek05@example.com,(829)475-5933x8419,San Francisco,California,USA,2024-04-03
4739,Lawrence Reed,morgancrystal@example.net,001-938-584-6975x384,Orlando,Florida,USA,2024-11-15
4740,Glen Roth,bmoss@example.org,731-276-1586,San Francisco,California,USA,2021-10-18
4741,Michelle Wagner,rebeccafowler@example.org,706-876-4540,Seattle,Washington,USA,2025-02-06
4742,Thomas Trevino,millsjamie@example.net,865-780-9053x80534,Chicago,Illinois,USA,2025-10-26
4743,Randy Harris,jennifer30@example.com,6305885423,Phoenix,Arizona,USA,2025-05-15
4744,Taylor Schroeder,waltermurphy@example.com,9896736547,Austin,Texas,USA,2023-08-11
4745,Anthony Ortega,hansennancy@example.net,001-890-216-3587x514,Chicago,Illinois,USA,2021-06-10
4746,Yvonne Edwards,smithkarina@example.com,001-684-203-4499x195,Chicago,Illinois,USA,2025-12-28
4747,Jerry Carter,andrew54@example.com,+1-425-830-5813x551,Las Vegas,Nevada,USA,2021-07-01
4748,Desiree Johnson,angelairwin@example.com,598-968-0666x43067,Buffalo,New York,USA,2023-08-26
4749,Charles Cameron,mdavidson@example.com,(718)748-1774,Denver,Colorado,USA,2025-02-27
4750,Donna Hansen,millernicholas@example.com,347.642.2199,Denver,Colorado,USA,2024-10-01
4751,Ian Melendez,ewilliams@example.org,+1-302-502-3492x5096,San Francisco,California,USA,2024-11-01
4752,Crystal Hicks,lthompson@example.net,289-299-3284,Denver,Colorado,USA,2024-01-10
4753,Kayla Taylor,tammyfrazier@example.org,519-510-0225x916,Phoenix,Arizona,USA,2024-04-02
4754,Tiffany Rogers,isaac10@example.com,(789)411-9831x030,Austin,Texas,USA,2024-06-09
4755,Alicia King,nicholsjoshua@example.org,001-743-880-7554x055,Los Angeles,California,USA,2022-12-05
4756,Deborah Thomas,christopherbarnett@example.com,591-762-8844,Chicago,Illinois,USA,2025-05-14
4757,Katherine Rogers,forbesangela@example.org,510.226.2333x29619,Los Angeles,California,USA,2023-08-19
4758,Andrew Austin,cabbott@example.org,+1-958-200-8174x411,Orlando,Florida,USA,2023-11-16
4759,Brooke Allen,chaneyjennifer@example.net,+1-546-766-2981x997,Boston,Massachusetts,USA,2023-08-19
4760,Patricia Lee,ponceryan@example.com,2367029193,Las Vegas,Nevada,USA,2025-02-11
4761,Brittany Brown,brownbrenda@example.net,001-644-565-2488x265,Houston,Texas,USA,2023-05-13
4762,Andrew Golden,michaellowe@example.net,(669)910-3524x154,Houston,Texas,USA,2025-06-23
4763,Michele Cook,wolfelucas@example.net,3123083892,Austin,Texas,USA,2022-08-16
4764,Cory Simpson,bradfordkerri@example.com,918-838-4293x631,New York City,New York,USA,2021-03-14
4765,Veronica Bradley,alextorres@example.org,210-794-9899,Seattle,Washington,USA,2024-05-08
4766,Larry Mcgee,william64@example.net,+1-307-896-1840x421,Seattle,Washington,USA,2022-09-15
4767,Claudia Stanley,jordanjohn@example.org,693.637.3617,Seattle,Washington,USA,2025-05-27
4768,Lauren Hickman,nathanconway@example.com,+1-848-653-1241x7591,Las Vegas,Nevada,USA,2022-06-18
4769,Valerie Hoffman,sfowler@example.com,001-640-901-4913x370,Los Angeles,California,USA,2024-07-12
4770,Sarah Bird,danielhughes@example.org,557-776-1574,Orlando,Florida,USA,2024-03-30
4771,Brian Walker,kristin30@example.org,(294)352-9672x4347,New York City,New York,USA,2024-03-19
4772,Christopher Berry,gloverfrancisco@example.com,+1-874-528-9066x904,Los Angeles,California,USA,2024-09-06
4773,Jessica Clark,joshua97@example.net,(497)271-5760x67001,Austin,Texas,USA,2025-07-15
4774,Elijah Jones,bentleyalexis@example.net,(653)934-3659,Seattle,Washington,USA,2024-07-02
4775,Justin Day,elizabethreyes@example.net,001-656-679-9714x685,Los Angeles,California,USA,2022-08-11
4776,Joseph Booker,luishahn@example.net,001-933-967-8092x273,Orlando,Florida,USA,2021-06-18
4777,Timothy Robertson,ahernandez@example.net,674.268.6398,New York City,New York,USA,2023-11-02
4778,Daniel White,alicia93@example.net,934-903-6073,San Francisco,California,USA,2025-10-10
4779,Thomas Price,deborahwilliams@example.com,590-202-8807x338,Phoenix,Arizona,USA,2022-07-24
4780,Earl Lawson,holderstephanie@example.org,565.728.9393,Austin,Texas,USA,2021-09-29
4781,Patrick Bartlett PhD,marie25@example.net,+1-674-723-7720x4393,Las Vegas,Nevada,USA,2022-07-30
4782,Danny Schultz,lanepeter@example.net,587.813.9503x8543,Austin,Texas,USA,2025-10-23
4783,Thomas Black,bishopjohn@example.net,7968672162,Austin,Texas,USA,2021-01-30
4784,Taylor Griffin,jason75@example.net,(708)408-6105x726,Seattle,Washington,USA,2021-08-17
4785,Melanie Gross,uerickson@example.net,(854)939-1051x0656,Las Vegas,Nevada,USA,2021-12-24
4786,Shawn Parsons,garycook@example.net,001-599-293-3129x931,Boston,Massachusetts,USA,2024-04-26
4787,Gabrielle Miller,jschultz@example.org,831-694-6574x9981,Seattle,Washington,USA,2021-11-06
4788,Elizabeth Decker,rhickman@example.net,314.335.6034,Denver,Colorado,USA,2023-07-04
4789,Jessica Gomez,karen12@example.net,6942930553,Houston,Texas,USA,2025-07-13
4790,Leslie Jenkins,alicia41@example.org,257-853-3951x5746,New York City,New York,USA,2022-06-20
4791,Julie Shaw,christopherscott@example.net,(730)972-2995x521,Phoenix,Arizona,USA,2024-12-06
4792,Sydney Hall,angela97@example.net,955-796-8413x89288,Buffalo,New York,USA,2023-09-21
4793,Kevin Salazar,steinjoan@example.com,001-769-820-2835x287,New York City,New York,USA,2025-06-26
4794,Kaitlyn Wong,crystal84@example.org,914.879.6851x990,Chicago,Illinois,USA,2025-11-01
4795,Barbara David,anthonywaters@example.com,6836686067,Los Angeles,California,USA,2022-12-04
4796,Jennifer Miller,michaelmcdowell@example.net,+1-292-470-0698x2192,San Francisco,California,USA,2021-10-25
4797,Dominique Johnson,iwhite@example.com,649-598-1595x177,Las Vegas,Nevada,USA,2025-08-10
4798,Charles Austin,beardandrew@example.org,483-323-4863x415,New York City,New York,USA,2025-09-12
4799,Nicolas Castillo,cody71@example.com,685-790-7138x4568,Orlando,Florida,USA,2025-03-22
4800,Ann Li,sandraallison@example.com,001-738-389-3304x498,Miami,Florida,USA,2025-04-27
4801,Brenda Goodman,hjohnson@example.com,001-507-380-4990x332,Miami,Florida,USA,2022-05-03
4802,Steve Hodges,maxwellkathleen@example.com,(798)636-7139x08850,Denver,Colorado,USA,2023-06-21
4803,Andrew Grimes,timothymiller@example.com,(712)958-8706,Seattle,Washington,USA,2024-07-29
4804,Catherine Huynh,joseph52@example.org,001-281-748-1854,New York City,New York,USA,2022-03-08
4805,Amber Higgins,christopher68@example.com,9525935410,Las Vegas,Nevada,USA,2025-02-12
4806,Chase Rice,hunterwest@example.com,644-280-6344x68023,Atlanta,Georgia,USA,2022-12-08
4807,Christopher Hickman DVM,gwilliams@example.net,001-403-681-4590x970,Los Angeles,California,USA,2024-08-08
4808,Kristen Miller,justin11@example.com,001-849-764-9489x709,Austin,Texas,USA,2025-03-28
4809,Malik Brown,curtismisty@example.org,335.601.5348x4298,Atlanta,Georgia,USA,2021-08-26
4810,Kathleen Perez,austinbonnie@example.com,370-529-0280,Los Angeles,California,USA,2021-12-10
4811,Sarah Woods,franklinchristopher@example.net,848-983-7735,Orlando,Florida,USA,2023-03-28
4812,Shawn Jacobs,sarah68@example.org,506-990-8840,Orlando,Florida,USA,2022-09-10
4813,Christine Cox DDS,rhernandez@example.com,767-995-3837x7929,Orlando,Florida,USA,2025-03-09
4814,Peter West,rosecruz@example.org,(288)455-2980,Phoenix,Arizona,USA,2023-12-27
4815,Robin Drake,robertsdustin@example.com,+1-204-784-9511,Buffalo,New York,USA,2023-02-17
4816,James Tucker,jacquelinemendoza@example.com,485-367-8863,Denver,Colorado,USA,2024-12-16
4817,Daniel Taylor,dawn72@example.com,743-280-7744x214,Miami,Florida,USA,2023-08-30
4818,Megan Jacobs,asantiago@example.com,415-707-9585x3266,Austin,Texas,USA,2021-10-25
4819,Rebecca Andersen,blove@example.net,001-744-942-4987x963,Chicago,Illinois,USA,2025-11-18
4820,Janet Garcia,alyssaedwards@example.org,001-430-229-9903x037,Miami,Florida,USA,2021-01-25
4821,Holly Salas,lisa57@example.com,+1-821-949-7421x0664,Austin,Texas,USA,2025-06-21
4822,Jeffrey Foster,xprice@example.org,(694)320-2225x88523,Orlando,Florida,USA,2023-02-22
4823,Dustin Eaton,timothy40@example.org,+1-207-568-1301,Denver,Colorado,USA,2022-10-09
4824,Michael Baker,jessica92@example.org,(611)367-7477x3133,Chicago,Illinois,USA,2024-10-30
4825,Ricky Williams,utaylor@example.net,955.397.3286,Los Angeles,California,USA,2021-07-19
4826,Jonathan Juarez,lisaadams@example.org,+1-491-520-6155x989,Boston,Massachusetts,USA,2023-12-25
4827,Richard Valencia,stephaniehernandez@example.org,(365)251-5192x754,Denver,Colorado,USA,2022-12-26
4828,Henry Gomez,joshuahernandez@example.com,001-280-441-9111x688,Atlanta,Georgia,USA,2023-06-04
4829,Audrey Murphy,joseph50@example.com,+1-234-242-6204x7148,Las Vegas,Nevada,USA,2024-08-28
4830,Kevin Mcgee,james33@example.org,(466)460-4523x6923,Atlanta,Georgia,USA,2022-07-13
4831,Shawn Smith,megan80@example.org,+1-994-668-3053,Houston,Texas,USA,2022-07-08
4832,Leah Copeland,hhenderson@example.net,+1-564-786-4665,Austin,Texas,USA,2025-07-02
4833,David Diaz,baxterdavid@example.org,(970)511-9235,San Francisco,California,USA,2022-06-07
4834,Dr. Robert Carlson,nathanbecker@example.org,+1-722-571-9670x310,Denver,Colorado,USA,2024-04-11
4835,Autumn Rice,andrewedwards@example.org,+1-537-375-3128x4794,Miami,Florida,USA,2023-08-03
4836,Mario Miller,qscott@example.net,250-774-2178x7830,Phoenix,Arizona,USA,2024-10-14
4837,Heather Ballard,rrichardson@example.net,364.292.8966,Seattle,Washington,USA,2022-05-11
4838,Mary Smith,rbrock@example.org,482-365-3538,Seattle,Washington,USA,2024-10-08
4839,Ashley Stephens,sblake@example.org,+1-643-321-4749x354,Las Vegas,Nevada,USA,2025-04-27
4840,Jon Watson,xblair@example.com,+1-569-787-9608x7099,Buffalo,New York,USA,2023-12-01
4841,Christopher Stein,carolynmiller@example.net,807.472.3096x6941,Houston,Texas,USA,2024-10-19
4842,Brian Wyatt,murphysteven@example.org,530-759-6160x5050,Seattle,Washington,USA,2022-01-04
4843,Jose Short,qwilliams@example.org,5814982228,Houston,Texas,USA,2024-01-27
4844,Kristen Welch,smithleslie@example.com,424-658-1972x3961,Los Angeles,California,USA,2024-10-09
4845,Richard Brewer,samuelross@example.org,666.705.3894,Los Angeles,California,USA,2025-08-31
4846,Walter Mendez,fowlermichelle@example.net,001-613-723-7153x579,San Francisco,California,USA,2021-01-25
4847,Holly Owen,ballheather@example.net,554-573-6531,Miami,Florida,USA,2021-07-20
4848,Gerald Santiago,luisnelson@example.org,(480)454-3913,Chicago,Illinois,USA,2021-08-01
4849,George Hodges,osborncristian@example.org,854-478-3643x7482,Denver,Colorado,USA,2023-07-03
4850,Robert Sandoval,gmclean@example.net,001-289-618-6359x124,Houston,Texas,USA,2022-03-26
4851,Anne Thomas,andersoncharles@example.org,+1-391-349-2141x710,Seattle,Washington,USA,2022-08-04
4852,Rachel Mitchell,pamelabarton@example.net,001-206-242-0488x633,Austin,Texas,USA,2022-01-31
4853,Jessica Robinson,bsalas@example.com,549.853.8101,Los Angeles,California,USA,2021-02-18
4854,William Clayton,patricia64@example.com,(666)913-9611x076,Las Vegas,Nevada,USA,2021-07-08
4855,Andrew Allen,mcbrideerica@example.com,2613485460,Los Angeles,California,USA,2024-05-01
4856,Tammy Wagner,awall@example.org,(607)572-6156,Denver,Colorado,USA,2025-09-08
4857,Ashley Campbell,yperez@example.net,+1-634-686-3018,Buffalo,New York,USA,2024-05-12
4858,Michael Holden,bensonmichael@example.org,+1-343-512-9543,Denver,Colorado,USA,2021-09-07
4859,Morgan Bentley,harold94@example.com,(439)700-6728,Seattle,Washington,USA,2021-09-03
4860,Dwayne Wilkinson,ian33@example.net,001-911-932-7734x217,San Francisco,California,USA,2025-10-20
4861,Peter Lowery,michael20@example.com,001-479-988-4554,Las Vegas,Nevada,USA,2021-09-24
4862,April Holmes,ustafford@example.net,7819832815,Miami,Florida,USA,2024-09-06
4863,Jeremy Patterson,kstrickland@example.net,460.659.1279x728,Phoenix,Arizona,USA,2024-08-19
4864,Sarah Patterson,angela59@example.org,(910)898-5565,Las Vegas,Nevada,USA,2025-07-03
4865,Ashley Patel,robertobender@example.net,001-398-851-5519x657,New York City,New York,USA,2021-08-16
4866,Ashley Mcdonald,michellelee@example.com,001-204-415-3548x137,Seattle,Washington,USA,2022-01-13
4867,Richard Mack,brianguerra@example.com,+1-320-393-5744,Austin,Texas,USA,2022-08-27
4868,Jason Vargas,erin07@example.net,941-458-0465,Orlando,Florida,USA,2024-09-14
4869,Juan Ballard,williamchristensen@example.com,759.379.0356,Boston,Massachusetts,USA,2021-06-05
4870,Ryan Guzman,zsmith@example.com,+1-284-703-1059x5325,Denver,Colorado,USA,2023-07-18
4871,Deborah Taylor,lthomas@example.com,(982)849-4746x9259,Boston,Massachusetts,USA,2022-07-21
4872,Danielle Santos,brian52@example.com,(612)504-0784,Phoenix,Arizona,USA,2023-05-25
4873,Anthony Kirk,hartmanluke@example.net,920-840-8063,Seattle,Washington,USA,2024-09-29
4874,George Perry,lutznichole@example.org,529.631.1371,Phoenix,Arizona,USA,2025-04-27
4875,Cynthia Dixon,enewton@example.org,326-677-0794,Houston,Texas,USA,2022-06-12
4876,Stephanie White,yvonnevelez@example.net,2402180794,New York City,New York,USA,2025-05-18
4877,Hayley Brooks,katie95@example.net,365.213.9601x3132,San Francisco,California,USA,2022-07-22
4878,Mr. Samuel Faulkner,steven71@example.org,+1-824-563-9484x1849,Phoenix,Arizona,USA,2021-05-08
4879,Charles Phelps,adam46@example.net,+1-877-335-3686x669,Miami,Florida,USA,2023-03-07
4880,Andrew Bentley,wwise@example.net,001-711-307-2483,Houston,Texas,USA,2021-05-04
4881,Shannon Perry,garciajohn@example.com,556.758.6959x467,Austin,Texas,USA,2025-07-23
4882,Christopher Riley,rmorales@example.com,+1-907-219-0645,Austin,Texas,USA,2021-12-31
4883,Christopher Sanders,elizabeth66@example.net,6519194725,Orlando,Florida,USA,2021-05-23
4884,Misty Wilson,ryandonovan@example.com,814.900.0237,Orlando,Florida,USA,2022-02-15
4885,Allen Miller,youngpaul@example.com,692-836-4997x98512,Las Vegas,Nevada,USA,2023-03-16
4886,Timothy Burgess,michael56@example.net,(831)283-1425,New York City,New York,USA,2024-08-14
4887,Brent Hoffman,nfrench@example.org,+1-718-648-6061x504,Orlando,Florida,USA,2021-08-11
4888,Emily Clark,walleranthony@example.org,001-408-691-4096x466,New York City,New York,USA,2024-01-13
4889,Whitney Daniels,smorris@example.net,307.714.1747,Phoenix,Arizona,USA,2023-06-03
4890,Kevin Waters,dyang@example.org,966.211.7614,Buffalo,New York,USA,2024-06-11
4891,Sarah Lynch,dawn04@example.net,761.511.7247x89146,Denver,Colorado,USA,2021-08-06
4892,Tabitha Miller,johnjohnson@example.org,620-329-8955,Boston,Massachusetts,USA,2023-06-24
4893,Casey Woods,chadthomas@example.net,640.747.2117,Seattle,Washington,USA,2022-06-15
4894,Mary Coleman,thomasrobert@example.com,340-962-0963,San Francisco,California,USA,2021-03-13
4895,Sherry James,ydavis@example.com,996.260.0986,San Francisco,California,USA,2021-05-25
4896,Alyssa Jones,jameslee@example.net,5252751081,Las Vegas,Nevada,USA,2025-01-30
4897,Meagan Torres,stewartsusan@example.com,(769)559-5197,Austin,Texas,USA,2025-05-11
4898,Kimberly Knight,robin69@example.net,7942158631,Orlando,Florida,USA,2021-02-08
4899,Jonathan Barker,russellelizabeth@example.com,+1-913-492-9428,Boston,Massachusetts,USA,2023-10-17
4900,Jennifer Jones,stevensonaustin@example.org,9739106526,New York City,New York,USA,2024-08-30
4901,Jeffrey Allen,fordcharles@example.com,+1-334-910-6286x4792,Denver,Colorado,USA,2021-01-02
4902,Nichole Cruz PhD,bakerjessica@example.net,882.644.8156x42643,Boston,Massachusetts,USA,2021-03-19
4903,Linda Bailey,jamesjohn@example.com,001-589-271-9551x462,Denver,Colorado,USA,2023-03-11
4904,Ashley Chandler,trevorlozano@example.org,+1-893-727-6652,Austin,Texas,USA,2021-11-07
4905,Jeremy Chang,brandon43@example.com,(444)969-0246x66450,Seattle,Washington,USA,2022-11-07
4906,Jonathan Perez,burkescott@example.net,001-323-652-4880x719,Boston,Massachusetts,USA,2023-03-13
4907,Arthur Cook,jhunt@example.org,(943)590-8159,Las Vegas,Nevada,USA,2021-01-08
4908,Thomas Wade,ginalynch@example.com,001-942-496-8945,Chicago,Illinois,USA,2024-12-20
4909,Kayla Ramos,gsmith@example.net,909.375.2851x3290,Phoenix,Arizona,USA,2023-10-02
4910,Paul Lewis,cassandra58@example.org,+1-643-758-4972x7791,Orlando,Florida,USA,2023-06-13
4911,Laura Serrano,douglasjones@example.com,(945)868-7946x8576,Miami,Florida,USA,2025-09-25
4912,Danielle Johnson,karisalazar@example.org,+1-670-946-8322x735,Seattle,Washington,USA,2025-05-19
4913,Matthew Garner,daisytorres@example.org,209-998-6647,Phoenix,Arizona,USA,2025-05-28
4914,Julie Benson,rbrady@example.org,787-750-0298x096,San Francisco,California,USA,2024-01-12
4915,Donna Bowen,gwilcox@example.com,963-357-7208,Buffalo,New York,USA,2021-01-07
4916,Katie Sanchez,reynoldsnicholas@example.com,+1-439-682-1611x995,Miami,Florida,USA,2024-11-12
4917,Matthew Santos,kirkjulie@example.net,600.407.5371,Atlanta,Georgia,USA,2025-05-17
4918,James Collier,samuelmyers@example.com,433-827-8855x749,Orlando,Florida,USA,2021-09-06
4919,Brianna Mcmillan PhD,andrewanderson@example.com,7313650875,Las Vegas,Nevada,USA,2024-01-02
4920,Rodney Jacobs Jr.,molinalee@example.org,+1-377-318-8874x9442,Boston,Massachusetts,USA,2023-01-06
4921,Anthony Solomon,gdudley@example.net,997-256-8326,Houston,Texas,USA,2024-10-28
4922,Gregory Dorsey,nwiggins@example.com,565.947.2230x30859,Austin,Texas,USA,2023-04-01
4923,Todd Washington,mooreandrew@example.com,223.931.2278x081,Los Angeles,California,USA,2024-07-18
4924,Amy Parker,abigail07@example.com,783.845.3653,Denver,Colorado,USA,2021-07-05
4925,Emily Sanders,amyandrews@example.com,7528686676,Houston,Texas,USA,2023-12-31
4926,James Smith,anthonymcdonald@example.org,001-306-539-2494x840,Atlanta,Georgia,USA,2022-11-28
4927,Kelly Wells,jnelson@example.com,(885)717-7565,San Francisco,California,USA,2025-09-19
4928,Melody Ortiz,gardnerpaul@example.com,(236)880-5245x79517,Orlando,Florida,USA,2025-04-07
4929,Laura Hernandez,ygray@example.com,(932)826-6426x519,Phoenix,Arizona,USA,2022-08-17
4930,William Wyatt,sheilaperry@example.org,605-470-5917x87663,Denver,Colorado,USA,2022-02-20
4931,Courtney Taylor,michaelmartin@example.net,001-637-711-9182x060,New York City,New York,USA,2024-02-10
4932,Allen Hamilton,stacypearson@example.org,313-448-2655,Los Angeles,California,USA,2023-02-26
4933,Tammy Rowland,monicaromero@example.org,+1-595-771-4639x7090,Denver,Colorado,USA,2022-01-27
4934,Priscilla Bailey,conniechavez@example.org,+1-565-401-7727x338,Austin,Texas,USA,2024-11-26
4935,Karen Barnes,beltransusan@example.org,688-433-6589,Miami,Florida,USA,2021-08-07
4936,Katrina Young,fisherpatricia@example.com,376.561.4180,Denver,Colorado,USA,2024-11-11
4937,William Ward MD,garcianatalie@example.org,822-775-4109x5975,Houston,Texas,USA,2023-09-24
4938,Elizabeth Johnson,gramos@example.org,894-243-4854x209,San Francisco,California,USA,2025-12-18
4939,Katherine Scott,alicialee@example.org,001-442-981-1236x293,Denver,Colorado,USA,2023-06-16
4940,Joshua Summers,oharris@example.com,2355743395,Seattle,Washington,USA,2022-01-24
4941,Jessica Skinner,qperez@example.org,541.898.8886x631,New York City,New York,USA,2021-03-15
4942,Jason Harris,wrightmorgan@example.com,(270)527-6806x7048,Buffalo,New York,USA,2021-02-21
4943,Dorothy Moran,hamiltonpatricia@example.org,255.264.1672,Seattle,Washington,USA,2024-04-29
4944,Bryan Jackson,castroalicia@example.org,+1-826-831-0138x8086,Buffalo,New York,USA,2023-09-29
4945,Charles Wilson,fowlergregory@example.com,955.553.8373x579,Miami,Florida,USA,2021-05-10
4946,Robert Ferguson,christinaarnold@example.com,001-521-247-9599x386,Phoenix,Arizona,USA,2024-01-13
4947,Stephanie Pratt,joanne47@example.net,(689)759-4211,Denver,Colorado,USA,2022-09-23
4948,Kayla Bennett,ghumphrey@example.org,381-689-0290x1818,Orlando,Florida,USA,2023-12-30
4949,Matthew Brandt,angela83@example.org,910.307.0573x77339,Atlanta,Georgia,USA,2025-07-21
4950,Andrew Newman,lawrencejustin@example.net,001-422-903-2544x081,Orlando,Florida,USA,2021-02-03
4951,Jessica Sanchez,vegabryan@example.org,(565)613-0679x13384,Los Angeles,California,USA,2022-11-26
4952,Courtney Jones,pricephyllis@example.org,+1-537-489-5404x777,Los Angeles,California,USA,2022-11-23
4953,Pamela Wagner,amytorres@example.net,+1-889-646-9584x7136,Phoenix,Arizona,USA,2025-01-16
4954,Cheryl Castro,zacharyyang@example.com,910.552.1562,Los Angeles,California,USA,2023-04-11
4955,Calvin Burnett,christinawilkins@example.net,(564)276-9650,San Francisco,California,USA,2022-03-10
4956,Joseph Smith,nlopez@example.com,397-471-4369x17159,Phoenix,Arizona,USA,2024-09-01
4957,Tyler Parker,richard74@example.org,697.846.6993,Denver,Colorado,USA,2023-12-08
4958,Linda Hogan,aedwards@example.com,(548)563-1134,Orlando,Florida,USA,2024-10-20
4959,Kristina Lopez,banksrussell@example.com,(826)950-6403x6840,Atlanta,Georgia,USA,2025-11-26
4960,Henry Ford,daniellemartinez@example.org,826.642.7251x609,Chicago,Illinois,USA,2021-11-02
4961,Travis Powell,jason43@example.com,(399)948-0571x81878,Seattle,Washington,USA,2024-04-01
4962,Andrew Webb,jacobdunlap@example.org,573.723.5142,Buffalo,New York,USA,2021-05-28
4963,Sydney Phillips,isaiahsmith@example.net,(932)283-1682x6882,Los Angeles,California,USA,2025-02-15
4964,Ms. Susan Montoya,sandy21@example.net,001-436-908-0608x317,New York City,New York,USA,2023-09-29
4965,Joseph Tapia,jamesjanice@example.net,+1-234-684-2625,Denver,Colorado,USA,2021-02-09
4966,Justin Nguyen,richard76@example.org,2822883469,Orlando,Florida,USA,2024-06-20
4967,Larry Nguyen,vicki63@example.org,725-826-1598x26810,Los Angeles,California,USA,2022-05-13
4968,Andrew Bennett,leepaul@example.org,(565)416-3537,Seattle,Washington,USA,2024-08-21
4969,Edward Guerra,dunlapaaron@example.net,976-569-4592x680,New York City,New York,USA,2021-01-30
4970,Nathan Williams,franklin36@example.org,745-746-1522,New York City,New York,USA,2024-07-19
4971,Ashley Perkins,fcrawford@example.com,(316)448-0421x00062,Los Angeles,California,USA,2022-09-22
4972,Jacob Simmons,iallen@example.com,+1-693-714-8904,Atlanta,Georgia,USA,2025-06-14
4973,Jennifer Chung,michael02@example.net,(591)648-0405x41273,San Francisco,California,USA,2023-07-24
4974,Amber Wise,rachel35@example.org,001-884-276-2362x288,Las Vegas,Nevada,USA,2021-12-16
4975,David Serrano,vortiz@example.net,635-569-5139x4759,Atlanta,Georgia,USA,2024-04-25
4976,James Hayes,dday@example.org,+1-352-373-3006x2772,San Francisco,California,USA,2025-08-02
4977,Erika Ross,marie71@example.org,(273)265-0733x14074,Atlanta,Georgia,USA,2021-08-06
4978,David Martin,bradleythompson@example.org,001-723-509-0861x208,San Francisco,California,USA,2023-10-16
4979,Peter Murphy,jerryabbott@example.org,(585)830-2418x6572,Las Vegas,Nevada,USA,2025-06-25
4980,Aaron Johnson,dvasquez@example.net,001-891-897-5554x904,Las Vegas,Nevada,USA,2022-03-28
4981,Andrew Howard,lbailey@example.com,(463)259-0434,San Francisco,California,USA,2025-07-06
4982,Jeremy Johns,ajones@example.org,5603195677,Buffalo,New York,USA,2023-05-23
4983,Krista Thomas,josephmedina@example.org,5693290554,Houston,Texas,USA,2025-07-20
4984,Nicholas Dominguez,brittanylewis@example.net,7026412603,Atlanta,Georgia,USA,2025-02-20
4985,Mark Soto,bryanchad@example.org,(844)773-9847x0974,Denver,Colorado,USA,2023-04-04
4986,Todd Thompson,nathaniel27@example.net,+1-336-962-5480x103,Houston,Texas,USA,2021-09-05
4987,Tonya Shaw,urocha@example.com,+1-863-707-8180,Denver,Colorado,USA,2024-03-25
4988,Laurie Hall,turnerlindsey@example.com,+1-997-933-5115x5241,Chicago,Illinois,USA,2021-10-09
4989,Margaret Weaver,jason09@example.org,(666)658-2381,Houston,Texas,USA,2025-09-10
4990,Patricia Lee,matthew91@example.net,+1-505-733-7851x2229,Phoenix,Arizona,USA,2022-03-13
4991,Denise Brown,ryan14@example.org,001-604-988-6896x571,Phoenix,Arizona,USA,2021-04-04
4992,Kevin Walker,andersonfrances@example.org,001-567-939-7126,Las Vegas,Nevada,USA,2021-12-22
4993,Jessica Castillo,burnettcurtis@example.org,350.270.8517x67516,Houston,Texas,USA,2021-05-10
4994,Bethany Little,jriley@example.net,533-896-1938x10782,San Francisco,California,USA,2022-07-15
4995,Jason Park,jessicalindsey@example.net,395.697.0932x1418,New York City,New York,USA,2025-04-01
4996,Peter Ruiz,davisjennifer@example.org,797.622.3421,Miami,Florida,USA,2021-12-11
4997,Andrew Roth,laceybarnett@example.net,(636)857-9891,Seattle,Washington,USA,2023-01-28
4998,Jessica Scott,erichuff@example.com,(817)325-4014,Chicago,Illinois,USA,2021-12-04
4999,Jessica Hardin,riverarobert@example.com,277-813-5389,Orlando,Florida,USA,2022-05-14
5000,Whitney Bell,dawn69@example.com,(592)840-5807,Boston,Massachusetts,USA,2024-04-06
5001,Sarah Long,palmermelissa@example.net,001-340-774-9911x553,Los Angeles,California,USA,2021-10-01
5002,Shannon Gonzales,ovillarreal@example.com,001-807-801-9295x050,San Francisco,California,USA,2025-06-09
5003,Stephen Rodriguez,sward@example.net,+1-793-398-0504x4218,Atlanta,Georgia,USA,2024-07-18
5004,Amy Brandt,bpoole@example.com,001-733-665-6436x942,Las Vegas,Nevada,USA,2023-02-10
5005,Frank Martin,jessica93@example.net,001-824-215-6880x728,Phoenix,Arizona,USA,2021-11-20
5006,Daniel Schmidt,andre18@example.org,+1-351-305-1193x1450,Los Angeles,California,USA,2025-12-07
5007,Kathy Anderson,lawrencehoward@example.net,702.498.0719x560,Orlando,Florida,USA,2021-06-15
5008,Heather Newman,uthomas@example.net,613.766.6188x00972,Los Angeles,California,USA,2021-01-15
5009,Sara Watson,dustin22@example.org,956-731-4404x56847,New York City,New York,USA,2021-07-02
5010,Candice Oliver,gregory29@example.org,310.369.7675x583,Seattle,Washington,USA,2024-08-27
5011,Roy Martin,samantha93@example.org,364.951.1865,Las Vegas,Nevada,USA,2025-12-22
5012,Norma Weeks,wellsjustin@example.com,(213)803-0356x22135,Austin,Texas,USA,2023-05-03
5013,Travis Craig,amanda60@example.net,721-333-0571,Seattle,Washington,USA,2025-07-12
5014,Heather Walker,xmosley@example.org,638.863.9975,Phoenix,Arizona,USA,2025-05-02
5015,Melissa Hunter,igonzalez@example.com,833.740.5339x902,Orlando,Florida,USA,2024-11-18
5016,Jessica Morales,colliershelly@example.com,900.916.3881,New York City,New York,USA,2022-02-27
5017,Warren Smith,smithjennifer@example.org,(983)611-1039,New York City,New York,USA,2024-08-03
5018,Victor Lang,ryan46@example.net,001-847-313-0720,Austin,Texas,USA,2023-12-08
5019,Jonathan Allen,yfowler@example.com,+1-416-748-3123x0681,Orlando,Florida,USA,2023-04-24
5020,Stephanie Rose,schneiderpenny@example.net,4258270612,Buffalo,New York,USA,2021-12-24
5021,Meghan Schwartz,jessica45@example.net,(941)545-8231x38428,Las Vegas,Nevada,USA,2024-11-17
5022,Alex Griffin,stevenwood@example.com,347.446.4023x0554,Los Angeles,California,USA,2024-05-06
5023,Eric Thomas,masonlittle@example.net,961-806-0140x336,New York City,New York,USA,2025-01-08
5024,Ashley Walker,zberry@example.org,8334167590,Orlando,Florida,USA,2024-06-07
5025,William Smith,rcole@example.net,614-331-6585x57754,San Francisco,California,USA,2024-07-08
5026,Natalie Church,fmiller@example.org,001-515-266-3962x795,Atlanta,Georgia,USA,2025-05-22
5027,Michael Yang,anita71@example.org,(370)349-3964,Austin,Texas,USA,2022-12-14
5028,Matthew Roberts,austin36@example.org,(507)959-9110x00128,Miami,Florida,USA,2021-01-10
5029,Gregory Russell,antoniolivingston@example.net,756.220.4389,Chicago,Illinois,USA,2022-04-28
5030,Donald Robinson,pricealicia@example.net,312.505.0122x327,Buffalo,New York,USA,2021-08-29
5031,Kyle Gallagher,lisa61@example.org,+1-863-411-5697x171,Chicago,Illinois,USA,2021-07-15
5032,Steven Anderson,nelsondebra@example.com,001-847-350-2615x861,Las Vegas,Nevada,USA,2023-01-12
5033,Cynthia Mcdowell,jimenezcourtney@example.net,779.988.6744,Atlanta,Georgia,USA,2025-04-08
5034,Justin Hopkins,lbell@example.org,979-496-3911,Chicago,Illinois,USA,2023-11-06
5035,Claudia Fernandez,joshuasantiago@example.net,+1-958-562-6380x8692,Buffalo,New York,USA,2023-08-09
5036,Ashley Byrd,callen@example.com,(944)635-6480,Phoenix,Arizona,USA,2024-07-06
5037,Carlos Andrews,gallegossteven@example.com,638-687-3346x2246,Denver,Colorado,USA,2022-03-03
5038,Jesse Rowe,mariagarcia@example.net,+1-530-740-0512x9486,Austin,Texas,USA,2021-04-19
5039,Elizabeth Howard,dbanks@example.org,001-852-570-3203x613,Buffalo,New York,USA,2021-08-19
5040,Cynthia Mcmillan,samantha24@example.net,520-708-9541,Phoenix,Arizona,USA,2021-11-02
5041,Jennifer Velasquez,oconnortiffany@example.net,297-765-7941,Denver,Colorado,USA,2025-09-25
5042,Brian Snyder,wisedarryl@example.com,+1-808-678-2238x5547,Boston,Massachusetts,USA,2023-08-30
5043,James Edwards,vaughnnancy@example.org,947-809-4442x740,Orlando,Florida,USA,2021-12-28
5044,Edward Wilson,kmartinez@example.org,641.422.2038x76738,New York City,New York,USA,2024-10-04
5045,Andrea Parker,jhines@example.org,291.882.4514,Boston,Massachusetts,USA,2021-03-30
5046,Patricia Young,martinmelissa@example.com,(673)516-7850x4374,Los Angeles,California,USA,2024-08-13
5047,Kyle Schwartz,derek97@example.org,701.987.0528x45311,Houston,Texas,USA,2022-08-07
5048,Kyle Bates,andrea13@example.net,529.781.0860x44159,Buffalo,New York,USA,2023-06-10
5049,Kevin Jones,ramireznicholas@example.net,(645)533-7159x74333,Austin,Texas,USA,2022-11-16
5050,Andrea Wise,vickieyang@example.com,+1-214-486-4022x9483,Las Vegas,Nevada,USA,2025-07-07
5051,Brenda Doyle,cjackson@example.com,+1-339-243-5862x1318,Boston,Massachusetts,USA,2025-04-03
5052,Autumn Wallace,elliottamanda@example.com,001-685-441-7323,Orlando,Florida,USA,2021-03-30
5053,Steven Gonzalez,uwilson@example.net,665-517-3942x62061,San Francisco,California,USA,2025-02-25
5054,William Martin,alexandra47@example.net,001-608-554-1244x788,Los Angeles,California,USA,2024-01-06
5055,Zachary Leon,heather73@example.com,753.924.4492,New York City,New York,USA,2021-11-20
5056,Linda Kelley,andersonkathleen@example.org,6348222562,Phoenix,Arizona,USA,2021-03-01
5057,Kathleen Morris,along@example.org,6316721162,Orlando,Florida,USA,2023-11-21
5058,Jason Craig,cjones@example.com,8008408393,San Francisco,California,USA,2021-05-26
5059,Janice Hines,gbarry@example.net,558-983-7103x55845,Boston,Massachusetts,USA,2022-04-27
5060,Keith Rosario IV,qcollins@example.com,759-929-1213,Seattle,Washington,USA,2023-06-30
5061,Alyssa King,maryjohnson@example.net,8467899009,Las Vegas,Nevada,USA,2024-04-02
5062,Phillip Gonzalez,tara59@example.net,+1-740-271-7524x7693,Houston,Texas,USA,2023-05-09
5063,Adam Nicholson,jackson56@example.com,(662)945-8613,Buffalo,New York,USA,2025-03-11
5064,Robert Carter,rodriguezjacob@example.net,7145341824,Denver,Colorado,USA,2022-10-30
5065,Kelly Powell,kshields@example.com,439.506.9542,Buffalo,New York,USA,2025-05-15
5066,Robert Thompson,bryan83@example.org,507.390.0302x2427,San Francisco,California,USA,2022-10-30
5067,David Vaughn,nicolemiller@example.net,4815478415,Buffalo,New York,USA,2021-07-20
5068,Joshua Hardy,baldwinmartha@example.org,824-538-7017,Buffalo,New York,USA,2025-02-19
5069,Andre Marshall,chelsea19@example.org,001-533-772-9745,Miami,Florida,USA,2025-11-17
5070,Michael Curtis,ojenkins@example.org,612-405-1449,Buffalo,New York,USA,2023-02-09
5071,Johnny Hart,hjones@example.org,739.278.6451x678,Boston,Massachusetts,USA,2022-03-28
5072,Michael Mills,owilliams@example.net,950-680-6272,San Francisco,California,USA,2023-08-23
5073,John Dominguez,pamelajackson@example.com,(332)423-0970,Las Vegas,Nevada,USA,2023-09-20
5074,Paul Anderson,youngjoseph@example.org,243.862.2398x270,Los Angeles,California,USA,2025-12-29
5075,Lucas Lopez,qschultz@example.org,(979)734-6290,Miami,Florida,USA,2021-10-24
5076,Brittany Alexander,toni88@example.com,943-965-3934,Buffalo,New York,USA,2024-06-02
5077,Calvin Ryan,adamskeith@example.com,(759)848-3679x20894,Orlando,Florida,USA,2021-12-31
5078,Christian Martinez,wellsmatthew@example.net,388-526-6170,Miami,Florida,USA,2023-02-04
5079,Cynthia Reed,smithjonathan@example.com,(722)697-8280x753,New York City,New York,USA,2023-07-27
5080,Victoria Jones,ipeters@example.org,638.551.6631,Seattle,Washington,USA,2022-02-02
5081,Corey Wood,droberson@example.net,677-953-4337,Denver,Colorado,USA,2023-01-05
5082,Lisa Ortega,karen55@example.org,2952276138,Austin,Texas,USA,2022-02-19
5083,Jennifer Scott,teresa38@example.org,+1-682-759-9785,Houston,Texas,USA,2021-09-18
5084,Emily Giles,ingramamy@example.com,+1-690-548-0606x7924,Los Angeles,California,USA,2024-11-18
5085,Betty Miller,adrianmacias@example.net,2466840894,Las Vegas,Nevada,USA,2021-05-03
5086,Christina Cline,fhess@example.net,001-379-678-2686x245,Austin,Texas,USA,2021-10-07
5087,Bruce Fowler,nelsongregory@example.org,793.595.4983,San Francisco,California,USA,2025-10-11
5088,Charles Howell,dowens@example.com,279.632.5549,Orlando,Florida,USA,2023-07-29
5089,Michelle Garner,michael62@example.org,001-613-396-7743,Miami,Florida,USA,2021-12-17
5090,Marie Bennett,pjones@example.org,264-352-7352,Phoenix,Arizona,USA,2022-12-05
5091,Edward Burgess,ywillis@example.com,(894)945-0040x177,Buffalo,New York,USA,2025-12-21
5092,Brenda Johnson,kylemorrison@example.com,+1-311-252-9926x4408,Austin,Texas,USA,2024-05-21
5093,Kimberly Roth,justincontreras@example.org,546-458-7874x76851,New York City,New York,USA,2025-06-05
5094,Sheila Graham,carriemoore@example.net,001-988-238-0416x993,Phoenix,Arizona,USA,2024-07-30
5095,Crystal Ray,vyang@example.net,693-319-7436x271,Las Vegas,Nevada,USA,2021-12-15
5096,Lori Thompson,veronicaallen@example.com,667.882.8853x78381,Las Vegas,Nevada,USA,2024-02-07
5097,Mario Braun,penakaren@example.org,(446)667-1934x2986,Atlanta,Georgia,USA,2022-04-16
5098,Brandi Chambers,ashleycisneros@example.com,722.971.1523,San Francisco,California,USA,2023-04-24
5099,Dominique Wilkerson,charlesbruce@example.org,(640)358-2799x140,Atlanta,Georgia,USA,2023-12-05
5100,Melissa Benson,baileylisa@example.net,4408045525,Orlando,Florida,USA,2025-11-01
5101,James Brown,amunoz@example.net,+1-883-834-5809,Buffalo,New York,USA,2024-04-26
5102,Kenneth Curry,dcox@example.net,576.247.8913,Orlando,Florida,USA,2025-09-11
5103,Eric Martin,hduncan@example.org,306-883-5877x66316,Orlando,Florida,USA,2022-07-26
5104,Maria Watson,tracyramos@example.org,001-841-251-0612x520,Los Angeles,California,USA,2025-02-04
5105,Kyle Walker,mullensherry@example.org,001-248-785-1457x956,Miami,Florida,USA,2025-02-16
5106,Andrew Allen,fwaller@example.org,882.342.0512x53220,Atlanta,Georgia,USA,2022-05-21
5107,Darlene Rojas,osellers@example.com,001-414-542-1402x092,Buffalo,New York,USA,2022-11-02
5108,Tracy Fisher,louis77@example.net,343-872-9541x25211,Miami,Florida,USA,2024-04-01
5109,Jessica Levy,rmorales@example.org,001-380-804-3865x268,Buffalo,New York,USA,2024-04-26
5110,Yvette Stewart,mezabrandon@example.org,(784)881-3695x656,New York City,New York,USA,2024-03-20
5111,David Williams,martinmartin@example.org,831.667.6987x514,Boston,Massachusetts,USA,2021-01-11
5112,Allison Rosales,robinreeves@example.org,7486280174,Miami,Florida,USA,2021-04-01
5113,James Thompson,rebecca97@example.org,+1-901-723-1995x6626,Los Angeles,California,USA,2023-08-22
5114,Christine Price,ortizashley@example.net,(219)376-5886,Seattle,Washington,USA,2025-04-24
5115,Sandra Bell,bowmanchristopher@example.org,698.397.7270,Chicago,Illinois,USA,2021-03-10
5116,William Spencer,eatonerica@example.com,836.235.6190x6283,Miami,Florida,USA,2023-12-24
5117,Robert Rodriguez,agordon@example.net,814.313.7592,Miami,Florida,USA,2023-09-09
5118,Dr. Jessica Shea,blake98@example.org,+1-406-233-1506x7926,Phoenix,Arizona,USA,2025-06-23
5119,Angela Jones,tammygarrett@example.net,612.970.8397x153,Seattle,Washington,USA,2025-08-10
5120,Dakota Pineda,barkerkimberly@example.net,957.813.4955x225,San Francisco,California,USA,2023-07-16
5121,Sara Nguyen,foleysteven@example.com,+1-914-622-3471x905,Orlando,Florida,USA,2022-05-08
5122,Jeremy Carson,sandrawong@example.com,209-787-4182x6199,San Francisco,California,USA,2024-02-18
5123,Jason Franco,mitchellzachary@example.org,8697562514,Phoenix,Arizona,USA,2021-01-26
5124,Lauren Lopez,nkane@example.com,217.877.1813,Seattle,Washington,USA,2025-02-07
5125,Brandon Jenkins,nicolemartin@example.net,001-719-566-0058x749,Miami,Florida,USA,2022-03-23
5126,Allen Moore,clarkphillip@example.com,9745198387,New York City,New York,USA,2023-01-05
5127,Joseph Hart,emedina@example.org,232-878-5821,Austin,Texas,USA,2022-05-05
5128,Brad Heath,bthomas@example.net,+1-792-260-2624x9872,Denver,Colorado,USA,2021-07-05
5129,Phillip Lewis,brandonrobinson@example.org,+1-254-513-9385x0379,Los Angeles,California,USA,2023-09-10
5130,Samuel Stark,nicole75@example.org,904-944-5376x006,Denver,Colorado,USA,2022-09-17
5131,Rachel Allen,hughesmichael@example.com,(621)926-1371x64032,New York City,New York,USA,2024-12-11
5132,Melissa Reed,williamsmelissa@example.com,916-891-7418,Orlando,Florida,USA,2025-10-24
5133,Anna May,andrea31@example.com,+1-260-310-4757x5314,Las Vegas,Nevada,USA,2025-03-11
5134,Julie Brown,myerswesley@example.net,(727)772-8289x758,Las Vegas,Nevada,USA,2021-02-19
5135,Cesar Cross,justin48@example.net,270.593.4674x48469,Orlando,Florida,USA,2023-08-08
5136,Jamie Sanchez,xthompson@example.com,001-304-827-8771x127,Phoenix,Arizona,USA,2021-10-11
5137,Timothy Cruz,hooverjason@example.net,9174855665,Atlanta,Georgia,USA,2024-12-11
5138,Jerry Miller,katherinegordon@example.org,832.241.2549,Miami,Florida,USA,2022-01-14
5139,Misty Allen,amanda53@example.com,319.609.8776x74967,Phoenix,Arizona,USA,2025-11-20
5140,Kathleen Davis,melissa09@example.org,600.891.1165x3775,Houston,Texas,USA,2024-07-07
5141,Kristin Lutz,jeannesingh@example.org,001-767-675-7298,Orlando,Florida,USA,2024-12-12
5142,Matthew Evans,peterserica@example.com,(315)629-3823,Denver,Colorado,USA,2021-01-03
5143,Monique Smith,ldavis@example.org,(767)715-5565x04676,Atlanta,Georgia,USA,2024-07-08
5144,Ryan Williams,yanderson@example.net,374-683-0929x0767,San Francisco,California,USA,2023-02-28
5145,Michelle Moore,daniel82@example.net,001-422-948-8458x195,Boston,Massachusetts,USA,2024-11-15
5146,Ryan Roy,reedjennifer@example.com,788.423.5513x5327,Houston,Texas,USA,2023-12-24
5147,Bobby Williamson,bradley80@example.net,001-578-878-5145x388,Los Angeles,California,USA,2022-08-31
5148,Danielle Ford,dallen@example.net,333-695-9564x223,Miami,Florida,USA,2025-03-22
5149,Seth Patel,fordderrick@example.com,603.797.2781x96236,Austin,Texas,USA,2024-11-30
5150,Sean Davis,millerjessica@example.com,(820)263-3606,Las Vegas,Nevada,USA,2024-01-16
5151,John Guzman,renee54@example.org,(833)779-8053x081,Las Vegas,Nevada,USA,2025-06-16
5152,Tony Kelley,jasonellis@example.com,959-283-0512x2063,Buffalo,New York,USA,2025-06-02
5153,Joshua Reed,christianwilson@example.net,275.825.7464x1574,Denver,Colorado,USA,2021-06-15
5154,Bradley Love,cheryl35@example.org,(810)238-7487x16445,Las Vegas,Nevada,USA,2025-12-09
5155,Shannon Brown,jared16@example.com,6079965891,Houston,Texas,USA,2025-02-15
5156,Helen Miller,kleintimothy@example.net,+1-638-937-9785x708,Boston,Massachusetts,USA,2021-04-23
5157,Jeffrey Griffin,johnsonmichelle@example.com,+1-627-569-5953x4107,Chicago,Illinois,USA,2024-10-13
5158,Robert Thompson,piercejessica@example.org,584-718-6422,Houston,Texas,USA,2025-12-24
5159,Jessica Cooper,heatherhensley@example.net,001-462-648-9754,Los Angeles,California,USA,2021-08-16
5160,Jessica Hernandez,victoriapotts@example.org,001-867-524-3714x082,Miami,Florida,USA,2023-01-19
5161,Tracy Atkinson,brandygarcia@example.com,801-640-1525x0300,Orlando,Florida,USA,2024-06-21
5162,Samantha Wolfe,ysweeney@example.org,+1-335-380-9945x6726,Los Angeles,California,USA,2023-01-19
5163,Stephanie Roberts,matthew17@example.com,001-606-246-3511,Houston,Texas,USA,2021-12-25
5164,Anthony Collier,jason31@example.org,+1-789-555-7179x4365,Denver,Colorado,USA,2024-02-19
5165,Chase Potts,stephenmartinez@example.org,(450)822-6652,Seattle,Washington,USA,2021-05-18
5166,Joshua Wright,mooredylan@example.org,3495685644,Chicago,Illinois,USA,2024-12-23
5167,Christopher Estes,ijones@example.com,(356)758-9284,Phoenix,Arizona,USA,2022-02-24
5168,Sandra Ball,brandymoore@example.org,642-364-8476,New York City,New York,USA,2022-11-17
5169,David Landry,guerrawilliam@example.net,+1-578-634-6188x4524,Buffalo,New York,USA,2024-01-11
5170,Emily Thomas,vanessamorales@example.org,270-283-8797,San Francisco,California,USA,2024-08-22
5171,Melissa Daniels,james17@example.com,451.546.9546x076,Orlando,Florida,USA,2025-02-19
5172,Stephen Ayala,hgraham@example.org,(625)314-4648,Phoenix,Arizona,USA,2024-04-03
5173,Patrick Jackson,eschneider@example.net,+1-293-328-5864x2715,Atlanta,Georgia,USA,2024-12-10
5174,David Blackwell,lorisullivan@example.com,912-627-4731,Buffalo,New York,USA,2025-03-23
5175,Charles Bailey,prosario@example.net,+1-718-955-6954,Seattle,Washington,USA,2025-04-08
5176,Patricia Ward,rdavis@example.org,(907)498-2730,Buffalo,New York,USA,2022-10-19
5177,Andrew Smith,johnnythompson@example.net,(763)349-6070,Houston,Texas,USA,2022-07-02
5178,Elizabeth Miller,gillkimberly@example.org,755-538-3161,Chicago,Illinois,USA,2024-10-25
5179,Laura Williams,brandonmartin@example.org,377.496.4439,Miami,Florida,USA,2022-07-22
5180,Kevin Brewer,jeremycole@example.org,303.854.8071x9993,Los Angeles,California,USA,2021-05-10
5181,Amy Reyes,floresbill@example.com,001-238-652-8691x413,Houston,Texas,USA,2022-12-09
5182,Ray Garcia,benjaminlopez@example.org,001-811-709-3878x812,Orlando,Florida,USA,2023-09-23
5183,Christina Aguilar,bethanycohen@example.org,+1-636-989-2975x6988,Chicago,Illinois,USA,2023-12-15
5184,Mallory Lucas,cassie46@example.net,001-523-976-0179x434,Atlanta,Georgia,USA,2021-09-09
5185,Michelle Adams,westlaura@example.net,001-431-722-8683x512,Orlando,Florida,USA,2024-12-24
5186,Eric Lee,whitejane@example.com,001-890-490-7939x690,Chicago,Illinois,USA,2024-10-21
5187,Sandra Smith,vlong@example.net,+1-362-614-9261x425,Atlanta,Georgia,USA,2023-12-28
5188,Jennifer Snyder,rdavies@example.net,563.433.1933,Boston,Massachusetts,USA,2022-08-22
5189,Mary Evans,toddsanchez@example.org,+1-720-415-5067,Orlando,Florida,USA,2024-06-25
5190,Bryan French,torressusan@example.com,444-299-8690x65227,Houston,Texas,USA,2025-06-27
5191,William Ortega,rosariochristopher@example.org,255-266-4457x720,Denver,Colorado,USA,2024-11-20
5192,Alicia Beck,greenamanda@example.com,528-452-3158x998,Phoenix,Arizona,USA,2025-12-14
5193,Sean Pierce,yclark@example.com,(716)601-0794x5098,San Francisco,California,USA,2022-01-21
5194,Laurie Ward,wgilbert@example.com,695-272-1789,Boston,Massachusetts,USA,2025-12-16
5195,Michele Schwartz,ucohen@example.com,588.653.8053,Orlando,Florida,USA,2021-06-28
5196,James Holland,thomashunter@example.org,(908)985-0029x990,San Francisco,California,USA,2023-03-12
5197,Thomas Taylor,davidsonkaitlyn@example.com,758.867.4280,Boston,Massachusetts,USA,2022-01-02
5198,Evelyn Bruce,adamcasey@example.net,271.228.3790,Austin,Texas,USA,2021-06-07
5199,Walter Ramsey,ygallegos@example.com,+1-793-658-9441x4372,San Francisco,California,USA,2021-12-04
5200,Patricia Rodriguez,dennishicks@example.org,001-585-902-7494x060,Austin,Texas,USA,2021-08-18
5201,Amanda Montgomery,fespinoza@example.net,(971)722-3739x22030,Seattle,Washington,USA,2021-10-31
5202,Martin Owen,bbrown@example.com,3794029807,Orlando,Florida,USA,2021-11-05
5203,Shelly Miller,burchkyle@example.net,001-201-589-2650,Atlanta,Georgia,USA,2022-02-23
5204,Kristine Jones,mpayne@example.com,747.411.3513,Chicago,Illinois,USA,2024-07-08
5205,Zoe French,bkelley@example.org,9263883715,Los Angeles,California,USA,2022-08-24
5206,Debra Sullivan,wendyevans@example.com,712-935-1735,Miami,Florida,USA,2024-10-29
5207,Emily Maynard,katherine37@example.com,+1-331-931-0855x6049,Chicago,Illinois,USA,2021-09-28
5208,Edward Wong,casey77@example.com,+1-923-216-5864,Orlando,Florida,USA,2022-12-12
5209,Jessica Miller,qkelley@example.com,736-694-6805x463,Miami,Florida,USA,2023-06-29
5210,Erika Williams,dianejordan@example.com,725.339.2914x696,Seattle,Washington,USA,2024-08-13
5211,James Tucker,crossmelinda@example.com,001-743-783-7402,Los Angeles,California,USA,2022-08-21
5212,Peter Patel,janet03@example.net,(732)344-5768x833,Buffalo,New York,USA,2021-05-09
5213,Andrew Mendoza,dlong@example.org,488.268.6719x713,Los Angeles,California,USA,2025-11-21
5214,Brianna Barton,sonyarobbins@example.com,922.776.7232x3290,Phoenix,Arizona,USA,2022-04-21
5215,Jessica Wilson,carrollmarco@example.com,444.376.9619x016,Atlanta,Georgia,USA,2023-12-01
5216,Matthew Allen,harperdouglas@example.com,5048968708,Denver,Colorado,USA,2022-11-19
5217,Jennifer Mcclain,franciscocole@example.net,5026616695,Miami,Florida,USA,2024-03-31
5218,Marcus Brown,zbarrett@example.org,4158516607,Houston,Texas,USA,2024-09-04
5219,Robert Williams,sarahfisher@example.com,001-916-750-7656x738,Denver,Colorado,USA,2025-05-31
5220,Jeremy Rasmussen,george41@example.com,001-691-609-0539x040,Houston,Texas,USA,2023-09-23
5221,Seth Wilson,khenderson@example.org,508-537-0065x86892,Las Vegas,Nevada,USA,2024-09-25
5222,Dr. Lindsey Smith,amandawoods@example.com,001-669-572-9006,Seattle,Washington,USA,2023-12-22
5223,Patricia Colon,eric23@example.net,(939)816-3888x87052,Atlanta,Georgia,USA,2024-01-29
5224,Jodi Sims,joseph86@example.com,001-714-725-5425,Orlando,Florida,USA,2023-07-27
5225,Laurie Conner,tiffany33@example.net,+1-276-557-5824,Austin,Texas,USA,2024-03-07
5226,Henry Schwartz,brendamyers@example.org,853-478-2915x95071,New York City,New York,USA,2025-06-05
5227,Richard Watson,thomas89@example.com,+1-884-329-5249x6726,Austin,Texas,USA,2021-12-18
5228,Ashlee Thompson,cookzachary@example.net,001-833-550-4258x538,Phoenix,Arizona,USA,2022-06-17
5229,Mrs. Lisa Cross,lindsey93@example.com,001-556-738-8568x531,Buffalo,New York,USA,2023-09-19
5230,Marisa Pena,christinekennedy@example.net,482.236.8131x434,Houston,Texas,USA,2022-08-14
5231,Robert Jensen,vanessafranklin@example.com,848.549.0006x03229,Phoenix,Arizona,USA,2025-09-28
5232,Rebecca Wilson,mario62@example.com,(582)251-6465,Los Angeles,California,USA,2021-10-31
5233,Thomas Ryan,emily04@example.com,001-775-415-2566x288,Houston,Texas,USA,2022-08-06
5234,Daniel Williams,russelljames@example.net,2473677839,Orlando,Florida,USA,2021-12-07
5235,Meredith Rose,brian90@example.org,2348902255,Las Vegas,Nevada,USA,2021-11-26
5236,Joseph Padilla,ichase@example.org,+1-353-803-3679x8328,Seattle,Washington,USA,2024-01-02
5237,Brad Cruz,rodriguezjulie@example.org,+1-649-732-8325x5744,Austin,Texas,USA,2022-01-09
5238,Lauren Watson,nathanieljones@example.net,826.378.8796,New York City,New York,USA,2025-09-15
5239,Aaron Stokes,kevin10@example.com,+1-868-390-6376,Seattle,Washington,USA,2024-11-19
5240,Deborah Harding,pricebetty@example.com,+1-630-513-1057x169,Boston,Massachusetts,USA,2024-09-26
5241,Angie Fox,olivia68@example.com,001-674-284-7586x218,Phoenix,Arizona,USA,2021-11-11
5242,Nicole Washington,melaniecarter@example.net,(227)371-3059x761,New York City,New York,USA,2022-05-03
5243,Jake Velez,kellyhebert@example.org,615.903.3777,San Francisco,California,USA,2021-03-26
5244,Elizabeth Sloan,pkennedy@example.net,996.300.0320x66317,Houston,Texas,USA,2024-03-22
5245,Rachel Sanford,phillipsjustin@example.com,766-707-2998,New York City,New York,USA,2023-06-22
5246,Dustin Burns,ymoreno@example.org,582-527-7893x4843,Austin,Texas,USA,2023-01-28
5247,Charles Adams,bauerandrew@example.org,+1-409-438-7614x733,New York City,New York,USA,2022-02-25
5248,James Lambert,sandrabishop@example.net,241.303.4555,Chicago,Illinois,USA,2024-12-19
5249,George Brown,palvarado@example.net,900.522.9007,Los Angeles,California,USA,2024-09-25
5250,Matthew Hamilton,miguel44@example.net,(222)403-6999x5753,Houston,Texas,USA,2022-12-06
5251,Sharon Watkins,cynthiaanderson@example.org,(813)826-4011,New York City,New York,USA,2023-02-03
5252,Luke Hernandez,jennayu@example.net,555-250-7861,Orlando,Florida,USA,2024-01-11
5253,Kayla Curry,usimmons@example.net,(209)290-7278,New York City,New York,USA,2023-12-29
5254,Katie Cox,matthewschroeder@example.com,(330)589-6469x62434,Austin,Texas,USA,2021-09-06
5255,Victor Obrien,stacyhoward@example.net,(595)628-9216x722,Boston,Massachusetts,USA,2021-02-21
5256,Robert Kelley,stephen63@example.net,859.995.3246x689,Miami,Florida,USA,2023-10-20
5257,Peter Oneill,omiller@example.com,001-396-454-0356x874,Phoenix,Arizona,USA,2021-10-25
5258,Pamela Smith,christopherfrazier@example.org,9124155001,Orlando,Florida,USA,2022-10-18
5259,Ronald Gates,rgutierrez@example.org,774.229.4880x64068,New York City,New York,USA,2021-01-09
5260,Lydia Reyes,joel49@example.com,+1-679-858-2324x711,Seattle,Washington,USA,2024-01-24
5261,Roger Griffin,mariahsmith@example.net,3792483553,Chicago,Illinois,USA,2022-11-10
5262,Steven Miller,boyerjoshua@example.org,(409)363-5879,Denver,Colorado,USA,2024-12-15
5263,Gary Miller,coxgabriel@example.com,(357)741-9229,Austin,Texas,USA,2023-08-29
5264,Derek Hamilton,wheeleramanda@example.com,275.282.7356x23261,Boston,Massachusetts,USA,2022-08-17
5265,Samuel Harris,kari25@example.net,501-910-9005,Phoenix,Arizona,USA,2024-03-20
5266,Vernon Adkins,qlowe@example.org,001-672-892-8832x298,Denver,Colorado,USA,2021-10-29
5267,Christopher Murray,nharris@example.com,875-976-2837,Phoenix,Arizona,USA,2024-03-03
5268,Steven Ross,vfoster@example.com,335.747.2401,Seattle,Washington,USA,2023-06-25
5269,Lisa Smith,robert88@example.com,455-253-5135,Houston,Texas,USA,2024-11-12
5270,Jason Wheeler,iromero@example.com,984-866-2344x96227,San Francisco,California,USA,2025-02-07
5271,Patricia Hale,bellanthony@example.org,8918343429,Orlando,Florida,USA,2021-03-24
5272,Brandon Wilson,daniel21@example.net,+1-964-420-0090x9878,New York City,New York,USA,2024-10-20
5273,April Fritz,shannon81@example.net,6109353048,Chicago,Illinois,USA,2021-08-28
5274,Jonathan Pugh,carolinemartinez@example.com,479-390-9742x2350,Austin,Texas,USA,2021-02-20
5275,Marcus Delgado,lopezkerri@example.net,(391)249-6733,Miami,Florida,USA,2024-06-18
5276,Adam Perkins,xmoore@example.net,+1-548-805-8691x9563,Atlanta,Georgia,USA,2022-03-28
5277,James Scott,hlane@example.org,+1-306-858-2821x135,Orlando,Florida,USA,2023-01-02
5278,Jared Hammond,usmith@example.net,382-892-9847x8350,San Francisco,California,USA,2022-10-31
5279,Courtney Craig,jamespratt@example.com,359-807-2667,Los Angeles,California,USA,2024-05-30
5280,Ryan Hughes,vsawyer@example.com,681.265.7458x0282,Denver,Colorado,USA,2022-02-04
5281,Madison Mcdaniel,johnsonrenee@example.net,(337)702-6691,Las Vegas,Nevada,USA,2023-12-15
5282,Mr. Christopher Beck,norrisryan@example.net,001-224-839-4356x840,Buffalo,New York,USA,2025-05-20
5283,Rebecca Miranda,gjones@example.com,001-935-781-4918x824,Boston,Massachusetts,USA,2025-04-21
5284,Megan Johnson,kgutierrez@example.com,712.810.2074x3210,Austin,Texas,USA,2022-02-05
5285,Amanda Rowland,rgarcia@example.com,941-712-5173x841,Los Angeles,California,USA,2021-06-21
5286,Cody Mcbride,obaird@example.net,516-495-2359,Chicago,Illinois,USA,2025-10-06
5287,Amy Brown,evanhill@example.net,7726121878,Orlando,Florida,USA,2024-10-18
5288,Karen Thompson,mark74@example.net,(939)790-4331x68207,Denver,Colorado,USA,2021-06-28
5289,Jerry Wright,myerscory@example.org,419-327-1339x7450,Chicago,Illinois,USA,2023-03-19
5290,Heather Rodriguez,ashley49@example.com,+1-866-343-9132,Buffalo,New York,USA,2023-10-02
5291,George Greene,joshua08@example.org,451-829-1958x7095,Houston,Texas,USA,2024-05-20
5292,Richard White,gregory58@example.com,596.735.0299,Las Vegas,Nevada,USA,2023-11-14
5293,Ryan Mccoy,qbartlett@example.com,(352)386-8384x32476,Los Angeles,California,USA,2024-09-27
5294,Dennis Dixon,nathanrussell@example.net,744.746.8717x4909,Houston,Texas,USA,2023-03-26
5295,Tyler Daniels,ndavis@example.com,001-853-621-7091x177,New York City,New York,USA,2025-01-06
5296,Tina Robbins,jessica58@example.net,294.492.1475x85704,Atlanta,Georgia,USA,2023-05-26
5297,Mark Farrell,andersonnathan@example.net,752-751-6129x54017,Houston,Texas,USA,2023-03-02
5298,Kelly Fowler,jonathanlee@example.org,(841)505-2835,Houston,Texas,USA,2021-01-25
5299,Anthony Logan,hvalentine@example.com,(871)247-7809,Austin,Texas,USA,2022-12-08
5300,Shane Williams,ann28@example.com,6474932002,Houston,Texas,USA,2022-09-23
5301,Richard Haynes,melendezzachary@example.com,(606)393-7121x83538,Orlando,Florida,USA,2025-11-26
5302,Daniel Johnson,annalandry@example.com,280-449-6377,Chicago,Illinois,USA,2021-06-29
5303,Anthony Chen Jr.,johnsonwhitney@example.com,+1-809-798-2626,Buffalo,New York,USA,2025-01-30
5304,Justin Boyer,michelle36@example.com,576-753-4738,Boston,Massachusetts,USA,2023-06-29
5305,Brian Anthony,kirkalicia@example.org,+1-447-918-8303x1011,Seattle,Washington,USA,2023-05-02
5306,Andrew Edwards,lambertlindsey@example.com,+1-967-806-2154x4647,Phoenix,Arizona,USA,2023-06-26
5307,Evan Welch,williamgraham@example.org,(302)484-5181x853,Austin,Texas,USA,2021-12-02
5308,Justin Fitzpatrick,wilkinsjoseph@example.org,9958782941,Phoenix,Arizona,USA,2025-01-30
5309,David Brown,alexandria27@example.net,(215)350-3968,Boston,Massachusetts,USA,2023-05-19
5310,Justin Jones,ashley20@example.com,655.662.0229,Seattle,Washington,USA,2023-04-29
5311,Tracy Lee,doughertysharon@example.net,784-870-7173x021,New York City,New York,USA,2025-09-08
5312,Wendy Harris,pamela76@example.com,+1-884-357-6210x520,Las Vegas,Nevada,USA,2024-05-09
5313,Tara Dawson,ericabowen@example.com,957.911.0234,San Francisco,California,USA,2021-10-22
5314,Diana Griffith,roblesjames@example.net,+1-313-993-7299,Buffalo,New York,USA,2022-09-14
5315,Christopher Hernandez,chasealicia@example.net,644-409-3069,Orlando,Florida,USA,2025-11-12
5316,Paige Wade,margaret46@example.org,262-977-1425x4633,Chicago,Illinois,USA,2022-11-18
5317,Matthew Kent,judithpeterson@example.net,001-266-714-6956x142,San Francisco,California,USA,2024-04-24
5318,Patrick Jackson,clarkjennifer@example.org,3987989396,Phoenix,Arizona,USA,2023-02-09
5319,Mr. Patrick Martinez,conwaydeanna@example.org,946.329.8201x07228,San Francisco,California,USA,2021-01-14
5320,Angela Gutierrez,mpierce@example.net,737.532.0253,Miami,Florida,USA,2024-08-01
5321,Stacey Stewart,adam78@example.com,660-374-1688x11346,Boston,Massachusetts,USA,2022-07-14
5322,Olivia Spencer,micheal38@example.net,317.650.0956,Miami,Florida,USA,2021-12-25
5323,Kim Levine,chapmanclaudia@example.org,593-887-1344x3915,Chicago,Illinois,USA,2023-08-05
5324,Mr. Manuel Pace MD,tkelly@example.com,001-321-733-8796x020,Seattle,Washington,USA,2024-03-09
5325,Joseph Todd,santiagomelissa@example.net,(246)831-2128x33109,Phoenix,Arizona,USA,2021-10-08
5326,Leah Willis,taylordanielle@example.net,+1-590-492-1890x0091,Buffalo,New York,USA,2022-01-16
5327,Connor Pham,melissale@example.net,472-770-0318x513,Atlanta,Georgia,USA,2023-02-21
5328,Allison Cox,robinsonrichard@example.net,955-602-4360x41103,Austin,Texas,USA,2024-02-09
5329,Jeffrey French,phillipsmeghan@example.org,(566)949-7844,Orlando,Florida,USA,2021-03-28
5330,Sarah Johnson,michaelbradley@example.com,(328)779-1488x134,Atlanta,Georgia,USA,2025-08-20
5331,Mr. Lonnie Taylor,thompsonangela@example.com,001-316-471-1007x985,Austin,Texas,USA,2025-09-06
5332,Susan Garcia,oaguilar@example.com,776-493-4317,Las Vegas,Nevada,USA,2022-09-15
5333,Andres Acosta,elizabeth60@example.org,486-596-6357x346,Orlando,Florida,USA,2024-02-20
5334,William Nunez,fosterstacey@example.org,619-475-3328x4093,Seattle,Washington,USA,2023-08-08
5335,Heidi Johnson,jacobnguyen@example.com,918-816-2309x270,Buffalo,New York,USA,2021-02-24
5336,Angela Waters,castrosteven@example.net,001-524-429-9906x396,Phoenix,Arizona,USA,2021-01-06
5337,Courtney Villa,daniellewilson@example.org,(383)231-7430x17199,New York City,New York,USA,2022-06-22
5338,Austin Wolfe,matthew80@example.net,+1-774-516-4927x305,Austin,Texas,USA,2024-08-04
5339,Miss Victoria Solomon,swansonbrittany@example.com,+1-978-558-9001x6780,Atlanta,Georgia,USA,2024-07-27
5340,Tiffany Schultz,jeffreywilkinson@example.net,927-478-4016,Orlando,Florida,USA,2021-09-12
5341,Jillian Medina,ymiller@example.com,(962)887-3448,Denver,Colorado,USA,2024-09-25
5342,Anita Meadows,kendramiller@example.org,278-459-0126,Boston,Massachusetts,USA,2022-08-13
5343,Christopher Adams,allen99@example.org,570-992-6506x482,Miami,Florida,USA,2022-01-03
5344,Anna Boyer,nathanholmes@example.com,001-818-232-9411x168,Orlando,Florida,USA,2024-11-09
5345,Shannon York,reynoldsjessica@example.com,8508922772,Denver,Colorado,USA,2022-05-17
5346,Stephen Mitchell,sharonsmith@example.com,703.619.4164x4433,Los Angeles,California,USA,2021-09-02
5347,Jeffrey Singh,tracey50@example.com,373.371.2569,Phoenix,Arizona,USA,2022-07-22
5348,David Bowman,michelle31@example.net,(346)570-1788,Orlando,Florida,USA,2021-05-17
5349,Regina Burton,derekferguson@example.org,(864)915-0795,Las Vegas,Nevada,USA,2025-03-07
5350,Toni Hahn,xpatterson@example.org,001-420-813-5834x229,Houston,Texas,USA,2024-04-05
5351,Linda Davis,michelle25@example.com,(987)428-1362x276,Orlando,Florida,USA,2024-03-04
5352,Kenneth Choi,sheena13@example.org,879-546-2383,Miami,Florida,USA,2025-11-14
5353,Scott Cooper,trobinson@example.com,001-812-804-7463x952,Austin,Texas,USA,2024-07-10
5354,Charles Cannon,griffinlaurie@example.net,+1-351-613-3274x4975,Denver,Colorado,USA,2023-09-02
5355,Charlotte Mays,adkinsamanda@example.net,001-779-901-4373,Seattle,Washington,USA,2025-08-03
5356,Adam Fields,ericperez@example.org,+1-400-219-2988x0928,San Francisco,California,USA,2023-02-04
5357,Hunter Johnson,tammy91@example.net,859.446.2613x221,Chicago,Illinois,USA,2025-02-10
5358,Tina Hart,ethompson@example.org,001-600-627-1346x253,Las Vegas,Nevada,USA,2021-02-05
5359,Jeffrey Jefferson,kingadam@example.org,(980)433-0769x5008,Atlanta,Georgia,USA,2022-06-16
5360,Christine Davenport,damon88@example.org,001-414-831-2228x819,New York City,New York,USA,2024-04-06
5361,Michelle Bell,rubenramirez@example.net,001-286-339-8771x565,Los Angeles,California,USA,2021-10-27
5362,Patricia Noble,russell21@example.com,(940)793-8352,Houston,Texas,USA,2023-08-03
5363,Brad Miller,ashleystevens@example.net,+1-467-627-7041x256,Boston,Massachusetts,USA,2024-11-20
5364,Katrina Hayes,bullockcatherine@example.org,(372)456-3700x825,New York City,New York,USA,2023-01-02
5365,Robert Adkins,ykrause@example.com,001-833-465-3847x773,New York City,New York,USA,2021-04-19
5366,Diane Garrett DVM,amandapatterson@example.net,9645753255,Austin,Texas,USA,2023-01-10
5367,Donna Underwood,lauracook@example.net,+1-598-585-5059x206,Miami,Florida,USA,2024-07-27
5368,Mr. Timothy Bryant,johnsonderek@example.com,279-587-3216x28230,Boston,Massachusetts,USA,2022-12-31
5369,Luis Grant,bakermichelle@example.org,+1-623-764-6660x458,Los Angeles,California,USA,2022-08-17
5370,Christian Adams,michaelmcbride@example.net,001-784-671-5415x970,Austin,Texas,USA,2023-12-21
5371,Shannon Torres,benjaminball@example.net,435.766.5726,Denver,Colorado,USA,2021-06-07
5372,Carolyn Floyd,ashley62@example.net,760-581-0857x88004,Chicago,Illinois,USA,2022-02-01
5373,Kyle Foster,griffinrobert@example.com,629.607.6582,Phoenix,Arizona,USA,2024-07-10
5374,Leslie Hicks,rkramer@example.net,+1-354-685-0678,New York City,New York,USA,2025-04-16
5375,Jeffrey Nielsen,dawn99@example.org,585-891-0615x343,San Francisco,California,USA,2024-05-11
5376,Samuel Lambert,novakbrandon@example.com,001-910-684-8241,Phoenix,Arizona,USA,2021-12-09
5377,Paul Lopez,michaelsanders@example.net,(223)905-3051x327,Chicago,Illinois,USA,2022-10-23
5378,Erika Cohen,ksanders@example.org,7882615892,Atlanta,Georgia,USA,2022-10-10
5379,Colin Gonzalez,carol75@example.org,657.396.5931,Atlanta,Georgia,USA,2025-09-27
5380,Julia Murray,deborah40@example.net,960.224.2011,Denver,Colorado,USA,2025-06-27
5381,Vincent Price,noahwilliams@example.net,986.236.0574,Austin,Texas,USA,2022-07-10
5382,Jessica Church,wrightbenjamin@example.net,511-512-7761x38672,Denver,Colorado,USA,2024-11-30
5383,Mary Tran,ipeterson@example.net,828-548-5505,Seattle,Washington,USA,2023-01-13
5384,Ryan Walker,wattsscott@example.com,484.611.0734,San Francisco,California,USA,2023-12-31
5385,Jamie Roberts,stevensonlisa@example.org,493.786.3085,Las Vegas,Nevada,USA,2022-12-22
5386,Lisa Thomas,martinabigail@example.com,001-218-223-3294x194,Atlanta,Georgia,USA,2021-10-22
5387,Kristen Rivera,murphyshawn@example.com,(304)411-9050x783,Los Angeles,California,USA,2021-10-08
5388,Christopher Sharp,eortiz@example.net,(293)463-1786,Chicago,Illinois,USA,2022-07-31
5389,Sara York,sellersdustin@example.org,892.841.2563x74762,Houston,Texas,USA,2025-05-14
5390,Elijah Williams,dcalderon@example.net,001-473-971-1617x413,Orlando,Florida,USA,2023-04-24
5391,Albert Rose,nromero@example.org,209-271-6283x4754,Houston,Texas,USA,2021-11-30
5392,Victoria Hernandez,nelsonryan@example.com,(260)988-6016,San Francisco,California,USA,2022-03-23
5393,Catherine Palmer,douglas09@example.net,411.849.0018x71091,New York City,New York,USA,2023-10-28
5394,Jessica Jones,hawkinsgabriel@example.net,001-531-703-1939x810,Buffalo,New York,USA,2025-08-31
5395,Emily White MD,fgriffin@example.org,301.592.8729,Buffalo,New York,USA,2025-06-17
5396,Monica Robinson,reyespriscilla@example.net,+1-784-708-6309x364,Boston,Massachusetts,USA,2024-02-19
5397,Cory Green,gonzalesamanda@example.net,(818)593-1929x31982,Las Vegas,Nevada,USA,2024-11-13
5398,Gerald Blevins,frances12@example.org,(816)360-3339x79058,Atlanta,Georgia,USA,2023-12-13
5399,Samantha Barnes,james12@example.org,515-277-5014x4169,Atlanta,Georgia,USA,2023-12-26
5400,Savannah Cole,kwolfe@example.org,(612)975-0924,Seattle,Washington,USA,2024-02-03
5401,Sharon Harris,jlopez@example.com,501.255.9005x3761,Seattle,Washington,USA,2025-03-29
5402,Kristin Vincent,zburns@example.org,001-908-409-6492x716,Phoenix,Arizona,USA,2021-08-22
5403,Jennifer Wilson,uwilliams@example.net,993.649.2306,Miami,Florida,USA,2023-08-02
5404,Jesse Gonzalez,eolson@example.net,001-488-846-6133,Boston,Massachusetts,USA,2021-06-06
5405,Kyle Baldwin,jessicagates@example.net,+1-452-664-9254x525,San Francisco,California,USA,2025-08-04
5406,Billy Harrington,gmalone@example.com,(639)351-7451,New York City,New York,USA,2021-02-05
5407,Patrick Estes,mlucas@example.org,641-768-3789x265,Orlando,Florida,USA,2022-12-15
5408,Mrs. Rebecca Washington DDS,glennparks@example.org,831.303.3733,Austin,Texas,USA,2024-11-16
5409,Rebecca Skinner,davidglass@example.org,001-373-339-8832x550,Houston,Texas,USA,2021-10-12
5410,Mary Wood,ymcbride@example.net,282.353.0776,Atlanta,Georgia,USA,2023-06-25
5411,Steve Hardy,jesse14@example.net,5608467932,Boston,Massachusetts,USA,2024-05-08
5412,Jacob Wright,gklein@example.net,9514513490,Chicago,Illinois,USA,2025-04-13
5413,Carolyn Cook,collinsdanielle@example.org,001-961-453-3996x133,Houston,Texas,USA,2021-12-19
5414,Dalton Jimenez,hartmadison@example.org,(223)233-4846,Seattle,Washington,USA,2022-09-16
5415,Amanda Clark,nicholsvirginia@example.net,(349)799-2792x42898,Los Angeles,California,USA,2025-03-05
5416,Jeanette Brown,parrishamy@example.net,342-506-9256x529,Atlanta,Georgia,USA,2021-08-31
5417,Michael Webb,daniel72@example.com,+1-678-390-4422x0976,Buffalo,New York,USA,2021-09-21
5418,Sarah Lee,forddaniel@example.net,001-303-851-6454x653,Atlanta,Georgia,USA,2024-11-22
5419,Ryan Wong,pamelarodriguez@example.org,(611)473-5377x712,New York City,New York,USA,2024-11-10
5420,Scott Nguyen,kristopher95@example.org,518-910-7543x8709,Buffalo,New York,USA,2022-09-22
5421,Brittney Ray,smithjeremy@example.org,503.438.3713x27903,New York City,New York,USA,2022-03-06
5422,Gina Bernard,phillipstracey@example.org,5082914582,New York City,New York,USA,2021-06-10
5423,Kimberly Flowers,cruzrebecca@example.net,(377)625-9472,Miami,Florida,USA,2024-11-15
5424,Catherine Vasquez,lisagarrett@example.net,+1-357-828-6559x0276,Phoenix,Arizona,USA,2025-05-25
5425,Kelly Castro,harrisondonald@example.net,(445)451-8814x3133,San Francisco,California,USA,2021-06-09
5426,Melissa Montes,simschad@example.com,305.955.4139,Los Angeles,California,USA,2025-05-06
5427,Robert Nelson,robbinschelsea@example.com,(245)988-8227,Orlando,Florida,USA,2025-04-01
5428,Craig Weiss,tracywilkinson@example.org,(920)439-0876,Miami,Florida,USA,2021-03-29
5429,Mrs. Megan Parker MD,kmorrow@example.org,+1-403-651-4586,Buffalo,New York,USA,2021-08-09
5430,Frederick Stevens,jensenryan@example.org,(286)927-7564x34682,Los Angeles,California,USA,2025-06-13
5431,Heather Smith,johnbruce@example.com,+1-445-968-6004,Denver,Colorado,USA,2023-11-18
5432,Justin Ortiz,danawalton@example.org,680.440.4506x73632,Las Vegas,Nevada,USA,2021-05-02
5433,Jeffrey Griffin,april01@example.net,(657)362-8577x73813,Orlando,Florida,USA,2021-09-01
5434,Clayton Martinez,samantha71@example.net,728.844.3827,Boston,Massachusetts,USA,2022-06-03
5435,Andrea Ruiz,tylervazquez@example.net,001-710-814-9820x225,Los Angeles,California,USA,2021-05-16
5436,Robert Schmidt,chris63@example.com,+1-925-554-3941x7052,Austin,Texas,USA,2024-09-29
5437,Angela Shaffer,etran@example.org,432-409-3173x8802,Los Angeles,California,USA,2025-03-26
5438,Katrina Cunningham,cassandraperez@example.org,6314910265,San Francisco,California,USA,2025-05-22
5439,James Rivas,pgarcia@example.com,229.953.9384x2640,San Francisco,California,USA,2024-05-17
5440,Lisa Griffin,sandraharrison@example.org,263-863-8031x06213,Buffalo,New York,USA,2024-04-18
5441,Christopher Vargas,thall@example.com,001-401-836-3527x764,Boston,Massachusetts,USA,2022-02-14
5442,Kurt Gonzalez,daycameron@example.org,(897)353-3573,New York City,New York,USA,2024-10-05
5443,Philip Harrell,susan40@example.com,744.335.1086x83858,Houston,Texas,USA,2021-03-01
5444,Larry Johnson,brandon15@example.net,+1-858-492-8866x095,San Francisco,California,USA,2021-10-26
5445,Timothy Lewis,jodi95@example.com,(863)872-4380x58037,Atlanta,Georgia,USA,2025-03-09
5446,Timothy Pittman,ericaodonnell@example.com,+1-938-334-8303,Austin,Texas,USA,2024-04-02
5447,Richard Hansen,heather43@example.org,001-637-542-0282x810,Houston,Texas,USA,2022-12-23
5448,Kimberly Thompson,carrillojade@example.org,931-891-0752,New York City,New York,USA,2025-10-18
5449,Ms. Diane Mendoza,haleregina@example.net,001-468-859-4217,Chicago,Illinois,USA,2025-05-19
5450,Amanda Moore,courtneylynch@example.org,001-823-710-7846,Seattle,Washington,USA,2024-06-09
5451,Brian Ramos,ryanfrank@example.org,538.382.7974x1397,Buffalo,New York,USA,2023-11-01
5452,Tiffany Sloan,bennettmark@example.org,690-648-5845x2112,Las Vegas,Nevada,USA,2021-05-20
5453,Gregory Johnson,fmoore@example.net,001-874-288-1909x607,San Francisco,California,USA,2025-08-06
5454,Samantha Kelly,bryan63@example.net,001-657-731-9684x708,Las Vegas,Nevada,USA,2025-04-13
5455,Shawn Taylor,terrireeves@example.org,552.363.5325x65899,Los Angeles,California,USA,2023-12-20
5456,Daniel Aguirre,jonesclaudia@example.net,334-768-0036,Buffalo,New York,USA,2025-01-05
5457,Robert Chan,mooretravis@example.net,+1-915-618-1933x1043,Buffalo,New York,USA,2022-08-01
5458,Manuel Arellano,christopherdrake@example.net,228-486-1498,New York City,New York,USA,2025-03-25
5459,Kyle Rogers,michael49@example.net,+1-794-673-8802,Chicago,Illinois,USA,2021-01-09
5460,Albert Butler,roachtimothy@example.com,001-255-256-7794x204,Seattle,Washington,USA,2021-07-22
5461,Lisa Andrews DDS,kevin05@example.com,(355)519-7171x823,Boston,Massachusetts,USA,2022-03-15
5462,Amanda Patel,rojasmichael@example.org,978.970.2268x5402,Boston,Massachusetts,USA,2023-10-30
5463,Cristina Adams,milespatrick@example.org,981-998-9240,Atlanta,Georgia,USA,2024-12-20
5464,Tracy Nunez,amay@example.com,889-654-9671x60890,Orlando,Florida,USA,2023-01-21
5465,Paul Charles,davidzimmerman@example.org,001-315-850-9023x075,Seattle,Washington,USA,2024-04-22
5466,Brittany Williams,schmidtchristina@example.net,+1-475-433-6598x9643,New York City,New York,USA,2023-06-20
5467,Elizabeth Cunningham,valenzuelamadeline@example.org,(435)447-0408x0639,Denver,Colorado,USA,2021-08-08
5468,Cody Baxter,rbarton@example.com,(212)999-9445,New York City,New York,USA,2025-09-06
5469,Whitney Baker,taylorrachel@example.com,(491)576-1214x300,Houston,Texas,USA,2023-02-17
5470,Janet Hughes,sneal@example.org,312.677.5843x08824,Miami,Florida,USA,2022-03-15
5471,Whitney Garcia,kserrano@example.net,390.845.4643x738,Chicago,Illinois,USA,2022-04-12
5472,Douglas Garrett MD,xreyes@example.net,414-361-2446x58086,Miami,Florida,USA,2021-08-20
5473,Micheal Lopez,sarah26@example.com,(959)615-4339,Phoenix,Arizona,USA,2022-10-06
5474,Natalie Johnson,aalexander@example.net,3699184345,San Francisco,California,USA,2023-08-13
5475,Nicole Carroll,iwallace@example.net,488-944-3766,San Francisco,California,USA,2023-12-01
5476,Robert Myers,schultzbelinda@example.org,(434)492-6813,New York City,New York,USA,2023-10-13
5477,Brandon Rosario,douglaspeterson@example.org,+1-965-662-8408x8764,Phoenix,Arizona,USA,2023-01-10
5478,Jenny Carlson,ashley30@example.org,(698)658-8713x81118,Seattle,Washington,USA,2022-08-14
5479,Melissa Jackson,roygaines@example.net,3818534130,Chicago,Illinois,USA,2025-01-18
5480,Gary Melendez,cynthiagonzalez@example.net,536.551.5623x87070,Los Angeles,California,USA,2021-06-18
5481,Christopher Martin,haley94@example.com,001-528-765-0188x505,Houston,Texas,USA,2023-10-09
5482,Vincent Cox,richardblankenship@example.net,(380)293-7514,San Francisco,California,USA,2023-02-28
5483,Joseph Little,rmartin@example.org,001-807-743-3892,Austin,Texas,USA,2023-07-25
5484,Carrie Lee,brandihernandez@example.org,850-641-2150,Las Vegas,Nevada,USA,2025-02-16
5485,Kristina Moore,parkerjulie@example.org,(894)422-6691,Austin,Texas,USA,2024-11-08
5486,Dawn Rivera,willieortiz@example.com,001-909-234-8827x184,Atlanta,Georgia,USA,2023-06-29
5487,Sharon Thomas,margaretdeleon@example.com,740-612-1610x6065,Buffalo,New York,USA,2024-02-09
5488,Natasha Reyes,eric21@example.net,334-410-5970,Miami,Florida,USA,2022-08-19
5489,Thomas Parsons,whitneylambert@example.com,(976)410-6508,Atlanta,Georgia,USA,2023-05-27
5490,Sherry Smith,brittanynavarro@example.org,647-529-9923x3536,Buffalo,New York,USA,2025-10-21
5491,Jennifer Meyers,franciscoskinner@example.com,(348)436-8437x16406,San Francisco,California,USA,2025-09-19
5492,Paula Wilson,matthew17@example.net,457.452.5156x5618,Phoenix,Arizona,USA,2023-09-02
5493,Michael Garcia,brobinson@example.com,833.491.2224,Denver,Colorado,USA,2023-01-23
5494,Paul Wilson,smithmichelle@example.net,917.291.7079x5368,New York City,New York,USA,2021-01-27
5495,Joseph Patel,mmarshall@example.com,+1-967-650-5675x3952,Denver,Colorado,USA,2023-10-04
5496,Corey Lewis,james24@example.org,+1-245-571-1637,Denver,Colorado,USA,2021-08-04
5497,Hannah Roach,tammybuck@example.com,001-323-367-9082,Miami,Florida,USA,2023-06-17
5498,Chase Harris,david46@example.org,360.928.0430x663,Chicago,Illinois,USA,2024-09-10
5499,Arthur Lam,erinmays@example.com,(318)591-6867x967,Denver,Colorado,USA,2021-06-24
5500,Michael Mckee,njackson@example.org,001-689-423-7106x039,San Francisco,California,USA,2021-10-21
5501,Emily Robinson,meyertodd@example.org,6998807148,Miami,Florida,USA,2023-04-01
5502,Jeffery Roman,josephjohnson@example.com,876.509.4742x30654,Seattle,Washington,USA,2024-04-24
5503,Latasha Smith,jlane@example.net,(252)214-2785x125,San Francisco,California,USA,2025-02-27
5504,Tanya Williams,qmartin@example.org,236.628.0532x4380,Boston,Massachusetts,USA,2021-12-12
5505,Adam Reed,zgarcia@example.net,+1-361-576-7043,San Francisco,California,USA,2023-01-15
5506,Robin Clarke,zjimenez@example.com,917.499.4899x54548,Buffalo,New York,USA,2022-11-25
5507,Courtney Garrison,charles12@example.com,988.374.9586x723,Buffalo,New York,USA,2024-05-03
5508,Austin Fischer,cooperxavier@example.com,9638508786,Atlanta,Georgia,USA,2023-04-08
5509,Lisa Walker,marc70@example.net,593-839-3093x67607,San Francisco,California,USA,2022-04-22
5510,Nicole Jensen,kevinwade@example.net,462-273-0831,Atlanta,Georgia,USA,2023-05-20
5511,Pamela Short,fhendricks@example.org,452-573-2619x411,Seattle,Washington,USA,2023-10-20
5512,David Bean,traceynguyen@example.org,206.424.3365x3339,Austin,Texas,USA,2025-04-16
5513,Jennifer Richardson,turnerjack@example.org,793.762.1695,Seattle,Washington,USA,2025-04-18
5514,Crystal Gallagher,danielleblair@example.net,(964)552-4005,Las Vegas,Nevada,USA,2024-04-30
5515,Katherine Ball,icarroll@example.com,4795515270,Austin,Texas,USA,2025-03-29
5516,Alexandria Noble,michaeladams@example.com,+1-477-857-6018x8678,Phoenix,Arizona,USA,2025-06-29
5517,Jake Conway,sara93@example.com,9938971147,Denver,Colorado,USA,2023-03-31
5518,Kelli Carter,lisa27@example.com,(621)944-4387,Houston,Texas,USA,2023-09-02
5519,Mark Mays,michaelford@example.org,(399)632-8999,Denver,Colorado,USA,2024-05-20
5520,Melissa Munoz,timothy96@example.org,001-241-876-8415x170,Miami,Florida,USA,2023-09-20
5521,Jasmine Moore,salinasdaniel@example.net,001-967-822-2166x548,Chicago,Illinois,USA,2022-07-26
5522,Lori Peterson,lucaskrista@example.com,+1-466-784-9270x562,New York City,New York,USA,2025-04-22
5523,Julie Hayes DVM,anne83@example.com,(757)789-0662,Orlando,Florida,USA,2021-08-10
5524,Sandra Miller,jamie86@example.com,001-934-417-4279,San Francisco,California,USA,2022-05-29
5525,Brian Tran,dthornton@example.net,(629)615-8147x45737,Orlando,Florida,USA,2023-10-16
5526,Jerry Jones,muellerantonio@example.org,001-710-807-1631x311,Buffalo,New York,USA,2024-07-10
5527,William Brown,jeffreyguerrero@example.org,828-870-3966x332,New York City,New York,USA,2021-03-02
5528,Jacob Richardson,davidfitzgerald@example.com,815-839-7280x61591,San Francisco,California,USA,2025-02-20
5529,Michael Glenn,elizabeth02@example.net,306-628-9824x0425,Los Angeles,California,USA,2025-08-28
5530,Deborah Clark,ashley53@example.com,874.295.2525,San Francisco,California,USA,2023-10-18
5531,Elizabeth Cohen,tuckerchristopher@example.com,(933)466-1815x1594,Denver,Colorado,USA,2021-02-24
5532,Stacy White,victoria85@example.com,001-730-601-9836x376,New York City,New York,USA,2023-02-23
5533,Gregory Jones,berrychristopher@example.net,+1-749-738-2328x715,Las Vegas,Nevada,USA,2024-10-23
5534,Brian Cooper,diane01@example.net,001-978-281-1090x904,Houston,Texas,USA,2021-11-09
5535,Tabitha Wilcox,lweaver@example.net,001-821-374-7793x367,Austin,Texas,USA,2024-06-27
5536,Jonathan Dominguez,russelljessica@example.com,(971)557-1871x8201,Las Vegas,Nevada,USA,2021-07-17
5537,Mr. Gabriel Edwards,rmiller@example.net,6227793467,Phoenix,Arizona,USA,2021-06-06
5538,Jordan Miller,kwalker@example.org,979.569.3117,Denver,Colorado,USA,2025-03-20
5539,Vicki Reed,khall@example.org,479-844-0333x670,Chicago,Illinois,USA,2025-04-21
5540,Dale Gates,ojones@example.com,(933)219-0729,Orlando,Florida,USA,2025-06-12
5541,Andrew Miranda,stephaniesmall@example.net,880-437-3610x1801,Orlando,Florida,USA,2022-02-18
5542,Steven Chambers,milesmatthew@example.net,001-985-618-6766,Austin,Texas,USA,2024-09-17
5543,Felicia Lewis,laura82@example.com,+1-832-437-7683x2688,Orlando,Florida,USA,2023-10-02
5544,Kenneth Leach,paul10@example.com,001-650-782-5726x967,Chicago,Illinois,USA,2022-06-20
5545,Michael Esparza,ppotter@example.net,+1-535-863-4837x9523,Chicago,Illinois,USA,2022-12-05
5546,Lisa Arias,griffinjuan@example.org,835.371.7726,Phoenix,Arizona,USA,2025-10-27
5547,Douglas James,nicolebrown@example.net,(515)399-8037x52303,Chicago,Illinois,USA,2024-01-25
5548,Charles Morton,james17@example.net,+1-258-225-2229x9118,Los Angeles,California,USA,2025-04-14
5549,Rose Hernandez,madams@example.net,964-981-8684x2563,Los Angeles,California,USA,2023-06-01
5550,Wendy Young,allisonmichael@example.net,609-965-6865x18902,Boston,Massachusetts,USA,2021-09-01
5551,Wendy Hodge,aprilclayton@example.com,(793)399-8068x21325,Miami,Florida,USA,2023-07-11
5552,Jordan Hudson,coxelizabeth@example.org,(249)637-8085x0790,Houston,Texas,USA,2025-10-13
5553,Erika White,sheilariggs@example.com,+1-738-410-2102x518,Miami,Florida,USA,2023-06-26
5554,Natasha Perez,tranmichael@example.com,(978)742-7217x98250,Orlando,Florida,USA,2021-03-15
5555,Carol Contreras,edwardsmichele@example.org,+1-573-840-1335x7465,Los Angeles,California,USA,2021-12-29
5556,Sandra Moore,kleinpamela@example.org,001-905-204-5804,Chicago,Illinois,USA,2024-09-12
5557,Shelley Weaver,brandonsilva@example.net,455.295.1212x869,Atlanta,Georgia,USA,2025-05-16
5558,Heather Martin,walkermatthew@example.com,201.556.1641x31848,Austin,Texas,USA,2025-12-17
5559,Charles Hutchinson,tiffany27@example.com,+1-710-384-6842,Seattle,Washington,USA,2021-12-03
5560,Kimberly Kline,smithamy@example.com,(364)523-2454x541,Orlando,Florida,USA,2023-06-02
5561,Rachel Wood,jack72@example.com,783-728-4893,New York City,New York,USA,2022-10-02
5562,Philip Bryant,martinezryan@example.org,(757)293-7218x7735,Seattle,Washington,USA,2023-03-08
5563,Michelle Dominguez,mistygray@example.com,(496)501-7409x6662,Orlando,Florida,USA,2025-04-14
5564,Jason Berry,vlarson@example.org,001-243-509-1778x860,San Francisco,California,USA,2024-03-11
5565,Lori Martinez,agarcia@example.net,495-244-1692x381,Denver,Colorado,USA,2023-10-02
5566,Nicholas Campbell,hurleyandrew@example.com,683-283-6128x1327,Denver,Colorado,USA,2024-02-09
5567,Patrick Smith PhD,stephaniemendoza@example.com,(734)235-7605x401,Denver,Colorado,USA,2024-01-10
5568,David Browning,meredith33@example.net,001-741-394-9563x780,Las Vegas,Nevada,USA,2023-08-21
5569,Thomas Hoffman,kelsey73@example.org,499.885.1476x212,Orlando,Florida,USA,2024-02-26
5570,Zachary Benjamin,adavis@example.org,293-606-3603,Atlanta,Georgia,USA,2021-11-17
5571,Ana Smith,patrickhendrix@example.net,001-991-289-2775,Chicago,Illinois,USA,2021-04-25
5572,Stacey Smith,jennysmith@example.net,852-215-9564,Miami,Florida,USA,2022-06-24
5573,Laurie Livingston,allisonbell@example.org,(682)328-6441,Orlando,Florida,USA,2024-04-25
5574,Laura Rodgers,hunterdaniel@example.com,+1-636-506-4380x9327,Miami,Florida,USA,2024-06-17
5575,Joshua Carter,wigginsjeremy@example.org,+1-730-804-0989,Denver,Colorado,USA,2022-12-24
5576,Ronald Dean,joseph45@example.com,319.705.5998,Phoenix,Arizona,USA,2022-08-06
5577,Mike King,anna59@example.org,8728749591,Houston,Texas,USA,2021-05-06
5578,Walter Parker,garciasylvia@example.com,+1-307-540-5225x7259,Los Angeles,California,USA,2024-04-24
5579,Pamela Smith,dianeowens@example.org,001-899-445-5827x532,Los Angeles,California,USA,2021-09-20
5580,Mark Love,whitejennifer@example.org,+1-799-836-9584x163,Atlanta,Georgia,USA,2023-01-21
5581,Kevin Weiss,jonesdwayne@example.net,887-393-0748x377,Houston,Texas,USA,2025-07-16
5582,Cody Horn,tim17@example.org,965-286-0882x23516,Seattle,Washington,USA,2024-04-10
5583,Carla Brewer,owallace@example.com,558.591.6197x2371,Los Angeles,California,USA,2025-04-17
5584,Joseph Hudson,hperry@example.com,697-406-5279x612,Boston,Massachusetts,USA,2024-07-04
5585,Adam Marquez,sandrabrown@example.net,(814)581-1769x4527,Houston,Texas,USA,2023-02-19
5586,William Watson,middletonkayla@example.org,464-458-1797,San Francisco,California,USA,2023-05-27
5587,Michelle Hill,jmiller@example.net,+1-531-342-4130x3897,Houston,Texas,USA,2023-01-02
5588,Gregory Brown,kelly63@example.org,(425)855-1197,Miami,Florida,USA,2022-12-21
5589,Jeremiah Jackson,aduffy@example.com,(451)294-9738x636,Los Angeles,California,USA,2024-09-16
5590,Brandon Meyers,palvarez@example.net,(652)783-1870,Buffalo,New York,USA,2022-05-23
5591,Craig Cabrera,kim03@example.com,363.834.7594x9333,Buffalo,New York,USA,2024-08-20
5592,Holly Deleon,donnastewart@example.com,8006867643,Austin,Texas,USA,2024-04-28
5593,Meagan Holmes,lawrencemccullough@example.com,391-210-6891,San Francisco,California,USA,2024-11-10
5594,Tracy Holloway,hollowaythomas@example.org,001-601-562-9885x774,San Francisco,California,USA,2025-11-15
5595,Nicholas Gomez,amanda48@example.com,001-423-713-8704,Austin,Texas,USA,2021-08-23
5596,Nicole Nguyen,mjohnson@example.com,772.323.5891x40926,Houston,Texas,USA,2021-12-14
5597,Louis Montoya,michael15@example.net,903.939.0046x456,Los Angeles,California,USA,2024-01-08
5598,James Smith,chasesusan@example.net,(676)563-9759,Houston,Texas,USA,2021-03-18
5599,Marvin Perry,shannon08@example.net,205-487-7374x5912,Orlando,Florida,USA,2024-09-09
5600,Kevin Wilson,huertarichard@example.net,001-687-357-4922x200,Atlanta,Georgia,USA,2023-05-16
5601,Michael Simmons,maria46@example.com,629.815.5487x2892,Las Vegas,Nevada,USA,2023-11-21
5602,Dr. Harold Blake,jharper@example.com,250.288.2462x1657,Boston,Massachusetts,USA,2023-05-13
5603,Christine Brown,hunterjackson@example.org,975-851-3482,Austin,Texas,USA,2021-02-11
5604,Michelle Guerrero,kgarrison@example.net,001-541-970-7096,Seattle,Washington,USA,2023-08-20
5605,Adam Mason,philipross@example.org,340.995.0264,Las Vegas,Nevada,USA,2021-02-15
5606,Robin Ferguson,yterry@example.com,+1-286-315-9206x4232,Houston,Texas,USA,2023-02-13
5607,Ashley Morales,austindeborah@example.com,+1-986-203-9322x3497,Las Vegas,Nevada,USA,2023-03-11
5608,Michelle King,hwilliams@example.org,429-586-0203x4934,Houston,Texas,USA,2024-03-18
5609,Christine Morris,jmason@example.org,+1-310-523-1038x0869,San Francisco,California,USA,2025-07-14
5610,Kevin Perez,kaitlynchristian@example.org,001-422-808-2579x100,Orlando,Florida,USA,2021-07-24
5611,David Sweeney,kaufmanraymond@example.net,936-624-8784x85612,Seattle,Washington,USA,2024-10-14
5612,Ann Roy,grahamjames@example.com,620-811-7389x921,Buffalo,New York,USA,2022-11-20
5613,Angie Martinez,ashleysellers@example.org,423-515-3061x0843,Orlando,Florida,USA,2023-10-27
5614,Mary Stokes,brettturner@example.net,335.744.6259x740,Phoenix,Arizona,USA,2025-04-16
5615,Mark Phillips,michaelhernandez@example.org,(615)740-8356x301,Denver,Colorado,USA,2022-11-27
5616,Dennis Salazar,rperry@example.com,247.399.0625x14593,New York City,New York,USA,2024-06-13
5617,Sheryl Giles,jonathanjones@example.net,7708288361,Austin,Texas,USA,2023-01-15
5618,Courtney Bennett,sarah49@example.com,8926431481,Miami,Florida,USA,2022-02-18
5619,Martin Miller,elopez@example.org,412-327-7414x402,Orlando,Florida,USA,2024-07-25
5620,Melanie Gilmore,wilsonbreanna@example.net,852-700-0919,Atlanta,Georgia,USA,2025-06-01
5621,Michelle Flores,moconnor@example.com,978-397-1277x672,San Francisco,California,USA,2025-09-18
5622,Lori Cole,james68@example.org,001-561-968-8462x207,Atlanta,Georgia,USA,2024-01-03
5623,Francisco Phillips,jillwatkins@example.net,323.565.8784x6786,Buffalo,New York,USA,2022-08-12
5624,Joshua Conley,kevinjohnson@example.org,(511)736-0057,Austin,Texas,USA,2021-04-08
5625,Jeremy Guerrero,duncanerin@example.org,+1-272-404-7659,Austin,Texas,USA,2024-03-20
5626,Jeffrey Williams,zcampbell@example.com,+1-326-980-3794,Miami,Florida,USA,2025-07-06
5627,Deanna Rivera,annettenorris@example.com,491.443.3741x57281,Buffalo,New York,USA,2024-07-03
5628,Joel Ramos,jbennett@example.net,+1-842-547-4938x827,Seattle,Washington,USA,2021-07-08
5629,Aaron Moore,jason54@example.org,895-559-2694x694,Seattle,Washington,USA,2025-09-25
5630,Kevin Mclaughlin,reneebrown@example.net,335-688-1665,Las Vegas,Nevada,USA,2021-07-14
5631,Andrew Dunlap,williamszachary@example.com,(540)874-3486x791,Las Vegas,Nevada,USA,2022-11-21
5632,Matthew Rodgers,wyattreginald@example.com,001-362-526-7991x166,Austin,Texas,USA,2021-05-18
5633,Anna Alexander,daniel43@example.org,001-292-260-8622x678,Las Vegas,Nevada,USA,2025-06-29
5634,Michael Tran,pschroeder@example.com,7052249383,Chicago,Illinois,USA,2023-09-01
5635,Christine Jackson,meredith62@example.net,210-913-2155x73279,Miami,Florida,USA,2022-03-06
5636,Jesse Ramirez,jessica82@example.org,237.203.9095,Houston,Texas,USA,2025-06-18
5637,Melanie Cabrera,wyattalexander@example.com,+1-955-491-9859x703,San Francisco,California,USA,2024-08-27
5638,Mathew Le,stonedonald@example.net,(794)760-6419x337,Atlanta,Georgia,USA,2022-09-11
5639,Isaac Brown,scotthayes@example.org,(597)219-8495x1341,Chicago,Illinois,USA,2025-07-05
5640,Daniel Carrillo,tinahowell@example.net,001-963-204-4615x563,Austin,Texas,USA,2023-06-06
5641,Jonathan Moore,amandacarroll@example.com,784-274-6127,Denver,Colorado,USA,2024-01-11
5642,Richard Harris,yduffy@example.net,761.223.0176,Houston,Texas,USA,2022-02-14
5643,Robert Rice,lindseystephen@example.net,321.421.2276x425,Miami,Florida,USA,2023-04-04
5644,Jeffery Robbins,vegakimberly@example.org,+1-312-824-6174x6967,Austin,Texas,USA,2024-07-03
5645,Michael Simmons,usullivan@example.com,962-728-8514x1292,Chicago,Illinois,USA,2023-07-18
5646,Jeremy Wilkins,amanda79@example.org,633-450-6786,Denver,Colorado,USA,2025-04-13
5647,Xavier Bell,harrismichael@example.com,+1-577-214-2797,Chicago,Illinois,USA,2022-01-05
5648,Francis Nelson,yharper@example.net,344.553.6105,Boston,Massachusetts,USA,2021-02-08
5649,Alyssa Best,nicole63@example.com,455-851-2342,Denver,Colorado,USA,2024-12-11
5650,Joshua Jackson,bcook@example.org,407-941-5072x38954,Chicago,Illinois,USA,2025-11-02
5651,Jonathan Hudson,jillianhuff@example.net,720-571-0314x2106,New York City,New York,USA,2024-03-27
5652,Amanda Carlson,theresa59@example.com,7385445705,Orlando,Florida,USA,2022-03-13
5653,Angela Murray,williamsstephanie@example.com,(516)464-8734x32492,Denver,Colorado,USA,2025-08-15
5654,Stacey Smith,wolfemichelle@example.com,(836)971-4578x96320,Seattle,Washington,USA,2023-08-16
5655,Isaiah Hill,butlerderek@example.net,(322)755-3983,Austin,Texas,USA,2024-07-30
5656,Andrew Malone,sbush@example.net,(931)720-4262x8573,Chicago,Illinois,USA,2025-07-15
5657,Jenna Dominguez,zfranklin@example.org,(412)618-0240x516,Las Vegas,Nevada,USA,2025-10-13
5658,Samantha Murray,larsoncatherine@example.org,+1-919-204-6602,Phoenix,Arizona,USA,2023-06-08
5659,Bryan Berry,cole77@example.com,001-465-570-2316x283,Boston,Massachusetts,USA,2024-03-05
5660,Michael Charles,kim52@example.org,+1-911-797-9750,Seattle,Washington,USA,2024-07-07
5661,Alicia Richardson,pmaddox@example.com,+1-382-544-1672,Los Angeles,California,USA,2023-12-06
5662,Sheryl Adams,jeremy72@example.org,674-323-6758x05520,Buffalo,New York,USA,2023-01-17
5663,Rachel Cherry,dstewart@example.com,6118085281,Orlando,Florida,USA,2021-10-30
5664,Lindsay Smith,jessicakramer@example.com,843-770-9125,Buffalo,New York,USA,2021-11-05
5665,Ernest Simmons,snyderdarrell@example.com,841.248.3157x8152,Seattle,Washington,USA,2024-11-04
5666,Emily Lynch,walkerandrea@example.org,8793446795,Phoenix,Arizona,USA,2022-09-07
5667,John Mccoy,hopkinsmelanie@example.net,001-902-733-0521,Atlanta,Georgia,USA,2023-06-11
5668,Christine Ball,alexanderfowler@example.com,248.321.2570x265,Miami,Florida,USA,2022-10-15
5669,Matthew Ortiz,mwarren@example.net,+1-806-879-2481,Atlanta,Georgia,USA,2025-08-28
5670,Michelle George,johnwang@example.org,(735)963-0975,Boston,Massachusetts,USA,2021-05-12
5671,Jenna Clark,blairkaitlin@example.com,439.611.9833,Denver,Colorado,USA,2022-02-21
5672,Shelia Reeves,jeffreymolina@example.net,412.288.2983,Atlanta,Georgia,USA,2023-04-25
5673,Shaun Johnson,melissatorres@example.com,886-989-6839x292,Austin,Texas,USA,2025-08-14
5674,Corey Blankenship,molly81@example.net,884-942-3422x3893,Austin,Texas,USA,2024-08-16
5675,Aaron Perry,kingjennifer@example.com,6506572516,New York City,New York,USA,2022-06-10
5676,Mary Jones,nicole82@example.com,406.256.3200x3745,Denver,Colorado,USA,2024-05-16
5677,Madeline Garcia,travis08@example.org,(989)439-2092x271,Buffalo,New York,USA,2023-04-12
5678,Christian Young,miguelgallegos@example.net,(579)216-0053,Buffalo,New York,USA,2021-08-21
5679,Heidi Rivas,dyoung@example.org,385.209.9290,New York City,New York,USA,2022-01-29
5680,Faith Valenzuela,hamiltonpaula@example.org,001-218-577-3422,Los Angeles,California,USA,2022-05-18
5681,Randy Wright,christopher07@example.net,(777)859-5770x48321,Phoenix,Arizona,USA,2025-08-22
5682,Taylor Wright,nsanchez@example.org,(866)526-9072,Austin,Texas,USA,2023-08-09
5683,Ashley Brown,qshaw@example.com,001-544-344-4523x764,Orlando,Florida,USA,2024-02-21
5684,Kathleen Thomas,longnichole@example.com,(434)944-0923x013,Miami,Florida,USA,2023-05-15
5685,Kathryn Carpenter,benjamingay@example.net,3719424476,Denver,Colorado,USA,2021-03-17
5686,Alison Scott,owood@example.net,(544)260-2609,Buffalo,New York,USA,2021-11-23
5687,Timothy Miller,jameswells@example.net,674-983-4918x8747,Austin,Texas,USA,2021-10-07
5688,Kenneth Graham,foxmaria@example.net,001-241-757-1834x241,Los Angeles,California,USA,2022-06-14
5689,Kimberly Nichols,jthomas@example.org,(456)867-6840x93801,Phoenix,Arizona,USA,2025-07-04
5690,Paul Bolton,josecooley@example.org,+1-732-651-4502x090,Austin,Texas,USA,2024-09-10
5691,David Smith,mosesjose@example.org,(278)209-7281,Chicago,Illinois,USA,2021-12-27
5692,Tammy Smith,thomaswilliams@example.com,544.636.2990,Denver,Colorado,USA,2025-10-12
5693,Anne Miller,qallison@example.org,620.351.5853x315,Los Angeles,California,USA,2025-01-19
5694,Tara Russell,wilkinsjeffrey@example.net,(489)490-3637x03616,Orlando,Florida,USA,2025-05-22
5695,George Sanchez,nmoore@example.net,+1-787-640-8020x852,Los Angeles,California,USA,2021-04-24
5696,Jeff Rice,mwheeler@example.org,001-972-778-0272x419,Atlanta,Georgia,USA,2021-06-21
5697,Ricardo Strong,ryan34@example.org,342-367-7487,Houston,Texas,USA,2024-05-17
5698,Emily Alexander,hardylisa@example.net,(582)443-0558x186,Austin,Texas,USA,2025-11-11
5699,Curtis Atkins,arichardson@example.com,(462)469-2268x420,San Francisco,California,USA,2023-04-14
5700,Maria Perez,rogerselizabeth@example.com,+1-527-402-3729x534,Boston,Massachusetts,USA,2023-01-15
5701,Alexander Mcdonald,rwalker@example.com,(972)482-6186x796,Denver,Colorado,USA,2024-09-08
5702,Gregory Cunningham MD,diana56@example.org,(217)714-6741,Boston,Massachusetts,USA,2021-07-04
5703,Joseph Glass,hilleric@example.net,594.817.9575x81186,Miami,Florida,USA,2025-09-16
5704,Mary Smith,kortiz@example.net,761.573.2714,Seattle,Washington,USA,2025-09-22
5705,Angela Buckley,zhall@example.com,845-646-0607,New York City,New York,USA,2022-04-29
5706,Teresa May,walkersamantha@example.net,989-244-9970,San Francisco,California,USA,2024-03-15
5707,George Whitney,angelica21@example.org,349-475-9935x38496,Seattle,Washington,USA,2023-10-22
5708,Sara Yang,mark92@example.org,346-832-8781,Boston,Massachusetts,USA,2021-09-05
5709,Mark Guzman,denisecain@example.org,750.383.2323,Chicago,Illinois,USA,2024-09-22
5710,Makayla Keller,qroberts@example.org,+1-992-406-1104x865,Atlanta,Georgia,USA,2024-04-03
5711,Melissa Bryant,umendoza@example.org,418.510.2550x843,Phoenix,Arizona,USA,2023-12-12
5712,William Marshall,travisbell@example.com,867-207-0916x17084,Austin,Texas,USA,2023-10-14
5713,Traci Reed,patricia30@example.org,339.359.0754,Boston,Massachusetts,USA,2021-07-04
5714,Patricia Moore,smithjeanette@example.com,(440)763-4989x04190,Buffalo,New York,USA,2024-05-13
5715,Keith Thomas,margaret13@example.com,001-516-472-6877x207,San Francisco,California,USA,2025-05-03
5716,Joshua Kelly,garciapaul@example.net,+1-917-533-8719x1838,Phoenix,Arizona,USA,2022-10-04
5717,Jeffrey Alvarez,clang@example.com,406.803.6179,Houston,Texas,USA,2025-09-01
5718,Stephen Fleming,sean32@example.com,001-652-288-2095x097,Las Vegas,Nevada,USA,2025-02-18
5719,Andrew Grant,ibarracarol@example.org,001-758-483-4524x546,Miami,Florida,USA,2025-07-09
5720,Joseph Leon,mckeejustin@example.net,+1-302-308-9671,Seattle,Washington,USA,2025-03-04
5721,Steven Wilson,paulandrews@example.com,895.732.2708,Buffalo,New York,USA,2023-05-17
5722,Julie Cummings,zoegutierrez@example.com,001-851-694-9199,Buffalo,New York,USA,2021-10-23
5723,Valerie Martinez,walterslogan@example.com,981.246.5897x3750,San Francisco,California,USA,2021-12-25
5724,Karen Boyd,chapmantyler@example.net,001-823-504-6588,Buffalo,New York,USA,2022-07-17
5725,Ann Copeland,bbates@example.net,+1-672-506-8814x798,Orlando,Florida,USA,2023-04-17
5726,Ashley White,efry@example.org,+1-368-280-8126,Austin,Texas,USA,2025-11-03
5727,Andrew Williams,hclements@example.com,501-675-1676,Las Vegas,Nevada,USA,2021-04-25
5728,Shannon James,sanchezashley@example.org,4144152038,Orlando,Florida,USA,2023-12-29
5729,Jeremy Martinez,ejacobson@example.org,8448048874,Houston,Texas,USA,2024-12-03
5730,Adam Morris,thompsonrachael@example.com,772.670.5786x5520,San Francisco,California,USA,2022-10-11
5731,Claire Shaffer,ricardo90@example.com,001-547-864-0590x440,Chicago,Illinois,USA,2023-05-18
5732,Brittany Cook,robertgarrison@example.com,741-662-2034x6843,Orlando,Florida,USA,2024-10-30
5733,Dr. Matthew Cruz DVM,bakeranthony@example.com,358.484.4548,Buffalo,New York,USA,2022-07-23
5734,Brandon Burnett,stephen98@example.org,329.508.9290x3188,Boston,Massachusetts,USA,2025-05-26
5735,Randy Arroyo,smithemma@example.org,001-690-698-8032x542,Boston,Massachusetts,USA,2021-10-24
5736,Sean Solis,nicole66@example.net,642-958-5793,Houston,Texas,USA,2023-09-01
5737,Jeremy Davis,jonathannewman@example.com,001-794-424-5092x030,Seattle,Washington,USA,2023-01-24
5738,Brenda Schaefer,simondwayne@example.com,215.627.6366x870,Atlanta,Georgia,USA,2022-09-24
5739,Joshua Cain,margaret20@example.com,(595)436-8922x28987,Los Angeles,California,USA,2024-08-14
5740,Victoria Castillo,kristenowens@example.net,781.735.2859x07659,Boston,Massachusetts,USA,2024-05-25
5741,Mrs. Leslie Lewis,dawn70@example.com,703.440.5294x1914,Los Angeles,California,USA,2025-09-20
5742,Amanda Ryan,dawnpadilla@example.com,+1-508-363-6621,Seattle,Washington,USA,2024-09-18
5743,Jesus Burgess,francis56@example.net,8562987352,Phoenix,Arizona,USA,2021-04-22
5744,Amanda Turner,sberg@example.net,911-599-4756x338,Seattle,Washington,USA,2025-06-04
5745,Catherine Reed,oconnorbrett@example.org,4723645629,Denver,Colorado,USA,2022-05-06
5746,Mrs. Amy Mcneil MD,xsalazar@example.com,(470)946-4878,Austin,Texas,USA,2024-02-06
5747,Kayla Hall,wcarney@example.net,+1-923-963-0627,Miami,Florida,USA,2022-09-26
5748,Sara Greene,annagarcia@example.net,+1-856-723-1165,Denver,Colorado,USA,2024-12-05
5749,Carl Russell,pmoody@example.net,001-617-991-6469,Houston,Texas,USA,2025-07-22
5750,Anita Nguyen,iyoung@example.com,(577)843-5765,Denver,Colorado,USA,2021-09-07
5751,Scott Perez,jodilane@example.com,+1-616-712-6681x8239,Chicago,Illinois,USA,2025-11-11
5752,Edward Silva,catherinewilliams@example.com,593.885.7359x405,Buffalo,New York,USA,2025-10-23
5753,Heather Wilson,dodsoncody@example.com,289.444.9413,Orlando,Florida,USA,2023-03-07
5754,Lance Harris,pamelachung@example.com,428-882-2753,Los Angeles,California,USA,2023-03-16
5755,Jennifer Brown,anthonynguyen@example.net,6767476722,Boston,Massachusetts,USA,2022-06-08
5756,Eric Coleman,fernandezvincent@example.org,+1-213-421-4233x4537,Austin,Texas,USA,2021-07-04
5757,Ashley Dean,dylanwoodard@example.org,532.524.5778,Boston,Massachusetts,USA,2025-08-12
5758,Leslie Mendoza,vgonzalez@example.org,001-488-352-4967,Phoenix,Arizona,USA,2022-04-28
5759,Dale Thompson,cordovajohnny@example.com,001-850-901-9684,Austin,Texas,USA,2022-03-07
5760,Paul Patterson,barnesnancy@example.org,737-654-7401x4052,Atlanta,Georgia,USA,2025-12-29
5761,James Diaz,hobbscheryl@example.com,969.803.6807,New York City,New York,USA,2023-06-18
5762,Phillip Perez,twilson@example.com,883.227.5070,Denver,Colorado,USA,2022-10-12
5763,Wayne Dean,egarcia@example.com,786.735.5631,Boston,Massachusetts,USA,2025-07-22
5764,Lisa Boyle,evanskimberly@example.com,707-267-2809,Phoenix,Arizona,USA,2024-08-12
5765,Rebecca Fuentes,shannonjones@example.org,001-606-531-4791,Miami,Florida,USA,2025-06-05
5766,Briana Doyle,wcrawford@example.org,682.744.4293,Los Angeles,California,USA,2022-07-16
5767,Jason Duarte,alowe@example.com,254.401.7209x4403,Atlanta,Georgia,USA,2021-06-14
5768,Erica Kaufman,raven14@example.org,5673943320,Atlanta,Georgia,USA,2025-05-16
5769,Priscilla Acosta,jday@example.org,(611)632-3042,Orlando,Florida,USA,2023-08-23
5770,Diana Garcia,crawfordjacob@example.org,393.899.2535,Seattle,Washington,USA,2023-04-26
5771,Robin Tate,sparksrobert@example.net,810-375-2891x162,Boston,Massachusetts,USA,2025-09-19
5772,Karen Powers,mistythornton@example.org,001-916-388-8511x632,Houston,Texas,USA,2025-01-09
5773,Michael Taylor,urussell@example.org,(403)750-0869x7446,Miami,Florida,USA,2025-12-01
5774,Corey Park,zacharyhooper@example.org,+1-254-209-7434x4178,Boston,Massachusetts,USA,2025-08-07
5775,Andrea Bernard,chadanthony@example.com,249-618-2386,San Francisco,California,USA,2025-08-16
5776,Anthony Jones,solomonrobert@example.net,947-639-4061x64818,New York City,New York,USA,2024-12-01
5777,Erik Gibson,jameshoward@example.org,001-513-929-1066x994,Austin,Texas,USA,2023-11-03
5778,John Bryant,coxpaul@example.org,804-577-1672,San Francisco,California,USA,2022-12-22
5779,Steven Hampton,amy72@example.org,8582683082,Miami,Florida,USA,2024-05-18
5780,Tyler Bell,davisheidi@example.com,001-838-553-1934x864,Seattle,Washington,USA,2025-07-24
5781,Denise Martinez,danieljones@example.net,392.600.8687x264,Chicago,Illinois,USA,2025-02-19
5782,Joe Parker,cdouglas@example.org,001-921-737-1459x193,Houston,Texas,USA,2023-07-18
5783,Angela Powell,jacksonnicole@example.net,869-910-8511x97664,Seattle,Washington,USA,2021-02-26
5784,Peter Andrews,phillipsjennifer@example.com,568-415-7436x71528,Phoenix,Arizona,USA,2021-04-17
5785,Mitchell Reynolds,iansnow@example.com,7098141762,Denver,Colorado,USA,2024-08-06
5786,Cheryl Smith,jonesbrandon@example.net,959-367-6592x966,New York City,New York,USA,2024-07-14
5787,Paul Doyle,catherinegraham@example.com,974-794-1251x73071,Orlando,Florida,USA,2025-06-09
5788,Zachary Myers,alexanderwagner@example.net,2027650180,Denver,Colorado,USA,2021-10-06
5789,Kristin Mays,claire63@example.net,(453)887-2147x700,Los Angeles,California,USA,2023-04-01
5790,Lauren Johnson,robertcontreras@example.com,874-768-2122x797,Buffalo,New York,USA,2024-07-10
5791,Christine Wilson,josephhardy@example.com,(552)532-0802x56133,Austin,Texas,USA,2022-10-05
5792,Jacqueline Olson,williamsmichelle@example.net,001-858-871-5139x234,Las Vegas,Nevada,USA,2021-06-18
5793,Jill Charles,jonathanriley@example.org,564-416-5057x14374,San Francisco,California,USA,2021-11-20
5794,Samuel Hill,jeremy00@example.com,+1-846-866-7040x571,Buffalo,New York,USA,2023-11-24
5795,Tammy Lester,gcooper@example.net,417-425-2023x66191,Seattle,Washington,USA,2025-04-22
5796,Robin Graham,hharper@example.net,(364)930-2372,Atlanta,Georgia,USA,2024-08-22
5797,Maureen Maxwell,shawngonzalez@example.com,522.635.3392x828,Phoenix,Arizona,USA,2021-09-24
5798,Michelle Gardner,pwaller@example.org,+1-791-448-9024x239,Atlanta,Georgia,USA,2024-05-01
5799,Jamie Berry,jill81@example.org,(943)536-5716,Denver,Colorado,USA,2023-04-21
5800,David Tucker,christophershepard@example.net,518-226-0485x9131,Phoenix,Arizona,USA,2022-10-17
5801,Steven Callahan,mrivera@example.net,867.291.0620x364,Orlando,Florida,USA,2023-09-07
5802,Steven Combs,pwoods@example.net,(764)848-4878x999,Atlanta,Georgia,USA,2025-02-14
5803,Kenneth Camacho,ckrause@example.com,001-945-646-6096x484,New York City,New York,USA,2022-06-18
5804,Vanessa Brooks,xacosta@example.org,001-709-277-5373x893,New York City,New York,USA,2024-11-08
5805,Sarah Buchanan,ibarrett@example.org,3732786386,Las Vegas,Nevada,USA,2025-08-21
5806,Shane Lawson,amy44@example.org,343-837-6669,Houston,Texas,USA,2025-06-26
5807,Jill Villarreal MD,zortiz@example.net,297.483.1115,Austin,Texas,USA,2022-02-11
5808,Tristan Palmer,isabel67@example.com,434.704.4011,San Francisco,California,USA,2023-04-29
5809,Philip Mahoney,rgarza@example.com,(304)592-8461x78804,Houston,Texas,USA,2022-01-08
5810,Christina Gilmore,rodriguezjames@example.com,850-695-4454x99525,Miami,Florida,USA,2025-11-30
5811,Lauren Frazier,joseph83@example.net,+1-722-293-7466x487,Miami,Florida,USA,2025-09-06
5812,Cody Hudson,carsonbobby@example.com,259.395.5965x1312,Boston,Massachusetts,USA,2024-03-14
5813,Sandra Ramsey,stewartalyssa@example.org,(603)884-6757x4192,Buffalo,New York,USA,2021-02-12
5814,Lisa Brown,ritterchris@example.org,(222)490-9575,Los Angeles,California,USA,2024-02-18
5815,Jerry Trujillo,yhammond@example.com,+1-809-433-7732x8647,Denver,Colorado,USA,2024-06-07
5816,Nancy Ramos,rangelwilliam@example.org,855-642-3272x97027,Denver,Colorado,USA,2022-04-14
5817,Crystal Richmond,parsonsrandall@example.org,001-445-738-7471x558,Boston,Massachusetts,USA,2021-07-02
5818,Anthony Reynolds,stevefrazier@example.net,(241)645-3733x68602,Orlando,Florida,USA,2022-02-11
5819,Robert Bell,josephcooper@example.net,001-364-688-8719,Austin,Texas,USA,2024-12-07
5820,Brandon Brandt,waltonluis@example.com,861-250-7291,Atlanta,Georgia,USA,2021-12-12
5821,Jennifer Rodriguez,catherine82@example.org,5277754410,Los Angeles,California,USA,2023-04-02
5822,Brittany Hayes,randalljohnathan@example.com,799-921-2818,Las Vegas,Nevada,USA,2023-05-29
5823,Anna Mclean,williamsandrew@example.org,001-733-599-7035x155,Las Vegas,Nevada,USA,2022-06-17
5824,Jennifer Rojas,blairerika@example.net,215-669-9715,New York City,New York,USA,2021-07-02
5825,Jason Cabrera,zlawson@example.org,483.574.6438x0367,Houston,Texas,USA,2021-12-15
5826,Terrence Austin,nicole60@example.com,+1-901-954-8272x2006,Las Vegas,Nevada,USA,2021-08-29
5827,Diane Lin,hinesdiane@example.net,001-264-367-5280x754,Los Angeles,California,USA,2025-01-11
5828,Carrie Perkins,hhudson@example.net,679-238-3413x81391,Chicago,Illinois,USA,2023-06-11
5829,Roberto Gomez,moorekristine@example.net,+1-940-418-9805x3882,Phoenix,Arizona,USA,2023-07-19
5830,Bradley Ellison,shawn77@example.net,312-241-7984x33982,Atlanta,Georgia,USA,2024-10-11
5831,Roy Rodriguez,margaretjackson@example.net,(206)444-2341x687,Orlando,Florida,USA,2021-08-31
5832,Angel Briggs,tamara02@example.org,4998246076,Buffalo,New York,USA,2025-01-01
5833,Christopher King,joannabennett@example.org,+1-453-293-3113,Buffalo,New York,USA,2022-01-26
5834,Carlos English,amy07@example.com,+1-338-813-6029x196,Atlanta,Georgia,USA,2025-07-24
5835,Frank Hughes,tyler27@example.net,381-290-8154x85003,Phoenix,Arizona,USA,2022-06-30
5836,Jessica Griffin,hughesnorma@example.net,655.663.4000x3409,Austin,Texas,USA,2025-03-09
5837,Joseph Pearson,dana31@example.net,588.978.5339x5682,Orlando,Florida,USA,2023-02-22
5838,Michael Erickson,michelle76@example.org,+1-695-832-1151x3027,New York City,New York,USA,2023-06-03
5839,Elizabeth Duncan,qwatson@example.org,728-966-1921x029,Atlanta,Georgia,USA,2022-02-28
5840,Lonnie Nguyen,saramccarthy@example.net,6535698570,Las Vegas,Nevada,USA,2022-03-18
5841,Chad Fowler,kristahoward@example.com,214-281-8147x92216,Atlanta,Georgia,USA,2022-08-03
5842,Michelle Williams,stevenwright@example.org,+1-571-914-1253,Seattle,Washington,USA,2024-10-18
5843,Nicholas Diaz,fmartinez@example.com,(582)220-4343x648,Buffalo,New York,USA,2023-05-07
5844,Elizabeth Lynch,alexischang@example.org,001-673-647-9189x022,New York City,New York,USA,2023-04-17
5845,Crystal Hatfield,zburnett@example.com,342-208-4444x037,Phoenix,Arizona,USA,2021-10-26
5846,Melissa Walker,phudson@example.com,+1-371-328-2173x5345,Los Angeles,California,USA,2022-08-18
5847,Jennifer Hendricks,lisa79@example.org,408.510.6439x5951,Austin,Texas,USA,2022-04-28
5848,Robert Martin,qnelson@example.org,001-269-245-7571x587,Las Vegas,Nevada,USA,2023-07-13
5849,Virginia Harris,stevensjoann@example.org,(583)718-2239x9512,Boston,Massachusetts,USA,2022-05-24
5850,Angela Edwards,kelly38@example.net,+1-724-284-3580x7231,Houston,Texas,USA,2024-04-08
5851,Andrew Lambert,zacharywilliamson@example.com,001-734-420-5177,Denver,Colorado,USA,2024-08-18
5852,John Brown,marvinmayer@example.org,672.331.5702,Orlando,Florida,USA,2021-06-25
5853,Aaron Garcia,robertwilson@example.org,273.399.2016,Los Angeles,California,USA,2023-08-19
5854,Alex Buckley,greenmichael@example.net,562.332.3260x917,New York City,New York,USA,2025-11-20
5855,Amy Molina,lawrenceyolanda@example.org,(354)782-9746,Houston,Texas,USA,2024-11-20
5856,Martin Hall,patricia03@example.org,313-759-9227,Miami,Florida,USA,2024-11-07
5857,Katherine Myers,wpope@example.net,440-936-2408x96230,Buffalo,New York,USA,2024-12-31
5858,Sheri Kidd DDS,danieljohnson@example.org,(945)502-5912,Miami,Florida,USA,2024-12-21
5859,Elaine Miller,vanessaweaver@example.com,(716)697-1244x43382,Miami,Florida,USA,2025-02-16
5860,Christopher Morales,laurajacobs@example.com,218-550-2177,Las Vegas,Nevada,USA,2022-06-09
5861,Troy King,denise40@example.com,251-525-8144x5422,San Francisco,California,USA,2021-07-15
5862,Alejandro Moody,aaron13@example.com,+1-397-262-2456x878,Chicago,Illinois,USA,2021-05-01
5863,Victor Whitney,scott94@example.net,592.983.9285,Los Angeles,California,USA,2022-11-13
5864,Robin Gay,tylersmith@example.net,372.379.9088x109,Boston,Massachusetts,USA,2022-04-26
5865,Sarah Anderson,umay@example.com,892.700.1091x94093,Orlando,Florida,USA,2022-12-27
5866,Douglas Herrera,mgonzalez@example.org,+1-994-246-4399x4499,Las Vegas,Nevada,USA,2024-10-05
5867,Kimberly Jones,guzmanbrendan@example.com,(754)663-6419x96645,Phoenix,Arizona,USA,2024-05-10
5868,Jennifer Reid,martinezseth@example.org,912.334.4665x89123,Seattle,Washington,USA,2025-03-13
5869,Chelsea Sanders,wross@example.net,001-641-823-1561x193,Phoenix,Arizona,USA,2021-04-04
5870,Jerry Morse,nelsonjose@example.com,419-380-8156x439,Los Angeles,California,USA,2022-06-04
5871,Clifford Clark,williamsonsharon@example.net,001-906-777-4680x390,Chicago,Illinois,USA,2024-06-23
5872,Robert Davis,estradaelizabeth@example.net,6627674917,Miami,Florida,USA,2022-09-12
5873,Jason Miller,carmen57@example.com,+1-862-858-6663x049,Miami,Florida,USA,2024-10-06
5874,Kim Melendez,perezedward@example.org,(630)364-9085x879,Houston,Texas,USA,2021-09-28
5875,Katie Johnson,anthonyhardy@example.com,+1-487-564-6113,Boston,Massachusetts,USA,2024-02-20
5876,Timothy Simmons,russelljulie@example.org,4713177580,Los Angeles,California,USA,2024-04-03
5877,Kelsey Harris,elizabethhudson@example.org,+1-306-395-1319,New York City,New York,USA,2022-06-18
5878,James Ho Jr.,johnsondaniel@example.net,9022679935,New York City,New York,USA,2023-10-29
5879,Michael Hamilton,christophergregory@example.com,(213)886-9060x17429,Orlando,Florida,USA,2022-11-26
5880,Joseph King,christopher59@example.com,(254)349-0878,Boston,Massachusetts,USA,2023-08-17
5881,Jordan Braun,russojohnny@example.net,7996125037,New York City,New York,USA,2021-07-03
5882,Jacob Williams,rodriguezmike@example.com,814-590-3479x47764,Houston,Texas,USA,2024-12-25
5883,Shawn Hernandez MD,luis17@example.com,(430)549-3153x1141,Chicago,Illinois,USA,2023-06-06
5884,Ashley Vega,raymondphillips@example.org,+1-585-351-5306x3377,New York City,New York,USA,2022-06-18
5885,Sherry Duncan,williamvelez@example.com,3389364251,San Francisco,California,USA,2022-10-04
5886,Virginia Smith,fbernard@example.com,274.746.2060x9010,Los Angeles,California,USA,2021-09-19
5887,Jacqueline Andrews,nguyenelizabeth@example.org,001-227-260-3484x788,Orlando,Florida,USA,2025-11-21
5888,Christopher Klein,timothy26@example.com,628.807.2009x015,Atlanta,Georgia,USA,2022-07-30
5889,William Johnson,qwalter@example.org,+1-255-639-6116x8478,Seattle,Washington,USA,2023-01-09
5890,John Gilmore,alexandra74@example.net,596-645-3757,Boston,Massachusetts,USA,2023-05-31
5891,James Jones,tammy33@example.org,(439)981-9371x759,Austin,Texas,USA,2025-12-01
5892,Monica Berger,xrowe@example.net,644.423.6659,Austin,Texas,USA,2024-06-09
5893,Chad Reyes,gnicholson@example.net,001-961-241-9446x644,Atlanta,Georgia,USA,2025-04-09
5894,Jackie Taylor,benjamin32@example.org,(356)470-2737x6149,Boston,Massachusetts,USA,2022-06-25
5895,Karen Davila,charleswilliam@example.org,+1-990-367-6727x0621,Chicago,Illinois,USA,2022-10-04
5896,Robert Williams,brownjennifer@example.net,+1-305-714-9922x8921,Miami,Florida,USA,2021-12-04
5897,Eric Guerrero,james74@example.com,9597085641,Houston,Texas,USA,2025-02-18
5898,Donna Reynolds,steven14@example.org,(702)812-9907,Orlando,Florida,USA,2025-04-14
5899,Christopher Ward,jolson@example.org,+1-407-500-2855x823,New York City,New York,USA,2024-02-13
5900,Tara Nielsen,khanbarbara@example.org,632.371.7666,Atlanta,Georgia,USA,2024-09-08
5901,Christine Taylor,anthonyburke@example.net,219-945-4488,Denver,Colorado,USA,2025-06-23
5902,James White,lcharles@example.net,(939)983-3504x9367,Orlando,Florida,USA,2021-04-19
5903,Willie Ware,thomas26@example.org,(305)861-4189x23411,Buffalo,New York,USA,2021-11-01
5904,Carly Norris,alyssacuevas@example.org,408-276-3971x91033,Los Angeles,California,USA,2022-04-16
5905,Dr. Donald Martinez MD,johnsonsheryl@example.net,951-699-1739x3169,New York City,New York,USA,2021-03-15
5906,Sarah Jackson,qford@example.net,9918824906,Orlando,Florida,USA,2022-06-17
5907,Christine French,jenniferhensley@example.org,001-696-857-2467,New York City,New York,USA,2024-12-16
5908,Kayla Johnson,andradegregory@example.com,248-415-2138,Orlando,Florida,USA,2023-06-13
5909,Sean Jones,kari94@example.org,(715)205-7445,San Francisco,California,USA,2023-10-11
5910,Lisa Bennett,levineandrea@example.net,(254)705-7779,Los Angeles,California,USA,2023-06-24
5911,Levi Johnson,stewartbrandi@example.net,001-527-505-8874,Houston,Texas,USA,2024-12-23
5912,Helen Perry,autumn88@example.com,555.754.1326x0494,Chicago,Illinois,USA,2023-09-21
5913,Charles Brown,richard15@example.org,827.773.8202x6407,Orlando,Florida,USA,2023-10-07
5914,Hailey Payne,hallteresa@example.net,487-520-0002x34143,San Francisco,California,USA,2025-09-29
5915,William Watson,gcox@example.com,001-820-233-8337x908,Seattle,Washington,USA,2025-11-11
5916,Stacie Young,cadkins@example.com,001-884-757-6941x586,New York City,New York,USA,2021-09-11
5917,Mark Schultz,rodriguezkim@example.org,001-498-671-6945x554,Houston,Texas,USA,2021-07-11
5918,Charles Martin,gravescourtney@example.net,375.746.2969x3472,Buffalo,New York,USA,2025-11-14
5919,Kerri Hernandez,michael00@example.net,935.220.0063x3388,Austin,Texas,USA,2022-01-05
5920,Timothy Rivers,millernancy@example.org,+1-985-604-5205x618,Atlanta,Georgia,USA,2021-12-11
5921,Anna Gomez,olivermichael@example.com,368-247-3375x0987,Seattle,Washington,USA,2023-11-08
5922,Jose Rose,georgerojas@example.com,372.303.3482x899,Atlanta,Georgia,USA,2022-07-13
5923,Megan Pacheco,dkim@example.org,(646)601-9308,Las Vegas,Nevada,USA,2025-12-30
5924,Theresa Smith,nathan25@example.org,(214)376-8428x38883,Denver,Colorado,USA,2024-04-14
5925,Elizabeth Robinson DDS,dennis34@example.com,+1-529-527-8632x1185,Buffalo,New York,USA,2024-04-10
5926,Monica Bird,jordanmiranda@example.net,684.753.7483x4483,Los Angeles,California,USA,2023-12-14
5927,Ms. Madison Davis,jennifer03@example.net,630.772.1026x989,Phoenix,Arizona,USA,2024-03-14
5928,James Watson,jacqueline57@example.com,+1-653-244-3467,New York City,New York,USA,2023-05-03
5929,Cody Reed,vnewman@example.com,447-868-6249,Boston,Massachusetts,USA,2021-06-07
5930,Tracy Webb,brandiarmstrong@example.org,001-603-844-6479x114,Buffalo,New York,USA,2025-04-23
5931,Mark Johnson,richardsoncraig@example.org,246.748.7070x78896,Orlando,Florida,USA,2024-10-18
5932,Caitlin Perez,danielle09@example.org,8467238850,San Francisco,California,USA,2025-12-23
5933,Lindsey Young,cruzjessica@example.org,886-693-5723x479,Houston,Texas,USA,2021-02-23
5934,Tammy Guerra,reillylaura@example.com,885.299.1136x9662,Austin,Texas,USA,2024-10-27
5935,Maria Lewis,toddromero@example.com,(518)472-2497x95842,Denver,Colorado,USA,2021-09-07
5936,William Morgan,ulambert@example.com,700.353.6854,Miami,Florida,USA,2023-02-05
5937,Michael Mckinney,scole@example.net,503.675.9755,Las Vegas,Nevada,USA,2021-08-06
5938,Brandon Thompson,greenvanessa@example.org,822.791.4671x565,Atlanta,Georgia,USA,2022-10-25
5939,Sarah Ramirez,debbiefox@example.net,628.913.6833x65280,New York City,New York,USA,2021-03-01
5940,Jacqueline Huynh,davisthomas@example.com,970.627.3113,San Francisco,California,USA,2023-08-01
5941,Lisa Ross,kristenperez@example.net,001-344-799-5967x761,Atlanta,Georgia,USA,2024-12-20
5942,Robert Wilson,jenna19@example.com,(345)767-1068,Denver,Colorado,USA,2023-09-10
5943,Jordan Hanson,fordkristi@example.org,309.216.0444x746,Orlando,Florida,USA,2024-07-10
5944,Kiara Garrett,millsmary@example.org,(769)226-6992,Austin,Texas,USA,2024-05-01
5945,Daisy Gregory,alexandersavage@example.org,544.531.3204x71324,Denver,Colorado,USA,2021-01-12
5946,Cynthia Turner,klogan@example.org,906.304.2561x204,Houston,Texas,USA,2021-03-31
5947,Trevor Gonzales,harriskaren@example.net,445-340-2372x3972,Denver,Colorado,USA,2024-06-28
5948,Alexis Jacobs,eric97@example.net,(463)281-5228,Orlando,Florida,USA,2022-10-28
5949,Logan Olson,vincentmartinez@example.com,001-884-665-8410x692,Seattle,Washington,USA,2025-02-12
5950,Troy Stevenson,mcknightdaniel@example.org,+1-978-513-7160,Boston,Massachusetts,USA,2025-06-21
5951,Jacqueline Jones,dkent@example.net,461.385.9597,Las Vegas,Nevada,USA,2021-09-22
5952,Brian Mendoza,michaelpatrick@example.org,583-605-0445x667,Buffalo,New York,USA,2025-11-03
5953,Stephanie Francis,osnyder@example.org,(772)371-0679,Los Angeles,California,USA,2025-06-30
5954,Kristen Martinez,samanthaboyd@example.org,800-979-1456,Denver,Colorado,USA,2022-08-03
5955,Katie Mullins,katrina38@example.org,259-357-6721,Houston,Texas,USA,2025-06-23
5956,Jeffrey Smith,mwatson@example.net,312.788.4964x0543,Los Angeles,California,USA,2025-03-04
5957,Jasmine Jacobs,xphillips@example.net,477-931-6306,San Francisco,California,USA,2024-01-26
5958,Timothy Hernandez,juliesmith@example.net,001-845-636-4512x543,Las Vegas,Nevada,USA,2023-02-21
5959,Darlene Chaney,taylorshannon@example.com,902.809.2644,San Francisco,California,USA,2023-03-28
5960,Brian Torres,qhines@example.com,(302)607-9559,Austin,Texas,USA,2021-12-31
5961,Kelly Robinson,michellesaunders@example.org,001-865-820-0904x907,Buffalo,New York,USA,2025-04-28
5962,Mr. James Petersen,xvalencia@example.com,806.664.0021x86423,Atlanta,Georgia,USA,2023-03-28
5963,Helen Moore,molly42@example.org,(650)663-0441x6728,San Francisco,California,USA,2021-02-12
5964,Richard Day,rick10@example.org,(291)862-8875x0865,Atlanta,Georgia,USA,2022-03-03
5965,Kevin Morris,jasontaylor@example.net,+1-575-802-9106x974,New York City,New York,USA,2023-03-07
5966,Dorothy Price,natkinson@example.org,396-783-2408x21813,Phoenix,Arizona,USA,2023-04-05
5967,Bruce Barr,tyler28@example.net,400-263-9399,Austin,Texas,USA,2024-08-18
5968,Tristan Alvarez,jfarmer@example.org,631-557-5945x113,Phoenix,Arizona,USA,2024-09-01
5969,Anthony Dougherty,clarkjeremy@example.com,976.432.5633,New York City,New York,USA,2021-09-04
5970,Samantha Cross,lorifoster@example.com,(903)415-1030x076,Austin,Texas,USA,2023-10-03
5971,Andrew Anthony,donaldthompson@example.net,320-430-9512x474,Phoenix,Arizona,USA,2023-06-05
5972,Dr. David Brooks,gregory69@example.net,001-984-850-8373,Seattle,Washington,USA,2025-07-10
5973,Kristine Marsh,lsmith@example.com,740.510.0422x0215,Boston,Massachusetts,USA,2022-09-28
5974,Ryan Green,martincastaneda@example.org,+1-365-939-7642x234,Boston,Massachusetts,USA,2024-11-03
5975,Corey Ellis,wolferin@example.org,001-543-739-3143x439,Las Vegas,Nevada,USA,2021-09-26
5976,Edward Barnes,davisscott@example.com,001-240-590-5969,Houston,Texas,USA,2024-09-24
5977,Maria Jones,ruiznicholas@example.org,+1-541-823-6111,San Francisco,California,USA,2025-09-01
5978,Karen Clark,bryanjessica@example.net,001-601-755-2564x987,Houston,Texas,USA,2023-11-16
5979,Chris Jones,ritterbrett@example.net,795.236.6457x76230,Buffalo,New York,USA,2023-09-30
5980,Gary Braun,brownbobby@example.org,001-325-932-5813x963,Orlando,Florida,USA,2025-12-19
5981,Nicole Walker,brownsteve@example.org,+1-546-283-8819x0254,Miami,Florida,USA,2023-09-03
5982,Michael Berger,msanchez@example.net,(423)606-5177,Austin,Texas,USA,2024-02-28
5983,Shannon Davis,ywilliams@example.net,001-638-748-6817x479,Las Vegas,Nevada,USA,2023-05-17
5984,Ryan Parsons,patriciahudson@example.net,613-958-1880x176,San Francisco,California,USA,2025-03-30
5985,Madison Ferrell,jordan59@example.net,449-487-3555,Miami,Florida,USA,2025-07-19
5986,Catherine Gonzales,michaelibarra@example.com,(823)220-6906,Houston,Texas,USA,2024-06-11
5987,Tracy Frank DDS,kirbyandrew@example.org,+1-401-386-2028x4185,New York City,New York,USA,2023-06-09
5988,Joseph Taylor,thomasparks@example.com,(864)794-0883,Denver,Colorado,USA,2023-05-23
5989,Danny May,kevin18@example.net,565-893-0052x33844,San Francisco,California,USA,2021-03-24
5990,Daniel Deleon,mcdowelljoseph@example.org,(976)945-0786x4097,Chicago,Illinois,USA,2022-12-01
5991,Richard Freeman,lisa22@example.com,+1-324-549-1198x2623,Orlando,Florida,USA,2024-10-17
5992,Howard Hanson,dbrock@example.net,373-995-4092x70514,Buffalo,New York,USA,2024-08-19
5993,Victoria Jones,savagederrick@example.com,+1-706-690-7002x424,Denver,Colorado,USA,2025-01-01
5994,Juan Morris,gtodd@example.net,(386)828-5323x319,New York City,New York,USA,2023-10-12
5995,Victor Baker,fbowen@example.com,001-682-492-4065,Chicago,Illinois,USA,2024-07-13
5996,William Eaton,alishaallen@example.org,+1-603-892-4425,Denver,Colorado,USA,2023-12-11
5997,Philip Carpenter,nholmes@example.org,(962)924-5860x4885,San Francisco,California,USA,2022-08-19
5998,Diamond Smith,jesse51@example.org,7998295989,Orlando,Florida,USA,2023-06-15
5999,Morgan Nicholson,mariagraves@example.net,+1-808-466-0054x0757,San Francisco,California,USA,2025-06-30
6000,Mr. Matthew Wilson,imatthews@example.org,(907)442-9257,Orlando,Florida,USA,2022-09-08
6001,Wendy Bradshaw,fwelch@example.org,740.768.1740x638,New York City,New York,USA,2021-09-19
6002,Tyler Edwards,sarahrodriguez@example.com,817-370-5913,Denver,Colorado,USA,2022-09-08
6003,Erica Miles,lisadavis@example.com,414-851-6726,Atlanta,Georgia,USA,2022-05-25
6004,Luke Rodriguez,leewhite@example.org,(231)342-2354,Chicago,Illinois,USA,2023-05-26
6005,Jamie Lawrence,mcdanieljohnny@example.net,(438)505-7941x133,Austin,Texas,USA,2024-03-10
6006,Drew Smith,michellefrank@example.net,482-801-8565x4534,Los Angeles,California,USA,2024-02-03
6007,Jacob Strong,paulsamantha@example.net,+1-446-328-2446x6831,San Francisco,California,USA,2021-04-03
6008,Mary Giles,davidboyle@example.org,001-477-934-9105x342,Chicago,Illinois,USA,2021-08-09
6009,Jessica Frazier,justinwhitaker@example.net,445-593-1002,Chicago,Illinois,USA,2023-05-21
6010,Susan Sullivan,vpeterson@example.org,+1-413-638-2244,Miami,Florida,USA,2021-07-13
6011,Nicole White,knightjordan@example.com,463.375.6261,Orlando,Florida,USA,2024-09-15
6012,Samantha Sanchez,courtneymiller@example.com,+1-964-734-4772,Seattle,Washington,USA,2024-03-10
6013,Whitney Thomas,ywalker@example.org,001-779-423-0137x688,Atlanta,Georgia,USA,2022-06-03
6014,Samuel Jackson,justinharris@example.com,760-311-3235x0213,Houston,Texas,USA,2022-06-06
6015,Joseph Hinton,monique99@example.net,8276367670,Las Vegas,Nevada,USA,2021-06-17
6016,James Yang,dawnthomas@example.com,505-530-3165,Phoenix,Arizona,USA,2023-10-29
6017,Vanessa Miller,christopherparks@example.org,688.753.2088,Los Angeles,California,USA,2021-08-22
6018,Dr. Johnny Price Jr.,aaron68@example.com,001-327-537-5209x064,Seattle,Washington,USA,2024-09-16
6019,Jaime Mata,trivera@example.org,(731)594-0967x949,Orlando,Florida,USA,2022-01-03
6020,Omar Campbell,keithbentley@example.org,780-821-3092,Phoenix,Arizona,USA,2022-01-09
6021,Steve Fowler,cliffordpowers@example.com,738-360-7303x163,Atlanta,Georgia,USA,2023-03-16
6022,Jonathan Knight,tmiller@example.net,532.279.3078,Los Angeles,California,USA,2021-06-20
6023,James Cervantes,jeffreyprice@example.com,(424)638-3988,Miami,Florida,USA,2025-12-01
6024,Kelly Martinez,gsmith@example.com,(530)299-6543x175,Seattle,Washington,USA,2022-09-02
6025,Jon Reyes,sharon00@example.net,2733590074,Houston,Texas,USA,2024-04-17
6026,Crystal Reyes,tbest@example.net,(875)382-0636,Seattle,Washington,USA,2023-07-21
6027,Angela West,patrick29@example.net,3439678206,Phoenix,Arizona,USA,2024-10-04
6028,Sue Holland,amills@example.net,567.607.2413,Orlando,Florida,USA,2024-07-01
6029,Mariah Harris,egutierrez@example.com,956-722-9237x52779,Phoenix,Arizona,USA,2022-06-27
6030,Julie Hamilton,carrie32@example.org,+1-423-375-5876x7601,Houston,Texas,USA,2025-11-20
6031,Brittany Carroll,staceygraham@example.org,565-576-8898,Phoenix,Arizona,USA,2022-01-19
6032,Heather Brady,rodriguezgeorge@example.org,+1-605-897-8153x8255,Buffalo,New York,USA,2022-01-15
6033,Angela Jordan,antonio54@example.org,(952)604-5794,San Francisco,California,USA,2025-03-10
6034,Roberta Henson,randykim@example.net,(671)978-4549x3944,Las Vegas,Nevada,USA,2022-06-16
6035,David Harris,jonathan44@example.org,490.828.7985,Atlanta,Georgia,USA,2024-10-11
6036,Tina Pineda,jyoder@example.org,+1-542-798-9713x403,San Francisco,California,USA,2023-06-08
6037,Megan Payne,howard55@example.com,484-796-2029,Chicago,Illinois,USA,2021-02-06
6038,Dana Jordan,ycarter@example.net,(413)993-0272x860,Los Angeles,California,USA,2023-03-20
6039,Kathleen Williams,ronnie39@example.net,+1-589-516-1905x811,San Francisco,California,USA,2021-01-28
6040,Dr. Willie Adams,davisbrandon@example.org,589-912-0090,New York City,New York,USA,2024-09-05
6041,Vanessa Carroll,michaellewis@example.com,001-617-875-0139x637,Orlando,Florida,USA,2023-08-01
6042,Michael Walker,robertschultz@example.com,6723524082,Seattle,Washington,USA,2023-04-10
6043,Kyle Davis,jerry33@example.net,+1-344-974-1384,Atlanta,Georgia,USA,2024-09-09
6044,Teresa Adams,mosleypatricia@example.org,+1-287-273-8248x7753,Seattle,Washington,USA,2024-05-17
6045,Brian Murray,levinekenneth@example.org,+1-485-907-7349x0250,Seattle,Washington,USA,2023-09-24
6046,Christina Williams,justin54@example.com,001-645-353-7313x322,Austin,Texas,USA,2024-06-20
6047,Lisa Francis,xcurry@example.net,+1-335-947-4884x7082,Atlanta,Georgia,USA,2024-06-17
6048,Cameron White,ybowman@example.org,(781)911-2771x070,Houston,Texas,USA,2024-11-15
6049,Ashley James,kristyrodriguez@example.net,218-779-6192,Denver,Colorado,USA,2024-11-14
6050,Andrew Chen,wleonard@example.org,+1-915-665-0870x797,Denver,Colorado,USA,2023-03-20
6051,Samantha Phillips,arroyomichelle@example.com,4759934946,Phoenix,Arizona,USA,2022-09-12
6052,Jared Cox,valerie18@example.org,6797365127,San Francisco,California,USA,2021-09-14
6053,Doris Brandt,heatherdiaz@example.com,+1-835-965-5824x3052,New York City,New York,USA,2021-01-29
6054,Willie West,jamesmills@example.org,511-655-6915,Buffalo,New York,USA,2021-08-18
6055,Ray Ramirez,schwartzjohn@example.org,+1-573-705-2225x2348,Atlanta,Georgia,USA,2021-02-02
6056,Thomas Jenkins,rickycosta@example.org,+1-220-270-6720,Seattle,Washington,USA,2022-01-21
6057,Brett French,millerkristen@example.net,7944837029,Atlanta,Georgia,USA,2021-02-24
6058,Christopher Davis,catherine14@example.com,558-426-6299x47031,Buffalo,New York,USA,2023-09-13
6059,Kristen Bond,cynthiagolden@example.net,(340)898-5143,Denver,Colorado,USA,2021-10-25
6060,Sarah Jones,joshua49@example.com,941.886.9866,Denver,Colorado,USA,2022-05-11
6061,Devin Thompson,craigtina@example.com,712-247-6871x391,Miami,Florida,USA,2025-09-21
6062,Melissa Washington,latoyachen@example.com,467.872.7229,Denver,Colorado,USA,2025-10-24
6063,Deborah Pineda,nwoodard@example.org,+1-385-506-7209x0119,Phoenix,Arizona,USA,2024-01-09
6064,Judith Lee,jessicahunt@example.org,(610)787-8704,Buffalo,New York,USA,2021-06-26
6065,Lisa Coleman,pserrano@example.net,587.246.9919,Austin,Texas,USA,2025-04-26
6066,Cindy Wood,kelsey25@example.com,742-493-8311,Orlando,Florida,USA,2021-10-31
6067,Andrew Wall,brittany07@example.org,954.378.9410x97729,Orlando,Florida,USA,2023-05-15
6068,Nicholas Joseph,sfisher@example.net,001-981-326-7599x882,Los Angeles,California,USA,2021-08-27
6069,Tammy Singh DDS,ihughes@example.com,448-866-2998x18158,New York City,New York,USA,2021-11-09
6070,Briana Robinson,lawrenceevans@example.org,001-908-537-7755,Seattle,Washington,USA,2024-12-09
6071,Pamela Myers,laurasmith@example.net,001-993-735-3296x109,Orlando,Florida,USA,2023-09-21
6072,Christine Burns,adrianstone@example.com,(741)427-7815x75920,Orlando,Florida,USA,2021-02-10
6073,Charlene Carr,jamesandrews@example.com,225-810-3167,Atlanta,Georgia,USA,2023-07-10
6074,Joseph Ashley,dcurtis@example.com,798-658-8661,Las Vegas,Nevada,USA,2022-05-12
6075,Andrew Edwards,lawrence01@example.com,(957)484-9699x79368,Buffalo,New York,USA,2022-08-27
6076,Julia Schmidt DDS,sadams@example.org,+1-907-318-9405x6764,Las Vegas,Nevada,USA,2025-08-26
6077,Jennifer Davis,perezrachel@example.org,(994)767-5625x528,Atlanta,Georgia,USA,2023-03-14
6078,Russell Vance,rpalmer@example.com,326.543.5347,Los Angeles,California,USA,2022-11-15
6079,Dr. Brandon May,barnettisaiah@example.com,653.514.7042,Los Angeles,California,USA,2021-07-30
6080,Robert Brown,robinsonwilliam@example.com,+1-310-966-8448x117,Denver,Colorado,USA,2025-10-02
6081,Beverly Thompson,tinafoley@example.net,+1-259-960-2450x3895,Seattle,Washington,USA,2023-06-04
6082,Tamara Anderson,jesus35@example.com,4515891579,Miami,Florida,USA,2025-10-04
6083,Natalie Allen,llamb@example.net,6703581006,Orlando,Florida,USA,2025-02-18
6084,Sherry Vaughn,simonjulie@example.org,001-332-302-3786x301,Las Vegas,Nevada,USA,2024-05-05
6085,Karen Lewis,judy54@example.org,+1-680-971-5241x050,Seattle,Washington,USA,2024-02-10
6086,Eileen Brewer,bryantmatthew@example.org,001-420-968-6075,Austin,Texas,USA,2021-03-17
6087,Mark Hughes,brownantonio@example.org,666.680.2746,Orlando,Florida,USA,2023-03-30
6088,Andrea Moses,dcoleman@example.com,001-861-583-8446x376,Orlando,Florida,USA,2023-11-18
6089,Angela Wilson,stephen52@example.net,4478470324,Las Vegas,Nevada,USA,2025-01-24
6090,Michael Ramsey,beverett@example.net,001-864-676-8362,Las Vegas,Nevada,USA,2024-10-21
6091,Randall Good,jordangriffin@example.net,635-589-3899x02540,Boston,Massachusetts,USA,2025-07-31
6092,Kristen Armstrong,jack76@example.org,597-883-6267x455,Atlanta,Georgia,USA,2023-09-27
6093,Bruce Thomas,raven25@example.net,+1-705-752-6114x3397,Buffalo,New York,USA,2025-01-02
6094,Leroy Powell,ehowell@example.net,+1-325-782-7340x0955,Los Angeles,California,USA,2023-12-18
6095,Brett Horn,leondavid@example.net,438-405-4654,Los Angeles,California,USA,2023-05-15
6096,Gregory Morris,timothy59@example.com,895-501-8538x737,Las Vegas,Nevada,USA,2022-10-09
6097,Johnny Hunt,wharris@example.org,494.909.7090x836,Chicago,Illinois,USA,2021-05-11
6098,Craig Roberts,john72@example.com,699.858.8337x2619,Austin,Texas,USA,2024-08-20
6099,Stephanie Ruiz,prattkatrina@example.com,370.473.1506,Miami,Florida,USA,2025-12-26
6100,Richard Schaefer,johnathanhernandez@example.com,381.217.3712x383,Orlando,Florida,USA,2021-08-28
6101,Denise Kramer,murphysabrina@example.org,(436)464-2774x215,Orlando,Florida,USA,2024-06-29
6102,Evelyn Moore,gwilliams@example.org,(411)581-3548,Denver,Colorado,USA,2022-12-12
6103,Samantha Griffith,ashleycorey@example.net,(842)559-8394x2775,Orlando,Florida,USA,2024-11-29
6104,Whitney Carter,rboyd@example.com,845.445.6514,Miami,Florida,USA,2021-02-12
6105,Kimberly Rivera,heather33@example.net,541-925-7791x199,New York City,New York,USA,2022-08-13
6106,Kimberly Sullivan,debra25@example.net,670.365.0859x859,Seattle,Washington,USA,2022-01-29
6107,Deborah Morris,eperez@example.net,(343)383-4542,Orlando,Florida,USA,2022-12-06
6108,Dennis Nichols,lcollier@example.com,739.412.6578,Orlando,Florida,USA,2022-04-21
6109,Marvin Moore,adam11@example.com,348-572-9276,Chicago,Illinois,USA,2022-03-26
6110,John Drake,kparker@example.org,829-999-3675,Las Vegas,Nevada,USA,2024-11-03
6111,James Clark,greendaniel@example.org,584.310.4679x556,Houston,Texas,USA,2024-05-18
6112,Hannah Burke,dennisjames@example.com,(907)824-0649,Atlanta,Georgia,USA,2025-09-22
6113,Deborah Ruiz,danaburnett@example.com,925-818-1199,Seattle,Washington,USA,2024-09-07
6114,Lisa Rhodes,danielsderek@example.com,913.387.2167,Orlando,Florida,USA,2021-09-26
6115,Anthony Smith,ericajones@example.org,001-838-939-4423,Boston,Massachusetts,USA,2022-08-24
6116,David Galvan,kristopher70@example.net,+1-267-960-8868x011,Seattle,Washington,USA,2024-12-27
6117,Patrick Mendez,brenda12@example.com,896-589-8286x28795,Miami,Florida,USA,2023-05-04
6118,Brandi Allen,coopermichele@example.org,(311)349-2242,Atlanta,Georgia,USA,2024-10-10
6119,Lori Carter,emilyhorne@example.net,672-606-2042x5174,Denver,Colorado,USA,2025-02-13
6120,Jamie Allen,josephcollins@example.org,(778)589-5538x33422,Houston,Texas,USA,2025-06-19
6121,Sean Boyer,tuckerwilliam@example.org,6529490439,Orlando,Florida,USA,2025-06-26
6122,Teresa Medina,pdavid@example.com,(378)574-2980x148,Atlanta,Georgia,USA,2021-11-28
6123,Malik Benson,williamsdeborah@example.org,337-887-0313,Las Vegas,Nevada,USA,2022-03-01
6124,Courtney Green,janet18@example.org,001-544-787-4186x520,Austin,Texas,USA,2024-11-15
6125,Angela Austin,davidsanders@example.net,+1-880-284-8405,Seattle,Washington,USA,2021-06-26
6126,James Schroeder,kyledixon@example.net,+1-323-335-8666x4431,Denver,Colorado,USA,2023-09-16
6127,Tonya Cline,fhughes@example.com,(564)513-6772x6829,New York City,New York,USA,2021-12-21
6128,Zachary Frank DVM,wongmargaret@example.com,759-667-2769x19229,Buffalo,New York,USA,2021-11-17
6129,Sean Watkins,stevenporter@example.net,645-350-9223x06360,Las Vegas,Nevada,USA,2023-10-05
6130,Melissa Oneill,valerie92@example.net,7045357392,San Francisco,California,USA,2025-06-14
6131,Maria Lewis,ericpatterson@example.net,+1-658-353-4948,Miami,Florida,USA,2023-10-09
6132,Emily Willis,fhill@example.com,(574)611-8156x8615,Austin,Texas,USA,2022-04-26
6133,Danielle Steele PhD,john97@example.org,+1-635-367-6840x371,Buffalo,New York,USA,2024-02-15
6134,Maria Camacho,bcunningham@example.com,948.262.3388,Los Angeles,California,USA,2021-02-07
6135,Amy Jones,michellegriffith@example.net,(617)677-6956,Houston,Texas,USA,2025-12-10
6136,Mary Lopez,yjohnson@example.org,(766)206-4041x536,Austin,Texas,USA,2023-01-02
6137,Steven Wells,diazeric@example.net,989-471-4977,Denver,Colorado,USA,2021-11-21
6138,Jamie Allen,allenchristopher@example.net,707-256-2427,New York City,New York,USA,2025-08-23
6139,William Cooke,ajohnson@example.net,382-879-3465x64122,Atlanta,Georgia,USA,2023-10-29
6140,David Harris,travis54@example.org,588.570.3053,Los Angeles,California,USA,2025-07-11
6141,Tricia Dawson,burgessterri@example.net,204-294-0324,San Francisco,California,USA,2022-11-23
6142,Paul Wade,bmiller@example.net,333.821.7406x5756,Miami,Florida,USA,2021-08-22
6143,Vanessa Strong,gregoryellis@example.net,454-584-1130,Las Vegas,Nevada,USA,2022-04-10
6144,Lawrence Casey,gailgrant@example.net,001-319-911-5519x250,San Francisco,California,USA,2024-02-25
6145,Jason Knight,griffinmichael@example.org,525.673.1009x550,Buffalo,New York,USA,2023-09-24
6146,Victoria Shaw,robert36@example.org,+1-861-671-9315x1664,Austin,Texas,USA,2022-11-28
6147,Thomas Gonzalez,nhester@example.net,+1-472-674-3511x3190,Phoenix,Arizona,USA,2022-12-29
6148,Ryan Hill,gperez@example.com,+1-383-672-7044x7210,Phoenix,Arizona,USA,2021-04-06
6149,Kristin Johnson,mccarthysandra@example.com,5658708841,Phoenix,Arizona,USA,2025-12-03
6150,Henry Beasley,thomasandrew@example.com,6198515891,Chicago,Illinois,USA,2022-07-02
6151,James Flores,vclark@example.net,001-452-352-7697,Boston,Massachusetts,USA,2021-11-06
6152,Jennifer Huff,jesus24@example.com,545.604.1032,Atlanta,Georgia,USA,2024-11-14
6153,Samantha Perez,miguelsantiago@example.org,001-776-387-3503,Atlanta,Georgia,USA,2023-11-22
6154,Craig Mcbride,debra87@example.com,404-449-7985,Las Vegas,Nevada,USA,2024-10-03
6155,Michael Donaldson,sheila29@example.org,+1-396-869-0125,San Francisco,California,USA,2024-12-17
6156,Shaun Walsh,mitchell46@example.com,488-267-9787x95934,Los Angeles,California,USA,2023-06-16
6157,Samantha Thomas,turnerjaime@example.net,650.322.8096,Phoenix,Arizona,USA,2023-07-26
6158,Traci Ross,samuelmcclure@example.net,254.289.3070,Atlanta,Georgia,USA,2025-03-28
6159,Penny Carlson,josephmoore@example.net,8489957831,San Francisco,California,USA,2021-08-05
6160,Rebecca Taylor,adamjimenez@example.org,(858)422-8064x20433,Phoenix,Arizona,USA,2024-06-04
6161,Donald Knapp,benjamin98@example.net,952.400.7868,Las Vegas,Nevada,USA,2025-05-21
6162,Amanda Jackson,ramirezjohn@example.com,+1-555-419-8221x6726,Atlanta,Georgia,USA,2021-07-28
6163,Amy Lopez,hubbardallison@example.com,+1-899-479-3982x8025,Atlanta,Georgia,USA,2024-02-26
6164,Beth Higgins,ksanders@example.net,+1-865-558-1742x4416,Los Angeles,California,USA,2023-11-05
6165,Denise Le,henrypowers@example.com,+1-891-544-3014x387,San Francisco,California,USA,2021-12-09
6166,Jennifer Torres,pparker@example.net,5575445923,Denver,Colorado,USA,2021-08-30
6167,David Valdez,garzacatherine@example.com,3304501061,Atlanta,Georgia,USA,2022-02-25
6168,Susan Bishop,bennettmarie@example.net,001-416-486-4720x817,Boston,Massachusetts,USA,2023-01-11
6169,Anna Burgess,mturner@example.org,+1-712-883-1844,New York City,New York,USA,2025-01-31
6170,Latasha Cochran,douglas58@example.org,(664)497-1071,Austin,Texas,USA,2024-12-21
6171,Mark Mullins,rothedward@example.net,001-294-518-1847x862,Orlando,Florida,USA,2025-04-10
6172,Curtis Jenkins,michealpeterson@example.org,365.288.9662,Chicago,Illinois,USA,2023-10-18
6173,Anita King,ncarter@example.net,+1-463-276-0249x328,Seattle,Washington,USA,2025-11-18
6174,Gina Howe,jamie49@example.org,(660)387-2575x504,San Francisco,California,USA,2021-11-12
6175,Rebekah Camacho,gordon42@example.com,948.419.2855x45349,Denver,Colorado,USA,2023-01-15
6176,Brenda Wallace,megan20@example.org,(294)995-5723x255,Houston,Texas,USA,2025-08-05
6177,Christian Navarro,kennethmorton@example.net,001-942-509-6257,New York City,New York,USA,2021-09-09
6178,Scott King,clarkdaisy@example.org,001-859-886-6674x691,Atlanta,Georgia,USA,2022-02-18
6179,Jonathan Petty,williamgordon@example.com,(458)642-0234,Orlando,Florida,USA,2023-05-02
6180,Breanna Padilla,ellisonstephen@example.com,601-747-2222x4930,Phoenix,Arizona,USA,2025-04-24
6181,Krista Garcia,richardsonkathy@example.com,+1-697-981-3461x8572,Los Angeles,California,USA,2022-05-18
6182,Marcus Edwards,gary01@example.com,715.599.1006,Atlanta,Georgia,USA,2025-07-16
6183,Kimberly Foster,kristi89@example.com,878.694.5100x7471,Orlando,Florida,USA,2022-12-01
6184,Matthew Lee,mitchelljennifer@example.com,001-993-995-6196,Austin,Texas,USA,2023-11-01
6185,Harry Dominguez,amy39@example.org,+1-214-433-1875x357,New York City,New York,USA,2021-06-24
6186,Jeffrey Mercado,juangreen@example.com,806.274.7169x568,Austin,Texas,USA,2023-02-02
6187,Joel Peterson,qacevedo@example.org,856-273-9852,Seattle,Washington,USA,2025-03-26
6188,Christina Vaughn,yturner@example.net,(492)664-0614,Miami,Florida,USA,2023-01-09
6189,Paul Sullivan,kristina88@example.org,001-722-426-1576x960,Denver,Colorado,USA,2024-09-23
6190,Gwendolyn Garcia,friedmankimberly@example.net,708-543-2375x2319,Buffalo,New York,USA,2021-11-07
6191,Ashley Mcintyre,kimklein@example.com,+1-942-965-8171,Phoenix,Arizona,USA,2025-03-24
6192,Amanda Hale,greenmegan@example.org,2418195695,Chicago,Illinois,USA,2023-05-14
6193,Jason Nelson,dmacdonald@example.org,+1-341-966-7201x7076,Phoenix,Arizona,USA,2022-04-13
6194,William Williams,mariahicks@example.com,707.213.4682,New York City,New York,USA,2025-07-01
6195,Linda Beltran,wintersjaclyn@example.net,(877)320-5938x0207,Miami,Florida,USA,2023-04-27
6196,Stephen Bennett,millersharon@example.com,(246)330-4483x847,Boston,Massachusetts,USA,2023-04-19
6197,Paul Schwartz,jonathan90@example.net,+1-488-215-5780x0334,Boston,Massachusetts,USA,2023-07-29
6198,Sylvia Petersen,jwatson@example.com,809-440-5222x462,Atlanta,Georgia,USA,2023-11-24
6199,James Benjamin,laurenmullins@example.net,+1-390-386-0137x4287,Phoenix,Arizona,USA,2024-10-29
6200,Lauren Davenport,elliottscott@example.net,(591)440-8436x45507,Houston,Texas,USA,2021-03-02
6201,Megan Eaton,wagnerrebecca@example.org,631.227.4398x100,Orlando,Florida,USA,2021-10-26
6202,Marcus Lewis,jonesclifford@example.net,742.546.9013x03933,Phoenix,Arizona,USA,2021-01-21
6203,Christopher Holder,zking@example.org,228.242.8642,Seattle,Washington,USA,2025-07-10
6204,Heather Weber,anthonypowell@example.org,753.748.1340x4854,Chicago,Illinois,USA,2021-05-23
6205,Allison Martin,vjones@example.com,001-301-746-2144x569,San Francisco,California,USA,2022-11-24
6206,Laura Miller,turnerlisa@example.org,+1-767-695-0062,Houston,Texas,USA,2023-04-03
6207,Harry Hall,cameronperez@example.org,001-396-443-2788,Phoenix,Arizona,USA,2021-12-03
6208,Jamie Figueroa,parkerkenneth@example.com,+1-720-688-1846x744,Miami,Florida,USA,2021-05-06
6209,John Blackwell,hanthony@example.net,(780)866-6632x06659,Miami,Florida,USA,2025-04-04
6210,Tanya Bennett,timothyrogers@example.net,863.855.9980,Los Angeles,California,USA,2024-09-14
6211,Mary Andrews,mdowns@example.org,(910)401-7125x0660,Boston,Massachusetts,USA,2024-08-06
6212,Karen Klein,sbell@example.net,+1-330-744-3964,New York City,New York,USA,2024-03-22
6213,Nichole Adams,michelle21@example.net,6936442617,Los Angeles,California,USA,2024-07-17
6214,Jonathan Henry,rosariochristopher@example.com,001-250-290-8006x005,Seattle,Washington,USA,2025-06-25
6215,Melissa Williamson,johnlopez@example.org,757-606-5094x09489,Denver,Colorado,USA,2025-11-29
6216,Christopher Mckee MD,danielle38@example.org,3339619251,Chicago,Illinois,USA,2022-08-29
6217,James Byrd,gallagherdavid@example.com,623.882.4308x36392,Miami,Florida,USA,2023-04-04
6218,Laura Goodman,chelseyhardin@example.com,+1-925-288-7014x073,Boston,Massachusetts,USA,2024-10-26
6219,Monica Alexander,allenlisa@example.org,247.991.4869x960,Seattle,Washington,USA,2024-02-08
6220,Tyler Gutierrez,jstrickland@example.com,+1-687-696-6491x260,Atlanta,Georgia,USA,2022-09-16
6221,Christopher Cooper,kelly70@example.org,587.358.0014x47622,Seattle,Washington,USA,2025-03-02
6222,Julie Cruz,wilkinslynn@example.net,701.898.5894x49093,Houston,Texas,USA,2022-12-06
6223,Justin Roberts,jruiz@example.com,+1-437-735-2734x3347,Los Angeles,California,USA,2025-08-21
6224,Ryan Johnson,kimberlymartinez@example.net,6569802853,Austin,Texas,USA,2023-12-17
6225,Joanna Torres,charlotte28@example.com,9403618804,Las Vegas,Nevada,USA,2021-10-28
6226,Joseph Myers,patrick34@example.com,(454)406-0437,Seattle,Washington,USA,2023-04-08
6227,Sarah Haney,folsen@example.com,001-421-793-0590x675,Orlando,Florida,USA,2024-08-11
6228,Sheri Stokes,ngonzales@example.com,001-609-300-4779,Buffalo,New York,USA,2025-12-23
6229,Wesley Hale,igutierrez@example.org,367.649.9767x9768,Chicago,Illinois,USA,2024-07-02
6230,Jennifer Manning,suesanchez@example.org,641.689.2091,Phoenix,Arizona,USA,2024-06-20
6231,Maria Hughes,gwilson@example.com,9005275418,Denver,Colorado,USA,2023-06-25
6232,Gary Reid,sarah65@example.org,965.415.8419x55151,Seattle,Washington,USA,2022-12-09
6233,Richard Nguyen,brandonbrown@example.com,431-830-9469,Boston,Massachusetts,USA,2025-07-21
6234,Miss Tamara Smith,alexpatel@example.org,(501)950-5599x697,Phoenix,Arizona,USA,2024-08-21
6235,Nicole Smith,oreeves@example.com,727-361-2863,Miami,Florida,USA,2025-05-08
6236,Brian Hammond,kellyrobert@example.com,001-729-762-8355x555,Buffalo,New York,USA,2025-12-10
6237,Jamie Foley,pcrawford@example.org,001-464-718-1834x700,Austin,Texas,USA,2021-06-22
6238,David Wong,denise60@example.net,+1-689-253-8772x2428,Los Angeles,California,USA,2024-01-06
6239,Shawn Coffey,graywillie@example.com,+1-261-650-7258x9774,Houston,Texas,USA,2023-03-10
6240,Leah Henderson,debra70@example.org,618-713-0918,Seattle,Washington,USA,2025-01-12
6241,Michael Lewis,kathymendoza@example.com,+1-814-353-5905x5042,Seattle,Washington,USA,2025-12-07
6242,Justin Holmes MD,bfoster@example.net,001-467-823-7478x432,New York City,New York,USA,2023-12-02
6243,Dr. Tyler Howell MD,martinjennifer@example.org,+1-565-248-8359x1596,Chicago,Illinois,USA,2022-08-05
6244,Erin Klein,njones@example.net,(605)552-0703x005,Buffalo,New York,USA,2021-07-10
6245,Mikayla Patton,savagevanessa@example.org,+1-332-263-5644x3367,Chicago,Illinois,USA,2024-02-05
6246,Lindsey Weeks,phillipsamy@example.com,512.943.1275x57567,Austin,Texas,USA,2023-12-04
6247,Melissa Bartlett,boyerdiane@example.com,629-587-9879,Houston,Texas,USA,2025-03-31
6248,Isaac Benjamin,mark79@example.com,714-994-6801x04674,Denver,Colorado,USA,2021-11-24
6249,Lance Martinez MD,walterkrueger@example.net,+1-534-388-4866,Los Angeles,California,USA,2021-02-27
6250,Damon Gallagher,jessica85@example.com,884.854.3105,Boston,Massachusetts,USA,2025-06-20
6251,Eric Cannon,susanbaker@example.net,662.408.1920x5785,Chicago,Illinois,USA,2024-04-28
6252,Carl Boyer,andrew34@example.net,+1-476-232-2865,Austin,Texas,USA,2022-05-10
6253,Stephanie Sanchez,cwoodard@example.net,403-705-1050x94977,Atlanta,Georgia,USA,2025-05-05
6254,Anthony Bowen,christinaholmes@example.org,220.441.4591,Austin,Texas,USA,2025-01-27
6255,Wendy Ryan,trichardson@example.org,(516)396-6289x06968,Miami,Florida,USA,2023-11-01
6256,Alexander Richards,anichols@example.org,001-979-522-1301x723,San Francisco,California,USA,2025-02-08
6257,Denise Peck,dalemartin@example.com,(455)928-0182,Los Angeles,California,USA,2025-09-20
6258,Antonio Downs,townsendjudith@example.net,649-414-1379x837,Houston,Texas,USA,2022-06-16
6259,Travis Murphy,krystalsanchez@example.org,934.799.6608,Denver,Colorado,USA,2023-11-06
6260,Michael Cook,ryan18@example.org,(415)983-9045,Houston,Texas,USA,2021-09-11
6261,Danielle Lowe,davidmorales@example.org,(844)987-4111,Los Angeles,California,USA,2025-03-30
6262,Renee Kelly,susan32@example.com,443-446-7401x34287,Denver,Colorado,USA,2021-09-13
6263,Robert Barnes,andersonwilliam@example.net,569.499.0137x479,Orlando,Florida,USA,2022-09-03
6264,Ryan Thompson,donnastevenson@example.net,(229)877-3474x9285,Las Vegas,Nevada,USA,2025-02-18
6265,Adam James,annshort@example.com,922.865.7760,Los Angeles,California,USA,2023-07-18
6266,Patricia Sanford,michelegonzalez@example.net,(691)438-9419,Houston,Texas,USA,2022-04-29
6267,Kathleen Moore,ymason@example.net,001-655-270-9174x196,Phoenix,Arizona,USA,2025-03-08
6268,Mrs. Stephanie Stone,kennethbell@example.net,592.806.1253x24074,Las Vegas,Nevada,USA,2024-03-04
6269,Gabriel Hunter,victoria46@example.org,917.226.7887x0670,Seattle,Washington,USA,2024-07-09
6270,Patrick Hall,jmarquez@example.net,001-474-276-8574x110,Denver,Colorado,USA,2023-12-29
6271,Angela Lara,jasonduncan@example.com,+1-682-250-3033x7257,Atlanta,Georgia,USA,2024-05-04
6272,Briana Ponce,smithemily@example.org,270.280.7981,Buffalo,New York,USA,2022-12-19
6273,Chris Camacho,christopherwalker@example.org,+1-791-997-4591,Austin,Texas,USA,2022-08-06
6274,Mandy Mathews,reneedavis@example.com,284-712-3804x272,Denver,Colorado,USA,2025-05-27
6275,Nathaniel Drake,nicole23@example.com,563-864-3515,Atlanta,Georgia,USA,2025-01-04
6276,Susan Thompson,garcialouis@example.org,+1-608-927-4810x4430,Las Vegas,Nevada,USA,2024-10-09
6277,Mary Jones,joshua58@example.com,001-527-858-1491x171,New York City,New York,USA,2025-01-02
6278,Ryan Hartman,phensley@example.com,+1-962-838-5340x2187,Miami,Florida,USA,2023-12-01
6279,Garrett Adkins,seancrawford@example.net,+1-621-774-5331,Seattle,Washington,USA,2022-05-23
6280,Tommy Mueller,amanda81@example.com,+1-632-402-9697,San Francisco,California,USA,2022-11-03
6281,Kyle Long,davislaurie@example.org,001-557-475-0164x936,Chicago,Illinois,USA,2024-04-07
6282,Jennifer Wise,jameswright@example.org,4879312807,Buffalo,New York,USA,2025-08-13
6283,Patricia Mccall,michaelpeck@example.net,001-771-767-1444,Phoenix,Arizona,USA,2023-01-10
6284,Jacob Duarte,ahodge@example.com,328.567.0062x63560,Orlando,Florida,USA,2021-07-20
6285,Nathan Hamilton,rhayes@example.net,842.924.2425x3486,New York City,New York,USA,2024-12-28
6286,Susan Rodriguez,zruiz@example.net,+1-351-433-2453x9533,Miami,Florida,USA,2025-08-24
6287,Ashley Carlson,mccormickamber@example.org,(551)516-0764x717,Miami,Florida,USA,2021-06-17
6288,David Daugherty,daniel51@example.com,692-901-0491x2104,San Francisco,California,USA,2021-05-08
6289,Joshua Gonzalez,jennifer05@example.net,7932342710,Miami,Florida,USA,2025-12-25
6290,Shelley Obrien,bryantjames@example.com,(227)654-2431x63254,New York City,New York,USA,2023-09-03
6291,Ryan Richardson,davidsonjohn@example.com,8159024340,Buffalo,New York,USA,2023-07-03
6292,Phillip Gates,hawkinsleslie@example.org,+1-311-650-7420,San Francisco,California,USA,2023-01-27
6293,Justin Fisher,jameshenderson@example.net,(630)247-6339x8583,Denver,Colorado,USA,2023-12-14
6294,James Hughes,sheliafrazier@example.org,884.332.6003x4292,Miami,Florida,USA,2024-04-19
6295,Christopher Jones,kfrye@example.net,+1-496-996-1850,Chicago,Illinois,USA,2023-11-29
6296,Shawn Jefferson,mrobinson@example.com,625-694-6960x33140,Phoenix,Arizona,USA,2023-03-20
6297,James Nash,curtis23@example.com,485.763.9075,Atlanta,Georgia,USA,2022-06-25
6298,Danny Jimenez,vwiggins@example.net,403-336-6653x84426,Las Vegas,Nevada,USA,2023-10-19
6299,Donald Gaines,jeremy41@example.net,+1-787-511-7023x3921,Denver,Colorado,USA,2023-05-18
6300,Steven Wright,kevans@example.com,(928)780-9680,Orlando,Florida,USA,2024-11-12
6301,Kelly Young,raymondwhite@example.com,5382682760,Boston,Massachusetts,USA,2023-09-30
6302,Kevin Mason,billmurray@example.com,677-515-0273x222,Seattle,Washington,USA,2023-05-04
6303,Marcus Roberts,smithsandra@example.com,001-685-982-5394x788,Atlanta,Georgia,USA,2021-11-30
6304,Elizabeth Garza,nancyjames@example.net,937.462.6507x64939,New York City,New York,USA,2023-11-02
6305,Colleen Farrell,moorepaula@example.org,001-994-885-4541x491,New York City,New York,USA,2023-09-20
6306,Michelle Williams,bakerchristina@example.net,(683)719-2927x302,Seattle,Washington,USA,2023-07-27
6307,Walter Mendez Jr.,morgan16@example.com,001-231-353-9900,New York City,New York,USA,2024-12-13
6308,Melanie Singh,wmelton@example.org,319.974.6294x292,Chicago,Illinois,USA,2025-11-03
6309,Kyle Clark,martinezrenee@example.com,+1-912-584-5373x2637,Chicago,Illinois,USA,2021-08-30
6310,Andrew Wilkins,kelly43@example.com,755.843.7069x5459,Seattle,Washington,USA,2022-03-12
6311,Barbara Hogan,claudia95@example.org,7608002258,Orlando,Florida,USA,2023-08-28
6312,Deborah Jenkins,eddieellis@example.org,564-652-9678x24984,Los Angeles,California,USA,2025-03-09
6313,Kimberly Cameron,david80@example.com,234.551.3025x626,New York City,New York,USA,2024-02-19
6314,Lisa Vazquez,jwalls@example.net,395-833-0050x6826,Houston,Texas,USA,2021-09-01
6315,Lawrence Anderson,tylerbender@example.com,357.463.6018x728,Las Vegas,Nevada,USA,2025-10-12
6316,Tara Durham,sgarcia@example.com,999.764.0063x355,Miami,Florida,USA,2021-08-14
6317,David Castro,julian99@example.org,(761)902-5488,San Francisco,California,USA,2023-01-27
6318,Brittany Taylor,nicholslisa@example.net,+1-686-719-5714x1479,Las Vegas,Nevada,USA,2022-08-17
6319,Darryl Davis,jameszavala@example.org,(415)617-5135,Los Angeles,California,USA,2023-12-07
6320,Russell Garcia,teresariley@example.org,6599178428,New York City,New York,USA,2021-08-30
6321,Susan Stewart,nicholas47@example.org,736.913.9115,Houston,Texas,USA,2022-09-17
6322,Jamie Smith,lauren03@example.org,+1-561-498-9067x3866,Houston,Texas,USA,2022-09-14
6323,Kyle Neal,jimenezdouglas@example.org,+1-781-524-8944x053,Austin,Texas,USA,2023-09-23
6324,Amber Pena,laura67@example.org,+1-553-987-4644x113,Los Angeles,California,USA,2025-06-09
6325,Kevin Cooley,xsims@example.com,+1-542-717-3080x6864,New York City,New York,USA,2021-10-19
6326,Michael Williams,msnyder@example.net,(847)565-2538,Phoenix,Arizona,USA,2024-04-22
6327,Jennifer French,jerome92@example.net,301-799-7379,Miami,Florida,USA,2021-04-10
6328,Rachael Drake,marcmontgomery@example.org,(732)380-5257x2238,Boston,Massachusetts,USA,2022-09-17
6329,Tracy Thomas,maria33@example.com,001-962-487-7127,Boston,Massachusetts,USA,2022-08-04
6330,Brittany Luna,danieljames@example.com,+1-277-969-9021,Buffalo,New York,USA,2022-01-10
6331,Richard Roberts,robertspatricia@example.com,001-217-346-3729x099,Atlanta,Georgia,USA,2025-02-23
6332,Jonathan Cooley,maryjones@example.net,5565628307,Orlando,Florida,USA,2021-01-05
6333,Deborah Mcgee,courtney06@example.org,+1-425-328-2252,San Francisco,California,USA,2024-01-27
6334,Richard Poole,sandragarcia@example.org,242-938-5931x484,Houston,Texas,USA,2021-05-19
6335,Robert Larson,susandickerson@example.com,001-967-321-2489x879,Atlanta,Georgia,USA,2021-04-02
6336,Corey Cooper,gjones@example.net,(298)544-8120x4319,Miami,Florida,USA,2023-09-13
6337,Sean Weaver,michael37@example.net,261.580.2429,Las Vegas,Nevada,USA,2022-09-27
6338,Mr. Thomas Garcia,elizabethdavis@example.org,001-939-495-5265x255,Las Vegas,Nevada,USA,2023-07-16
6339,Kyle Swanson Jr.,cgay@example.org,722-792-2575,Boston,Massachusetts,USA,2022-11-23
6340,Brittney Campos,pholmes@example.net,(655)308-6376x796,Phoenix,Arizona,USA,2023-02-12
6341,Daniel Glover,zacharysutton@example.net,2222074932,Orlando,Florida,USA,2025-09-05
6342,Michael Miller,gary28@example.net,219-912-2079,Seattle,Washington,USA,2025-09-04
6343,Katie Adams,michaelfritz@example.com,001-232-422-8074,Las Vegas,Nevada,USA,2021-09-29
6344,Diana Zimmerman,jbailey@example.com,+1-813-624-6974,Phoenix,Arizona,USA,2021-10-11
6345,Darlene Romero,amyelliott@example.org,5253926757,Chicago,Illinois,USA,2024-07-27
6346,David Carter,saraweeks@example.com,(333)661-9368,Orlando,Florida,USA,2025-04-09
6347,Rose Davidson,andersonjoshua@example.org,(779)561-2275x134,Orlando,Florida,USA,2024-09-28
6348,Elizabeth Pena,penny22@example.com,655-509-7612,Orlando,Florida,USA,2021-11-02
6349,Colleen Rodriguez,thomas16@example.org,669-598-3360,Atlanta,Georgia,USA,2025-01-30
6350,Michael Hall,tgray@example.org,5299617927,Houston,Texas,USA,2021-07-02
6351,Michael Vazquez,paulaliu@example.net,304.731.1229,Phoenix,Arizona,USA,2024-07-03
6352,Mark House,wlarsen@example.org,637-877-1831x64074,Denver,Colorado,USA,2024-07-01
6353,Michelle Ali,cranewendy@example.org,+1-926-780-6133x6550,Miami,Florida,USA,2023-03-05
6354,Mary Goodman,randalltamara@example.com,(253)428-3257,Buffalo,New York,USA,2023-03-21
6355,Matthew Coleman,jameskelley@example.net,001-716-972-9989,Houston,Texas,USA,2024-01-13
6356,Sara Martinez,timothymartinez@example.org,514.648.0426,Los Angeles,California,USA,2024-10-05
6357,Stephanie Turner,coreyrodriguez@example.org,383-839-4619x128,Boston,Massachusetts,USA,2023-06-27
6358,Melvin Villegas,lopezbrian@example.org,989.732.0608,Seattle,Washington,USA,2022-07-23
6359,Colleen Wilson,bradley29@example.org,398-914-6654,Denver,Colorado,USA,2021-07-01
6360,Laura Salazar,kaitlin16@example.org,761.951.1225x10558,Atlanta,Georgia,USA,2021-12-06
6361,Courtney Morrow,aliciasmith@example.com,(575)321-9973x841,Seattle,Washington,USA,2021-02-20
6362,Jade Williamson,reynoldsamy@example.net,5182178895,Las Vegas,Nevada,USA,2024-07-14
6363,Alice Rice,erin63@example.com,(558)595-0724x663,Phoenix,Arizona,USA,2025-04-30
6364,David Young,theresa85@example.com,+1-838-493-8448x2356,Seattle,Washington,USA,2022-09-25
6365,Robert Lewis,williamsadam@example.net,(340)259-1258,Chicago,Illinois,USA,2024-08-14
6366,Anthony Anderson,jessica24@example.com,001-600-479-7991x215,San Francisco,California,USA,2024-08-11
6367,Faith Matthews,slopez@example.com,(326)427-7484x3509,Chicago,Illinois,USA,2021-06-24
6368,Jessica Nielsen DDS,smithtanya@example.com,206.879.3289x13683,Buffalo,New York,USA,2024-06-21
6369,April Hamilton,lisawalsh@example.net,(985)662-2082x09855,Chicago,Illinois,USA,2024-03-27
6370,Kathy Duncan,wsmith@example.com,422.692.4978x995,Phoenix,Arizona,USA,2021-04-19
6371,Amy Sims,david80@example.org,+1-336-461-5400x7601,Las Vegas,Nevada,USA,2023-12-05
6372,Maurice Lawrence,iwatson@example.org,758.529.7602x2940,Buffalo,New York,USA,2025-03-18
6373,Gabriel Calderon,lindsay54@example.com,(796)851-2016x3393,Orlando,Florida,USA,2023-10-27
6374,David Rivera,cabrerarobert@example.net,274-710-7450,Boston,Massachusetts,USA,2021-02-08
6375,Michael Downs,daywilliam@example.org,+1-257-704-4217,San Francisco,California,USA,2024-09-10
6376,David Johnson,pittslinda@example.org,6036014522,Boston,Massachusetts,USA,2023-12-26
6377,Eric Rogers,sarah53@example.net,(257)213-6567x6666,New York City,New York,USA,2021-02-08
6378,Lisa Hughes,curtisturner@example.net,3469464196,Austin,Texas,USA,2025-05-31
6379,James Johnson,michelle12@example.org,6423497791,Buffalo,New York,USA,2022-05-18
6380,Anna Williamson,christopherlopez@example.org,4883148589,Atlanta,Georgia,USA,2024-12-16
6381,Caleb Allen,slang@example.com,400.852.0292,Atlanta,Georgia,USA,2025-12-23
6382,Nicole Rojas,rodrigueznicholas@example.net,(418)873-2138,Las Vegas,Nevada,USA,2023-06-29
6383,Isaac Nunez,don13@example.net,+1-462-655-8144x185,San Francisco,California,USA,2025-07-11
6384,Kimberly Hubbard,robertthomas@example.org,3536712934,Chicago,Illinois,USA,2024-05-27
6385,Samuel Torres,combsjennifer@example.org,+1-223-591-9081x795,Houston,Texas,USA,2023-04-03
6386,Andrew Hill,qpark@example.com,001-376-295-7295x278,Las Vegas,Nevada,USA,2021-04-03
6387,Joshua Bowman,zlopez@example.net,782-950-7250x849,Orlando,Florida,USA,2025-11-01
6388,Zachary Donaldson,vwilkins@example.org,001-377-407-4817x207,Boston,Massachusetts,USA,2021-02-17
6389,Amy Brown,maryowen@example.net,(585)787-4703,Houston,Texas,USA,2023-06-15
6390,Christopher Zamora,mmorton@example.net,(392)584-9973x4638,New York City,New York,USA,2023-04-30
6391,Christine Bowers,robertmanning@example.net,815.844.1306,Los Angeles,California,USA,2025-10-27
6392,Nicholas Hill,cory09@example.net,+1-720-222-0255x8786,Chicago,Illinois,USA,2022-10-12
6393,Nicholas Jennings,kelly96@example.com,(868)477-2067,Miami,Florida,USA,2022-06-11
6394,Gregory Diaz MD,melaniecastillo@example.com,842.488.0289x57213,San Francisco,California,USA,2021-08-23
6395,Kylie Gilbert,carol41@example.com,563.537.7853,San Francisco,California,USA,2024-01-15
6396,Jeremy Gamble,lewisamy@example.org,7439695211,New York City,New York,USA,2022-08-08
6397,Kristen Dickson,franklinshannon@example.net,863.663.6251x6600,New York City,New York,USA,2022-01-10
6398,Kevin Jackson,ericsmith@example.org,+1-278-342-0769x5290,Austin,Texas,USA,2025-04-23
6399,Donna Clark,dana67@example.com,528.273.9447x0448,San Francisco,California,USA,2021-11-12
6400,Kathryn Patterson,latoyalevy@example.net,001-401-845-4743,Austin,Texas,USA,2023-04-15
6401,Benjamin Schultz,adamhurst@example.org,4564433284,Denver,Colorado,USA,2021-12-13
6402,Andrea Skinner,cherylstephenson@example.org,510-223-1356x8087,Los Angeles,California,USA,2024-06-12
6403,Joshua Dennis,sanchezgregory@example.net,001-846-726-7333,Houston,Texas,USA,2022-01-07
6404,Cynthia Knight,hutchinsongary@example.org,+1-680-974-1002x0942,Los Angeles,California,USA,2024-12-31
6405,George Zamora,sanchezjasmine@example.net,+1-709-617-6355,Los Angeles,California,USA,2022-09-03
6406,Jason Kennedy DDS,marcus71@example.org,001-726-208-7702x989,Miami,Florida,USA,2021-07-22
6407,James Livingston,jimenezmelissa@example.org,(700)228-0573x128,Houston,Texas,USA,2021-10-19
6408,Sara Petersen,amyholder@example.com,421-297-4244,Miami,Florida,USA,2022-10-26
6409,Julie Taylor,anash@example.org,9103385183,Austin,Texas,USA,2023-02-09
6410,Jessica Peterson,cynthia64@example.com,947.549.4156,Atlanta,Georgia,USA,2021-09-05
6411,Dorothy Thompson,pwells@example.org,(653)320-3724,Los Angeles,California,USA,2022-02-19
6412,Luis Green,nicholasking@example.org,(628)594-3820x3282,Buffalo,New York,USA,2025-03-21
6413,George Garcia,ian89@example.com,001-427-623-9967,Las Vegas,Nevada,USA,2024-04-15
6414,Stephanie Smith,brandon58@example.net,+1-996-647-0981x703,Buffalo,New York,USA,2023-10-07
6415,Ashley Murphy,hartmannicole@example.com,001-221-961-1751x633,Chicago,Illinois,USA,2025-03-21
6416,Stephen Thomas,kimberly36@example.com,(807)936-3856,Chicago,Illinois,USA,2023-02-28
6417,Debra Mason,csanchez@example.org,491-386-8059x69696,San Francisco,California,USA,2022-07-06
6418,Richard Vega,mary57@example.com,235-454-7640x1163,Los Angeles,California,USA,2022-10-14
6419,Mrs. Jacqueline Schaefer,mollypoole@example.org,750-301-8180,Orlando,Florida,USA,2024-02-07
6420,Robert Smith,michellerice@example.com,238-275-2611x9103,Miami,Florida,USA,2021-05-15
6421,Patricia Guzman,hollywright@example.org,601.682.5296,Orlando,Florida,USA,2021-03-01
6422,Brian Howard,orosario@example.net,(604)493-1470,Miami,Florida,USA,2024-07-21
6423,Jeremiah Blackwell,tatebrandon@example.org,(916)720-1696,Buffalo,New York,USA,2025-12-20
6424,Victor King,gward@example.net,431-272-3614x65389,Los Angeles,California,USA,2022-07-06
6425,Cynthia Dalton,reginaldwarren@example.org,204-581-9638x830,Chicago,Illinois,USA,2024-04-15
6426,Kimberly Morris,fwood@example.com,(276)534-8678,Denver,Colorado,USA,2021-07-27
6427,Karen Tucker,kristopher52@example.com,613-503-7915,Buffalo,New York,USA,2025-04-12
6428,Audrey Hunt,kelleykelly@example.org,361-934-5603,Chicago,Illinois,USA,2024-08-27
6429,Darrell Powell,suzannegarcia@example.net,001-640-756-4643x338,Phoenix,Arizona,USA,2021-09-15
6430,Christina Velasquez,charlessimon@example.net,(514)751-8656,Austin,Texas,USA,2024-03-09
6431,Brenda Velasquez,felicia62@example.org,606.642.2075,Miami,Florida,USA,2023-07-03
6432,Frank Walters,ginawarren@example.com,(334)955-7594,San Francisco,California,USA,2025-09-30
6433,Heather Gregory,leebradley@example.org,5777480281,Denver,Colorado,USA,2023-10-22
6434,Alan Cortez,douglasbean@example.org,(924)704-6314,Buffalo,New York,USA,2025-05-23
6435,Ruben Walker,qjimenez@example.org,276-202-1706,New York City,New York,USA,2023-02-04
6436,Lisa Hicks,eugene58@example.com,685-948-7816,Chicago,Illinois,USA,2021-12-11
6437,Anthony Garcia,jacob17@example.net,850-943-9491x4291,Phoenix,Arizona,USA,2022-05-18
6438,Cynthia Hill,eric50@example.net,696-661-6908x46712,Chicago,Illinois,USA,2023-05-18
6439,Jennifer Miller,ijohnson@example.com,(806)698-5124,Boston,Massachusetts,USA,2024-02-11
6440,Tyler Tate,barnettmadison@example.net,473-313-2360,Orlando,Florida,USA,2021-03-27
6441,Ashley Mendez,andersonalexander@example.com,416-278-8638x1219,Los Angeles,California,USA,2025-07-23
6442,Jason Allen,agriffin@example.org,4358637905,Orlando,Florida,USA,2025-08-26
6443,Joanna Winters,cwilliams@example.net,001-931-646-2071,Las Vegas,Nevada,USA,2022-08-16
6444,Jennifer Espinoza,christinafoster@example.com,554.379.0933,Denver,Colorado,USA,2021-12-09
6445,April Campbell,ronaldayala@example.com,740-406-7019x69664,Los Angeles,California,USA,2021-05-04
6446,Jessica Lopez,rodriguezsherry@example.com,(299)345-9976x25292,Boston,Massachusetts,USA,2023-09-15
6447,Crystal Barton,amathews@example.com,(717)295-7425,Austin,Texas,USA,2024-05-09
6448,Patricia Fox,thompsonnorma@example.org,336-482-8534x24455,Austin,Texas,USA,2025-09-16
6449,Megan Meyer,zdavis@example.net,561-836-6410,Denver,Colorado,USA,2023-02-18
6450,April Williams,ochoajonathan@example.net,+1-741-345-4818x8474,Houston,Texas,USA,2025-09-22
6451,William Austin,vincent70@example.net,607.257.9270x3084,Denver,Colorado,USA,2022-03-12
6452,Taylor Bennett,gardnermatthew@example.org,001-826-536-6334,Las Vegas,Nevada,USA,2025-09-18
6453,Courtney Richardson,dustin56@example.com,975-597-8488x436,Chicago,Illinois,USA,2022-07-31
6454,Teresa Gregory,fhuber@example.com,(689)325-4292x5773,Los Angeles,California,USA,2021-11-27
6455,Dillon Watson,kevinperez@example.org,917-249-7735x6681,Seattle,Washington,USA,2023-12-30
6456,Robert Byrd,zmills@example.com,663-680-4164x10148,Las Vegas,Nevada,USA,2021-05-24
6457,Thomas Perkins,patelsarah@example.com,+1-730-821-9146,Austin,Texas,USA,2021-07-03
6458,Rebekah Haynes,stephen79@example.com,001-907-505-0188x023,Miami,Florida,USA,2024-12-01
6459,Joseph Lowe,matthew56@example.com,209-627-3248,San Francisco,California,USA,2025-08-28
6460,Nathan Wilson,plee@example.net,+1-343-545-7746x3818,New York City,New York,USA,2025-01-24
6461,Brittany Briggs,jon74@example.net,(950)532-4818x2039,Chicago,Illinois,USA,2022-07-27
6462,Sharon Smith,stephanie35@example.org,792.399.6503x2447,Boston,Massachusetts,USA,2023-06-04
6463,Scott Richards,saundersamber@example.net,284.232.2359x4221,Buffalo,New York,USA,2024-06-04
6464,Brianna Hurley,kristingonzales@example.org,(841)596-2130,Chicago,Illinois,USA,2025-07-01
6465,Eric Fuentes,victoria10@example.com,+1-428-248-7900x682,Houston,Texas,USA,2025-12-16
6466,Thomas Berry,james96@example.net,+1-309-308-4562,Denver,Colorado,USA,2022-12-03
6467,Elizabeth Fisher,veronicalove@example.com,(309)584-4404,Denver,Colorado,USA,2022-06-20
6468,Mrs. Amanda Garcia,kimberlyrose@example.com,001-351-410-3499x851,Phoenix,Arizona,USA,2024-12-20
6469,Jordan Jones,fsmith@example.net,001-799-468-0324,Orlando,Florida,USA,2022-07-14
6470,Joseph Guzman,olsensandra@example.com,+1-542-737-7329x641,Buffalo,New York,USA,2024-09-18
6471,Corey Ramirez,elaine27@example.org,758-486-1904,Houston,Texas,USA,2022-12-01
6472,Jared Flowers,holson@example.org,+1-947-444-7336x635,Buffalo,New York,USA,2023-07-31
6473,Matthew Evans,adam49@example.net,(926)816-1113,Las Vegas,Nevada,USA,2022-11-04
6474,Cassandra Wheeler,lopezsandra@example.net,+1-405-241-0892x8326,Los Angeles,California,USA,2024-11-17
6475,Samantha Ryan,michael19@example.com,877-839-5517,New York City,New York,USA,2024-08-16
6476,Robert Carpenter,kadkins@example.com,001-455-532-8457,Boston,Massachusetts,USA,2021-01-05
6477,Jamie Lambert,michaelray@example.net,(299)733-6855x6142,Las Vegas,Nevada,USA,2023-09-03
6478,David Brown,ncastaneda@example.net,783.798.3505,Los Angeles,California,USA,2021-01-20
6479,Alec Montoya,jamesfowler@example.org,001-673-594-9685x571,Denver,Colorado,USA,2021-12-22
6480,Timothy Wilson,anthony34@example.org,943-595-6195,Miami,Florida,USA,2024-02-13
6481,Emily Choi,ianfields@example.net,606-931-7145,Boston,Massachusetts,USA,2024-11-27
6482,Chase Skinner,kathleen76@example.net,+1-274-675-6726x9689,Seattle,Washington,USA,2023-09-29
6483,Robert Caldwell,stephanie73@example.com,+1-914-903-8031,Phoenix,Arizona,USA,2023-03-16
6484,Dominique Patterson,lsawyer@example.org,672.275.6461,Chicago,Illinois,USA,2021-06-16
6485,James Barnes,matthew14@example.net,954-996-1036,Phoenix,Arizona,USA,2025-12-01
6486,Kristina Long,debra53@example.org,001-592-786-1371x343,Denver,Colorado,USA,2024-08-26
6487,Jeanne Greene,reyesjamie@example.com,3743958358,San Francisco,California,USA,2024-01-09
6488,Christopher Johnson,michellefry@example.org,366.754.5052x2888,Los Angeles,California,USA,2025-09-01
6489,Douglas Perez,nataliewilliams@example.org,413-944-8384x24724,Atlanta,Georgia,USA,2024-10-07
6490,Brady Ford,clarkmegan@example.com,+1-668-761-4096,Orlando,Florida,USA,2024-10-08
6491,Valerie Williams,kimberly49@example.com,001-810-435-5862x552,San Francisco,California,USA,2022-12-24
6492,Thomas Potter,christine78@example.net,496-839-0676x62702,Atlanta,Georgia,USA,2023-02-10
6493,Amanda Alvarez,jeffjones@example.com,412-734-4263x00828,Atlanta,Georgia,USA,2024-05-16
6494,Sarah Tanner,figueroalouis@example.net,707-431-1863x1471,Houston,Texas,USA,2023-03-04
6495,Jessica Conrad,kruegerbrian@example.org,273.385.7802,New York City,New York,USA,2025-09-15
6496,Ruben Werner,whitepatrick@example.org,+1-988-285-8737x823,Phoenix,Arizona,USA,2025-07-21
6497,Melissa Brady,trandavid@example.org,+1-311-315-6743x0558,Seattle,Washington,USA,2021-01-18
6498,Denise Robinson,daniel19@example.org,(967)214-0364x0624,San Francisco,California,USA,2023-08-06
6499,Richard Klein,smithcarlos@example.net,694-496-8656x700,Houston,Texas,USA,2022-01-31
6500,Michael Clark,tammydavis@example.com,792.917.8305,Orlando,Florida,USA,2021-01-20
6501,Kristin Davis,alexahernandez@example.org,796-357-3323,Buffalo,New York,USA,2025-03-02
6502,Jason Green,jgay@example.net,001-987-496-1402x085,Los Angeles,California,USA,2025-04-03
6503,Michelle Blair,jessica88@example.net,975.918.5767,Austin,Texas,USA,2024-10-25
6504,Brian Jimenez,amy04@example.com,771-524-8344x5211,Boston,Massachusetts,USA,2024-12-23
6505,John Hunt,chasewilliams@example.net,(420)375-8444,Houston,Texas,USA,2022-01-28
6506,Phillip Tapia,lori53@example.com,(224)599-6305x561,San Francisco,California,USA,2025-07-30
6507,Jimmy Thompson,robert15@example.net,5529445628,Las Vegas,Nevada,USA,2024-07-04
6508,Aaron Irwin,corey22@example.com,349-470-6346x3998,Austin,Texas,USA,2025-07-14
6509,Meagan Franklin,woodgregory@example.org,831.443.6503x5049,Seattle,Washington,USA,2022-03-29
6510,Beth Marquez,wperry@example.net,001-207-637-5476x038,Buffalo,New York,USA,2023-10-09
6511,Nicholas Hamilton,james11@example.net,001-212-392-8532,Houston,Texas,USA,2021-03-17
6512,David Charles,catherinemurphy@example.net,+1-399-290-4512,Austin,Texas,USA,2023-10-07
6513,Michael Davis,browland@example.net,001-955-350-7905x973,Boston,Massachusetts,USA,2024-12-12
6514,Billy Christian,combsjessica@example.net,+1-763-561-0434x1667,Seattle,Washington,USA,2024-05-26
6515,Crystal Ritter,jeffreylove@example.com,785-366-2670,Buffalo,New York,USA,2021-01-15
6516,Christina Pham,lsantos@example.org,+1-250-799-9642,Buffalo,New York,USA,2025-08-09
6517,Audrey George,ushah@example.net,001-733-938-1680x835,Denver,Colorado,USA,2023-03-23
6518,Amy Miller,wperez@example.org,9384341735,San Francisco,California,USA,2025-11-17
6519,Christian Stephens,garrettsamuel@example.net,+1-733-897-8757x7235,Austin,Texas,USA,2024-03-11
6520,Rachel Skinner,hhamilton@example.net,(301)370-6309x36046,Chicago,Illinois,USA,2023-10-09
6521,Melinda Miller,ujarvis@example.com,549.579.5940x51230,New York City,New York,USA,2024-02-05
6522,Christopher Edwards,parsonskelli@example.com,+1-755-803-3985x8244,Buffalo,New York,USA,2024-09-13
6523,Adam Carter,danielsjodi@example.com,001-587-215-7091x131,Seattle,Washington,USA,2024-03-04
6524,Veronica Anderson,jhuff@example.org,001-731-935-7324x696,Denver,Colorado,USA,2024-10-29
6525,Reginald Johnson,wallsbrian@example.org,+1-546-770-1090x1609,Las Vegas,Nevada,USA,2024-03-03
6526,George Burns,carolparker@example.net,+1-846-772-7600x2209,New York City,New York,USA,2021-05-14
6527,David Ramos,david62@example.net,327-687-4775x5668,Las Vegas,Nevada,USA,2021-09-20
6528,Sean Mejia,collinslinda@example.com,851.415.8791,Seattle,Washington,USA,2021-05-14
6529,Steven Weeks,nelsontricia@example.com,+1-945-421-4976,New York City,New York,USA,2022-06-16
6530,Jennifer Powers,ncamacho@example.net,601.235.4162x7311,Boston,Massachusetts,USA,2024-03-13
6531,Debbie Williams,marissa29@example.com,001-554-955-0758,Atlanta,Georgia,USA,2022-04-12
6532,Christine Castro,dawn10@example.net,798.204.3145x4945,Boston,Massachusetts,USA,2023-12-08
6533,Benjamin Watson,amandacastro@example.com,+1-571-920-3763x670,Seattle,Washington,USA,2025-05-22
6534,Jessica Scott,toddmcdonald@example.org,001-850-366-8066,Austin,Texas,USA,2022-01-28
6535,Kimberly Daniels,marcus55@example.org,840.507.6583x413,Atlanta,Georgia,USA,2024-10-20
6536,Megan Perkins,thomasanne@example.com,(394)318-2541x51568,Los Angeles,California,USA,2024-11-20
6537,Russell Perez,samantha85@example.net,001-486-286-3303x722,Denver,Colorado,USA,2023-12-28
6538,Christopher Gonzalez,tjones@example.org,+1-277-248-8163,Las Vegas,Nevada,USA,2022-06-02
6539,Joel Robinson,nathan85@example.com,921-801-6168,Denver,Colorado,USA,2024-02-22
6540,Dawn Wright,annehunt@example.com,+1-745-668-9988x847,Boston,Massachusetts,USA,2023-07-19
6541,Danielle Hernandez,lancerivera@example.net,(768)348-0543,Los Angeles,California,USA,2023-05-25
6542,Tony Hurst,hoganjames@example.com,+1-592-582-5125x1728,Denver,Colorado,USA,2024-10-10
6543,Joshua Hammond,sandraphillips@example.com,551-961-7148,Denver,Colorado,USA,2021-04-17
6544,Christopher Fernandez,floresjames@example.com,(365)555-9239,Atlanta,Georgia,USA,2022-10-24
6545,Marcus Cochran,crystal45@example.net,001-278-999-5522x561,Miami,Florida,USA,2025-09-26
6546,Breanna Graham,katherine47@example.com,226.490.8220x137,Miami,Florida,USA,2022-07-16
6547,Linda Hayes,ryan02@example.com,372-904-8228x79903,San Francisco,California,USA,2024-10-24
6548,Kevin Armstrong,christopher95@example.com,2869753621,Chicago,Illinois,USA,2023-08-14
6549,Hunter Blake,tuckerdestiny@example.net,773-647-6239,Orlando,Florida,USA,2023-01-11
6550,Lori Allison,brian16@example.net,834-476-6288x7141,Chicago,Illinois,USA,2025-04-04
6551,Natalie Shelton,mmitchell@example.org,7545233367,Los Angeles,California,USA,2025-12-16
6552,John Cooper,rickywalsh@example.net,001-307-873-0522,Seattle,Washington,USA,2022-04-05
6553,Kimberly Shepherd,rhonda27@example.com,001-256-635-4664,Los Angeles,California,USA,2022-07-24
6554,Mrs. Christy Burns,jonathanballard@example.com,394-792-0261x448,Boston,Massachusetts,USA,2023-05-11
6555,Michael Walton,halljennifer@example.net,(642)517-4700x462,Chicago,Illinois,USA,2023-07-09
6556,Melinda Simpson,qduffy@example.com,001-893-391-2729x983,Houston,Texas,USA,2021-01-11
6557,Joel Walker,jcastro@example.com,850-309-1825,Miami,Florida,USA,2022-02-03
6558,Cameron Kelly,caleb16@example.net,001-706-673-7197,Houston,Texas,USA,2021-06-17
6559,James Snyder,bstanley@example.net,482.702.0718,Boston,Massachusetts,USA,2024-03-17
6560,Steven Fitzpatrick,angela94@example.net,897.483.6082x5600,Phoenix,Arizona,USA,2021-02-21
6561,Austin Adams,dreyes@example.net,001-316-850-5416,Seattle,Washington,USA,2022-04-08
6562,Elizabeth Smith,thomashoffman@example.net,4144004764,Seattle,Washington,USA,2023-05-18
6563,Jerome Thomas,csnyder@example.org,997-489-6588,San Francisco,California,USA,2022-05-27
6564,Allen Little,csellers@example.net,001-509-905-9618x089,Buffalo,New York,USA,2021-12-03
6565,David Rogers,zacharyhickman@example.com,574-589-1706x755,Houston,Texas,USA,2022-09-29
6566,Melissa Williamson,angelachen@example.com,+1-364-400-2972x7799,San Francisco,California,USA,2024-07-06
6567,Rebecca Mcdonald,vdavis@example.com,863-745-0384x2579,Denver,Colorado,USA,2021-07-18
6568,James Smith,perezrebecca@example.net,775.276.9214x6604,Los Angeles,California,USA,2023-09-10
6569,Jennifer Adams,vhenderson@example.net,+1-268-365-1863x8187,Miami,Florida,USA,2025-07-13
6570,James Young,joseph76@example.com,(869)789-6722,Los Angeles,California,USA,2024-04-28
6571,Donald Meyer,angela86@example.com,(741)621-3404,Phoenix,Arizona,USA,2024-07-06
6572,Dean Vasquez,jennifer08@example.net,368.343.7228,Boston,Massachusetts,USA,2022-11-16
6573,David Wright,thompsonvicki@example.org,476-234-1908x268,Atlanta,Georgia,USA,2022-05-28
6574,William Quinn,suttonedward@example.net,+1-921-748-1004x332,Buffalo,New York,USA,2021-08-09
6575,Jonathan Zhang,vwarren@example.com,454-281-9356,Orlando,Florida,USA,2022-05-04
6576,Meghan Jones,hodgeszoe@example.com,453-724-4247,Houston,Texas,USA,2025-09-01
6577,Richard Avila,zhanson@example.net,+1-470-210-8404,Los Angeles,California,USA,2025-08-10
6578,Leslie Kirby,michellehorton@example.org,435-521-3565x3675,Houston,Texas,USA,2023-12-01
6579,Victoria Abbott,mariapowell@example.net,(714)301-7825x1269,Phoenix,Arizona,USA,2022-04-30
6580,Michael Soto,erica74@example.org,630.481.1132x41194,San Francisco,California,USA,2025-05-08
6581,Jessica Cook,david51@example.net,001-816-384-1620x635,Las Vegas,Nevada,USA,2024-06-22
6582,Katie Jordan,brewernicole@example.net,779-842-1091,Orlando,Florida,USA,2025-04-14
6583,Ryan Williams,christopherdominguez@example.com,(276)698-6115x0408,San Francisco,California,USA,2024-07-04
6584,Jeremy Wiley,jennifer42@example.org,(911)543-2430,Orlando,Florida,USA,2024-03-31
6585,Bonnie Spencer,kingcameron@example.com,707.983.0031,San Francisco,California,USA,2021-06-25
6586,Teresa Cabrera,yateszachary@example.org,001-782-843-6614x130,Los Angeles,California,USA,2021-03-10
6587,Brent Vaughn,katrinaharvey@example.com,(380)315-7494x1769,Miami,Florida,USA,2022-10-04
6588,Ryan Smith,vgray@example.com,793-330-3923x217,Boston,Massachusetts,USA,2025-10-03
6589,Karen White,stevenscarlos@example.net,(276)809-5490,Seattle,Washington,USA,2021-05-14
6590,Jesse Rodriguez,nicolehernandez@example.com,8444605442,Phoenix,Arizona,USA,2021-09-19
6591,Antonio Stephens,troy82@example.com,797.221.2958x02139,Los Angeles,California,USA,2025-07-02
6592,Robert Trujillo,vjennings@example.org,5342755172,Orlando,Florida,USA,2021-04-23
6593,Allison Miles,leerussell@example.net,381.599.4664x667,Austin,Texas,USA,2024-06-04
6594,Alicia Hahn,millervalerie@example.net,441-992-6037,Denver,Colorado,USA,2023-06-04
6595,Melanie Barker,micheledavis@example.net,627.976.2825,San Francisco,California,USA,2021-07-28
6596,Raven Ramos,nealrobert@example.com,830-447-7066,Denver,Colorado,USA,2021-04-25
6597,David Keller,billyvillarreal@example.net,(835)452-5575x093,Chicago,Illinois,USA,2021-04-17
6598,Marcus Mosley,kelleykatie@example.net,+1-512-351-4338,Austin,Texas,USA,2025-10-07
6599,Andrew Wilson,nmartinez@example.org,4007180764,Miami,Florida,USA,2023-04-03
6600,Joseph Johnson,andersonmelissa@example.net,790-277-6028,San Francisco,California,USA,2024-06-18
6601,Jacob Harmon,perkinsdoris@example.net,(622)832-9467x6687,Phoenix,Arizona,USA,2023-04-22
6602,Melanie Sutton,nicole05@example.com,(237)248-5312,Buffalo,New York,USA,2025-11-06
6603,Christina Robertson,johnrojas@example.org,293.817.7137x94981,Las Vegas,Nevada,USA,2025-06-01
6604,Wayne Martin,williambaker@example.com,2895127160,Denver,Colorado,USA,2024-07-01
6605,Nicholas Hunt,vramirez@example.net,783-670-6725,Los Angeles,California,USA,2023-07-18
6606,Kristina Turner,smithcraig@example.org,001-281-658-0299,Miami,Florida,USA,2023-08-09
6607,Micheal Turner,pmoore@example.net,518.627.6243x40458,Phoenix,Arizona,USA,2023-05-27
6608,Stacy Ball,blanchardmichelle@example.net,389.456.7538x5919,Boston,Massachusetts,USA,2024-06-24
6609,Kristin Ingram,aellison@example.com,+1-629-203-5059x738,Las Vegas,Nevada,USA,2021-07-27
6610,Michael Miller,danielbranch@example.net,001-597-359-0330x242,Houston,Texas,USA,2024-08-26
6611,Matthew Jacobs,thomascraig@example.com,001-910-548-5606x466,Denver,Colorado,USA,2025-05-23
6612,Joseph Martinez,bradfordrobert@example.org,(604)652-4532,Los Angeles,California,USA,2023-07-19
6613,Todd Williams,wmorris@example.com,633-519-0690x161,Chicago,Illinois,USA,2022-11-04
6614,Allison Bond,browndeborah@example.com,610.570.5423x037,Las Vegas,Nevada,USA,2022-01-30
6615,Valerie Peterson,monicahood@example.org,215.837.1487x427,San Francisco,California,USA,2021-07-30
6616,Brett Williams,snorris@example.com,001-315-839-9526x493,Los Angeles,California,USA,2024-05-03
6617,John Turner,christina92@example.com,(947)312-1233x66201,Seattle,Washington,USA,2021-05-19
6618,Kiara Franklin,cynthiarogers@example.org,(589)276-2748x2188,Las Vegas,Nevada,USA,2025-06-05
6619,Thomas Juarez,owensryan@example.org,(961)526-8113x76731,Atlanta,Georgia,USA,2022-02-01
6620,Emily Donovan,benjamin75@example.com,368.859.0148x452,Boston,Massachusetts,USA,2024-03-19
6621,Carl Bowen,jasonbender@example.net,001-878-662-2061x413,New York City,New York,USA,2024-07-29
6622,Carly Summers,ecameron@example.com,810-563-0407,Chicago,Illinois,USA,2022-06-09
6623,Kristin Herrera,jacobclark@example.org,+1-587-350-4357x1401,Houston,Texas,USA,2023-05-13
6624,Susan Morton,austinfrench@example.org,001-846-992-9924x401,Orlando,Florida,USA,2025-01-24
6625,Peter Davies,margaretnelson@example.net,+1-764-309-3942,Las Vegas,Nevada,USA,2023-06-30
6626,Daniel Brown,rbutler@example.com,873-887-4217x50056,New York City,New York,USA,2022-05-13
6627,Katherine Schultz,carla06@example.org,+1-437-596-4564x121,New York City,New York,USA,2025-06-21
6628,Leah Johns,hartmanamy@example.net,703.644.8371x196,Los Angeles,California,USA,2021-05-04
6629,Nicholas Petty,dhardy@example.net,636.711.4799,New York City,New York,USA,2022-10-01
6630,Gabriela Craig,antonio41@example.net,807-200-1312,Las Vegas,Nevada,USA,2023-06-12
6631,Travis Green,davidfowler@example.net,(711)256-8683,Chicago,Illinois,USA,2024-08-27
6632,Angela Hart,grahamruben@example.com,3776734822,Phoenix,Arizona,USA,2023-01-03
6633,Michael Decker,carterjonathan@example.net,740-584-8577x8263,Austin,Texas,USA,2024-04-10
6634,James Rhodes,boyerscott@example.net,(960)565-9728x885,Boston,Massachusetts,USA,2024-01-14
6635,Kathy Green,heather48@example.org,221.225.2770x039,Phoenix,Arizona,USA,2021-10-26
6636,Jared Moore,sarahburgess@example.com,603.454.5794,New York City,New York,USA,2023-08-20
6637,Mrs. Brooke Weaver,xsaunders@example.org,(254)808-6084x92515,Austin,Texas,USA,2024-05-20
6638,Brittany Dickerson,amy13@example.org,360-582-7568,Houston,Texas,USA,2022-08-20
6639,Lance Johnson,arthurtucker@example.net,3579012708,Houston,Texas,USA,2021-01-17
6640,Laura Green,brandonflores@example.com,001-207-201-5028x357,Chicago,Illinois,USA,2024-04-16
6641,Jonathan Sanford,veronicacurtis@example.org,+1-999-987-3519,Denver,Colorado,USA,2024-10-21
6642,Daniel Duncan,anna02@example.com,523.292.3946,New York City,New York,USA,2021-04-28
6643,Kimberly Gonzalez,vjones@example.org,+1-700-781-6478x604,Buffalo,New York,USA,2023-11-05
6644,Gabriel Smith,jamie42@example.net,281-975-9745x53833,Atlanta,Georgia,USA,2025-09-07
6645,Lori Wong,dannywilson@example.com,+1-204-924-9743x077,Chicago,Illinois,USA,2025-10-25
6646,Steven Guzman,maureen83@example.net,290-508-6115x16452,Los Angeles,California,USA,2023-05-15
6647,William Smith,wflowers@example.net,001-485-402-1109x099,Houston,Texas,USA,2022-02-05
6648,Elizabeth Harris,kerrmary@example.org,+1-660-494-3632x5280,Buffalo,New York,USA,2024-08-04
6649,Curtis Roberson,timothybrandt@example.com,(870)676-7742,Boston,Massachusetts,USA,2022-02-17
6650,Kathleen Scott,sjohnson@example.net,+1-342-524-1403,Phoenix,Arizona,USA,2021-05-21
6651,Daniel Stone,adamscynthia@example.net,+1-533-777-6747x6727,Houston,Texas,USA,2022-01-23
6652,Steve West,chamberslisa@example.org,+1-395-625-6902x4486,Denver,Colorado,USA,2023-09-02
6653,Hannah Summers,thompsoncharles@example.net,968-857-3242,Seattle,Washington,USA,2024-11-17
6654,Bailey Brandt,jacobcruz@example.com,(526)383-3747x219,Orlando,Florida,USA,2024-05-13
6655,Darin Brown,desireeherrera@example.com,(626)845-6001x526,Seattle,Washington,USA,2022-11-10
6656,Dwayne Porter,andrew23@example.com,+1-895-215-0442,Atlanta,Georgia,USA,2024-03-30
6657,Jon Weiss,hernandezaudrey@example.org,645.273.1607,Las Vegas,Nevada,USA,2022-11-19
6658,Linda Henderson,william05@example.com,856-662-8680x040,Las Vegas,Nevada,USA,2022-09-06
6659,Joshua Dorsey,mccoychristopher@example.org,(928)887-5362x2997,Miami,Florida,USA,2022-11-05
6660,Michaela Cervantes,gregoryedward@example.net,(302)829-9613x97121,New York City,New York,USA,2021-08-03
6661,Cassandra Schultz,amanda32@example.com,+1-633-315-1406x498,Orlando,Florida,USA,2025-11-30
6662,Dustin Nelson,sheppardmary@example.net,247.478.2220x1127,Phoenix,Arizona,USA,2021-03-28
6663,Elizabeth Ellis,williamsronald@example.com,481-756-5403x743,Orlando,Florida,USA,2022-03-26
6664,Erica Carroll,jeff61@example.net,(493)263-4456x618,Boston,Massachusetts,USA,2021-01-08
6665,Keith Saunders,portermichelle@example.com,001-297-902-6721x560,Denver,Colorado,USA,2022-04-02
6666,Samantha Williams,lindsey78@example.net,8409740675,Seattle,Washington,USA,2022-04-17
6667,Michelle Harris,heather09@example.com,001-991-548-9383x832,Orlando,Florida,USA,2024-07-01
6668,Thomas Castro,elizabethnunez@example.com,(756)377-7920x28532,Buffalo,New York,USA,2022-05-05
6669,Keith Turner,garciasean@example.com,4519770901,Orlando,Florida,USA,2025-02-13
6670,Lori Hebert,dmaxwell@example.net,(429)571-2030,Phoenix,Arizona,USA,2025-07-27
6671,Nicholas Smith,xramos@example.net,941.812.3047x7866,Houston,Texas,USA,2025-07-12
6672,Lisa Robinson,beckybailey@example.com,7683283041,Seattle,Washington,USA,2023-02-09
6673,Dr. Derek Ferguson,mooretodd@example.com,001-621-543-0669,Buffalo,New York,USA,2023-03-31
6674,Emily Sexton,ashleyenglish@example.com,(228)837-4006x41789,New York City,New York,USA,2025-08-19
6675,Phillip Hurst,grant28@example.org,286.316.7970,Los Angeles,California,USA,2023-01-14
6676,Adrian Coleman,larry86@example.com,526-979-2704,Los Angeles,California,USA,2021-06-01
6677,Jennifer Jackson,allendonna@example.org,+1-952-342-0986x2296,Houston,Texas,USA,2021-03-03
6678,Ernest Johnson,fmeyer@example.net,660-595-1973x82259,Chicago,Illinois,USA,2021-08-24
6679,Cheryl Weaver,brendacarter@example.net,7122792054,New York City,New York,USA,2022-08-19
6680,Jeffrey Lutz,thomas35@example.com,271-853-9955x82129,Orlando,Florida,USA,2022-02-03
6681,John Lindsey,patricklee@example.net,(723)310-3545,Denver,Colorado,USA,2024-04-14
6682,Patrick Smith,david18@example.org,403-438-9828,Boston,Massachusetts,USA,2025-04-17
6683,Michelle Nguyen,jayallen@example.org,+1-321-262-9362x4598,Houston,Texas,USA,2021-03-31
6684,Nicholas Shepherd,pattersonvictoria@example.com,001-451-661-8278x573,Los Angeles,California,USA,2022-02-12
6685,Paula Rivas,suzanne53@example.net,+1-812-605-8080,Buffalo,New York,USA,2022-08-05
6686,Richard Barker,smithroy@example.net,001-745-780-4425x823,New York City,New York,USA,2022-03-25
6687,Michael Hebert,kyle75@example.net,001-244-478-2137x039,Boston,Massachusetts,USA,2022-06-21
6688,Marie Lopez,mendezlaura@example.org,001-704-370-4963x684,Seattle,Washington,USA,2021-12-23
6689,Melissa Bates,alan46@example.net,001-583-376-5344x736,Houston,Texas,USA,2025-10-02
6690,Amber Clark,kendra97@example.org,597.881.6572x73114,Chicago,Illinois,USA,2022-05-19
6691,Joel Hudson,pwallace@example.net,001-656-312-8581x137,New York City,New York,USA,2022-02-06
6692,Angela Moore,bakermaria@example.net,+1-830-390-9974x8336,Los Angeles,California,USA,2021-12-27
6693,Cassandra Watson,wvillanueva@example.net,832-902-1693x45564,Atlanta,Georgia,USA,2022-06-21
6694,Bianca Palmer,xthomas@example.com,(522)899-7012x855,Boston,Massachusetts,USA,2021-07-27
6695,Matthew Taylor,mfoster@example.org,+1-479-895-0898x9823,Los Angeles,California,USA,2025-08-30
6696,Kristen King,millerbrittney@example.net,294.466.2859x834,Denver,Colorado,USA,2021-10-09
6697,Timothy Chan,harrisonkatelyn@example.com,997.736.5823,Miami,Florida,USA,2024-09-03
6698,Katherine Williams,eric42@example.org,001-457-678-5912,Phoenix,Arizona,USA,2025-12-18
6699,Miguel Duncan,kayla51@example.com,714-304-3000,San Francisco,California,USA,2022-11-25
6700,Sarah Hall,tina20@example.org,001-423-477-8548x952,Boston,Massachusetts,USA,2022-03-07
6701,Tiffany Schwartz,kellifigueroa@example.org,400-249-2226x7177,Austin,Texas,USA,2023-07-24
6702,Patricia Richardson,hgomez@example.net,923.579.3793x97510,Buffalo,New York,USA,2023-01-28
6703,Wendy Johnson,pennyburke@example.com,(919)252-6132x53183,Phoenix,Arizona,USA,2023-02-02
6704,Matthew Hernandez,simmonsnicole@example.org,001-832-320-4007x184,Denver,Colorado,USA,2021-12-17
6705,Leon Hatfield,bshea@example.com,429.828.7105,Chicago,Illinois,USA,2025-06-25
6706,Jared Middleton,evansjessica@example.com,+1-953-241-3327,Las Vegas,Nevada,USA,2025-12-11
6707,Veronica Warner,jsullivan@example.com,814.887.5439x9814,Miami,Florida,USA,2025-12-04
6708,Cynthia Simon,rodneysimmons@example.org,5954307969,Seattle,Washington,USA,2021-05-14
6709,Valerie Frye,christopher64@example.net,685-998-8069,San Francisco,California,USA,2021-10-23
6710,Richard Smith,maylisa@example.net,915.833.0793,Boston,Massachusetts,USA,2021-09-25
6711,Kaitlyn English,matthew01@example.com,296-869-9987,Phoenix,Arizona,USA,2022-01-24
6712,Philip Clarke,tcrosby@example.com,336.240.4758x0643,Buffalo,New York,USA,2023-12-27
6713,Tiffany Young,johnsantiago@example.net,837.401.5732,Miami,Florida,USA,2024-11-23
6714,Eric Smith,yolandaturner@example.net,252-216-4501x9227,Houston,Texas,USA,2022-10-14
6715,Nicole Ashley,xsoto@example.net,001-704-974-3762x689,Las Vegas,Nevada,USA,2023-05-30
6716,Sarah Stewart,cherylsantiago@example.org,(490)630-0084x94452,Denver,Colorado,USA,2022-05-16
6717,Eric Woodard,jose05@example.com,(617)388-4592x12339,Boston,Massachusetts,USA,2021-04-05
6718,Kayla Jordan,erinrodriguez@example.org,696-483-8091,Phoenix,Arizona,USA,2024-06-15
6719,Julie Baker,eriksanchez@example.org,+1-272-847-2145,Las Vegas,Nevada,USA,2022-01-23
6720,Miranda Kennedy,thomas65@example.org,388.208.8283,Atlanta,Georgia,USA,2024-01-02
6721,Steven Rodriguez,debbierichard@example.net,001-582-987-8379x958,Austin,Texas,USA,2025-06-06
6722,Amy Walker,kevinsheppard@example.org,(809)746-0176x277,New York City,New York,USA,2022-11-03
6723,Allison White,alexisjohnson@example.net,(732)714-5338,Buffalo,New York,USA,2021-04-20
6724,Eric Bishop,scott27@example.com,(834)271-6960x3042,Denver,Colorado,USA,2025-06-18
6725,Nicholas Diaz,amyingram@example.org,(239)854-2509x27431,Austin,Texas,USA,2025-11-23
6726,Laura Williams,robertsonalexis@example.net,602.308.1515x73255,New York City,New York,USA,2025-10-10
6727,Alexis Glass,ymccall@example.net,+1-876-378-6518x5191,Chicago,Illinois,USA,2024-04-11
6728,Jennifer Cameron,bradley53@example.org,+1-398-567-7488x7560,Boston,Massachusetts,USA,2023-09-29
6729,Stephen Johnson,abrowning@example.org,(202)217-4861x093,Buffalo,New York,USA,2025-01-29
6730,Julia Murray,alexandra61@example.org,(303)385-8468x438,San Francisco,California,USA,2025-05-26
6731,Pamela Lowery,jason51@example.org,9659667598,Orlando,Florida,USA,2025-06-08
6732,Shelly Bell,pam30@example.net,(420)897-2270x84205,Denver,Colorado,USA,2024-06-13
6733,Michael Gonzalez,jordanrebecca@example.org,+1-714-893-6312,San Francisco,California,USA,2021-12-09
6734,Priscilla Davis,phamilton@example.com,001-490-997-2592x444,Chicago,Illinois,USA,2023-03-06
6735,Jason Hicks,zwade@example.net,+1-892-822-7312x7915,Phoenix,Arizona,USA,2025-12-13
6736,Stephen Levine,marie31@example.net,001-806-713-8363,Denver,Colorado,USA,2025-03-19
6737,Gabriel Ortiz,littlelori@example.org,+1-963-878-4354,Chicago,Illinois,USA,2023-02-06
6738,Sarah Gonzalez,roy17@example.net,2999404727,Orlando,Florida,USA,2023-11-29
6739,Brendan Russell,kimberlymendoza@example.net,+1-933-237-4019x3786,Orlando,Florida,USA,2022-01-02
6740,Michael Russell,ryan11@example.org,940.961.5947x185,Houston,Texas,USA,2024-12-30
6741,Derek Hughes,spoole@example.com,514-537-4815,Houston,Texas,USA,2023-12-13
6742,Scott Watson MD,johnstevens@example.com,+1-295-398-9490x093,Seattle,Washington,USA,2023-09-17
6743,Brandon Cole,taylorgeoffrey@example.org,(724)720-1497,Seattle,Washington,USA,2023-10-11
6744,Susan Ortiz,whitakerheidi@example.net,+1-598-648-3870,Orlando,Florida,USA,2022-07-04
6745,Brandon Nelson,skrause@example.com,9985613074,Las Vegas,Nevada,USA,2023-04-02
6746,Tyler Lopez,adam33@example.org,(846)595-3641x237,Denver,Colorado,USA,2025-06-08
6747,Tara Yoder,sherryrogers@example.com,001-258-994-2462,Las Vegas,Nevada,USA,2024-08-23
6748,Steven Henry,patricia82@example.com,243-341-6335,Los Angeles,California,USA,2022-03-01
6749,Cheyenne Melendez,sharpmonica@example.net,9534573696,Buffalo,New York,USA,2022-02-20
6750,Mr. Thomas Randolph,wesley76@example.org,729-679-4325,Orlando,Florida,USA,2025-11-03
6751,Eric Jackson,figueroalisa@example.org,548-738-7176x0279,Buffalo,New York,USA,2023-03-22
6752,Devin Hodge,montoyasteven@example.org,418-355-1463,Buffalo,New York,USA,2022-09-19
6753,James Holland,christopherallen@example.com,(878)326-2975x987,Miami,Florida,USA,2025-12-26
6754,Crystal Cameron,qwhite@example.net,357.649.9256x0375,Miami,Florida,USA,2024-03-16
6755,Amy Chambers,crystal67@example.org,+1-285-526-6431x469,New York City,New York,USA,2025-09-22
6756,Wyatt Scott,isabella58@example.net,398-507-1236x09858,Houston,Texas,USA,2022-06-06
6757,Dana Allen,ashlee32@example.org,001-690-860-8091x964,Chicago,Illinois,USA,2021-06-23
6758,Danielle Hicks,danielbuchanan@example.org,(211)999-8004x14999,New York City,New York,USA,2025-03-20
6759,Karen Fernandez,mirandashawna@example.net,+1-783-237-6136x791,San Francisco,California,USA,2022-08-28
6760,Olivia Lang,campbelljean@example.net,9757395774,Orlando,Florida,USA,2023-11-29
6761,Joseph Robertson,jennifer82@example.org,+1-877-321-4902x0382,Houston,Texas,USA,2022-04-17
6762,Carlos Everett,vingram@example.com,816-928-0095,Las Vegas,Nevada,USA,2021-03-26
6763,Matthew Hernandez,denise13@example.com,495.251.3121x000,Orlando,Florida,USA,2023-11-16
6764,Donald Deleon DDS,hayesthomas@example.com,(617)965-1747,Las Vegas,Nevada,USA,2022-11-20
6765,Mrs. Lauren House,kallen@example.net,(552)589-1351,Miami,Florida,USA,2023-07-13
6766,Alicia Barajas,griffithrebecca@example.org,(273)533-4688,Orlando,Florida,USA,2023-06-05
6767,Lisa Martin,brendafoster@example.com,910.676.9154x931,Miami,Florida,USA,2023-01-23
6768,Natasha Long,brian55@example.org,+1-750-931-0965x172,Phoenix,Arizona,USA,2023-10-16
6769,Daniel Coleman,brittney65@example.org,903-447-3758x3683,Houston,Texas,USA,2022-07-14
6770,Samantha Martinez,joneseddie@example.net,+1-609-810-5724x1877,Miami,Florida,USA,2021-02-20
6771,Michael Rodriguez,ojimenez@example.com,283-451-8347x2090,New York City,New York,USA,2023-06-24
6772,Brooke Johnson,fishervictoria@example.net,964.720.3722x540,Buffalo,New York,USA,2022-06-28
6773,Jonathan Rodriguez,nancy87@example.net,+1-477-699-1394x1158,Denver,Colorado,USA,2021-06-05
6774,Michael Moore,vmorris@example.net,001-413-615-3979,Houston,Texas,USA,2021-06-18
6775,Joseph Harris,seanmcdonald@example.com,(956)314-8163,Austin,Texas,USA,2025-09-22
6776,Craig Webster,joseph07@example.org,2107487657,Chicago,Illinois,USA,2023-11-17
6777,Danielle Bell,nathandavis@example.net,216.950.1837x540,Chicago,Illinois,USA,2024-08-11
6778,Daniel Ingram,wendyjefferson@example.com,001-318-491-5958,San Francisco,California,USA,2025-05-29
6779,Katrina Rivera,wduncan@example.com,001-770-245-2607,Austin,Texas,USA,2022-04-12
6780,Kimberly Wilson,dean33@example.org,760-290-9162,San Francisco,California,USA,2021-08-31
6781,Melanie Smith,donna54@example.com,832.375.0096x57509,San Francisco,California,USA,2023-01-08
6782,Kelly Price,josephmccarty@example.com,001-956-595-0960x162,Los Angeles,California,USA,2024-01-24
6783,Michael Alexander,michaeljones@example.net,8264608386,Buffalo,New York,USA,2022-11-15
6784,Patricia Holland,chorn@example.net,902.999.9676x22625,Buffalo,New York,USA,2024-10-14
6785,Samantha Barnes MD,rodriguezerica@example.com,001-397-750-0344x581,Houston,Texas,USA,2022-05-28
6786,Cynthia Mueller,rflores@example.com,8292594656,Austin,Texas,USA,2025-03-07
6787,Timothy Walker,andrew55@example.net,461.250.6255x658,Atlanta,Georgia,USA,2025-04-23
6788,Gabriel Arnold,brittanysilva@example.com,(626)624-0195x7702,Denver,Colorado,USA,2025-09-28
6789,Donald Mann,vmarshall@example.org,241.206.2769x046,Austin,Texas,USA,2022-01-26
6790,Chloe King,ffreeman@example.org,001-791-205-0308,Seattle,Washington,USA,2024-05-22
6791,Dr. Jennifer Rodriguez DDS,adamschneider@example.com,684.375.0793x31676,New York City,New York,USA,2025-10-18
6792,John Dominguez,anthonyfrederick@example.net,001-768-845-7709x291,Phoenix,Arizona,USA,2025-01-06
6793,Tracy Becker,sherrimarshall@example.com,001-747-729-3266x084,Seattle,Washington,USA,2024-01-18
6794,Ricky Hardy,suzanne67@example.org,787.906.8829,Boston,Massachusetts,USA,2022-06-19
6795,Jasmine Ashley,hailey03@example.org,001-956-639-6609x363,Los Angeles,California,USA,2025-04-27
6796,Erica Goodwin,gtate@example.org,+1-236-367-3271x459,Austin,Texas,USA,2022-08-01
6797,Patricia Munoz,josephmclean@example.net,409.979.0073,Atlanta,Georgia,USA,2022-12-11
6798,Caitlyn Malone,smiththomas@example.org,426.719.4069x905,Phoenix,Arizona,USA,2023-04-08
6799,Joy King,jeremy46@example.com,986.731.2048x976,Miami,Florida,USA,2025-08-11
6800,David Bradford,gonzalezjulia@example.com,001-341-616-1130x675,Las Vegas,Nevada,USA,2025-04-01
6801,Marvin Garza,andersontabitha@example.com,6139534529,Denver,Colorado,USA,2021-01-25
6802,Daniel Johnson,cwright@example.org,001-827-276-1002,Orlando,Florida,USA,2024-09-01
6803,Denise Olson,xbridges@example.com,001-446-656-5371x087,Chicago,Illinois,USA,2025-04-08
6804,William Coffey,holly57@example.org,(594)352-8821x0853,New York City,New York,USA,2025-11-08
6805,Janice Martinez,brownanthony@example.net,(225)386-5068,Miami,Florida,USA,2022-04-12
6806,Leah Cook,brownbrian@example.net,+1-417-658-4626x3970,Buffalo,New York,USA,2025-01-21
6807,Joshua Morgan,terry92@example.com,485-944-0019,Seattle,Washington,USA,2022-03-06
6808,Rebecca Davis,lori84@example.org,817-271-7385x292,Orlando,Florida,USA,2022-04-24
6809,Jennifer Maxwell,aguilarlarry@example.net,(291)892-3645,Chicago,Illinois,USA,2024-04-17
6810,Gary Welch,kirkmonique@example.com,+1-999-417-0062x8219,Phoenix,Arizona,USA,2024-02-06
6811,Ellen Burgess,holmesjacqueline@example.org,(598)598-8352x92731,Phoenix,Arizona,USA,2023-08-18
6812,Joshua Tran,amy01@example.net,547-279-6289,Seattle,Washington,USA,2025-07-26
6813,Elizabeth Williams,davidmyers@example.org,948-736-3951,Orlando,Florida,USA,2022-11-29
6814,Mrs. Patricia Hampton DDS,derrickphillips@example.net,371-672-8629x514,Phoenix,Arizona,USA,2021-06-25
6815,Angela Miles,robertschmidt@example.net,+1-881-616-7007,Houston,Texas,USA,2025-09-29
6816,Daniel Cunningham,keith07@example.org,745-361-0925,Buffalo,New York,USA,2023-05-29
6817,Bryan Patel,wesleyhinton@example.org,5607855340,Phoenix,Arizona,USA,2024-11-30
6818,Julie Stewart,xaguilar@example.com,+1-448-813-4597,Miami,Florida,USA,2022-03-06
6819,Misty Taylor,jeffery92@example.net,(444)893-1750x831,Orlando,Florida,USA,2023-07-11
6820,Andre Griffin,fosterdustin@example.com,(779)419-2515,Atlanta,Georgia,USA,2024-02-18
6821,Dr. Ashley Flores,thomas20@example.com,+1-928-407-3862x1524,Los Angeles,California,USA,2023-02-07
6822,Andrea Hernandez,bradley14@example.com,414.843.4256x015,New York City,New York,USA,2024-03-28
6823,Lisa Ferguson DDS,kelseywhite@example.net,631.800.1879x4018,Atlanta,Georgia,USA,2021-09-20
6824,Pamela Ingram,rickyzuniga@example.net,+1-887-763-2052,Austin,Texas,USA,2025-02-20
6825,Nicole Simmons,youngsarah@example.net,+1-756-349-7567x117,Los Angeles,California,USA,2023-10-21
6826,Christopher Herrera,melanieherring@example.org,615-981-7560x9189,Phoenix,Arizona,USA,2024-09-11
6827,David Martin,andrew62@example.com,582.429.6825,Atlanta,Georgia,USA,2022-12-28
6828,Maria Patterson,joshua04@example.net,544.448.3534x54071,Houston,Texas,USA,2022-04-07
6829,Derek Jones,mdillon@example.org,3907878075,Miami,Florida,USA,2023-05-22
6830,Vanessa Vasquez,dgraham@example.net,620-404-6177x66858,Denver,Colorado,USA,2025-03-22
6831,Jaclyn Miller,dannywilson@example.net,717-683-3706x611,Miami,Florida,USA,2025-04-12
6832,Darryl Spencer,turnermichael@example.com,9919284878,Phoenix,Arizona,USA,2024-11-15
6833,Nicholas Jackson,jonesvincent@example.org,+1-977-415-4110x5926,Chicago,Illinois,USA,2022-09-06
6834,Valerie Shah,robertlewis@example.net,001-962-535-2767x412,Houston,Texas,USA,2024-04-17
6835,Melissa Hunt,pjohnson@example.org,+1-927-255-9467x267,Los Angeles,California,USA,2024-03-08
6836,Sarah Freeman,jscott@example.net,6773295452,Phoenix,Arizona,USA,2021-03-07
6837,Alice Watson,connor81@example.com,934-323-9445x3242,Boston,Massachusetts,USA,2021-10-12
6838,Lisa James,gabriel82@example.com,591-810-6170,New York City,New York,USA,2022-11-08
6839,Daniel Lambert,gravesshawn@example.net,421-479-5525x2218,Las Vegas,Nevada,USA,2024-07-13
6840,Corey Reyes,williamhenry@example.net,(313)943-6503x769,Phoenix,Arizona,USA,2024-05-19
6841,Robin Dixon,ithompson@example.com,(813)425-0141x08981,Boston,Massachusetts,USA,2024-05-29
6842,Lindsay Jones,crystalpalmer@example.net,001-929-282-7433x330,Las Vegas,Nevada,USA,2025-11-11
6843,Shawn Lopez,scottterrance@example.com,(716)993-1028,Miami,Florida,USA,2023-02-20
6844,Sara Parks,spatrick@example.org,949-408-3631,Buffalo,New York,USA,2023-03-12
6845,Daniel Miles,oburton@example.net,(478)715-2567,San Francisco,California,USA,2023-12-31
6846,Karen Haynes DDS,kristin15@example.net,+1-693-590-5206x0106,Miami,Florida,USA,2022-01-21
6847,James Burton,rogerreid@example.net,397-890-8373,Orlando,Florida,USA,2021-08-11
6848,Eric Williams,michael98@example.net,(956)944-4995x83405,Houston,Texas,USA,2024-03-12
6849,Alison Velazquez,greenedustin@example.org,368-342-7206x9570,Orlando,Florida,USA,2024-08-01
6850,Patrick Burgess,camacholauren@example.net,001-940-874-5638x163,Boston,Massachusetts,USA,2022-09-16
6851,Victoria Moore,lross@example.net,647.798.1207x66589,San Francisco,California,USA,2021-12-18
6852,Ronald Gonzales,howellcarrie@example.com,9568669712,San Francisco,California,USA,2024-10-14
6853,Joshua Gibbs,jensendaniel@example.com,001-777-979-6078x141,Chicago,Illinois,USA,2021-12-30
6854,Dakota Willis,mathewrose@example.net,001-370-272-4768x793,Los Angeles,California,USA,2025-08-20
6855,Jill Lewis,schneiderjoshua@example.com,001-906-460-9349x400,Seattle,Washington,USA,2024-05-20
6856,Daniel Freeman,xbutler@example.org,816.914.1903,Orlando,Florida,USA,2021-02-24
6857,Thomas Williams,brandyestes@example.net,+1-855-733-2517x313,New York City,New York,USA,2022-02-12
6858,Debra Rivera,petersonbenjamin@example.net,+1-329-264-6191x512,San Francisco,California,USA,2023-03-02
6859,Megan Rubio,dhernandez@example.org,(699)873-3166,Austin,Texas,USA,2022-02-26
6860,Michael Nelson,brandy89@example.com,+1-735-726-9023,Buffalo,New York,USA,2022-08-20
6861,Nathan Davis,djohnson@example.com,6655930918,Denver,Colorado,USA,2023-12-10
6862,Deborah Moore,kimberly21@example.com,833.785.3275,San Francisco,California,USA,2023-07-21
6863,Billy Wong,alyssa77@example.com,760.601.1389,Los Angeles,California,USA,2023-01-25
6864,Marilyn Fritz,lorimiddleton@example.com,564-797-5776x57249,Chicago,Illinois,USA,2021-01-23
6865,Jennifer Howell,ewilson@example.org,001-838-367-1257x234,New York City,New York,USA,2022-11-01
6866,Jonathan Vincent,adamsdaniel@example.org,994-494-3239x89085,Atlanta,Georgia,USA,2023-04-22
6867,Robin Lamb,walter22@example.net,(318)468-2283,Miami,Florida,USA,2021-11-18
6868,Rebecca Thomas,wilsondanielle@example.net,+1-838-815-3934,San Francisco,California,USA,2021-09-22
6869,Joshua Davis,thomas77@example.net,+1-951-931-1398x4041,Chicago,Illinois,USA,2023-05-07
6870,Juan Brown,jchambers@example.org,(801)224-0550,Orlando,Florida,USA,2025-03-02
6871,Randall Morris,jacksonbrent@example.com,001-584-415-5488x983,San Francisco,California,USA,2023-03-08
6872,Harold Lawrence,alexander04@example.com,001-844-335-7356,Boston,Massachusetts,USA,2025-11-08
6873,Kenneth Reyes,ismith@example.net,823.705.0463x60588,Buffalo,New York,USA,2021-09-24
6874,Steven Snyder,uhenson@example.org,615.721.1507x32497,Atlanta,Georgia,USA,2022-02-26
6875,Dustin Tate,crystalhuang@example.com,602.990.3326x85758,Austin,Texas,USA,2023-06-05
6876,Denise Adams,melaniecarrillo@example.org,+1-558-597-7457x085,Atlanta,Georgia,USA,2024-12-24
6877,Autumn Martin,deborah95@example.net,(889)995-9847x23009,Denver,Colorado,USA,2023-08-31
6878,Sara Arias,dharvey@example.org,644.706.5033x3751,New York City,New York,USA,2024-05-21
6879,Molly Fuentes,jacob68@example.com,6272868126,Las Vegas,Nevada,USA,2022-09-28
6880,Jennifer Smith,wolfematthew@example.org,+1-742-377-7337x9223,Las Vegas,Nevada,USA,2022-02-20
6881,Kim Rollins,michelle95@example.org,489-527-2107,Chicago,Illinois,USA,2025-01-07
6882,Ryan Salazar,susan94@example.net,(690)293-0022x90997,Denver,Colorado,USA,2023-07-29
6883,Tyler Snyder,kylesanchez@example.org,(432)334-5811x70813,Austin,Texas,USA,2022-02-18
6884,Richard Fernandez,brownbreanna@example.com,001-934-528-5161x269,Los Angeles,California,USA,2021-10-20
6885,John Patterson,mdominguez@example.com,+1-653-340-6681x648,Orlando,Florida,USA,2021-05-12
6886,Austin Weaver DVM,matthewjohnson@example.com,+1-759-239-1029x1213,Atlanta,Georgia,USA,2023-03-29
6887,Kathryn Martin,huangbeverly@example.net,(356)870-2395x75462,Las Vegas,Nevada,USA,2025-07-12
6888,Dwayne Dickson,markjohnson@example.com,+1-304-544-8023x3969,Buffalo,New York,USA,2023-12-13
6889,Aimee Avila,fromero@example.com,561.349.9716x516,Houston,Texas,USA,2024-03-11
6890,Melissa Jones,rachel53@example.org,001-646-480-0400,Boston,Massachusetts,USA,2023-10-03
6891,Michael Holloway,briansmith@example.com,+1-786-355-0344x5365,Orlando,Florida,USA,2023-08-06
6892,Jennifer Rogers,matthewdonaldson@example.com,+1-377-676-2685x4058,Las Vegas,Nevada,USA,2021-03-22
6893,Anthony Phillips,iford@example.com,3453987359,Seattle,Washington,USA,2021-07-06
6894,Michael Smith,leehenry@example.org,808.437.4140,Austin,Texas,USA,2024-08-16
6895,Steve Reynolds,lynchmatthew@example.com,+1-460-670-9172x7717,Boston,Massachusetts,USA,2023-07-24
6896,Paul Gallegos,hannahpeterson@example.net,506-608-9131x837,Houston,Texas,USA,2024-12-05
6897,Corey Hubbard,xmerritt@example.org,670-709-6387,Atlanta,Georgia,USA,2024-12-28
6898,Nicholas Reilly DVM,stephen42@example.net,477.996.7667,Phoenix,Arizona,USA,2022-09-02
6899,James Mack,allenwinters@example.com,834.375.8412x6227,Miami,Florida,USA,2024-06-09
6900,Bradley Myers,michael07@example.org,357.368.0748,Atlanta,Georgia,USA,2025-07-17
6901,David Grant,agrant@example.org,+1-697-361-5743x562,Atlanta,Georgia,USA,2021-12-25
6902,Tammie Williams,gabriel10@example.net,650-767-4582x7429,Miami,Florida,USA,2022-05-26
6903,Cassandra Newton,taylorcombs@example.net,+1-420-924-1006x3524,New York City,New York,USA,2024-06-19
6904,Rachel Martinez,lindsay28@example.org,447.351.7694x170,Seattle,Washington,USA,2023-06-04
6905,Jamie Rivera,shannon45@example.com,001-628-953-3693x418,Orlando,Florida,USA,2023-02-27
6906,Jennifer Harris,amanda16@example.org,+1-804-707-0793,Boston,Massachusetts,USA,2024-09-11
6907,Dillon Torres,higginsjohn@example.com,001-815-929-9836x250,New York City,New York,USA,2024-12-01
6908,Jacob Carney,patriciayoung@example.com,+1-494-281-8352x6780,Las Vegas,Nevada,USA,2021-07-15
6909,Charles Smith,morriselizabeth@example.org,001-403-374-9400,Miami,Florida,USA,2024-12-01
6910,Stephanie Jackson,xgamble@example.org,(234)767-3384x559,Los Angeles,California,USA,2022-05-06
6911,Laura Collins,bhogan@example.net,842-544-5591x035,Boston,Massachusetts,USA,2025-11-18
6912,Anthony Thomas,oodonnell@example.org,326.511.7221x78631,New York City,New York,USA,2022-07-15
6913,Amber Flynn,ryanlopez@example.org,7638873720,Boston,Massachusetts,USA,2024-07-10
6914,Megan Kelly,jamesjuarez@example.net,(810)276-8012x35592,Chicago,Illinois,USA,2022-08-21
6915,Brent Walker,carlowens@example.org,357-272-8272,Denver,Colorado,USA,2021-05-17
6916,Elizabeth Aguirre,briancarr@example.com,359-351-7177,Seattle,Washington,USA,2025-01-27
6917,Elizabeth Allen,wilcoxdaniel@example.com,+1-280-927-4468x8205,Seattle,Washington,USA,2022-03-21
6918,Dr. Michele Chen,jerome49@example.net,(351)658-2372x71327,Boston,Massachusetts,USA,2023-10-08
6919,Jessica Fox DDS,brownjohn@example.com,+1-816-699-6193x8078,Miami,Florida,USA,2025-04-10
6920,Margaret Thompson,webbwilliam@example.net,854.634.8092x918,Chicago,Illinois,USA,2021-09-06
6921,Hunter Taylor,tina68@example.net,(202)818-6309,Houston,Texas,USA,2021-06-06
6922,Michael Reyes,dominiquescott@example.org,576-767-0965x9758,Phoenix,Arizona,USA,2021-08-04
6923,Katherine Jackson,ukeith@example.org,001-864-349-1714,Chicago,Illinois,USA,2025-04-19
6924,Destiny Brown,mckenzie69@example.org,688-632-3754,Phoenix,Arizona,USA,2022-10-30
6925,Evan Ortiz,deanna53@example.org,425.487.9579x2045,Miami,Florida,USA,2023-07-13
6926,Candace Reid,rgoodwin@example.net,759.489.4426x642,New York City,New York,USA,2022-06-02
6927,Peter Roach,calvin94@example.net,001-368-282-9436,Buffalo,New York,USA,2023-11-03
6928,Danielle Bates,elizabeth73@example.net,+1-363-882-5826,Los Angeles,California,USA,2023-08-05
6929,Patricia Kaufman,cward@example.net,912.633.8437,Los Angeles,California,USA,2021-05-30
6930,Lisa Price,carol21@example.org,959-476-3933,Denver,Colorado,USA,2024-11-23
6931,Kimberly Diaz,troy88@example.org,858-279-9057x79307,Denver,Colorado,USA,2025-03-16
6932,Kristy Morris,daniellepeterson@example.org,3167106907,Orlando,Florida,USA,2023-02-20
6933,Ellen Tanner,martincheryl@example.com,(276)372-0226x59967,Houston,Texas,USA,2025-03-08
6934,Janet Ramsey,james60@example.com,8249469336,Miami,Florida,USA,2025-10-19
6935,Samantha Benson,kyle60@example.com,4637725411,Buffalo,New York,USA,2023-03-24
6936,Cheryl Davis,danielmartin@example.net,866.283.5283,Los Angeles,California,USA,2021-01-22
6937,Edward Morrow DVM,angela15@example.com,+1-370-358-6547,Austin,Texas,USA,2021-08-23
6938,Julie Myers,ewalker@example.org,204.895.1042,Seattle,Washington,USA,2021-10-07
6939,Christopher Ellis,stephensdaniel@example.net,(983)951-3974x151,Houston,Texas,USA,2024-10-04
6940,Kimberly Gonzales,nmartinez@example.net,001-721-498-3769x463,Seattle,Washington,USA,2023-08-09
6941,Derrick Harris,melissaholmes@example.com,907.548.3249,Orlando,Florida,USA,2023-08-03
6942,Sarah Jimenez,heatherdixon@example.net,702.335.6599x3759,San Francisco,California,USA,2021-06-19
6943,Darlene Todd,pamela61@example.org,(385)841-3984,Chicago,Illinois,USA,2024-09-07
6944,Robert Barnes,valdezevan@example.com,6545780387,Buffalo,New York,USA,2025-01-01
6945,George Smith,singletonkevin@example.net,769-413-1911x502,Orlando,Florida,USA,2021-10-15
6946,Benjamin Burns,ian14@example.com,719.669.4570,Orlando,Florida,USA,2025-08-08
6947,Mary Harris,mavila@example.org,469-223-4266x66195,Austin,Texas,USA,2025-09-20
6948,Drew Jenkins,matthewbenson@example.net,756.761.4699x44423,New York City,New York,USA,2021-12-16
6949,Steven Hayes,dedwards@example.net,851.955.5652x00846,Atlanta,Georgia,USA,2021-02-06
6950,Matthew Choi,wagneradam@example.org,383.440.8876,Las Vegas,Nevada,USA,2021-07-25
6951,Edward Adkins,harrischristopher@example.net,+1-337-761-7435,New York City,New York,USA,2022-08-26
6952,Robert Hill,james81@example.net,001-745-976-9111,San Francisco,California,USA,2023-12-31
6953,Jeanette Hernandez,samanthabrown@example.org,+1-603-790-6862,Seattle,Washington,USA,2023-03-12
6954,Carrie Turner,connierodriguez@example.com,001-946-214-0786x726,New York City,New York,USA,2021-06-08
6955,Margaret Guerra,dwatson@example.net,+1-610-854-1104x9039,Denver,Colorado,USA,2025-04-13
6956,Erica Lopez,rebecca00@example.org,(954)738-6550,Los Angeles,California,USA,2024-10-19
6957,Amanda Harrison,james26@example.com,+1-979-494-3753x0055,Austin,Texas,USA,2021-11-11
6958,Darlene Taylor,whitejason@example.org,596-360-2127x574,Orlando,Florida,USA,2023-01-04
6959,Michael Mathis,markphillips@example.net,(597)453-7613,New York City,New York,USA,2022-03-20
6960,John Hahn,hjordan@example.org,300.874.0774x6347,Seattle,Washington,USA,2021-03-12
6961,Tina Coleman,alexis86@example.net,(728)330-7637,Boston,Massachusetts,USA,2024-10-14
6962,John Jones,abigail95@example.com,(601)516-6080,Chicago,Illinois,USA,2022-03-19
6963,Patricia Cox,higginsanthony@example.org,2018748331,Orlando,Florida,USA,2024-11-27
6964,Tammy Patrick,millsmark@example.com,+1-431-381-1065x686,Los Angeles,California,USA,2025-09-10
6965,Daniel Flores,leslielopez@example.org,(993)461-3361x43913,Denver,Colorado,USA,2025-07-20
6966,Martha Roberson,kelly60@example.net,001-842-704-1079x425,Chicago,Illinois,USA,2024-08-05
6967,Michael Mills,randy14@example.net,258-666-9291x38592,Denver,Colorado,USA,2025-01-07
6968,Rachel Grimes,arthursullivan@example.com,528.459.1765,Denver,Colorado,USA,2021-07-30
6969,Cheryl Montgomery,angeldavid@example.org,+1-306-798-8000x9017,Miami,Florida,USA,2024-11-14
6970,Craig Franklin,iramos@example.net,+1-510-660-4266x7617,Austin,Texas,USA,2023-06-29
6971,April Jackson,johnturner@example.org,732-924-4838x76164,Los Angeles,California,USA,2024-05-10
6972,Thomas Edwards,marypotter@example.net,608.472.7461,Los Angeles,California,USA,2021-04-10
6973,John Weeks,facosta@example.org,900-997-7650,Phoenix,Arizona,USA,2023-02-12
6974,Isaac Thompson,kelliefrank@example.org,6517327948,Phoenix,Arizona,USA,2022-02-18
6975,Kathleen Thomas,herreralaurie@example.com,001-476-261-8056x357,Boston,Massachusetts,USA,2022-05-27
6976,Tina Banks,alyssa97@example.com,+1-731-342-6527x6521,Houston,Texas,USA,2022-05-04
6977,Amber Wheeler MD,jennifergentry@example.com,+1-381-827-6443,Buffalo,New York,USA,2021-07-07
6978,Christian Wilson,ashleyortega@example.net,(466)256-0086x1052,Los Angeles,California,USA,2023-05-14
6979,Casey Scott,dvega@example.net,001-237-715-1251,Los Angeles,California,USA,2021-01-30
6980,Jerome Stevens,armstrongsteven@example.com,+1-932-404-9822x8359,Houston,Texas,USA,2025-08-08
6981,Linda Simon,patrickjason@example.com,+1-281-472-0771x882,Buffalo,New York,USA,2024-10-24
6982,Holly King,bhernandez@example.org,586-286-0169x103,Denver,Colorado,USA,2021-05-10
6983,Hannah Kane,jennifernichols@example.org,(696)897-8820x2104,Buffalo,New York,USA,2025-12-12
6984,Shelley Rodriguez,wsanchez@example.com,436-319-4063x075,San Francisco,California,USA,2025-06-21
6985,Kathleen Bird,jpeterson@example.com,426.246.6628,Atlanta,Georgia,USA,2025-08-28
6986,Anthony Jackson,talvarado@example.net,(392)912-5331,Denver,Colorado,USA,2021-12-10
6987,Paula Edwards,robert05@example.net,(969)503-7314x800,Seattle,Washington,USA,2021-12-09
6988,John Hester,hbrandt@example.net,(985)591-5659,Los Angeles,California,USA,2023-05-02
6989,Michael Fischer,mallen@example.net,(422)950-4699x687,Chicago,Illinois,USA,2021-08-09
6990,Sarah Weaver,kristyroberts@example.com,457.329.9306x5769,Atlanta,Georgia,USA,2022-11-01
6991,Christopher Reed MD,andrew43@example.net,(228)757-0785x2433,Houston,Texas,USA,2024-02-26
6992,Kyle Barnes,leebarry@example.org,891-955-4201x21695,Denver,Colorado,USA,2022-01-24
6993,Heather Washington,zcolon@example.org,001-903-478-9728,Las Vegas,Nevada,USA,2022-03-01
6994,Nicholas Mcdowell,chadmendoza@example.com,(729)841-7422x83024,Boston,Massachusetts,USA,2024-01-15
6995,Jimmy Day,roberthampton@example.com,+1-615-385-4409x779,Miami,Florida,USA,2023-05-27
6996,Marilyn Fisher,barrybowman@example.net,349.475.0071,San Francisco,California,USA,2022-04-21
6997,Tony Gamble,brianwillis@example.net,+1-456-440-0507x020,Buffalo,New York,USA,2021-08-05
6998,Tracy Phillips,taramartin@example.com,(507)324-1863,Houston,Texas,USA,2022-10-25
6999,Joshua Lawson,brooksdavid@example.net,758-505-9601,New York City,New York,USA,2021-01-31
7000,James Campbell,qmoyer@example.net,733.607.2067x097,Miami,Florida,USA,2024-09-01
7001,Michael Knox,lopezkeith@example.com,001-207-363-4595x587,Houston,Texas,USA,2021-01-25
7002,Andrew Martinez,justin76@example.com,(389)626-2801x55646,Miami,Florida,USA,2022-03-12
7003,Katherine Edwards,martin83@example.net,001-778-229-0864,Orlando,Florida,USA,2022-03-27
7004,Luis Bennett,ymartinez@example.org,8616615236,San Francisco,California,USA,2024-09-09
7005,Charles Browning,anita40@example.net,+1-623-840-3332x4275,Atlanta,Georgia,USA,2022-07-25
7006,William Thomas,janet79@example.net,001-553-235-1708x654,Denver,Colorado,USA,2024-07-01
7007,Nathan Jones,phillip97@example.net,950.512.1139x1598,Houston,Texas,USA,2021-03-31
7008,Vanessa Gomez,brownkristi@example.net,3447255725,San Francisco,California,USA,2025-12-19
7009,Laura Moore,lmelendez@example.com,+1-772-468-0410x017,Buffalo,New York,USA,2023-04-22
7010,Jennifer Colon,sheryl55@example.org,(200)235-2282x58628,Austin,Texas,USA,2025-04-21
7011,Mark Martinez,richardsonlori@example.com,(587)917-0299,Las Vegas,Nevada,USA,2023-10-21
7012,Amy Oliver,april57@example.net,457-874-7239,San Francisco,California,USA,2024-12-30
7013,Andrea Jordan,cmatthews@example.org,+1-592-492-6673,Chicago,Illinois,USA,2025-06-09
7014,David Hansen,whitephillip@example.net,+1-548-251-4335x523,Boston,Massachusetts,USA,2025-10-08
7015,David Bennett,gutierrezmark@example.org,570.537.5502,Las Vegas,Nevada,USA,2021-12-18
7016,Christopher Andersen,ricedawn@example.com,3648838268,Austin,Texas,USA,2021-07-14
7017,Mark Barnes,njackson@example.net,592.358.2414,Las Vegas,Nevada,USA,2022-10-27
7018,Darryl Jackson,lindsay14@example.net,(945)353-9738x4605,Denver,Colorado,USA,2024-11-27
7019,Karen Walker,cynthia47@example.net,+1-545-399-3423x459,Miami,Florida,USA,2024-10-20
7020,Bobby Walton,htaylor@example.net,(861)281-3897x2319,Boston,Massachusetts,USA,2025-04-29
7021,Joshua Davis,nancymontgomery@example.com,801-814-0930x3060,Seattle,Washington,USA,2021-09-30
7022,Nichole Kerr,vanessawelch@example.com,+1-504-989-9895x130,Houston,Texas,USA,2021-12-26
7023,Jessica Woods,adrianalexander@example.org,785.228.9316,Denver,Colorado,USA,2025-04-09
7024,Daniel Howard,david96@example.org,813.772.5902,Boston,Massachusetts,USA,2024-11-09
7025,Michael Francis,dominguezmichael@example.com,707-789-5318,Houston,Texas,USA,2025-10-10
7026,Paula Jennings,wesley94@example.com,375.949.5575,Denver,Colorado,USA,2023-09-15
7027,Joel Shelton,poncebeverly@example.org,001-291-819-9921x629,San Francisco,California,USA,2022-11-18
7028,Robert Hawkins,lunajack@example.net,830-534-1737x09123,Los Angeles,California,USA,2024-05-31
7029,David West,kylebarnett@example.net,(564)367-7492x231,Boston,Massachusetts,USA,2024-04-13
7030,Vanessa Johnson,xsantos@example.net,584.492.1373,Orlando,Florida,USA,2023-02-23
7031,Chelsea Porter,lauren99@example.net,001-725-687-0154,Chicago,Illinois,USA,2024-08-04
7032,John Kim,kelly74@example.net,001-696-557-8168x205,Seattle,Washington,USA,2022-04-22
7033,Christian Diaz,garciarebecca@example.net,001-901-738-6300x651,Chicago,Illinois,USA,2024-04-18
7034,John Brock,beverly85@example.org,817-310-9123,Seattle,Washington,USA,2021-01-28
7035,Derrick Kim,griffinlaura@example.net,+1-521-745-9904,Buffalo,New York,USA,2021-02-13
7036,Douglas Miller,madelinerobinson@example.org,876-548-9455x817,Las Vegas,Nevada,USA,2025-04-04
7037,Rachael Krueger,jhughes@example.net,352.738.0196x561,Boston,Massachusetts,USA,2021-09-12
7038,Jessica Smith,bookerchristian@example.net,(925)285-3987x9456,Austin,Texas,USA,2022-04-30
7039,Julie Hall,donaldmckee@example.org,571-744-0330x83921,Seattle,Washington,USA,2023-05-28
7040,Bianca Gordon,malonepeter@example.org,716-908-9709,Phoenix,Arizona,USA,2022-05-14
7041,Manuel Lawson,thomas47@example.net,4806051464,Las Vegas,Nevada,USA,2021-06-12
7042,Adam French,jonessarah@example.net,3152314834,Los Angeles,California,USA,2021-10-09
7043,Thomas Taylor,stephaniejohnston@example.net,269-435-7576,Houston,Texas,USA,2023-10-19
7044,Cathy Salas,jerrylewis@example.com,+1-976-542-2633x9312,Austin,Texas,USA,2022-02-18
7045,Jill Marshall,bowmanchristopher@example.com,(856)305-1957,New York City,New York,USA,2023-02-09
7046,Angela Greene,cathyhendricks@example.net,001-572-391-7035,Buffalo,New York,USA,2024-08-07
7047,Michaela Terry,tarnold@example.net,366.682.4985x0337,Los Angeles,California,USA,2022-05-03
7048,Mrs. Nancy Lewis,dtran@example.com,(486)565-2434,Boston,Massachusetts,USA,2025-01-25
7049,Robert Pope,coxerika@example.org,(626)834-1787,Las Vegas,Nevada,USA,2023-06-28
7050,Amy Holloway,joshua97@example.com,(253)307-5927x758,Seattle,Washington,USA,2025-12-02
7051,Stephanie Duncan,angela21@example.com,451-914-0483x573,Houston,Texas,USA,2021-10-02
7052,Jill Martinez,angelanicholson@example.net,+1-491-755-5822,Austin,Texas,USA,2022-10-13
7053,Alan Shannon,terrenceford@example.org,769.439.1504x898,Denver,Colorado,USA,2025-05-31
7054,Marcus Lin,fshelton@example.net,465-570-6429x22012,Phoenix,Arizona,USA,2021-03-23
7055,Jonathan Hamilton,tjohnson@example.net,+1-249-806-8048x051,Chicago,Illinois,USA,2025-06-10
7056,David Bradley,jonesheather@example.org,738.818.0582,Miami,Florida,USA,2024-08-20
7057,Kimberly Young,jamesramirez@example.net,596-972-4016x65643,Atlanta,Georgia,USA,2022-08-14
7058,Taylor Yates,enelson@example.org,748-404-9877x295,Phoenix,Arizona,USA,2021-02-18
7059,Juan Ellis,thomaslisa@example.net,+1-764-240-0780x9447,Buffalo,New York,USA,2025-10-01
7060,Vincent Brown,stonemegan@example.com,(603)996-8841x9736,Seattle,Washington,USA,2022-11-10
7061,William Thomas,lhayes@example.org,(881)557-0850x371,Houston,Texas,USA,2022-05-12
7062,David Lynch,kyle38@example.org,999-337-0426x8933,Buffalo,New York,USA,2024-01-10
7063,Stephanie Morgan,rodriguezdustin@example.org,5932701648,Los Angeles,California,USA,2024-09-23
7064,Angela Nicholson,taylorcombs@example.com,779-925-1306,Buffalo,New York,USA,2025-06-30
7065,Anthony Nelson,mlong@example.net,3025131271,Denver,Colorado,USA,2024-11-26
7066,Kerri Cox,coryrosales@example.net,624.657.3035x174,Seattle,Washington,USA,2022-04-01
7067,Makayla Long,heather90@example.net,001-723-491-2000,Las Vegas,Nevada,USA,2025-11-23
7068,Jennifer Wade,estesmathew@example.com,(685)269-2030x882,Miami,Florida,USA,2023-12-04
7069,Matthew Thomas,ywagner@example.com,001-275-923-2554x747,Houston,Texas,USA,2022-01-11
7070,Amanda Camacho,bakerstephanie@example.org,719-599-1386x74716,Orlando,Florida,USA,2024-07-13
7071,Kim Hunter,leblancjuan@example.net,957-336-9718x01860,Los Angeles,California,USA,2021-05-13
7072,Joseph Skinner,andrehayes@example.net,722.797.5796x224,Atlanta,Georgia,USA,2023-10-04
7073,Sarah Munoz,ryan19@example.org,839.226.4268,San Francisco,California,USA,2022-01-30
7074,Cesar Small,ramirezkimberly@example.net,6955451565,Los Angeles,California,USA,2024-07-23
7075,Michelle Jones,mark08@example.com,001-667-745-9990x270,New York City,New York,USA,2022-02-23
7076,Christopher Rogers,robertrosales@example.net,001-234-997-1551x345,New York City,New York,USA,2021-07-07
7077,Robert Vasquez,chunter@example.org,9258222664,New York City,New York,USA,2024-04-28
7078,Elizabeth Hernandez,nflores@example.net,(245)260-0155x81556,Chicago,Illinois,USA,2025-08-30
7079,Alan Powell,whale@example.com,+1-782-595-1334x9168,Phoenix,Arizona,USA,2022-02-23
7080,Brianna Osborn,colinwilson@example.com,585.388.3763x67235,Buffalo,New York,USA,2023-11-06
7081,Mr. Wayne Lloyd,charlessmith@example.com,4136910134,San Francisco,California,USA,2023-05-23
7082,Melissa Kim,lopezcrystal@example.net,(245)222-3686,Seattle,Washington,USA,2023-08-15
7083,Tammy Strong,martin37@example.net,+1-448-396-9930x568,Austin,Texas,USA,2021-12-03
7084,Jose Lang,stephensonkeith@example.com,001-958-510-1678x222,Seattle,Washington,USA,2022-02-09
7085,Jeffrey Potts,maria66@example.com,622-750-6684,Buffalo,New York,USA,2023-05-19
7086,Matthew Scott,zoe21@example.org,001-867-217-0183x666,New York City,New York,USA,2024-05-25
7087,Leslie Henderson,elizabeth06@example.net,+1-983-690-3203,Buffalo,New York,USA,2022-09-13
7088,Gabrielle Harris,willie46@example.com,787.422.9774x183,Austin,Texas,USA,2024-03-26
7089,Robert Clark,zachary09@example.net,+1-681-709-2971x280,Orlando,Florida,USA,2024-07-25
7090,Ryan Porter,michaelmcdaniel@example.net,6949452532,Buffalo,New York,USA,2022-07-11
7091,Melissa Lyons,jessicachapman@example.net,001-947-243-8245x250,Atlanta,Georgia,USA,2025-05-20
7092,Laurie Franklin,sarahweaver@example.org,001-722-815-5273x611,Orlando,Florida,USA,2021-06-13
7093,Gina Blankenship,anna84@example.net,6854270458,Houston,Texas,USA,2023-03-27
7094,Patricia Gallagher,stricklandjason@example.com,458.938.9904x866,Miami,Florida,USA,2021-12-10
7095,Ronald Golden,dgibbs@example.org,+1-917-965-4237,Orlando,Florida,USA,2023-06-23
7096,Jo Rodriguez,vhicks@example.org,001-333-750-4242x483,Miami,Florida,USA,2023-11-01
7097,Emily Ramirez,jacob34@example.net,865.385.0141x3400,Las Vegas,Nevada,USA,2025-02-14
7098,Carolyn Ayers,qhoward@example.com,+1-707-951-0628,Miami,Florida,USA,2025-04-07
7099,Samantha Diaz,crystal04@example.org,(452)560-2335,New York City,New York,USA,2025-08-06
7100,Carolyn Delgado,owebb@example.net,(846)820-3319x016,Phoenix,Arizona,USA,2023-09-15
7101,Jaime Watson,fgreen@example.net,402-751-0563,Los Angeles,California,USA,2025-04-10
7102,Donna Bates,sierrasanchez@example.com,001-645-751-3108,Miami,Florida,USA,2023-05-26
7103,Chad Gutierrez PhD,chase08@example.net,001-566-212-1209x676,Atlanta,Georgia,USA,2021-06-20
7104,Natalie Duncan,werneramy@example.com,+1-877-347-7096x131,Phoenix,Arizona,USA,2022-09-07
7105,Danielle Juarez,wcunningham@example.net,(564)999-7023x865,Las Vegas,Nevada,USA,2024-01-06
7106,Charles Brown,marc86@example.org,001-845-842-9865,New York City,New York,USA,2024-02-07
7107,Jonathan Weber,veronica65@example.com,001-576-455-8151x961,Seattle,Washington,USA,2021-12-26
7108,Marcia Oconnor,sheliali@example.net,(335)900-5449x634,Austin,Texas,USA,2023-02-19
7109,Travis Williams,zsanders@example.org,3256035866,Orlando,Florida,USA,2022-09-19
7110,Michael Grimes,katherine83@example.org,001-828-581-1826x343,Orlando,Florida,USA,2022-08-04
7111,Patricia Nguyen,scottscott@example.com,691.981.1001x584,Miami,Florida,USA,2024-02-26
7112,Kevin Jenkins,yjohnston@example.net,587-486-1815x46329,Las Vegas,Nevada,USA,2023-09-12
7113,Wendy Stone,seanleach@example.com,001-759-274-6833x368,San Francisco,California,USA,2022-11-14
7114,Robert Nguyen,joshuaroberts@example.com,689-211-7823,New York City,New York,USA,2025-01-04
7115,Caitlin Sutton,lisabraun@example.com,001-661-471-5363,Orlando,Florida,USA,2022-02-05
7116,Christopher Smith,kaitlyn78@example.net,432-906-7004x005,New York City,New York,USA,2022-01-24
7117,Martha Alexander,angie75@example.org,246.577.0479,Los Angeles,California,USA,2021-01-27
7118,Natalie Kaiser,alexjennings@example.net,001-573-704-7647x458,Atlanta,Georgia,USA,2023-10-23
7119,Jeremy Perez,jackbradshaw@example.com,646.812.0032x094,Seattle,Washington,USA,2025-01-25
7120,Logan Brown,alyssajohnson@example.org,854-291-6425x673,Houston,Texas,USA,2023-10-04
7121,James Stone,saraterry@example.org,(804)315-0024x13505,Miami,Florida,USA,2023-05-02
7122,Brandon Allen,huntermichelle@example.net,(962)573-0166,Miami,Florida,USA,2025-03-01
7123,Candice Aguirre,anthonyward@example.org,+1-540-958-4047,Houston,Texas,USA,2023-02-26
7124,Stephanie Murray,yturner@example.org,418-503-0580,Orlando,Florida,USA,2022-09-23
7125,Melissa Thompson,jennifer03@example.com,001-468-525-5918x985,Denver,Colorado,USA,2024-04-19
7126,John Molina,clinejonathan@example.net,551.637.2101x395,San Francisco,California,USA,2023-04-18
7127,Katie Gray,andrewwatts@example.org,+1-742-291-3482,Boston,Massachusetts,USA,2021-03-21
7128,Robert Le,laura84@example.com,560.508.2373,Boston,Massachusetts,USA,2021-09-12
7129,Antonio Todd,tasha78@example.org,742.449.6323x3634,Miami,Florida,USA,2024-03-04
7130,Ryan Adams,richardmccoy@example.net,+1-858-869-5725x2942,New York City,New York,USA,2022-02-02
7131,Debra Davis,davidsmith@example.org,559-970-8820,Phoenix,Arizona,USA,2023-06-13
7132,Carol Medina,jsanchez@example.com,001-808-528-1085,Austin,Texas,USA,2025-04-29
7133,Jennifer Smith,lmoreno@example.com,449.921.1120,Boston,Massachusetts,USA,2025-03-20
7134,Anthony Cole,davidgarcia@example.org,+1-580-772-7247,Seattle,Washington,USA,2022-12-15
7135,Brian Cummings,xgarcia@example.com,001-717-486-6337,Chicago,Illinois,USA,2024-12-23
7136,Chad Gonzalez,brooke19@example.org,001-549-978-4978x086,Orlando,Florida,USA,2024-07-24
7137,Emily Miranda,fwagner@example.net,609.362.6397,Seattle,Washington,USA,2023-01-25
7138,Mason Smith,starkmonica@example.org,+1-641-519-8162x503,Seattle,Washington,USA,2021-04-29
7139,Debbie Glover,turnerwanda@example.com,2406842678,Denver,Colorado,USA,2023-03-01
7140,Amy Curtis,thomasdavid@example.net,+1-861-293-9731x4473,Boston,Massachusetts,USA,2023-05-19
7141,Jennifer Lopez,katherinewagner@example.org,+1-808-507-6536x4481,Seattle,Washington,USA,2022-05-21
7142,Heather Rhodes,christopherfrazier@example.net,555.912.1147x99723,Buffalo,New York,USA,2023-09-06
7143,Fred Mckenzie,melissafernandez@example.org,(528)588-6831x983,Los Angeles,California,USA,2025-07-24
7144,Carlos Mooney,osalazar@example.com,001-743-637-6903x866,Houston,Texas,USA,2024-07-16
7145,Kayla Rivas,qramirez@example.org,678-902-0938,Seattle,Washington,USA,2024-10-17
7146,Laura Rocha,ybeltran@example.net,(767)637-2753x512,Los Angeles,California,USA,2024-11-29
7147,Nicole Conway,velasquezlori@example.net,916.640.9408,Denver,Colorado,USA,2024-08-14
7148,Tracey Frazier,carolyn35@example.net,645.564.1511,New York City,New York,USA,2022-06-20
7149,Lisa Mays,michael33@example.org,9113343775,Las Vegas,Nevada,USA,2023-07-22
7150,Mrs. Mary Wallace,jameswalsh@example.net,001-887-364-3070,Denver,Colorado,USA,2021-10-29
7151,John White,tamarablevins@example.net,765-775-4921x826,Austin,Texas,USA,2022-05-22
7152,Monica Wiggins,sarmstrong@example.com,001-419-521-3175x301,Las Vegas,Nevada,USA,2024-03-30
7153,Ashley Smith,teresa86@example.org,358-788-6128x398,Denver,Colorado,USA,2025-09-20
7154,Olivia Anderson,katrinapalmer@example.com,001-803-705-0359,New York City,New York,USA,2021-01-26
7155,Joshua Brown,julian95@example.net,(648)996-8117x807,San Francisco,California,USA,2025-04-28
7156,Devin Cannon,abrewer@example.net,(730)810-6838x21254,San Francisco,California,USA,2024-08-12
7157,Laura Lee,kevin70@example.net,242-355-4923,Seattle,Washington,USA,2023-02-27
7158,Jacob Mcclure,vnewman@example.net,978-286-8447x20794,Miami,Florida,USA,2024-12-17
7159,Chris Rodriguez,robert22@example.org,(245)478-4860x254,Las Vegas,Nevada,USA,2021-06-14
7160,April Mack,rmoreno@example.org,001-991-494-2278,Chicago,Illinois,USA,2022-01-22
7161,Robert Wells,fmorgan@example.com,+1-861-281-0777x7834,Boston,Massachusetts,USA,2023-05-17
7162,Christy Reed,jjones@example.org,001-363-876-6735x639,New York City,New York,USA,2025-08-27
7163,Jeffery Bolton,teresabarker@example.com,001-915-306-4603x338,Miami,Florida,USA,2022-06-02
7164,Gina Adams,reillyevelyn@example.com,5779781623,Seattle,Washington,USA,2022-09-11
7165,Gabriel Bailey,xanderson@example.net,+1-463-443-8207x2756,Chicago,Illinois,USA,2023-12-28
7166,Jocelyn Anderson,tbenson@example.net,+1-223-389-4287x7859,Denver,Colorado,USA,2025-12-21
7167,Carlos Cruz,mcdonaldgregory@example.org,3675710201,Miami,Florida,USA,2024-04-15
7168,Robert Carpenter,powellgrace@example.net,(892)298-5175x26387,Austin,Texas,USA,2025-02-12
7169,Jill Mathis,garneralyssa@example.com,(886)357-7813,Miami,Florida,USA,2025-03-22
7170,Kevin Jones,hawkinswilliam@example.org,001-669-286-4022x351,Boston,Massachusetts,USA,2025-01-30
7171,Jonathan Pruitt,millerbriana@example.net,(911)525-6586x54711,Atlanta,Georgia,USA,2021-07-02
7172,Tammy Pearson,robertwagner@example.com,3654707126,San Francisco,California,USA,2024-07-26
7173,Joseph Jones,stewartsamantha@example.com,995.601.7239x0702,Las Vegas,Nevada,USA,2025-05-10
7174,Thomas Cortez,ortizdouglas@example.com,762-319-2859,Phoenix,Arizona,USA,2022-12-07
7175,Luis Smith,leecurtis@example.org,+1-930-332-2467,Atlanta,Georgia,USA,2021-10-20
7176,Kevin Cabrera,wallaceandrew@example.net,655-896-8812x483,Austin,Texas,USA,2025-03-14
7177,Rachel Hopkins,josefrederick@example.org,001-896-778-3326x186,Buffalo,New York,USA,2025-03-13
7178,Victoria Hood,smithjose@example.org,+1-606-682-8126x8289,Miami,Florida,USA,2024-12-02
7179,Julie Hawkins,martha64@example.org,+1-843-685-2207x311,Austin,Texas,USA,2021-01-14
7180,Tammy Montoya,garciamichael@example.net,537-570-6223x031,New York City,New York,USA,2025-07-30
7181,Joseph Davis,jonesmarissa@example.org,287.234.7106x45934,Orlando,Florida,USA,2021-01-04
7182,Keith Simmons,khanlauren@example.com,263.334.2283,San Francisco,California,USA,2021-05-24
7183,Kristen Huber,anthony78@example.com,6246896914,Phoenix,Arizona,USA,2024-11-27
7184,Adam Cole,anthony98@example.org,5199249210,Miami,Florida,USA,2023-12-12
7185,Matthew Daniel,xward@example.net,(333)938-7180x15821,Miami,Florida,USA,2024-09-02
7186,Kelly White,hernandeznancy@example.org,530.277.4318x17575,Austin,Texas,USA,2025-02-10
7187,Kimberly Daniels,huffmanrobin@example.net,+1-853-777-6314x2875,Miami,Florida,USA,2021-12-16
7188,Alicia Rowland,robertlambert@example.org,734.810.2495,New York City,New York,USA,2023-02-07
7189,Andrea Williams,harolddavis@example.org,(276)667-7423,New York City,New York,USA,2024-12-12
7190,Ashley Rangel,donnacarey@example.org,+1-878-653-1853x8556,New York City,New York,USA,2022-02-10
7191,Nicholas Evans,edelacruz@example.org,287-921-2337,Orlando,Florida,USA,2022-01-08
7192,Robert Valencia,nicholasbradley@example.org,001-854-558-1373x448,Chicago,Illinois,USA,2021-08-14
7193,Theresa Sanders,richardsonsusan@example.net,001-557-833-8071x558,Orlando,Florida,USA,2024-03-07
7194,Timothy Campbell,deborahbenjamin@example.com,001-295-389-5748,Atlanta,Georgia,USA,2022-03-12
7195,Jason Jackson,lopezmark@example.com,5583357649,New York City,New York,USA,2022-02-16
7196,Steven Mann,shirleyrodriguez@example.com,+1-879-928-4499x3971,Los Angeles,California,USA,2025-03-16
7197,Kellie Rush,kristin47@example.org,(283)432-7448x771,New York City,New York,USA,2025-07-16
7198,Bradley Montoya,hunter13@example.org,001-937-451-8793x230,Phoenix,Arizona,USA,2022-01-28
7199,Brett Jones,wallacewilliam@example.net,442.949.7318x21214,Austin,Texas,USA,2025-11-21
7200,Kristin Miller,isanchez@example.com,281-496-6799,Miami,Florida,USA,2023-06-22
7201,Mrs. Michele Robertson,kendra06@example.org,(402)764-5794x883,Denver,Colorado,USA,2024-07-02
7202,Christopher Williams,aprilmartin@example.com,534-449-0284x09642,San Francisco,California,USA,2025-11-14
7203,Jessica Franco,debbierobinson@example.org,215.268.5230x166,Denver,Colorado,USA,2021-12-07
7204,Nancy Reyes,curtis82@example.com,(431)944-9734x16138,San Francisco,California,USA,2022-08-24
7205,Jill Buchanan,wtapia@example.org,808-883-9682,San Francisco,California,USA,2023-02-13
7206,Leonard Moore,schwartzkimberly@example.net,809.974.9521x0109,San Francisco,California,USA,2022-07-21
7207,Brooke Silva,bakeramanda@example.org,(442)438-7176x47250,San Francisco,California,USA,2022-12-02
7208,Daniel Moreno,brian10@example.net,7877225935,Los Angeles,California,USA,2024-04-14
7209,Rick Scott,zturner@example.net,457-600-0520x577,Buffalo,New York,USA,2023-09-06
7210,Kaitlin Vasquez,jenniferwatts@example.com,+1-328-794-0604,Orlando,Florida,USA,2024-10-09
7211,Bradley Sanchez,jessica96@example.org,655-303-9952,Phoenix,Arizona,USA,2021-07-26
7212,Patricia Perkins,curtismurray@example.org,359.890.9538x41967,Los Angeles,California,USA,2021-05-06
7213,Barbara Robertson,phillipreid@example.net,+1-321-855-3376x7279,Austin,Texas,USA,2025-03-20
7214,Alexis Smith,brandonclark@example.org,(943)459-4295,Los Angeles,California,USA,2024-09-24
7215,Marc Friedman,reedkenneth@example.net,001-766-233-3364,Las Vegas,Nevada,USA,2025-06-05
7216,Sylvia Hunt,tamara85@example.net,209.326.4256,Los Angeles,California,USA,2021-07-18
7217,Elizabeth Morris,mperez@example.com,947-661-8041,Buffalo,New York,USA,2023-12-06
7218,Marissa Hardin,mackkaren@example.net,001-822-489-5141x040,Phoenix,Arizona,USA,2021-01-15
7219,Amanda Rodriguez,perrytravis@example.org,469.826.7213x6386,Miami,Florida,USA,2024-05-19
7220,Lisa Jennings,timothy01@example.net,947.366.7407,Chicago,Illinois,USA,2025-04-09
7221,Barbara Marshall,robertlee@example.net,(454)494-5035,Austin,Texas,USA,2023-09-23
7222,Isabella Jimenez,patricia08@example.net,+1-203-774-8168x543,Orlando,Florida,USA,2025-03-31
7223,Sean Hughes,carrierodriguez@example.com,001-529-976-3745,Houston,Texas,USA,2024-05-22
7224,Brittany Ruiz,lanetony@example.com,(897)877-5046,Miami,Florida,USA,2022-11-21
7225,Lisa Hart,bryan75@example.com,2939560033,Houston,Texas,USA,2024-10-28
7226,Kevin Schneider,trevorchandler@example.com,001-465-503-8831x552,Boston,Massachusetts,USA,2022-12-04
7227,Madison Blair,elizabethrogers@example.com,904-502-3672x166,Houston,Texas,USA,2025-07-31
7228,Scott Mitchell,taylormark@example.org,(643)956-7729x985,Buffalo,New York,USA,2023-01-10
7229,David Cobb,nicolefuentes@example.org,001-240-232-0957x661,Denver,Colorado,USA,2023-03-28
7230,Thomas Myers,jonesjohn@example.com,001-919-855-6284x167,Miami,Florida,USA,2024-06-04
7231,Douglas Ruiz,judylarson@example.com,(820)929-1001x811,Los Angeles,California,USA,2022-12-31
7232,Jodi Allen,carolrhodes@example.org,734-469-3516,Atlanta,Georgia,USA,2022-11-08
7233,Timothy Stewart,nathaniel62@example.net,922-563-1154,Phoenix,Arizona,USA,2021-07-25
7234,Luis Watson,edward64@example.org,+1-371-534-1760x8325,Los Angeles,California,USA,2023-07-25
7235,Michael Davis,saragonzalez@example.net,(421)739-4089x126,Atlanta,Georgia,USA,2024-12-01
7236,David Welch,jessewilson@example.net,471-782-7021,Miami,Florida,USA,2025-01-25
7237,Amy Norris,dudleygary@example.net,001-539-495-0500,Atlanta,Georgia,USA,2025-12-24
7238,Jordan Garrett,inicholson@example.com,4773548487,Boston,Massachusetts,USA,2021-10-12
7239,Stephanie Watson,meghanlarsen@example.com,+1-930-491-8218,Los Angeles,California,USA,2024-05-17
7240,Sierra Macias,nyoung@example.org,222-992-8924,San Francisco,California,USA,2025-11-15
7241,Michael Hughes,lsanchez@example.net,+1-454-882-3203x249,Chicago,Illinois,USA,2022-07-27
7242,Kendra Morgan,williamgarcia@example.org,976-775-2546,Seattle,Washington,USA,2025-03-19
7243,Michelle Michael,nicole54@example.net,(447)275-9510x2776,Atlanta,Georgia,USA,2022-05-25
7244,Andrew Jones,thomastamara@example.org,+1-330-948-0012x666,Houston,Texas,USA,2023-07-15
7245,Carrie Harvey,ghamilton@example.org,912.811.4927x6648,Las Vegas,Nevada,USA,2024-11-06
7246,Lee Lopez,melaniegarcia@example.net,902-529-3984,Denver,Colorado,USA,2025-11-17
7247,Robert Jenkins,whitney68@example.org,+1-810-866-7854,Orlando,Florida,USA,2023-11-21
7248,Stephen Morrow,debra15@example.net,+1-948-893-3499,Miami,Florida,USA,2024-09-14
7249,Brad Bailey,zcampbell@example.org,+1-828-654-2127x087,Buffalo,New York,USA,2021-01-07
7250,Jasmine Rogers,dunnchristine@example.org,287.356.7463x91599,Denver,Colorado,USA,2025-07-23
7251,Samantha Cruz,linda34@example.org,001-320-396-7859x824,Houston,Texas,USA,2021-02-04
7252,Zachary Williams,brianross@example.com,236-273-1614x2417,Denver,Colorado,USA,2023-01-08
7253,Cynthia Robinson,michelle33@example.net,6548683674,Atlanta,Georgia,USA,2021-04-04
7254,Joshua Potts,leroy64@example.org,626.344.7777x60356,Phoenix,Arizona,USA,2025-02-15
7255,Jennifer Simmons,stephen26@example.net,986.804.5859,Houston,Texas,USA,2024-10-20
7256,David Baxter,jennifertran@example.net,(565)902-5687x349,Orlando,Florida,USA,2022-04-24
7257,John Harris,weberchristian@example.com,846.489.4508x4791,Las Vegas,Nevada,USA,2023-09-20
7258,Stephanie Harper,melissacline@example.org,001-696-329-5106x195,Miami,Florida,USA,2025-02-22
7259,Virginia Baker,lutzdiana@example.org,424-933-8815x082,Las Vegas,Nevada,USA,2025-06-15
7260,Paul Jimenez,edwardslaura@example.org,+1-211-940-5336x8915,San Francisco,California,USA,2022-12-15
7261,Denise Thompson,ellisalicia@example.net,(270)438-7652,Miami,Florida,USA,2023-09-03
7262,Dylan Smith,dharper@example.net,715-590-3035,Denver,Colorado,USA,2025-10-22
7263,Antonio Pierce,allenkristine@example.com,001-232-257-2687,Seattle,Washington,USA,2021-07-25
7264,Maureen Nguyen,rickybarr@example.net,4469380620,Seattle,Washington,USA,2023-02-28
7265,Blake Garcia,joshua73@example.com,565-867-0028,Austin,Texas,USA,2024-05-28
7266,Chelsey Serrano,pamela23@example.org,+1-883-418-4352x7611,Buffalo,New York,USA,2024-12-29
7267,Alexander Hernandez,kristinmedina@example.com,521-697-2143x57243,New York City,New York,USA,2025-11-17
7268,Ashley Brown,michael53@example.net,408-969-9234,Chicago,Illinois,USA,2025-11-30
7269,Jonathan Martinez,iharrison@example.com,001-765-222-9244,Las Vegas,Nevada,USA,2025-05-27
7270,Manuel Cervantes,smithgregory@example.org,(865)974-4932x85545,Atlanta,Georgia,USA,2025-01-07
7271,Brianna Turner,robert11@example.net,(943)270-6935,Chicago,Illinois,USA,2021-03-07
7272,Lisa Clark,george20@example.com,+1-276-373-2753x0975,New York City,New York,USA,2023-10-17
7273,Megan Lopez,josephmiller@example.org,9774683498,Phoenix,Arizona,USA,2021-06-28
7274,Maurice Wu,wtodd@example.net,(525)296-3587,Austin,Texas,USA,2025-09-01
7275,Ronald James,jlarson@example.org,4575263032,Denver,Colorado,USA,2024-01-29
7276,Michelle Wilson,caitlin53@example.org,+1-433-217-2556x4481,Atlanta,Georgia,USA,2023-08-15
7277,Mark Nguyen,samuelwilson@example.com,+1-738-375-7810x712,New York City,New York,USA,2023-07-03
7278,Thomas Davis,christy74@example.net,(763)851-5748,San Francisco,California,USA,2023-09-15
7279,Steven Davidson,jbarber@example.com,990-852-1748,Denver,Colorado,USA,2024-01-13
7280,Sabrina Cherry,georgejohn@example.net,571-722-6453,Buffalo,New York,USA,2022-05-14
7281,Tammy Nixon,cardenasdeanna@example.com,001-762-380-5404x067,Buffalo,New York,USA,2021-12-16
7282,Richard Schaefer,harveykayla@example.com,(432)410-9471,Phoenix,Arizona,USA,2024-09-13
7283,Hayden Ellis,acostakelly@example.net,(272)318-1069x70809,Seattle,Washington,USA,2021-07-03
7284,Michelle Griffin,martinezmichael@example.net,(329)993-8009x1505,San Francisco,California,USA,2023-06-10
7285,Teresa Bradley,jenniferfarmer@example.org,6306560848,Seattle,Washington,USA,2021-03-01
7286,Nicole Brennan,andrewkennedy@example.net,606-620-6735x30980,New York City,New York,USA,2022-10-31
7287,Jenny Garcia,duncanvincent@example.com,378.838.0188x8483,Boston,Massachusetts,USA,2023-02-25
7288,Amber Gonzalez,monica83@example.net,449.994.9275x534,Phoenix,Arizona,USA,2022-07-29
7289,Sarah Thompson,pinedagregg@example.org,+1-829-305-7681,Buffalo,New York,USA,2025-01-12
7290,Lisa Hurst,hgonzalez@example.net,398-958-2178x105,Austin,Texas,USA,2024-09-25
7291,Elizabeth Taylor,patricialandry@example.com,(270)442-7688x3929,Orlando,Florida,USA,2024-10-05
7292,Shannon Harris,andersenlauren@example.org,7445229392,San Francisco,California,USA,2024-09-24
7293,Bobby Jones,michellerobinson@example.org,270-506-1908x58026,New York City,New York,USA,2023-12-31
7294,William Duffy,sara05@example.org,001-319-347-6983x328,Denver,Colorado,USA,2025-01-25
7295,Heather Roberts,harrisbrett@example.com,001-926-532-4137x749,Orlando,Florida,USA,2021-07-05
7296,Shirley Watts,ecastro@example.com,+1-581-691-9155x353,Phoenix,Arizona,USA,2024-11-17
7297,Matthew Evans,imartin@example.org,771-570-3439x037,Houston,Texas,USA,2025-11-21
7298,Laura Navarro,jillianvaldez@example.org,001-889-613-5943x746,Buffalo,New York,USA,2024-03-25
7299,Megan Callahan,wfranklin@example.net,001-305-811-7138,Phoenix,Arizona,USA,2024-05-15
7300,David Singleton,meganturner@example.org,386.659.7953x03337,San Francisco,California,USA,2024-08-11
7301,Regina Conner,rachel96@example.org,838-391-6974,Houston,Texas,USA,2023-02-12
7302,Jonathan Walsh,khood@example.org,690.789.1114x70935,Boston,Massachusetts,USA,2025-01-09
7303,Jose Schmidt,jamesdeleon@example.net,374-872-1477x07608,Seattle,Washington,USA,2025-02-16
7304,Jason Castro,alyssa31@example.com,+1-764-413-7305x2239,Seattle,Washington,USA,2023-02-21
7305,Joanne Thompson,rlopez@example.org,423-794-9953,Denver,Colorado,USA,2024-08-08
7306,Patrick Powell,baileyangie@example.net,619-320-3278x72338,Phoenix,Arizona,USA,2024-02-25
7307,Christine Nguyen,michael17@example.org,(601)715-5619,Atlanta,Georgia,USA,2023-06-14
7308,Peter Mills,kwade@example.net,001-486-406-8930x073,Phoenix,Arizona,USA,2022-04-23
7309,Monica Jimenez,thompsonalexander@example.net,(742)500-1567,Buffalo,New York,USA,2022-06-15
7310,Jessica Stewart,gregory19@example.com,001-854-254-7081,San Francisco,California,USA,2022-08-19
7311,Brandi Chaney,yromero@example.com,567-517-3431x22007,San Francisco,California,USA,2021-08-17
7312,Paul Hunter,morgankaren@example.com,001-467-885-7184x409,San Francisco,California,USA,2022-11-28
7313,Terry Mitchell,brandonsimon@example.com,+1-263-407-9460x521,Seattle,Washington,USA,2024-04-27
7314,William Holt,megan90@example.org,+1-388-698-7673x9817,Boston,Massachusetts,USA,2022-01-21
7315,Jane Henderson,butlerlori@example.com,787-559-4943,Seattle,Washington,USA,2021-08-26
7316,Maria Brown,richardortiz@example.net,708-374-3499,Las Vegas,Nevada,USA,2023-01-24
7317,Chad Burns,ortegaaaron@example.net,001-826-698-3005,New York City,New York,USA,2025-10-14
7318,Michael Chapman,sandracallahan@example.org,001-591-349-6764x765,Houston,Texas,USA,2023-02-18
7319,Casey Hodges,renee84@example.net,+1-369-752-3136x2814,Las Vegas,Nevada,USA,2025-02-18
7320,Mariah Brown,stephaniehawkins@example.org,+1-889-491-7611x598,Los Angeles,California,USA,2022-09-29
7321,Dakota Koch,kmorrison@example.net,(233)450-4915x46361,Los Angeles,California,USA,2024-04-23
7322,Joshua Nguyen,jasminejones@example.org,+1-263-729-7198,Chicago,Illinois,USA,2022-01-24
7323,Mark Wright,ebell@example.com,+1-224-490-6365x9093,Atlanta,Georgia,USA,2023-03-06
7324,Susan Bryan,fostersharon@example.org,383.983.8696,Miami,Florida,USA,2022-10-17
7325,Desiree Torres,wrichardson@example.net,924.475.3973,Phoenix,Arizona,USA,2023-01-18
7326,Angel Lee,sarah14@example.com,862.735.6414,Phoenix,Arizona,USA,2024-10-23
7327,Derek Walters,ostephens@example.com,001-613-880-4753,Boston,Massachusetts,USA,2025-06-20
7328,Justin Whitehead PhD,vcampbell@example.com,001-566-743-5500x972,New York City,New York,USA,2023-12-01
7329,Victoria Castaneda,michele65@example.com,661.673.3822,Denver,Colorado,USA,2024-05-17
7330,Gregory Bailey,lindseymaxwell@example.net,3544021675,Las Vegas,Nevada,USA,2022-03-31
7331,Rachel Reid,qroberts@example.net,001-385-731-5808x088,San Francisco,California,USA,2023-03-21
7332,Linda Sanchez,ufitzgerald@example.net,8259189910,Los Angeles,California,USA,2024-01-08
7333,Kellie Nguyen,jacobward@example.net,776.285.8601x491,Atlanta,Georgia,USA,2023-08-02
7334,Maria Thomas,crawforddaniel@example.org,516-310-7352,Houston,Texas,USA,2021-10-24
7335,Jessica King,matthewsscott@example.com,+1-355-451-5510x6760,Atlanta,Georgia,USA,2022-08-31
7336,Caleb Burns,avelasquez@example.org,676.246.7774x0724,Atlanta,Georgia,USA,2022-03-25
7337,Julie Payne,gwalton@example.com,583-299-1043,Orlando,Florida,USA,2024-10-24
7338,Michael Coleman,jacksonamber@example.net,498-838-5234x3856,Orlando,Florida,USA,2021-10-29
7339,Kelsey Harris,vdavis@example.org,+1-702-234-5774x7742,Las Vegas,Nevada,USA,2022-08-04
7340,Ms. Angela Noble,thompsonscott@example.org,587-311-0548,New York City,New York,USA,2025-03-10
7341,Carolyn Hart,jkhan@example.net,558-798-0963,Denver,Colorado,USA,2025-10-06
7342,Hannah Allen,michaelmccarty@example.org,001-434-907-6109x843,Phoenix,Arizona,USA,2025-08-23
7343,Stephanie Santana,cardenasjulie@example.org,335-833-0205x686,Seattle,Washington,USA,2021-03-12
7344,Natasha Hill,benjamin11@example.com,(375)697-2808,Las Vegas,Nevada,USA,2022-10-18
7345,Daniel Cuevas,jonathan86@example.org,548.463.6724x035,Austin,Texas,USA,2023-10-26
7346,Gregory Craig,heathersutton@example.org,451.620.3745,Seattle,Washington,USA,2021-09-10
7347,Thomas Brown,hatfieldjohn@example.net,990-944-5755x7222,Austin,Texas,USA,2025-10-03
7348,Anne Golden DDS,max70@example.org,+1-972-235-3187x5163,Seattle,Washington,USA,2024-03-21
7349,Priscilla Watkins,uharper@example.com,001-249-794-9717x710,Orlando,Florida,USA,2024-07-16
7350,Cody Torres,peter35@example.com,+1-916-606-2900x8851,Atlanta,Georgia,USA,2022-03-18
7351,Jamie Rivera,nicholasdavis@example.net,001-266-707-7850,Orlando,Florida,USA,2022-08-20
7352,Stanley Martin,joseph99@example.com,001-658-825-3021,Seattle,Washington,USA,2023-02-11
7353,Justin Maxwell,cranejonathan@example.net,565.356.4815x96350,Los Angeles,California,USA,2025-07-18
7354,Melissa Mccarthy,richardsnancy@example.net,+1-933-451-4013x0504,Houston,Texas,USA,2021-11-09
7355,Philip Parker,barbaramiller@example.net,201-268-3780,Atlanta,Georgia,USA,2025-01-07
7356,Ana Mitchell,patrick50@example.net,+1-339-656-7592x431,Buffalo,New York,USA,2025-10-03
7357,Matthew Armstrong,ryan76@example.org,(350)986-1610x29378,Seattle,Washington,USA,2025-07-18
7358,Amber Johnson,mariahtaylor@example.com,001-439-574-6249x995,Buffalo,New York,USA,2024-12-05
7359,Amy Simmons,prodriguez@example.com,357.981.4893x636,Seattle,Washington,USA,2021-04-18
7360,Vernon Ramsey,lauramarshall@example.org,(228)209-6724,Boston,Massachusetts,USA,2025-11-08
7361,Mario Williams,npatel@example.org,553-330-3569,Phoenix,Arizona,USA,2022-01-02
7362,Elizabeth Chambers,twhite@example.net,(964)909-2762,Atlanta,Georgia,USA,2023-09-26
7363,Kevin Rosario,laurenromero@example.org,296-535-2572,Seattle,Washington,USA,2023-03-14
7364,Katherine Kelly,renee00@example.com,624-621-0150,Austin,Texas,USA,2025-07-28
7365,Laura Curtis,jenna03@example.com,+1-789-252-2512,Denver,Colorado,USA,2025-10-04
7366,Timothy Simmons,adam22@example.org,+1-376-243-1306,New York City,New York,USA,2021-02-14
7367,Mr. Nicolas Hughes,lydiamcintosh@example.com,619.409.5653,Chicago,Illinois,USA,2023-03-15
7368,Kathryn Gomez,qking@example.org,976-933-8795x5229,Houston,Texas,USA,2023-05-16
7369,Caitlin Gomez,christophercampbell@example.org,422-960-9084x6501,Denver,Colorado,USA,2023-08-28
7370,Karen Murphy,brendahoward@example.net,623-921-7657x225,Houston,Texas,USA,2025-04-01
7371,Alexander Olson,russell25@example.com,(945)677-6065x4182,Miami,Florida,USA,2023-03-12
7372,Steven Allen,aaron44@example.com,(256)669-4587,San Francisco,California,USA,2023-12-18
7373,Eric Robbins,mark12@example.org,766.944.7728x9415,Seattle,Washington,USA,2022-08-03
7374,Steven Wilson,woodsteven@example.org,+1-950-626-8597x369,Austin,Texas,USA,2024-11-27
7375,Holly Love,obailey@example.org,+1-588-288-0898x427,Boston,Massachusetts,USA,2022-02-04
7376,Randall Gaines,markberry@example.net,+1-567-927-2929x110,Seattle,Washington,USA,2025-10-20
7377,Elizabeth Burnett,kingkevin@example.com,(779)393-8070x717,Chicago,Illinois,USA,2023-03-18
7378,David Gross,gnoble@example.net,414.725.4872x737,San Francisco,California,USA,2021-09-26
7379,Michael Conley,myersmichelle@example.org,+1-584-951-5199x5830,Houston,Texas,USA,2025-03-21
7380,Susan Martinez,obrown@example.com,+1-247-671-5539,Phoenix,Arizona,USA,2024-04-03
7381,Amber Juarez,jeffreyclark@example.org,001-662-919-9477x374,Atlanta,Georgia,USA,2025-07-07
7382,April Hines,robert31@example.net,(271)783-3957,Los Angeles,California,USA,2025-10-07
7383,Yolanda Massey,sorozco@example.org,001-523-327-4656x005,Boston,Massachusetts,USA,2024-12-24
7384,Jeffrey Ford,corey03@example.org,(797)251-0625,Austin,Texas,USA,2023-07-27
7385,Robert Robinson,vasquezeric@example.com,001-911-814-2547,Denver,Colorado,USA,2021-12-02
7386,Abigail White,riveraedwin@example.org,+1-790-869-3955x1790,Las Vegas,Nevada,USA,2021-10-09
7387,Jaime Bishop,austin12@example.com,+1-679-598-5375x0301,Orlando,Florida,USA,2024-11-26
7388,Mark Graves,deaton@example.com,(835)870-2861x7931,Orlando,Florida,USA,2022-08-20
7389,Mallory Dickson,gholland@example.net,257-877-6606,Boston,Massachusetts,USA,2021-10-24
7390,Gregory Wells,grayrebecca@example.org,717.550.0942x66384,Buffalo,New York,USA,2022-03-23
7391,Sandra Roth,stacy08@example.org,001-430-519-6516x207,Phoenix,Arizona,USA,2025-03-13
7392,Nancy Hall,pamela84@example.org,(899)668-6394x091,Buffalo,New York,USA,2025-02-14
7393,Steven Hall,fjenkins@example.com,808-931-4872x43155,Denver,Colorado,USA,2021-01-19
7394,Ian Anderson,kimberly98@example.org,2339963325,Houston,Texas,USA,2025-01-26
7395,James Martin,imeyer@example.com,7713692074,Atlanta,Georgia,USA,2024-03-24
7396,Nicole Guerrero,jgrant@example.com,536.456.5666,San Francisco,California,USA,2024-10-21
7397,Matthew Burton,emurphy@example.net,(611)593-5997x24821,Phoenix,Arizona,USA,2025-10-25
7398,Richard Bradford,cookjesse@example.org,800.795.6886,New York City,New York,USA,2023-02-11
7399,Mr. Kenneth Wallace Jr.,wangchristine@example.org,6012651082,Miami,Florida,USA,2024-10-23
7400,Rebecca Knight,williamchambers@example.com,6757064239,Atlanta,Georgia,USA,2021-12-11
7401,Dawn Burnett,ebrown@example.com,896-955-5788,Boston,Massachusetts,USA,2021-04-26
7402,Sharon Camacho,deannagutierrez@example.net,001-826-271-8720x465,San Francisco,California,USA,2022-12-30
7403,James Smith,andrewcompton@example.com,663-285-4692x20966,Orlando,Florida,USA,2022-01-03
7404,Jessica Frost,markanderson@example.org,437.832.0942,Los Angeles,California,USA,2021-08-29
7405,Carlos Mcdonald,cferguson@example.com,001-742-347-2215x522,Chicago,Illinois,USA,2024-08-24
7406,Eduardo Osborn,katherine39@example.org,767-942-4848,Houston,Texas,USA,2024-04-30
7407,Michelle Moran,darrelltaylor@example.org,001-584-978-3007x332,Miami,Florida,USA,2021-11-01
7408,Rachel Bradley,danielle70@example.net,702.435.6117x30650,Denver,Colorado,USA,2025-01-19
7409,Anthony Melendez,xpena@example.org,3339283614,Miami,Florida,USA,2022-05-17
7410,Mary Gross,zpacheco@example.net,690-343-8242x35238,Los Angeles,California,USA,2021-09-01
7411,Kyle Leon,williamsjohnny@example.net,001-257-723-6347,Buffalo,New York,USA,2023-03-24
7412,Christopher Hunt Jr.,imartinez@example.com,001-242-765-6335x311,Orlando,Florida,USA,2022-09-12
7413,Karen Mullen,henry01@example.com,001-309-785-1305,Seattle,Washington,USA,2024-05-05
7414,Lisa Rodriguez,hbanks@example.org,+1-303-396-6345x3163,New York City,New York,USA,2024-08-29
7415,Tanya Flores,meganmoore@example.net,945.854.3506x826,Seattle,Washington,USA,2023-02-08
7416,Tammy Hart,rebecca78@example.com,001-986-225-4808x314,Phoenix,Arizona,USA,2024-11-17
7417,Gina Castro,patriciacampos@example.org,+1-228-389-2701,Phoenix,Arizona,USA,2024-10-05
7418,Gary Wallace,jacobsmason@example.com,281.560.0024x00716,Denver,Colorado,USA,2021-07-03
7419,Rebecca Andrade,wilkinsmegan@example.org,770-702-7416,Phoenix,Arizona,USA,2023-08-08
7420,Suzanne Torres,evanswayne@example.org,+1-851-718-0785,Atlanta,Georgia,USA,2025-08-03
7421,Tiffany Powers,qgarcia@example.net,001-296-313-7299x770,Denver,Colorado,USA,2023-02-22
7422,Jose Benjamin,dcooper@example.org,001-656-272-4431x270,Austin,Texas,USA,2024-07-19
7423,Juan Cabrera,iweiss@example.net,+1-694-329-7757x825,Denver,Colorado,USA,2023-07-01
7424,Edward Jacobs,hhoward@example.com,721.380.2153x472,Houston,Texas,USA,2021-01-24
7425,Ashley Burnett,codysims@example.net,(850)833-4636x36399,San Francisco,California,USA,2021-08-27
7426,Dennis Hall,henry58@example.net,391-919-3509x84206,San Francisco,California,USA,2021-09-07
7427,Morgan Thompson,dawnsmith@example.org,797-800-4003x936,Orlando,Florida,USA,2024-08-06
7428,Scott Gray,adamsaaron@example.com,355-777-5380,Denver,Colorado,USA,2023-11-10
7429,Mark Reed Jr.,williamsashley@example.org,(787)552-4527x65646,Buffalo,New York,USA,2021-02-17
7430,Suzanne Sims,adam74@example.net,(720)651-4610x53276,Las Vegas,Nevada,USA,2024-03-19
7431,Christina Martin,reneejones@example.net,001-206-232-7218x523,Las Vegas,Nevada,USA,2023-09-10
7432,Jared Nixon,omarclarke@example.net,+1-920-973-0539,Austin,Texas,USA,2024-11-21
7433,Timothy Curtis,raymondlee@example.net,+1-407-338-4243,Seattle,Washington,USA,2021-07-13
7434,Renee Mooney,wendy86@example.org,434.261.3163x948,Phoenix,Arizona,USA,2024-04-29
7435,Rachel Sanchez,holmespatricia@example.net,+1-748-773-8288x7587,New York City,New York,USA,2023-02-26
7436,Angela Smith,lsantiago@example.net,9037717537,Orlando,Florida,USA,2024-08-13
7437,Lisa Davis,waterspatricia@example.com,001-938-346-2499x217,Seattle,Washington,USA,2023-06-08
7438,Keith Nguyen,leslieberg@example.net,954-999-3645x776,Austin,Texas,USA,2024-03-16
7439,Philip Miller,brandongreene@example.org,001-689-691-8766x711,New York City,New York,USA,2021-07-23
7440,Richard Rice,michael28@example.org,(694)548-5290x0804,Houston,Texas,USA,2021-05-11
7441,Chris Lopez,mary67@example.net,7289907234,Seattle,Washington,USA,2025-11-01
7442,Joshua Weaver,alanhorn@example.com,001-294-650-2703x142,Phoenix,Arizona,USA,2024-01-06
7443,Andrew Diaz,evanserika@example.org,548-417-1673x2167,New York City,New York,USA,2023-04-11
7444,Mark Combs,nday@example.net,700-857-7718,Atlanta,Georgia,USA,2024-12-06
7445,Jerry Stephenson,mcox@example.com,(999)657-8111,Los Angeles,California,USA,2023-03-18
7446,Michele Lopez,esmith@example.com,(402)691-6062,Chicago,Illinois,USA,2025-08-02
7447,Jermaine Barrera,cassieandrews@example.com,597.991.8762x67486,Chicago,Illinois,USA,2025-05-24
7448,Lisa Miller,moodygeorge@example.net,(722)949-6171x3989,Phoenix,Arizona,USA,2023-12-22
7449,Derek Hernandez,ldavis@example.com,+1-223-791-0555x8943,Orlando,Florida,USA,2021-05-11
7450,Anne King,jasoncastaneda@example.net,7513112169,Chicago,Illinois,USA,2025-09-11
7451,Allison Howard,edwin05@example.org,(925)866-5408x097,Las Vegas,Nevada,USA,2024-01-09
7452,Ryan Patterson,tracymccormick@example.org,992.859.5367,Seattle,Washington,USA,2025-08-04
7453,Alexander Davis MD,flemingpatricia@example.com,268.217.5862x64820,Phoenix,Arizona,USA,2024-08-27
7454,Timothy Griffith,stephensbob@example.com,677.332.2116x788,San Francisco,California,USA,2025-03-24
7455,Tommy Underwood,timothylewis@example.com,332-543-4500x0956,Phoenix,Arizona,USA,2022-03-01
7456,Natasha Mason,mejiasuzanne@example.net,001-829-956-7203,Denver,Colorado,USA,2021-08-29
7457,Kelly Carson DDS,foleymatthew@example.org,528.540.4522x699,New York City,New York,USA,2025-11-01
7458,Amy Davidson,connercharlene@example.net,8228544668,Las Vegas,Nevada,USA,2024-11-24
7459,Lauren Mullins,kylepena@example.com,001-864-256-8942x599,New York City,New York,USA,2021-01-11
7460,Casey Blanchard,matthew21@example.net,674-988-8239,Chicago,Illinois,USA,2023-07-05
7461,Jason Bryant,conradronald@example.net,(473)520-7742x3964,Phoenix,Arizona,USA,2022-10-06
7462,Renee Solomon,jean63@example.org,7565693796,San Francisco,California,USA,2021-03-22
7463,Brooke Park,emmalyons@example.net,685-285-2186x464,New York City,New York,USA,2024-03-23
7464,Michael Hernandez,dennismanning@example.org,(644)432-0846,Buffalo,New York,USA,2024-08-29
7465,Robert Morales,gonzalezjessica@example.org,(230)976-4470,New York City,New York,USA,2021-06-29
7466,Carolyn Barnett,gallaghercody@example.net,+1-449-849-2673x9730,Chicago,Illinois,USA,2022-06-10
7467,Lisa Graham,hortonmaria@example.com,828.265.1238,Atlanta,Georgia,USA,2025-03-23
7468,Marc Miller,david34@example.net,+1-308-478-4561x3558,Los Angeles,California,USA,2021-06-23
7469,Elizabeth Sanchez,sjohnson@example.com,001-269-443-0391x960,San Francisco,California,USA,2023-11-03
7470,Jermaine Stanley,reginamartinez@example.com,9149065001,Austin,Texas,USA,2023-01-15
7471,Craig Lopez,jboyd@example.org,(569)879-6330,Chicago,Illinois,USA,2021-12-18
7472,Shawna Rodriguez,bellmichael@example.net,905-648-2469,Miami,Florida,USA,2024-09-09
7473,Brad Ramos,williamschristina@example.net,7765103293,Los Angeles,California,USA,2022-05-24
7474,Rebekah Taylor,gary14@example.com,(646)581-4724x87777,Austin,Texas,USA,2021-04-05
7475,Richard Wilkerson,troyshaw@example.com,998.285.7408x6713,Chicago,Illinois,USA,2025-05-23
7476,Lauren Lara,mccartycassandra@example.com,+1-285-831-3126x296,Austin,Texas,USA,2024-09-11
7477,Anthony Gallegos,fbrown@example.org,992.875.4288x472,Chicago,Illinois,USA,2023-07-01
7478,Johnny Chang,qjohnson@example.com,001-778-283-5405x879,New York City,New York,USA,2024-03-27
7479,Anthony Avila,nolanchristopher@example.net,985.832.1407,Orlando,Florida,USA,2024-11-24
7480,Kyle Woods,james60@example.org,001-256-674-8655x985,Houston,Texas,USA,2023-12-07
7481,Meredith Walton,hchen@example.com,502-203-8745,Boston,Massachusetts,USA,2022-12-23
7482,Gabrielle Smith,rachelfrederick@example.com,719-569-5398,Las Vegas,Nevada,USA,2024-01-08
7483,Susan Olson,bsantos@example.org,273.408.3406x845,Chicago,Illinois,USA,2022-03-06
7484,Tyler Dunn,hunter61@example.com,405-682-0578x769,Seattle,Washington,USA,2021-07-22
7485,Matthew Blake,eringonzalez@example.org,(569)850-5825,Denver,Colorado,USA,2025-08-06
7486,Amanda Webb,haydenstanley@example.net,949.996.0716x8302,Los Angeles,California,USA,2022-05-01
7487,Christine Torres,stacynewton@example.net,(934)695-3243x0588,Los Angeles,California,USA,2022-01-21
7488,Kara Burton,katie39@example.com,248-424-8670x796,New York City,New York,USA,2022-09-06
7489,Brittany Wells,wheelerheather@example.com,228.586.7481,Atlanta,Georgia,USA,2025-09-02
7490,Eric Hines,thompsonjohn@example.org,+1-485-715-6188,Buffalo,New York,USA,2021-10-02
7491,Jason Harmon,michaelspence@example.org,001-587-392-4122x746,Las Vegas,Nevada,USA,2024-02-05
7492,Joseph Chan,aaron81@example.com,(495)372-6540x560,Buffalo,New York,USA,2024-04-26
7493,Jeremy Black,bphillips@example.org,(304)813-2555x0138,Houston,Texas,USA,2022-07-23
7494,Tyler Oneal,jessicamacias@example.org,001-600-271-8666x954,New York City,New York,USA,2025-02-02
7495,Michelle Watson,jamespeck@example.org,001-471-583-4898x164,Las Vegas,Nevada,USA,2023-05-15
7496,Cody Martinez,zgonzalez@example.net,001-210-829-0159x386,San Francisco,California,USA,2024-02-01
7497,Brian Fisher,julie41@example.net,891.626.9081,Austin,Texas,USA,2022-06-18
7498,Kimberly Wilson,kyle29@example.com,915-744-3944,Miami,Florida,USA,2024-08-23
7499,Emily Malone,ypierce@example.net,001-765-591-6517x560,Boston,Massachusetts,USA,2021-12-01
7500,Jennifer Quinn,molinacynthia@example.com,001-633-346-1079x318,Miami,Florida,USA,2023-07-24
7501,Christopher Franklin,ingramadam@example.net,499-694-8465,San Francisco,California,USA,2022-06-05
7502,Justin Jones,nathaniel33@example.com,(462)329-3704,Denver,Colorado,USA,2023-05-22
7503,Paul Wilson,lindsayshort@example.net,+1-319-539-4562x7214,Seattle,Washington,USA,2021-10-21
7504,Michael Whitaker,danielteresa@example.net,(863)292-4952,Chicago,Illinois,USA,2022-02-22
7505,Amy Barrera,james02@example.net,903.302.9734,San Francisco,California,USA,2024-07-13
7506,Teresa Stewart,scott17@example.net,995.501.6041x4401,Seattle,Washington,USA,2022-07-06
7507,Mary Rivers,gvazquez@example.org,4392355308,Denver,Colorado,USA,2024-11-28
7508,Brian Marsh,samanthagarrett@example.org,001-400-479-9480x870,Denver,Colorado,USA,2022-01-30
7509,Christine Hamilton,forbesbrandon@example.com,001-820-632-6963x351,Seattle,Washington,USA,2023-02-02
7510,Justin Mathis,brandonspence@example.org,001-971-768-8620,Las Vegas,Nevada,USA,2024-09-08
7511,Edward Mayer,sherry96@example.com,846-474-0600,Denver,Colorado,USA,2025-08-08
7512,Joshua Tran,henrysamuel@example.net,001-317-794-1491x952,Chicago,Illinois,USA,2024-05-23
7513,Michelle Rivas,montoyadrew@example.net,355-973-8555,New York City,New York,USA,2023-05-10
7514,Danielle Singh,angelagonzalez@example.org,(877)921-7897,Atlanta,Georgia,USA,2021-11-11
7515,Paul Rosario,keith65@example.net,908-870-8081x331,Houston,Texas,USA,2025-06-02
7516,Amber Brown,danderson@example.org,001-879-888-4937,Miami,Florida,USA,2023-02-16
7517,James Mccall MD,melissa35@example.com,347-568-9072x0646,Los Angeles,California,USA,2024-05-21
7518,Leah Schwartz,beasleychristina@example.com,752.266.0973,Buffalo,New York,USA,2021-06-08
7519,Kevin Alvarado,perezdavid@example.org,(344)309-9043x98247,Austin,Texas,USA,2021-09-13
7520,Vanessa Mckee,patricia23@example.net,302-882-6984x7281,Chicago,Illinois,USA,2021-08-14
7521,Kim Hayes,gchoi@example.com,878.714.8325,Denver,Colorado,USA,2024-01-29
7522,Jeffrey Martin,michael46@example.com,001-895-347-7550x862,Miami,Florida,USA,2021-05-16
7523,Andrew Torres,joyce21@example.com,950-330-8923x319,Houston,Texas,USA,2024-08-04
7524,Jacob Miller,pettyrussell@example.net,2333157482,San Francisco,California,USA,2023-01-14
7525,Melinda Morgan,dawn71@example.com,247-242-6560,Boston,Massachusetts,USA,2022-11-15
7526,Michelle Young,amartin@example.net,881-236-9760x254,Phoenix,Arizona,USA,2022-07-14
7527,Andrew Rodriguez,psimpson@example.com,+1-972-496-3716x2996,New York City,New York,USA,2025-11-15
7528,John Soto,elizabeth18@example.com,001-907-872-6711x846,Phoenix,Arizona,USA,2022-04-08
7529,Emily Ramirez,millerrobert@example.com,288.365.9691x23943,Austin,Texas,USA,2021-01-21
7530,Billy Peck,amy60@example.net,637.804.3041x51680,San Francisco,California,USA,2023-02-12
7531,Sandra Mason,owalters@example.net,310-876-6330,Buffalo,New York,USA,2023-02-15
7532,Barry Spence,kyle14@example.com,(517)822-1968x1018,San Francisco,California,USA,2025-05-23
7533,Edward Owens,shirleymata@example.net,(500)912-2281x29980,Boston,Massachusetts,USA,2021-09-10
7534,Bradley Bennett,danielwhite@example.org,(338)513-9849x49949,New York City,New York,USA,2023-12-15
7535,Denise Ferguson,shanejackson@example.net,001-758-566-1400x679,Seattle,Washington,USA,2025-11-29
7536,Dustin Greene,medinaalexandra@example.com,747-527-6302,Austin,Texas,USA,2024-04-20
7537,Marvin Dean DDS,kevin79@example.net,826-924-8001x6879,Atlanta,Georgia,USA,2025-07-11
7538,Nicole Wolf,courtney52@example.net,001-457-611-5272x372,Orlando,Florida,USA,2021-07-15
7539,Douglas Smith,jared76@example.org,558.678.2542,Chicago,Illinois,USA,2022-12-16
7540,Patrick Jordan,patricialivingston@example.org,(950)295-3650x1531,Seattle,Washington,USA,2024-03-17
7541,Leroy Wilson,angelamiller@example.net,862-731-1074x52157,Atlanta,Georgia,USA,2022-08-01
7542,Andrew Reyes,vlamb@example.com,+1-833-729-2627x993,Chicago,Illinois,USA,2022-07-10
7543,Mary Howard,sanchezshawn@example.net,+1-476-275-0241x851,Las Vegas,Nevada,USA,2021-07-22
7544,Jennifer Williams,richardsonmichelle@example.org,(665)774-5916,Boston,Massachusetts,USA,2021-04-09
7545,Lisa Pollard,tiffanyhall@example.com,721.777.4296,New York City,New York,USA,2022-10-14
7546,James Tucker,jennifer08@example.com,+1-657-733-6776x9963,Phoenix,Arizona,USA,2023-03-09
7547,Rita Stark,snyderdylan@example.net,(201)357-2339x80134,New York City,New York,USA,2022-12-08
7548,Brian Brown,russellpaul@example.org,347-771-5064x074,Phoenix,Arizona,USA,2025-02-27
7549,Dustin Yang,megan51@example.org,671-301-2252,Denver,Colorado,USA,2025-06-04
7550,Michael Jones,stephenrussell@example.com,7069340509,Chicago,Illinois,USA,2024-02-04
7551,Richard Barnes,tarabailey@example.org,596.809.3673x033,Las Vegas,Nevada,USA,2025-12-12
7552,Samantha Scott,kristine92@example.net,583.758.0604,Atlanta,Georgia,USA,2023-04-05
7553,Cheryl Fletcher MD,smarshall@example.org,417.355.2936,Orlando,Florida,USA,2024-04-28
7554,Vanessa Weaver,hessjennifer@example.com,445.607.5590,New York City,New York,USA,2022-06-15
7555,Devon Campbell,grodriguez@example.com,8949939940,Los Angeles,California,USA,2024-11-07
7556,Nancy Harris,jennifer73@example.net,(688)448-7507x386,Chicago,Illinois,USA,2024-12-31
7557,Matthew Diaz,janet89@example.com,(550)535-6696x1717,New York City,New York,USA,2024-09-08
7558,Karen Owens,jvilla@example.org,843-635-7745x39768,New York City,New York,USA,2021-10-20
7559,Kelly Armstrong,christianbrown@example.net,941-235-8365,Miami,Florida,USA,2024-03-08
7560,Lisa Jones,nguyenrobin@example.net,557-795-1079x1580,Seattle,Washington,USA,2022-07-02
7561,Rose Whitaker,alyssajames@example.org,001-277-692-1577x598,Los Angeles,California,USA,2025-01-25
7562,Kim Stevens,andreastrong@example.net,(637)746-4169x1625,Denver,Colorado,USA,2023-01-29
7563,Deborah Foster,longjohn@example.org,001-898-737-5520x684,Seattle,Washington,USA,2025-05-12
7564,Kevin Cervantes,ylee@example.org,(959)322-3973x518,Buffalo,New York,USA,2024-10-20
7565,Michael Sweeney,wreyes@example.com,+1-270-640-3068,Las Vegas,Nevada,USA,2023-05-07
7566,Nicholas Levy,michellerandolph@example.com,(500)479-5008x4266,Seattle,Washington,USA,2023-07-27
7567,James Mosley,hoffmanwillie@example.net,607-646-3632,New York City,New York,USA,2023-06-18
7568,Larry George,john57@example.com,823.809.4318,Houston,Texas,USA,2025-06-24
7569,Brian Scott,kara49@example.org,(844)496-2649,Orlando,Florida,USA,2023-10-26
7570,Kenneth Ortiz,dbarber@example.com,(378)365-3785,Austin,Texas,USA,2022-07-19
7571,Stephanie Reed,crush@example.org,302.429.7596,Miami,Florida,USA,2023-12-03
7572,Rhonda Weaver,james12@example.com,353.556.1045,Seattle,Washington,USA,2025-12-11
7573,Nathan Owen,millerstacey@example.com,323-286-2499x1813,Boston,Massachusetts,USA,2025-07-26
7574,Troy Smith,thomas42@example.net,+1-753-806-3008x5665,Buffalo,New York,USA,2022-09-18
7575,Cassie Atkins,fmccoy@example.com,(508)394-1368x190,Denver,Colorado,USA,2025-10-24
7576,Heather Wyatt,danielle33@example.net,001-909-872-4281,San Francisco,California,USA,2022-09-18
7577,Kaitlyn Shaffer,blackwellkyle@example.com,+1-240-461-8585x9530,Miami,Florida,USA,2025-04-28
7578,Roy Carter,afarley@example.com,+1-376-693-6534x5945,Houston,Texas,USA,2025-09-28
7579,Charles Stein,conwaynatasha@example.com,559-860-6504x8430,San Francisco,California,USA,2024-07-23
7580,Cassandra Caldwell,monique61@example.com,(482)276-8853,San Francisco,California,USA,2021-06-07
7581,James Brown,larry62@example.net,965-245-2652x91608,Seattle,Washington,USA,2022-05-07
7582,Dustin Cruz,greenebradley@example.net,+1-319-717-9841x2906,San Francisco,California,USA,2021-12-05
7583,Alexa Greer,jonathonbarrett@example.org,(838)329-3479x71898,Las Vegas,Nevada,USA,2021-04-28
7584,Douglas Rogers,gshaw@example.org,001-940-242-6657x733,San Francisco,California,USA,2025-03-03
7585,Vincent Miller,jenniferpage@example.com,(338)762-6985,Austin,Texas,USA,2024-02-09
7586,Sally Davidson,hbailey@example.org,754.993.6354,Boston,Massachusetts,USA,2023-10-07
7587,Kimberly Perez,arios@example.com,+1-799-296-3445,Phoenix,Arizona,USA,2025-11-26
7588,Christopher Lin,alicia98@example.net,(794)711-3228,Los Angeles,California,USA,2023-05-19
7589,George Herrera,samuel19@example.net,(769)372-7091x247,Denver,Colorado,USA,2023-11-08
7590,Danielle Brown,austinkeith@example.org,+1-772-539-9815x9731,Boston,Massachusetts,USA,2025-02-05
7591,Joshua Jenkins,gnelson@example.com,+1-505-448-8236x0229,New York City,New York,USA,2023-09-10
7592,Mr. Anthony Martinez,bfisher@example.net,6298793489,Orlando,Florida,USA,2023-11-21
7593,Jennifer Johnson,mcdanielmichael@example.org,528.253.9889x0579,Denver,Colorado,USA,2024-10-18
7594,David Snow,sophiajohnson@example.net,+1-280-828-7754x047,Boston,Massachusetts,USA,2023-12-27
7595,Brian Dorsey,mparker@example.net,(675)991-2063x4990,Seattle,Washington,USA,2021-09-13
7596,Michelle James,michaelblake@example.org,+1-750-376-3714x9976,Miami,Florida,USA,2021-01-29
7597,Cory Zimmerman,lawsonthomas@example.net,470.351.9642,Las Vegas,Nevada,USA,2022-01-25
7598,John Dudley,mdavies@example.com,001-675-590-4147x146,Boston,Massachusetts,USA,2025-08-30
7599,Susan Bowman,casey20@example.org,(288)362-8404,Seattle,Washington,USA,2021-01-15
7600,Malik Kent,amanda02@example.org,+1-717-955-1591,Seattle,Washington,USA,2023-05-21
7601,Wendy Nelson,griffinnicholas@example.net,617-979-6640,Seattle,Washington,USA,2023-12-31
7602,Elijah Evans DVM,elizabeth89@example.net,001-351-757-1662,Seattle,Washington,USA,2022-12-08
7603,Kenneth Watson,michelle14@example.com,+1-479-926-1488x0851,Buffalo,New York,USA,2025-02-22
7604,Amber Brown,noahsawyer@example.org,(259)781-9687,Denver,Colorado,USA,2025-08-14
7605,Anna Bennett,zacharynunez@example.com,+1-328-309-5190x0204,Boston,Massachusetts,USA,2023-12-18
7606,Melissa Gonzales,erincarr@example.net,993-923-1201x074,Denver,Colorado,USA,2024-06-01
7607,Jerry Parker,wrightkristina@example.net,812.416.3976x9891,Los Angeles,California,USA,2024-05-28
7608,Erik Jones,marklove@example.org,563-731-0312x336,Orlando,Florida,USA,2021-12-12
7609,Joyce Hill,vjackson@example.net,2895020170,Denver,Colorado,USA,2025-12-12
7610,Melissa Zuniga,wilsonlisa@example.org,416-391-0982x6821,Phoenix,Arizona,USA,2023-12-09
7611,Derek Cross,allenscott@example.net,(618)580-0354,Boston,Massachusetts,USA,2022-04-06
7612,William Hernandez,michaelfitzgerald@example.net,(870)548-8266x1396,New York City,New York,USA,2021-06-03
7613,Cheryl Reynolds,james44@example.net,913.343.5041x46752,Houston,Texas,USA,2025-09-16
7614,Jared Leblanc,kristen39@example.org,773-209-0635x80355,New York City,New York,USA,2023-11-19
7615,Mark Miles,kgarcia@example.net,001-912-501-1609x449,Houston,Texas,USA,2021-04-15
7616,Kathleen Olson,carl32@example.com,+1-634-659-7905x1449,Miami,Florida,USA,2023-10-12
7617,Colton Montoya,umiller@example.com,001-727-377-5951,Miami,Florida,USA,2021-12-16
7618,Cheryl Smith,caroline98@example.com,872.615.1809,Houston,Texas,USA,2021-08-20
7619,Lee Phillips,jonesjeffrey@example.net,+1-380-898-4679x809,Houston,Texas,USA,2024-10-22
7620,Susan Mack,jeanetterodriguez@example.com,001-402-749-4009x130,Buffalo,New York,USA,2025-08-31
7621,Chelsea Schroeder,staceylee@example.com,+1-880-437-8917x485,Chicago,Illinois,USA,2025-10-09
7622,Debra Booth,marknunez@example.org,(900)908-4343,Phoenix,Arizona,USA,2025-10-23
7623,Terri Alvarez,yjones@example.org,+1-424-618-0028,San Francisco,California,USA,2022-08-18
7624,William Rodgers,normakirby@example.org,(877)525-5512,Austin,Texas,USA,2023-09-17
7625,Mike Henderson,sarahcummings@example.com,5698435795,Austin,Texas,USA,2022-06-27
7626,Jesse Baker,allison08@example.org,+1-644-975-7650x180,Buffalo,New York,USA,2021-01-05
7627,Robert Brown,alice58@example.com,628-640-9819,Seattle,Washington,USA,2024-07-16
7628,Russell Hernandez,cherylquinn@example.net,583.701.3935x03275,Las Vegas,Nevada,USA,2023-03-18
7629,Jonathan Johnson,prestonkevin@example.net,001-565-284-5645x510,Buffalo,New York,USA,2022-09-17
7630,Julia Lopez,vincentscott@example.com,001-695-667-6768x732,Boston,Massachusetts,USA,2024-08-09
7631,Mr. Derek Waller,obauer@example.org,+1-482-403-1306x4342,Chicago,Illinois,USA,2025-08-19
7632,Connie Lamb,jessica46@example.org,910-784-5376x55392,Boston,Massachusetts,USA,2021-03-14
7633,Mark Howard,bryanjoshua@example.org,001-580-437-3328x800,Boston,Massachusetts,USA,2023-08-07
7634,Mr. Tim Davis,smitharthur@example.net,4439516952,Boston,Massachusetts,USA,2024-06-19
7635,Kenneth Hunter,johnsonwilliam@example.net,+1-709-793-2238x306,Atlanta,Georgia,USA,2023-09-27
7636,Danielle Davis,licathy@example.com,(490)430-4112x2636,Los Angeles,California,USA,2022-12-30
7637,Jennifer Quinn,amandascott@example.net,562.413.7872x7409,Los Angeles,California,USA,2024-06-14
7638,Mrs. Angela Conner,timothyvaughn@example.com,(791)823-6927,Orlando,Florida,USA,2022-11-04
7639,Brenda Alexander,josephsimon@example.net,(992)998-5311x1801,Austin,Texas,USA,2022-12-26
7640,Paige Stewart,daniel54@example.com,761-400-9317,San Francisco,California,USA,2021-01-11
7641,Keith Johnson,wardkevin@example.net,248-788-0980x2932,Houston,Texas,USA,2025-12-29
7642,Jason Blackburn,jessicacrawford@example.org,6447880365,Seattle,Washington,USA,2022-01-17
7643,Misty Fitzgerald,brockjohn@example.com,+1-905-525-7887x6760,Miami,Florida,USA,2022-12-28
7644,Lucas Sanders,emily44@example.com,(344)520-3502,Los Angeles,California,USA,2021-07-27
7645,John Martin,shanegraves@example.net,9092302648,Miami,Florida,USA,2023-10-05
7646,Cindy Day,fosterlinda@example.com,429-211-4192,Buffalo,New York,USA,2021-06-23
7647,Jennifer Richard,icontreras@example.net,+1-723-348-9071x8191,Chicago,Illinois,USA,2023-11-20
7648,Colleen Kirk,erikamahoney@example.net,547.524.7838x8687,Boston,Massachusetts,USA,2021-11-11
7649,Dennis Wallace,gsimpson@example.com,598.202.9492,Miami,Florida,USA,2021-09-11
7650,Crystal Parker,paul08@example.com,(206)970-0910x93021,Boston,Massachusetts,USA,2023-09-26
7651,Michelle Rivera,snowamy@example.org,(496)946-3820,Los Angeles,California,USA,2021-11-15
7652,Carla Gregory,levinekayla@example.net,365.503.5301,Phoenix,Arizona,USA,2024-09-06
7653,Mrs. Cindy Walls,lawrencejoe@example.org,905-207-7355x4883,Austin,Texas,USA,2022-04-09
7654,Cassie Bryant,andersontanya@example.com,8035422392,Orlando,Florida,USA,2023-03-21
7655,Paula Barber,grichardson@example.org,(541)877-3342x0101,Houston,Texas,USA,2022-09-05
7656,Leslie Flynn,sean44@example.com,(679)203-2853,Houston,Texas,USA,2023-05-28
7657,Caleb Thompson,barrerataylor@example.org,(589)769-8066x877,Boston,Massachusetts,USA,2022-01-09
7658,William Wright DDS,andrademax@example.org,(561)592-5361x076,Chicago,Illinois,USA,2025-07-21
7659,Crystal Parker,morenokevin@example.net,944.854.2039x19089,Austin,Texas,USA,2021-08-11
7660,Stephanie Ramirez,stephencasey@example.com,001-333-324-9331x886,Orlando,Florida,USA,2024-09-06
7661,Laura Cortez,davismonica@example.com,+1-955-394-4402,Atlanta,Georgia,USA,2023-06-19
7662,Michael Phillips,lawsonvirginia@example.net,+1-680-556-1519x2314,New York City,New York,USA,2021-10-14
7663,Sarah Hobbs,erobinson@example.com,627.744.9719,Houston,Texas,USA,2025-03-11
7664,Patrick Villegas,ojordan@example.com,(666)731-5864,Miami,Florida,USA,2021-01-12
7665,Laura Kelly,qmckinney@example.com,651-353-6010,Houston,Texas,USA,2025-12-15
7666,Alexandra Morales,joshua50@example.com,989-665-9132,Atlanta,Georgia,USA,2024-12-23
7667,Susan Anthony,margaretgonzalez@example.net,290.868.0264,Buffalo,New York,USA,2021-08-15
7668,Steven Buchanan,upeterson@example.org,(569)561-9810x1682,Buffalo,New York,USA,2022-08-07
7669,John Williams,gabrielnunez@example.org,465-381-5322,Los Angeles,California,USA,2021-10-01
7670,Cameron Callahan,jesse95@example.net,001-419-545-2932x614,Miami,Florida,USA,2023-05-13
7671,Matthew Rodriguez,ryanadam@example.net,+1-490-797-1160x4114,Seattle,Washington,USA,2022-11-10
7672,Michael Wilson,brandonwall@example.org,+1-931-266-1690,Boston,Massachusetts,USA,2021-03-06
7673,Cole Woods,michael11@example.com,+1-751-822-8611x124,New York City,New York,USA,2024-09-26
7674,Aaron Park,mcdanieljack@example.org,001-800-468-8749x519,Buffalo,New York,USA,2023-09-09
7675,Mary Mendoza,dsingh@example.com,885.359.4047x4741,Denver,Colorado,USA,2022-06-29
7676,Samantha Richards,kevinbright@example.com,818-346-5031,San Francisco,California,USA,2023-05-13
7677,Kayla Acevedo,avilla@example.net,+1-946-422-8665x5757,Orlando,Florida,USA,2024-02-01
7678,Laurie Vance,thomasmaria@example.net,6404570325,Orlando,Florida,USA,2025-06-27
7679,Lauren Williams,gonzalezjoshua@example.net,3778636573,Denver,Colorado,USA,2025-01-02
7680,Kristen Meza,eperez@example.com,940-755-4992,New York City,New York,USA,2022-10-28
7681,Sarah Valenzuela,oliviajordan@example.org,+1-938-480-6235x395,Phoenix,Arizona,USA,2025-04-15
7682,Amanda Maxwell,ntaylor@example.com,(432)486-4459x258,Phoenix,Arizona,USA,2025-12-11
7683,Daniel Newman,melissa11@example.net,235-941-1794,Miami,Florida,USA,2023-10-25
7684,Cassandra Dawson,stevensheather@example.com,001-956-615-0132x529,Seattle,Washington,USA,2025-02-28
7685,Kirsten Reyes,colinwinters@example.org,(811)747-4826x847,Atlanta,Georgia,USA,2025-08-18
7686,Gary Higgins,gaycheryl@example.net,+1-413-403-8931x4683,Miami,Florida,USA,2021-09-27
7687,Zachary Porter,kempmike@example.org,224-645-6586,San Francisco,California,USA,2021-08-09
7688,Courtney Perez,bradyjessica@example.org,+1-421-372-3541x431,Phoenix,Arizona,USA,2021-02-13
7689,Shelly Jenkins,garmstrong@example.net,978-950-2812x44963,New York City,New York,USA,2021-11-15
7690,Tara Baker,fdavidson@example.net,(263)204-5461x55067,Houston,Texas,USA,2023-10-22
7691,Nicole Wright,lanedavid@example.com,001-303-460-3635x959,Los Angeles,California,USA,2025-04-21
7692,Joanna Mason,stephanie63@example.com,296-420-8639,Denver,Colorado,USA,2022-04-30
7693,Erika Brown,weavercesar@example.net,001-969-574-7279x520,Los Angeles,California,USA,2024-10-21
7694,Jennifer Monroe,chelsea45@example.org,001-741-933-0944x268,Atlanta,Georgia,USA,2022-12-02
7695,Jeffery Carroll,jordanjoseph@example.com,+1-414-285-4137x458,Miami,Florida,USA,2024-05-07
7696,Nicole Gould,christopher22@example.com,+1-548-501-8226x2433,Seattle,Washington,USA,2021-01-17
7697,Emily Weaver,loridavenport@example.com,(648)417-3243x6871,Miami,Florida,USA,2023-09-11
7698,Kevin Wagner,rodneymacdonald@example.net,001-691-342-5645,Austin,Texas,USA,2022-08-01
7699,Sean Howard DDS,lisahall@example.net,001-730-402-6387x956,Orlando,Florida,USA,2021-06-19
7700,Kathleen Oconnor,vwilliams@example.org,501-594-5621,Phoenix,Arizona,USA,2023-05-29
7701,Patricia King,xsnyder@example.org,+1-942-294-2942x521,Buffalo,New York,USA,2024-06-18
7702,Michael Brown,mccoychristopher@example.com,001-335-594-4722x517,New York City,New York,USA,2025-02-02
7703,Kim Bailey,ftaylor@example.com,+1-757-867-5482,Chicago,Illinois,USA,2022-01-18
7704,Bianca Spears,zacharymarshall@example.org,940-769-6862,Buffalo,New York,USA,2022-07-30
7705,Christopher Schmitt,benjamin20@example.com,(411)643-7199x294,Phoenix,Arizona,USA,2021-08-24
7706,Dennis Arias,umitchell@example.org,+1-524-395-6072,Atlanta,Georgia,USA,2022-06-24
7707,Sabrina Woods,mschultz@example.net,(276)360-2602x94825,Seattle,Washington,USA,2022-05-22
7708,Joseph Schneider,paulamartin@example.org,(809)537-0571,Denver,Colorado,USA,2025-08-08
7709,Jamie Graham,msanders@example.net,(827)704-0523x932,Miami,Florida,USA,2022-02-11
7710,Christine Frederick,thomas55@example.com,001-234-216-6422x031,Orlando,Florida,USA,2024-12-17
7711,Gregory Williams,ramirezheather@example.net,(977)662-9179,Phoenix,Arizona,USA,2025-07-17
7712,Jason Guzman,sochoa@example.org,382-220-1759x8475,San Francisco,California,USA,2024-12-06
7713,Tina Gordon,ronald58@example.org,601-570-1423,Seattle,Washington,USA,2023-10-26
7714,Joseph Chavez,josephadams@example.com,001-336-277-6252x881,Las Vegas,Nevada,USA,2022-01-07
7715,Phillip Arroyo,tdixon@example.org,283-899-7043x8594,Buffalo,New York,USA,2025-10-17
7716,Cynthia Bush,rebecca06@example.org,001-651-695-8476x666,Las Vegas,Nevada,USA,2024-07-12
7717,Megan Rocha,marshmolly@example.net,360-345-4477x82374,Denver,Colorado,USA,2021-11-01
7718,George Obrien,aduarte@example.org,239.599.3559x5446,Buffalo,New York,USA,2021-09-04
7719,Amber Parker,brianperez@example.org,736-492-2002x58221,New York City,New York,USA,2023-04-02
7720,Benjamin Mills,kathleen86@example.com,440-814-7404,Los Angeles,California,USA,2022-07-15
7721,Daniel Rodriguez,amysmith@example.com,703-381-3368,Buffalo,New York,USA,2021-10-27
7722,Joshua Thompson,emily28@example.net,001-411-764-2606,Miami,Florida,USA,2021-02-06
7723,John Schneider,zdougherty@example.net,697.808.3696x04264,Las Vegas,Nevada,USA,2022-02-13
7724,Lori Ferguson,zcollins@example.org,574.225.4061x384,San Francisco,California,USA,2025-11-06
7725,Amy Thomas,hallen@example.net,001-478-779-0091x060,Los Angeles,California,USA,2023-02-18
7726,Mary Sherman,wrightjessica@example.net,289-617-8559x5377,Miami,Florida,USA,2023-12-12
7727,Brady Singleton,dawsonalexis@example.org,001-207-291-3945,Austin,Texas,USA,2024-12-04
7728,Mr. Daniel Sherman,shelleygreer@example.net,(646)217-3490,Denver,Colorado,USA,2022-04-19
7729,Elizabeth Hayes,farrellbrenda@example.com,569.926.7489,Buffalo,New York,USA,2022-11-20
7730,Ashley Anderson,calvinstewart@example.org,001-235-904-5285x358,Miami,Florida,USA,2023-09-09
7731,Joseph Ramirez,lynchedward@example.org,325.436.4625,Los Angeles,California,USA,2023-11-11
7732,Richard Ellis,xortiz@example.net,+1-974-817-8151x8857,Miami,Florida,USA,2024-08-11
7733,Paul Santiago,gflores@example.com,876-512-0877x8320,Los Angeles,California,USA,2022-09-16
7734,Scott Smith,jeremy76@example.net,608-725-8017,San Francisco,California,USA,2022-07-06
7735,Angela Aguilar,christensenjennifer@example.org,+1-374-408-5967x262,Houston,Texas,USA,2022-07-29
7736,Paula Garcia,rochamichelle@example.net,+1-365-689-4562x3121,Houston,Texas,USA,2024-12-28
7737,Gina Fox,thawkins@example.org,393.522.2074,Miami,Florida,USA,2022-05-21
7738,Mrs. Lori Miller,emilyhopkins@example.net,001-714-563-4639x302,Houston,Texas,USA,2021-04-08
7739,Tanya Barnett,ydavis@example.net,(563)429-4462x8781,New York City,New York,USA,2021-03-25
7740,Adam Weber,lyonskimberly@example.com,001-919-449-1516,Los Angeles,California,USA,2021-04-17
7741,Melissa Singleton,coliver@example.org,863-679-5388x209,Denver,Colorado,USA,2025-03-06
7742,Clayton Garcia,kathrynhayes@example.org,+1-310-670-7806x7670,Houston,Texas,USA,2022-03-11
7743,Anthony Walker,andrewclayton@example.org,+1-534-530-7827x9913,Austin,Texas,USA,2023-08-25
7744,Jennifer Mcclain,brianali@example.org,283.934.2709,Austin,Texas,USA,2024-05-27
7745,Derrick Richardson,christopher23@example.org,+1-918-815-1038,San Francisco,California,USA,2023-06-02
7746,Nancy Moreno,christopher01@example.com,7637194266,New York City,New York,USA,2022-06-01
7747,Robert Robertson,zlester@example.net,250-919-7997x2571,Orlando,Florida,USA,2023-01-15
7748,Mary Black,mathew16@example.org,503.992.7665x642,Houston,Texas,USA,2022-09-16
7749,Debra Hubbard,hector46@example.org,5784424909,San Francisco,California,USA,2021-07-18
7750,Peter Murray,ryang@example.com,+1-425-749-5843,Denver,Colorado,USA,2021-01-28
7751,Vincent Petersen,jessica03@example.org,+1-858-560-1499,Denver,Colorado,USA,2024-02-05
7752,Erik Baldwin,ejones@example.net,236-343-1942,Phoenix,Arizona,USA,2025-11-01
7753,Emily Henry,tricia47@example.net,+1-743-271-6552x442,New York City,New York,USA,2022-11-10
7754,Amber Willis,mporter@example.org,001-613-464-9536x600,Houston,Texas,USA,2025-02-27
7755,Rachael Beck,ustanton@example.com,8609736095,Phoenix,Arizona,USA,2023-01-11
7756,Danielle Jensen,litimothy@example.net,+1-338-201-5544x2281,Seattle,Washington,USA,2025-05-14
7757,Laura Le,emilyrowe@example.net,380-520-1622,Las Vegas,Nevada,USA,2023-12-20
7758,Leah Thompson,smithaaron@example.net,+1-596-553-2865,Las Vegas,Nevada,USA,2023-02-01
7759,Brittney Miller,angela89@example.net,+1-889-693-3138,Buffalo,New York,USA,2024-08-24
7760,David Nash,deborahdowns@example.net,598-955-7151x871,Austin,Texas,USA,2022-03-07
7761,Justin Whitney,mtanner@example.org,2279505336,Las Vegas,Nevada,USA,2023-02-26
7762,Michael Jenkins,carolinepatterson@example.com,001-499-865-9808x547,San Francisco,California,USA,2025-12-22
7763,Chad Reilly,lauren67@example.net,8226116916,San Francisco,California,USA,2021-09-25
7764,Jonathan Murphy,nicole37@example.org,+1-932-920-2003,Denver,Colorado,USA,2025-03-01
7765,Thomas Pratt,amandawarner@example.net,(380)673-6451,Las Vegas,Nevada,USA,2021-09-04
7766,Steven Black,wjordan@example.org,+1-844-485-5220,Los Angeles,California,USA,2024-04-16
7767,Eileen Wallace,gmitchell@example.net,680-357-7157x57895,Boston,Massachusetts,USA,2025-12-16
7768,Joshua Chase,lisa60@example.org,+1-393-563-5223x5255,Denver,Colorado,USA,2025-08-02
7769,Julia Leblanc,xlong@example.com,358.545.3019,Buffalo,New York,USA,2022-01-31
7770,David Davis,dperkins@example.com,+1-307-468-3666x8465,Seattle,Washington,USA,2023-07-02
7771,Catherine Jones,steven82@example.net,(928)499-3582x8118,Boston,Massachusetts,USA,2021-07-22
7772,Christina Grant,christopher71@example.org,974.736.4420x86516,San Francisco,California,USA,2024-01-25
7773,Lori Johnson,schmittchristian@example.com,001-296-725-9006x471,Las Vegas,Nevada,USA,2022-12-04
7774,Walter Miller,mjohnston@example.com,+1-242-617-7165x5876,Austin,Texas,USA,2025-01-25
7775,Sheila Moore,jacob11@example.com,(625)994-1230,Orlando,Florida,USA,2025-04-08
7776,James Gonzalez,wperry@example.com,+1-853-742-8002x7146,Buffalo,New York,USA,2023-12-29
7777,Vanessa Ferguson,dennisanthony@example.org,219.824.4263x8017,Seattle,Washington,USA,2021-11-11
7778,Sarah Baxter,fdavis@example.com,970.236.0621x91767,Los Angeles,California,USA,2021-09-19
7779,Scott Walker,wattssandra@example.com,894-241-6228x8165,Buffalo,New York,USA,2023-05-07
7780,Elizabeth Erickson,qfreeman@example.com,950-796-4232x68534,Chicago,Illinois,USA,2024-12-28
7781,Melissa Baker,glenn81@example.com,4412884838,Austin,Texas,USA,2025-12-31
7782,Ashlee Wolf,rothsharon@example.org,001-835-708-2212x452,Boston,Massachusetts,USA,2025-04-05
7783,Robert Salinas,homatthew@example.com,9625465146,Atlanta,Georgia,USA,2025-09-29
7784,Ruth Stephens,zgardner@example.com,+1-614-486-3562x300,Boston,Massachusetts,USA,2024-02-22
7785,Erin Contreras,sullivangregg@example.com,001-357-382-0279,Houston,Texas,USA,2023-01-20
7786,Christopher Lindsey,yodersherri@example.com,(908)428-6054,Orlando,Florida,USA,2024-07-13
7787,Robert Glenn,ymoore@example.org,782-977-6404x9695,Seattle,Washington,USA,2021-08-29
7788,James Lewis,emily83@example.org,+1-975-578-0631x789,Boston,Massachusetts,USA,2023-06-13
7789,Evelyn Gonzalez,kellyrichards@example.net,838-274-1165,San Francisco,California,USA,2023-09-16
7790,Amanda Hartman,smithbrandy@example.org,912.767.6129,Miami,Florida,USA,2023-12-09
7791,Danielle Anderson,walkerrichard@example.org,(865)242-2490x509,Boston,Massachusetts,USA,2023-10-29
7792,Sarah Foster,cory12@example.org,3805196988,Phoenix,Arizona,USA,2021-02-14
7793,Whitney Huynh,ukhan@example.net,(928)237-9692,New York City,New York,USA,2024-05-12
7794,Kevin Garcia,twalter@example.net,329.960.3328x7462,Austin,Texas,USA,2024-11-27
7795,Sierra Wallace,batesteresa@example.org,(980)313-8076x7016,New York City,New York,USA,2022-08-17
7796,Patrick Woods,kyle82@example.net,(994)512-2709x578,Los Angeles,California,USA,2024-03-05
7797,Mark Bell,kimberly41@example.com,857-694-3893,Los Angeles,California,USA,2025-06-15
7798,Paul Marks,kimberly23@example.net,(821)272-1839,Seattle,Washington,USA,2022-01-25
7799,Julie Romero,narnold@example.com,850.600.4835x05593,Seattle,Washington,USA,2025-07-27
7800,Pamela Ford,clementsveronica@example.org,001-709-958-2030x620,Miami,Florida,USA,2023-10-11
7801,Kenneth Martin,khernandez@example.net,+1-660-458-6032x8170,Denver,Colorado,USA,2023-12-27
7802,Latasha Garcia,olivia99@example.net,(616)649-9035x728,Atlanta,Georgia,USA,2023-11-18
7803,Max Russell,hendrixcarlos@example.net,837.749.7550x64648,San Francisco,California,USA,2021-12-05
7804,David Foster,julie28@example.com,204-634-5002,Orlando,Florida,USA,2025-03-18
7805,James Nguyen,cwalsh@example.org,+1-496-624-3517,Chicago,Illinois,USA,2023-02-26
7806,Christopher Villarreal,patricia60@example.com,(855)853-9064x815,Chicago,Illinois,USA,2025-05-16
7807,Jason Shaw,qkim@example.org,(838)540-9353,Miami,Florida,USA,2023-04-01
7808,Sherri Gutierrez,shawnprice@example.net,+1-754-365-8730x889,Las Vegas,Nevada,USA,2022-07-11
7809,John Koch,qfischer@example.net,001-286-871-5623x347,Buffalo,New York,USA,2022-01-12
7810,Cody White,lrichardson@example.net,(471)520-6154x00575,Los Angeles,California,USA,2021-11-24
7811,Kevin Day,umills@example.org,+1-923-630-1359,Las Vegas,Nevada,USA,2022-03-23
7812,David Webb,youngcaleb@example.com,001-872-971-8452x310,Las Vegas,Nevada,USA,2024-11-27
7813,Marie Meza,stephendiaz@example.net,4948057218,Los Angeles,California,USA,2025-12-06
7814,Charles Kline,vanessascott@example.com,+1-755-534-9591x3669,Boston,Massachusetts,USA,2025-06-08
7815,Marcus Cochran,morrisjessica@example.com,827.931.1201x50538,Chicago,Illinois,USA,2023-07-22
7816,Deborah Reynolds,rodriguezwalter@example.net,001-416-850-7468x074,Chicago,Illinois,USA,2024-12-20
7817,Tina Brady,sarahsmith@example.net,282.756.7695,Seattle,Washington,USA,2023-12-12
7818,Gina Woodard,tcox@example.net,(490)694-7539,Austin,Texas,USA,2022-09-14
7819,David Soto,hdelacruz@example.com,001-454-759-7693x986,Atlanta,Georgia,USA,2022-03-28
7820,Jose Garcia,whitedon@example.net,661.830.9440,Austin,Texas,USA,2024-12-21
7821,Daniel Esparza,sford@example.org,+1-497-957-0403x0506,Austin,Texas,USA,2024-02-05
7822,Pamela Brown,buckleyscott@example.net,+1-297-566-5124,San Francisco,California,USA,2021-12-17
7823,Victoria Walters,davidowen@example.com,348-452-8172,Buffalo,New York,USA,2021-04-04
7824,Trevor Padilla,ricejohn@example.org,348-863-5573x07441,Chicago,Illinois,USA,2022-05-03
7825,Jean Douglas,edwardssabrina@example.net,001-875-468-8110,Austin,Texas,USA,2021-03-22
7826,Daniel Bowers,jonathanperez@example.org,845-419-2949,Denver,Colorado,USA,2021-10-31
7827,John Rice,cjohnston@example.com,570-692-6620x63246,Boston,Massachusetts,USA,2022-07-23
7828,George Landry,daniel76@example.net,(633)206-7271,Boston,Massachusetts,USA,2021-09-30
7829,Julia Torres,aaron49@example.com,751-667-5304x43928,Austin,Texas,USA,2025-11-24
7830,Steven Morrow,pcooper@example.net,981.782.7954,Phoenix,Arizona,USA,2021-04-16
7831,John Carney,christinefernandez@example.net,287-481-0319x83636,Denver,Colorado,USA,2022-05-25
7832,Amanda Hawkins,amanda39@example.com,969.637.4959x6039,Atlanta,Georgia,USA,2022-03-07
7833,Julie Johnston,heatherjohnston@example.com,347.742.7201,Chicago,Illinois,USA,2021-08-26
7834,Bradley Glover,wilcoxanthony@example.net,862-786-7715x49128,Los Angeles,California,USA,2024-08-21
7835,Matthew Mccarty,jacob13@example.com,922.563.0393x4073,Houston,Texas,USA,2024-07-19
7836,Katie Grimes,wandapeters@example.net,+1-452-740-6245x1480,Las Vegas,Nevada,USA,2023-01-26
7837,Michaela Roberts,vmartinez@example.org,(293)290-8535x714,Houston,Texas,USA,2021-06-20
7838,Eileen Alvarez,jerry41@example.com,737-773-2513,Seattle,Washington,USA,2025-12-16
7839,Jessica King,bdawson@example.com,+1-379-538-7625x0706,Chicago,Illinois,USA,2022-06-25
7840,Joanne Galloway,stephenlopez@example.org,+1-782-537-2359x9677,Seattle,Washington,USA,2021-10-01
7841,Jamie Bradley,arieljohnson@example.com,001-299-800-9260x053,Miami,Florida,USA,2024-06-06
7842,Bethany Smith,linda23@example.org,366-427-1609,Austin,Texas,USA,2022-10-27
7843,Chad Campbell,rrowland@example.net,(932)917-4050x50285,Los Angeles,California,USA,2024-07-05
7844,Richard Hill,floresashlee@example.net,434.402.8923x0389,Atlanta,Georgia,USA,2021-01-22
7845,Kathleen Haas,christopherwalton@example.net,001-487-749-3065x592,Atlanta,Georgia,USA,2022-12-30
7846,Jason Cardenas,alyssa21@example.net,001-678-243-8371x764,Buffalo,New York,USA,2025-02-05
7847,Miguel Chavez,ubeasley@example.com,+1-911-700-5243x6754,Austin,Texas,USA,2021-12-28
7848,Sandra Villarreal,shirleyweaver@example.org,774-470-0265,Austin,Texas,USA,2021-02-02
7849,Steven Floyd,wilsonstephanie@example.com,977.398.8155,Chicago,Illinois,USA,2024-09-08
7850,Tamara Brown,dwilson@example.net,364-270-7911x70575,Atlanta,Georgia,USA,2025-05-13
7851,Valerie Monroe,zacharycunningham@example.org,909-463-9175x55282,Phoenix,Arizona,USA,2024-04-09
7852,Erin Reynolds,bethheath@example.org,828.363.0279,San Francisco,California,USA,2025-01-19
7853,Autumn Morgan,olsonamanda@example.com,(754)225-3193x05840,Seattle,Washington,USA,2024-11-10
7854,John Edwards,rsimmons@example.com,+1-248-552-5914x458,Miami,Florida,USA,2024-09-01
7855,Katherine Bell,mary07@example.com,5359855102,Austin,Texas,USA,2025-11-17
7856,Dr. Jordan Rogers,wgonzalez@example.org,742.297.8175,Denver,Colorado,USA,2024-07-23
7857,Jeffrey Warner,jacksonjason@example.org,519.500.0648,Las Vegas,Nevada,USA,2024-02-03
7858,Rodney Rogers,wilsonallen@example.com,558.581.8449,Buffalo,New York,USA,2025-07-31
7859,Aaron Richards,linda50@example.net,666.725.7336,Orlando,Florida,USA,2022-03-28
7860,Brandy Hale,rosezachary@example.com,001-478-434-4093x835,Houston,Texas,USA,2022-07-05
7861,Adrian Porter,nicolekeith@example.net,001-798-781-3946,Buffalo,New York,USA,2024-04-06
7862,Michael Haley,jennifer92@example.net,625-720-0910,Denver,Colorado,USA,2025-07-13
7863,Christine Green,carrilloamy@example.net,(207)866-9411x605,Atlanta,Georgia,USA,2025-03-22
7864,Sabrina Lane,ramirezrobin@example.com,001-379-961-9861x443,Miami,Florida,USA,2021-11-15
7865,Jessica Burgess,oknight@example.org,(592)999-3012,Orlando,Florida,USA,2022-04-20
7866,William Hernandez,qibarra@example.com,001-239-461-6113x641,Seattle,Washington,USA,2025-01-27
7867,Rebecca Fowler,ewhite@example.net,+1-308-791-1162x238,Miami,Florida,USA,2023-01-25
7868,Michael Young,wilkinsangela@example.org,808.647.3216,New York City,New York,USA,2023-09-09
7869,Maria Perez,squinn@example.net,582-912-7885x4141,San Francisco,California,USA,2023-10-13
7870,Donna Vazquez,emilyjohnson@example.net,572.627.5537,New York City,New York,USA,2023-07-30
7871,Brenda Nelson,lucerograce@example.com,282-522-1306,New York City,New York,USA,2025-07-29
7872,Robin Graham,smithgregory@example.net,+1-700-801-4180x5372,Atlanta,Georgia,USA,2021-12-27
7873,Barbara Martinez,banksjulie@example.org,8159289908,Buffalo,New York,USA,2024-03-12
7874,Elizabeth Jimenez,kelly02@example.org,453.338.3874,Orlando,Florida,USA,2025-02-02
7875,James Sherman,qfuentes@example.net,+1-965-887-4857x4625,New York City,New York,USA,2024-08-19
7876,Rachel Skinner,stricklandbrandon@example.net,+1-997-588-3034,Austin,Texas,USA,2021-02-13
7877,Brandon Odonnell,hansendavid@example.org,+1-577-329-1632x3000,Austin,Texas,USA,2021-11-30
7878,Kristina Obrien,istanton@example.org,+1-425-528-7608x4722,Boston,Massachusetts,USA,2021-12-30
7879,Danielle Craig,pacevedo@example.com,526.933.8752,Atlanta,Georgia,USA,2023-03-19
7880,Jared Myers,listephanie@example.net,8266708140,Denver,Colorado,USA,2024-05-29
7881,Charles Fitzgerald,xrogers@example.net,284.708.1072x096,Buffalo,New York,USA,2021-05-23
7882,Jason Herrera,kaylagomez@example.org,518-552-3699x892,New York City,New York,USA,2021-05-28
7883,Rebecca Williams,gwoodard@example.com,679.519.0465,Miami,Florida,USA,2022-05-18
7884,Matthew Hansen,megangonzalez@example.com,5954748559,Orlando,Florida,USA,2024-08-14
7885,Michael Brown,reyesmelissa@example.org,+1-528-831-0476,Miami,Florida,USA,2021-07-25
7886,Colleen Haynes,jenniferjohnson@example.org,+1-241-716-5659,Seattle,Washington,USA,2023-12-15
7887,Kyle Hansen,davisangela@example.org,001-621-360-5179x817,New York City,New York,USA,2025-01-28
7888,Jason Richardson,mckeepamela@example.com,377-370-8033x4594,Phoenix,Arizona,USA,2025-07-13
7889,Jeffrey Valdez,oneillgregory@example.com,(328)568-5095x55714,Los Angeles,California,USA,2024-05-20
7890,Kayla Patel,michaelgross@example.net,8068583475,San Francisco,California,USA,2023-02-13
7891,Angela Hicks,nowen@example.com,2294925404,Miami,Florida,USA,2021-02-12
7892,Sean Parker,dblanchard@example.com,583-597-0193x2270,San Francisco,California,USA,2025-08-20
7893,Tiffany Hernandez,ljohnson@example.org,001-302-605-8342,Los Angeles,California,USA,2025-04-13
7894,Willie Campbell,deborahblackwell@example.org,(331)963-7542x5993,Atlanta,Georgia,USA,2024-08-12
7895,Dylan Davis,daniel91@example.com,846-893-8536x062,Boston,Massachusetts,USA,2021-03-31
7896,Robin Moore,johnsonlouis@example.org,612.354.5499x61404,New York City,New York,USA,2022-05-24
7897,Mark Gilmore,smithjohn@example.com,+1-929-944-9506x958,Phoenix,Arizona,USA,2021-06-21
7898,Edward Perez,christinasteele@example.com,+1-980-823-0039x9514,Austin,Texas,USA,2021-10-20
7899,Kimberly Rodriguez,susan08@example.net,468.372.3904x42797,Denver,Colorado,USA,2024-05-13
7900,Nicole Bryant,janestevens@example.org,558.825.7610x58821,Los Angeles,California,USA,2025-06-11
7901,Miguel Miller,kenneth87@example.org,+1-789-261-1411,Los Angeles,California,USA,2025-06-10
7902,Jon Rodriguez,mitchell61@example.com,200-215-3911x7133,San Francisco,California,USA,2024-01-16
7903,Lance Glover,brendavaldez@example.org,+1-480-917-3493,Seattle,Washington,USA,2025-08-03
7904,Kelly Sanchez,umorgan@example.net,(224)829-5259,Houston,Texas,USA,2025-10-13
7905,Victoria Hoover,glenn77@example.com,432-909-2266x91419,Seattle,Washington,USA,2021-06-24
7906,Anthony Mason,scottgrimes@example.net,648.484.9908,Buffalo,New York,USA,2021-10-13
7907,Dennis Williams,phillipmatthews@example.net,255.320.6609x8558,Orlando,Florida,USA,2025-04-05
7908,Meghan Patel,davidfletcher@example.net,+1-958-424-8459x2546,Las Vegas,Nevada,USA,2023-06-29
7909,Tina Ortiz,ljenkins@example.org,2302541774,Atlanta,Georgia,USA,2021-12-01
7910,Tara Lee,carl88@example.net,575.565.3118x29387,Austin,Texas,USA,2022-11-11
7911,Jamie Fitzgerald,rodriguezamanda@example.net,642.245.3759x2939,Orlando,Florida,USA,2021-11-13
7912,Amy Patton MD,cynthiawolfe@example.net,8089629759,Buffalo,New York,USA,2021-04-25
7913,Patrick Colon,ishepherd@example.net,490-249-4068x491,Chicago,Illinois,USA,2024-11-18
7914,Heather Buchanan,eblack@example.net,(613)214-5731,Austin,Texas,USA,2024-07-09
7915,Carrie Merritt,dominiquediaz@example.com,(746)279-0555x88506,Chicago,Illinois,USA,2021-09-10
7916,Stephen Butler,thomas83@example.com,001-953-710-7151x252,Los Angeles,California,USA,2025-08-17
7917,Alexandra Lopez,ronaldfoster@example.net,(422)283-1087,Los Angeles,California,USA,2021-07-30
7918,Angela Chase,gwendolynwood@example.org,(806)553-2884,Chicago,Illinois,USA,2022-08-31
7919,Thomas Maldonado,david54@example.net,695.737.9653x914,San Francisco,California,USA,2023-11-14
7920,Amy Newton,harold71@example.com,971.491.4651x2038,Boston,Massachusetts,USA,2025-09-10
7921,Shelia Jarvis,vpeterson@example.net,718-486-1616x6282,Miami,Florida,USA,2021-10-18
7922,Joe Brown,wbrooks@example.com,887.644.8165x43281,Los Angeles,California,USA,2022-04-05
7923,Robin Moon,traceyallen@example.net,(638)914-9112x55179,Los Angeles,California,USA,2022-04-10
7924,Linda Stewart,robert58@example.org,4215995127,Miami,Florida,USA,2023-03-01
7925,Anthony Wood,kevin14@example.org,235-942-7645,New York City,New York,USA,2022-12-25
7926,Ashley Davis,vanessa32@example.com,001-687-426-6556x948,Denver,Colorado,USA,2022-08-11
7927,Christian Aguilar,brandonhogan@example.net,478-905-9015,Buffalo,New York,USA,2025-12-06
7928,Susan Campbell,cynthiaturner@example.com,(225)860-4251,Denver,Colorado,USA,2023-02-27
7929,Matthew Foley,warnermichael@example.org,356.203.8384x75943,Denver,Colorado,USA,2025-12-16
7930,Cheyenne Thompson,leslie02@example.org,+1-268-544-7058,Seattle,Washington,USA,2025-08-13
7931,Kimberly Brown,usexton@example.org,+1-700-387-9858x350,Boston,Massachusetts,USA,2021-08-19
7932,Holly Smith,christine30@example.net,+1-762-992-3497x4913,Orlando,Florida,USA,2021-12-14
7933,Devin Sanders,djohnson@example.org,4577732764,San Francisco,California,USA,2022-04-05
7934,Jennifer Thompson,ryanstone@example.net,3976897963,San Francisco,California,USA,2022-08-01
7935,Kimberly Gutierrez,kflores@example.com,775-359-9852x008,Houston,Texas,USA,2021-06-06
7936,Michael Knight,craig92@example.net,001-374-350-4167x313,Las Vegas,Nevada,USA,2022-11-15
7937,Ralph Davenport,betty70@example.net,886-308-3183,San Francisco,California,USA,2023-01-09
7938,Sean Harper,maryhernandez@example.org,001-927-226-8159x995,Boston,Massachusetts,USA,2021-06-23
7939,Dominic Anderson,joshuamiller@example.com,3197963028,Boston,Massachusetts,USA,2021-03-30
7940,Christine Walton,epeterson@example.com,730.794.7775x15084,Las Vegas,Nevada,USA,2021-11-06
7941,Dr. Maria Hamilton,daniel40@example.net,792.883.9373x3459,New York City,New York,USA,2023-05-28
7942,Jonathan Thomas,nancy22@example.org,777.710.6287,Chicago,Illinois,USA,2022-11-17
7943,Allison Porter,franksmith@example.com,488.739.6775x9784,Las Vegas,Nevada,USA,2022-01-07
7944,Dr. Alexandra Adams,gregoryashley@example.org,+1-590-649-1687x8058,Denver,Colorado,USA,2023-05-21
7945,Kevin Willis,collinsrick@example.net,001-904-455-1045x999,New York City,New York,USA,2024-09-28
7946,Wanda Boyle,calderonchristina@example.org,832-446-7680,Denver,Colorado,USA,2022-09-10
7947,John Larson,zachary06@example.com,001-302-713-7439x550,Las Vegas,Nevada,USA,2025-08-02
7948,Dr. Kevin Russell,thomasapril@example.com,304-560-1978,Austin,Texas,USA,2022-12-15
7949,Brandon Liu,chambersjessica@example.com,546-222-7168x9229,Boston,Massachusetts,USA,2021-08-01
7950,Rebecca Quinn,davidmartinez@example.net,824-213-9517x5147,Austin,Texas,USA,2023-10-20
7951,Mr. Terry Wright,fostergary@example.net,+1-826-870-4077,Denver,Colorado,USA,2023-01-26
7952,Sandy Hardy,gregorydoyle@example.net,+1-693-552-2591x0067,Boston,Massachusetts,USA,2022-06-28
7953,Nancy Khan,stephanielong@example.net,(804)305-2982,Phoenix,Arizona,USA,2024-12-27
7954,Jacob Kirby,nancyhernandez@example.net,001-786-883-3347x609,Phoenix,Arizona,USA,2021-06-06
7955,Christopher Gray,helliott@example.com,001-201-991-6440x938,Phoenix,Arizona,USA,2021-01-05
7956,Adrian King,kwilliamson@example.net,(821)234-7988x675,Atlanta,Georgia,USA,2021-11-01
7957,Rebecca Gonzalez,fischervictoria@example.org,001-647-694-5994x507,Phoenix,Arizona,USA,2024-09-05
7958,Bailey Smith,tara13@example.org,+1-997-390-4845,New York City,New York,USA,2022-10-18
7959,John Parsons,allendiana@example.org,654.330.8836,New York City,New York,USA,2023-03-11
7960,Yvonne Collins,andrearobinson@example.com,+1-926-536-0713,Orlando,Florida,USA,2025-01-17
7961,Jeffrey Brewer,jensensarah@example.org,821.828.3190x637,Phoenix,Arizona,USA,2025-05-28
7962,Stephen Shepherd,jacobsonkendra@example.org,584-921-1774,Orlando,Florida,USA,2025-07-27
7963,Stephen Collins,sara29@example.org,408.525.3820,San Francisco,California,USA,2021-08-20
7964,Veronica Jones,jsmith@example.org,001-515-794-3091x949,Las Vegas,Nevada,USA,2023-05-26
7965,Linda Browning,kristajackson@example.com,+1-952-293-1256,Seattle,Washington,USA,2022-07-25
7966,Julia Jones,sydney41@example.org,+1-694-342-4622x3695,New York City,New York,USA,2021-07-05
7967,Susan Rodriguez,denisejohnson@example.org,806-896-8500x260,Houston,Texas,USA,2021-09-19
7968,Johnathan Sanchez,reyesbrenda@example.com,884-492-2864x7905,New York City,New York,USA,2025-04-21
7969,Robin Barker,tellis@example.net,(642)866-2463x41463,Miami,Florida,USA,2022-12-24
7970,Julie Roberts,sarah17@example.org,(997)244-2409,Houston,Texas,USA,2023-10-10
7971,Melissa Murphy,martineric@example.org,001-413-232-8859x046,Miami,Florida,USA,2023-09-13
7972,Megan Petersen,danielnichols@example.com,(567)622-9246x98398,Seattle,Washington,USA,2023-04-28
7973,Lisa Melton,gthomas@example.org,298.751.5497,Las Vegas,Nevada,USA,2025-06-14
7974,Brian Lawson,huffmanisaac@example.org,001-766-866-1611x934,Denver,Colorado,USA,2022-11-14
7975,Krystal Lawrence,robinsonrobin@example.net,2575720577,New York City,New York,USA,2025-07-01
7976,George Yang,marcusjensen@example.org,856-925-0380x8511,Denver,Colorado,USA,2022-05-19
7977,Melissa Gonzalez,jadestrickland@example.net,+1-632-489-4943x6385,Miami,Florida,USA,2023-05-08
7978,Margaret Mccarty,brandtamanda@example.net,843-284-7409,Chicago,Illinois,USA,2023-10-16
7979,Kenneth Hughes,laurenhart@example.org,(647)246-2198x2871,Chicago,Illinois,USA,2023-12-30
7980,Barbara Hughes,tiffany13@example.com,425.788.0323,Orlando,Florida,USA,2023-12-27
7981,Jennifer White,bryanjones@example.net,292.481.1156x76683,Chicago,Illinois,USA,2025-08-10
7982,Katherine Lynch,ihernandez@example.com,(432)219-5380,Buffalo,New York,USA,2023-02-27
7983,Daniel Gregory,victor98@example.net,941.239.6439x771,San Francisco,California,USA,2024-04-04
7984,Spencer Miller,alejandro15@example.net,6382125116,Seattle,Washington,USA,2023-05-14
7985,Jonathan Simmons,joshuahumphrey@example.net,284-753-5236,Chicago,Illinois,USA,2024-03-29
7986,Danielle Rodriguez,knightdavid@example.com,001-776-435-8842x618,Phoenix,Arizona,USA,2024-11-21
7987,Janet Hill,rtucker@example.net,9847965864,Phoenix,Arizona,USA,2025-03-13
7988,Allison Delgado,patrickpeck@example.net,596-784-9010x05582,Buffalo,New York,USA,2024-12-10
7989,Ashley Robinson,dennis19@example.org,705.666.1950x0811,San Francisco,California,USA,2022-04-27
7990,Kathy Gonzalez,fieldsluke@example.com,490-956-7168x50414,Houston,Texas,USA,2021-01-06
7991,Aaron Long,bennettjennifer@example.net,+1-252-394-0554x472,Buffalo,New York,USA,2025-10-09
7992,Stephanie Martin,umcintyre@example.org,(352)830-6543x4111,Los Angeles,California,USA,2023-01-13
7993,Kristin Calhoun,rjordan@example.org,543.773.9666,Chicago,Illinois,USA,2023-08-29
7994,Amanda Graham,nancyjones@example.org,854.740.8199,New York City,New York,USA,2021-08-14
7995,Rebecca Henson,krista46@example.com,001-747-732-3827x223,Los Angeles,California,USA,2022-12-17
7996,Nicholas Robertson,fallen@example.com,(473)499-1133x948,Houston,Texas,USA,2025-10-05
7997,Joseph Lewis,shannondaniel@example.org,960-400-1720x16867,Atlanta,Georgia,USA,2025-11-11
7998,Carrie Washington,amber21@example.net,4838248986,Phoenix,Arizona,USA,2025-08-05
7999,Edgar Carter,ewashington@example.net,001-499-930-1636x786,New York City,New York,USA,2022-08-27
8000,Denise Jackson,william89@example.net,861.825.6974,Orlando,Florida,USA,2021-10-23
8001,Michelle Shaw,sandra34@example.com,(870)215-6407x94096,Atlanta,Georgia,USA,2025-10-14
8002,Bradley Frazier,alyssaali@example.org,5184038472,Chicago,Illinois,USA,2023-05-13
8003,Jacqueline Adams,carolhanna@example.com,4464675079,Buffalo,New York,USA,2022-03-08
8004,Jeff Lane,danielcoleman@example.net,001-716-915-9951,Atlanta,Georgia,USA,2022-04-05
8005,Michael Arnold,matthew95@example.com,6557288590,Los Angeles,California,USA,2025-03-10
8006,Mark Gibson,pamela01@example.net,+1-883-986-6645x9811,New York City,New York,USA,2021-08-29
8007,Christopher Mendoza,richardsonelizabeth@example.com,964-208-0903,Seattle,Washington,USA,2024-12-12
8008,Sherry Garcia,sheri49@example.org,(554)625-8220,New York City,New York,USA,2023-02-13
8009,Brian Young,santosmarc@example.com,452-576-3736,Seattle,Washington,USA,2021-02-23
8010,Christina Greer,kimberly94@example.com,001-823-909-9949x601,Seattle,Washington,USA,2023-05-20
8011,Wendy Ramos,andrew69@example.com,779.205.0707,Houston,Texas,USA,2021-04-21
8012,Hayden Freeman,bakerkim@example.org,(700)430-3614,Seattle,Washington,USA,2021-08-06
8013,Theresa George,wesleygordon@example.org,(547)287-1021,Denver,Colorado,USA,2024-04-06
8014,Eric Lyons,petersonsarah@example.com,918-746-5685,San Francisco,California,USA,2023-09-04
8015,Allison Henry,catherine39@example.com,6503711186,Atlanta,Georgia,USA,2024-05-01
8016,Donald Murphy,welchkathryn@example.com,534.202.9474,Atlanta,Georgia,USA,2021-11-20
8017,Stephanie Arellano,yramsey@example.com,+1-607-767-6636x9602,Los Angeles,California,USA,2021-10-28
8018,Maria Moyer,haletina@example.net,(215)301-5353x4295,Houston,Texas,USA,2021-10-17
8019,Ashley Wilson,morrowrichard@example.org,001-760-618-1467x661,San Francisco,California,USA,2022-05-17
8020,Carla Miller,derekmcdowell@example.net,(760)908-3254,San Francisco,California,USA,2021-01-26
8021,Dr. Ronald Graham DVM,davidnguyen@example.com,2973971134,Las Vegas,Nevada,USA,2025-08-30
8022,Chad Rose,pacelatoya@example.net,493-427-0386,Atlanta,Georgia,USA,2023-05-03
8023,Joshua Smith,reyesmatthew@example.com,200-390-2582,New York City,New York,USA,2025-04-17
8024,Dawn Gonzalez,patriciaramirez@example.net,463.425.4157x203,New York City,New York,USA,2023-08-21
8025,Fernando Phillips,ismith@example.com,572-938-0510x864,Seattle,Washington,USA,2021-10-14
8026,Terri Gibson,joan39@example.net,771-731-0197,Seattle,Washington,USA,2023-12-17
8027,Tamara Hughes,melissa58@example.org,+1-644-528-8663,Seattle,Washington,USA,2022-09-06
8028,Steven Butler,hillmichelle@example.net,451.561.9354,Orlando,Florida,USA,2023-04-23
8029,Aaron Porter,taramendoza@example.net,+1-663-576-7208x3024,Seattle,Washington,USA,2022-11-22
8030,James Caldwell,yreed@example.net,+1-717-535-8055,Orlando,Florida,USA,2025-05-20
8031,Dawn Nelson,isaiahmay@example.net,+1-406-604-3520x881,Denver,Colorado,USA,2024-11-24
8032,Cheryl Hamilton,hendersonmary@example.org,+1-846-642-8484x1376,Los Angeles,California,USA,2022-08-11
8033,Linda Campbell,michele47@example.net,(301)666-6598x41981,San Francisco,California,USA,2021-11-16
8034,Tina Perez,bgay@example.com,001-985-348-8781x600,Los Angeles,California,USA,2025-12-10
8035,Daniel Johnson,johnhunt@example.net,001-273-506-8094,Denver,Colorado,USA,2021-03-07
8036,Mark Sanchez,henryluis@example.org,(549)763-5571,Las Vegas,Nevada,USA,2025-03-19
8037,Stefanie Martinez,averymary@example.com,7897680019,New York City,New York,USA,2023-10-28
8038,Jamie Schmidt,jesse71@example.org,(554)443-1121,New York City,New York,USA,2021-01-23
8039,Cynthia Hill,erin78@example.org,586-298-4158,Miami,Florida,USA,2025-09-02
8040,Tanya Long,wendy62@example.com,594.600.3546,Miami,Florida,USA,2024-10-24
8041,Breanna Barrett,deborahmitchell@example.net,830.833.7430,Boston,Massachusetts,USA,2023-07-20
8042,Thomas Mendez DDS,andrew07@example.com,254-451-1414x2336,Chicago,Illinois,USA,2024-12-27
8043,Jordan Warner,bethanygonzalez@example.net,709.363.4209x88407,Atlanta,Georgia,USA,2022-06-13
8044,Leslie Lara,angelamiller@example.org,599-247-3187,Boston,Massachusetts,USA,2024-03-17
8045,Michelle Osborn,kathleen05@example.com,554-292-1451x5898,Chicago,Illinois,USA,2022-09-19
8046,Kevin Mason,brian27@example.com,001-360-492-3237x273,Seattle,Washington,USA,2022-04-11
8047,Mark Olsen,martinerik@example.org,001-574-998-2198,Miami,Florida,USA,2021-11-18
8048,George Andrews DDS,davisjennifer@example.com,910.676.8007x9747,Austin,Texas,USA,2021-07-08
8049,Juan Richard,bobbybrooks@example.org,(305)471-6194x354,Chicago,Illinois,USA,2023-02-13
8050,Dan Smith,theresaanderson@example.com,+1-203-911-6000,New York City,New York,USA,2025-03-02
8051,Karen Roberts,monica02@example.net,001-971-814-0710x056,Buffalo,New York,USA,2023-04-01
8052,James Hernandez,yjohnson@example.com,001-428-231-5908x091,Las Vegas,Nevada,USA,2021-04-25
8053,Jeffrey Snyder,bassterri@example.com,9974424966,Buffalo,New York,USA,2023-03-15
8054,Patrick Hays,samanthadavis@example.org,(490)908-2281x95941,New York City,New York,USA,2025-08-12
8055,Gabriel Perez,yjenkins@example.com,(840)979-9741x113,Seattle,Washington,USA,2024-02-20
8056,Sandra Coleman,scottkristen@example.com,001-708-815-2332,Las Vegas,Nevada,USA,2025-09-20
8057,Donna Collins,kathy65@example.com,226.841.5970,San Francisco,California,USA,2025-07-31
8058,Christie Holmes,sean39@example.org,(816)933-5981x282,Seattle,Washington,USA,2023-08-18
8059,Kari Frey,hullnatalie@example.com,8224235835,Orlando,Florida,USA,2022-10-04
8060,Christian Ritter,cranebrooke@example.net,965-849-9807,Denver,Colorado,USA,2024-08-07
8061,Zachary Buckley,martinlogan@example.net,(934)713-7738,Miami,Florida,USA,2025-08-22
8062,Randall Briggs,zmccormick@example.org,001-619-958-3731,Miami,Florida,USA,2021-12-04
8063,Rebecca Leblanc,jonesamber@example.com,001-462-266-9723x336,Los Angeles,California,USA,2025-07-04
8064,Matthew Harrison,brendasmith@example.net,+1-925-942-8150x9741,Houston,Texas,USA,2024-08-17
8065,Amy Mathis,jeffrey25@example.org,840.884.2618x6333,Miami,Florida,USA,2022-02-03
8066,Patricia Gutierrez,jane56@example.org,+1-915-277-8625x5336,Austin,Texas,USA,2021-08-11
8067,Michele Schultz,brookemarquez@example.net,275-598-8675x57017,San Francisco,California,USA,2021-06-09
8068,Michael Lee,holmesmary@example.net,001-347-587-3223x546,Houston,Texas,USA,2024-05-20
8069,Peter Garcia,smithjoseph@example.com,(968)437-7256,Phoenix,Arizona,USA,2025-09-30
8070,Dawn Austin,zacharyclements@example.net,+1-851-850-7561x2047,Houston,Texas,USA,2021-02-27
8071,Eric Stewart,hortondaniel@example.com,469.864.0499x328,Buffalo,New York,USA,2022-08-01
8072,Jeffrey Brown,sarahrobinson@example.com,4098915028,New York City,New York,USA,2024-01-15
8073,Jennifer Mckenzie,ramirezjoshua@example.org,+1-548-225-6499x7103,San Francisco,California,USA,2021-05-14
8074,Robert Carey,gary92@example.org,+1-498-952-9116x679,Buffalo,New York,USA,2024-05-07
8075,Gregory Willis,laurie29@example.com,+1-208-334-2441,Los Angeles,California,USA,2025-03-30
8076,Rachael King,johnmeza@example.org,(804)977-0710,Boston,Massachusetts,USA,2022-09-26
8077,Lisa Allen,jessica77@example.net,+1-383-621-3706x0362,Buffalo,New York,USA,2024-02-04
8078,Mr. Joseph Walls,morrisjacob@example.org,(795)849-5733,Buffalo,New York,USA,2024-07-31
8079,Maria Montgomery,jennifermorris@example.net,(563)287-2211x7409,Boston,Massachusetts,USA,2021-03-08
8080,Katherine Ferguson,stephaniemccarthy@example.net,445-464-6059x095,Buffalo,New York,USA,2022-07-06
8081,Daniel Banks,fosterlisa@example.org,+1-209-438-0895x7567,San Francisco,California,USA,2024-03-13
8082,Michael Brown,laurabowen@example.com,001-564-736-4607,Las Vegas,Nevada,USA,2021-04-02
8083,Phyllis Edwards,dominguezbradley@example.net,(213)929-1376,Las Vegas,Nevada,USA,2025-06-07
8084,Keith Stokes,benjamin96@example.net,(343)248-0890x83105,Orlando,Florida,USA,2021-04-04
8085,Brandon May,longlauren@example.org,001-300-581-9766x049,Los Angeles,California,USA,2022-10-07
8086,Bill Brady,dawn54@example.org,655.473.1221,San Francisco,California,USA,2022-09-25
8087,Rose Cobb DVM,littlejessica@example.net,418.202.9785x74215,Los Angeles,California,USA,2023-01-01
8088,Julia Patterson,jross@example.com,707-216-5010x58670,Phoenix,Arizona,USA,2022-08-02
8089,Laura Norris,suttonangela@example.com,870-918-6650,Miami,Florida,USA,2023-10-22
8090,Monica Zhang,bstanton@example.org,853-559-1643x211,Buffalo,New York,USA,2022-10-07
8091,Phillip Reese,christyturner@example.org,(488)226-1523x34301,Phoenix,Arizona,USA,2023-03-12
8092,Brenda Boone,kristen08@example.org,972.685.9209x252,Seattle,Washington,USA,2022-12-30
8093,Gabriel Hall,vhernandez@example.org,001-711-854-6774x337,New York City,New York,USA,2024-12-10
8094,Victoria Parker,isaacbrown@example.org,+1-229-300-4682,Denver,Colorado,USA,2021-07-19
8095,Michelle Trevino MD,pamelawallace@example.net,4766209288,Houston,Texas,USA,2023-04-15
8096,Alyssa Brown,johnhunter@example.com,716.377.6210,Boston,Massachusetts,USA,2025-02-27
8097,Justin Brown,washingtondebra@example.net,001-563-652-0684x877,Chicago,Illinois,USA,2021-07-26
8098,Brad Schwartz,ashley12@example.com,332-633-9854x37601,Chicago,Illinois,USA,2025-07-12
8099,Penny Porter,tommywilliams@example.net,001-230-226-5582x414,Phoenix,Arizona,USA,2021-11-04
8100,Brandi Donaldson,andrewsmiranda@example.net,+1-993-630-6153x1124,Los Angeles,California,USA,2024-04-17
8101,Courtney Young MD,nicholasstanley@example.com,(318)651-4441,Phoenix,Arizona,USA,2023-02-22
8102,Jesse Cox DVM,grant82@example.net,+1-644-887-2502x9462,Orlando,Florida,USA,2024-04-15
8103,Alexander Holmes,westsue@example.com,(203)583-4145x0436,Atlanta,Georgia,USA,2025-10-11
8104,Allen Wright,dvaughn@example.org,777.264.3171,Los Angeles,California,USA,2022-08-18
8105,Beth Thomas,arthur47@example.org,(909)271-0878x4147,New York City,New York,USA,2021-11-07
8106,Michael Barnes,donovansamantha@example.org,+1-912-432-2364x4549,Denver,Colorado,USA,2023-08-07
8107,Adrian Hernandez,jeff95@example.org,792-214-9514x827,San Francisco,California,USA,2025-12-18
8108,Victoria Leach,richardjulie@example.net,(443)404-9672x9894,Denver,Colorado,USA,2021-07-11
8109,Carl Conley,sophia19@example.net,962-779-4444x6851,Seattle,Washington,USA,2022-04-20
8110,Sara Berry,jeremyhall@example.net,+1-476-309-8129x775,Boston,Massachusetts,USA,2022-03-18
8111,Phillip Reynolds,astark@example.net,(385)992-6587x218,Phoenix,Arizona,USA,2024-10-27
8112,Anna Johnson,jessicaross@example.com,500-758-5268,Denver,Colorado,USA,2021-10-16
8113,Riley Clayton,smithcarolyn@example.org,695.733.7875x6247,Phoenix,Arizona,USA,2025-01-11
8114,Kelly Mckenzie,edward17@example.com,+1-519-309-9363x7613,New York City,New York,USA,2023-10-25
8115,Mallory Hobbs,zavalatheresa@example.net,978.251.5600x877,Chicago,Illinois,USA,2025-02-01
8116,Melanie Waters,brianelliott@example.com,4924440112,Las Vegas,Nevada,USA,2024-08-27
8117,Tracy Owen,jessicanguyen@example.net,(683)756-7569,Chicago,Illinois,USA,2025-04-24
8118,Brian Hammond,gomezmisty@example.org,001-677-704-5967x516,Houston,Texas,USA,2023-07-06
8119,Rebecca Stein,stuartnavarro@example.com,8029659492,Phoenix,Arizona,USA,2021-09-26
8120,Richard Martin DDS,bwarren@example.net,+1-576-768-3455x579,Houston,Texas,USA,2022-08-19
8121,Maria Compton,perezmichael@example.org,289-803-4007x4400,Houston,Texas,USA,2024-06-30
8122,Mr. Robert Campbell DDS,raymond93@example.net,001-219-304-4940x550,Atlanta,Georgia,USA,2023-06-02
8123,Wesley Fuller,heather93@example.org,615-898-1041x3447,Los Angeles,California,USA,2025-12-30
8124,Teresa Mcpherson,christineknox@example.net,576.654.2785x513,Seattle,Washington,USA,2025-05-05
8125,Joshua Berger,janetmiller@example.com,+1-510-806-3828x1819,Denver,Colorado,USA,2023-03-05
8126,Christina Reed,kanthony@example.net,+1-666-281-6780x4463,Buffalo,New York,USA,2022-03-04
8127,Angela Miller,joneskerri@example.net,548.291.6976x0535,Las Vegas,Nevada,USA,2024-05-27
8128,Alicia Robbins,brhodes@example.com,001-993-734-9884x368,San Francisco,California,USA,2021-11-09
8129,David Savage,rfleming@example.net,499.396.9788,Las Vegas,Nevada,USA,2024-07-09
8130,Victoria Sanchez,careyjamie@example.net,+1-900-654-4720x374,Orlando,Florida,USA,2021-07-19
8131,Teresa Taylor,jacobjohnston@example.net,001-590-658-2842x839,Phoenix,Arizona,USA,2021-01-31
8132,Jessica Zavala,alyssamartinez@example.net,905-800-3827,New York City,New York,USA,2025-04-19
8133,William Frye,jessephillips@example.net,969-486-9720x06051,Atlanta,Georgia,USA,2022-09-26
8134,Mark Smith,erik23@example.com,244-934-3827,Chicago,Illinois,USA,2025-11-12
8135,Anthony Nelson,robertyoung@example.net,001-473-897-8543,Phoenix,Arizona,USA,2025-05-20
8136,Alicia Page,samantha91@example.org,803-435-5478x18825,Boston,Massachusetts,USA,2021-06-28
8137,Donna Moore,lisa83@example.com,968.312.7807x55999,Orlando,Florida,USA,2021-07-12
8138,Alan Taylor,morrisjames@example.com,7994524894,Orlando,Florida,USA,2022-10-05
8139,Jennifer Freeman,amendez@example.org,+1-258-998-5502x687,New York City,New York,USA,2022-08-29
8140,Adam Bray,autumn81@example.net,5718282611,New York City,New York,USA,2021-05-20
8141,Doris Miller,willisnicole@example.net,(909)615-9531x27757,Austin,Texas,USA,2024-03-26
8142,Christine Roy,leekathryn@example.org,+1-492-212-0295x395,Houston,Texas,USA,2022-12-25
8143,Corey Fox,peter59@example.com,(473)801-0561x1785,San Francisco,California,USA,2021-05-26
8144,Daniel Velasquez,davistiffany@example.net,463.360.2980x62967,New York City,New York,USA,2024-12-26
8145,Charles Burke,gregory74@example.com,384-396-4311x350,Phoenix,Arizona,USA,2023-08-02
8146,Vanessa Shelton,rita33@example.com,791.827.4789,Austin,Texas,USA,2023-08-28
8147,Susan Owen MD,youngdavid@example.com,(537)988-2102,Austin,Texas,USA,2025-04-12
8148,Larry Miller,ortizmelinda@example.com,+1-591-531-7750,Boston,Massachusetts,USA,2023-06-25
8149,Dylan Olson,bernardkelly@example.org,+1-834-890-0666,Denver,Colorado,USA,2021-10-15
8150,Jessica Buchanan,longmegan@example.org,(402)823-9414x79113,San Francisco,California,USA,2024-03-10
8151,Sydney Brown,dunnrebecca@example.org,+1-874-247-3831x3901,Orlando,Florida,USA,2021-03-23
8152,Theodore Odonnell,anna87@example.org,7624721304,Houston,Texas,USA,2025-10-26
8153,Derrick Logan,newtonkristina@example.net,701.327.9996,Austin,Texas,USA,2023-04-02
8154,Renee Martin,troy01@example.com,498.416.2971x46798,Miami,Florida,USA,2025-10-22
8155,Kevin Baker,bgarrett@example.org,(428)701-0215,Las Vegas,Nevada,USA,2024-10-25
8156,Sandra Perez,wpeck@example.org,517.978.3510x8895,New York City,New York,USA,2023-06-22
8157,Philip Martin,robert51@example.net,001-752-256-7129x652,Houston,Texas,USA,2023-11-16
8158,Aaron Hubbard,morgan53@example.com,212-565-5603,Atlanta,Georgia,USA,2024-07-03
8159,Maria Powell,janetbeasley@example.net,674-325-7821x01683,Houston,Texas,USA,2023-02-05
8160,Lynn Morrow,sarahbowman@example.com,001-964-340-1785,San Francisco,California,USA,2024-10-29
8161,Kevin Crawford,ramosrebecca@example.org,+1-592-456-6496,Miami,Florida,USA,2023-11-03
8162,Yolanda Perkins,sarahkelley@example.org,001-695-458-8614,Orlando,Florida,USA,2022-06-23
8163,Patricia Bell,cummingsteresa@example.com,+1-261-693-7931x1060,Boston,Massachusetts,USA,2025-11-29
8164,Jennifer Rodriguez,dustin65@example.net,001-590-787-7724,Denver,Colorado,USA,2021-03-29
8165,Christopher Mcdonald,anthony51@example.net,(785)339-6827x49505,Las Vegas,Nevada,USA,2024-08-11
8166,Angel Jackson,bperry@example.net,200-902-9624,Los Angeles,California,USA,2025-02-26
8167,Eric Freeman,millerrobert@example.org,220-242-5989x497,Phoenix,Arizona,USA,2022-05-17
8168,Olivia Williams,calvinwatkins@example.org,407-983-6679x66222,Seattle,Washington,USA,2025-08-09
8169,Natasha Smith,jennifermartinez@example.com,673-274-6912x06694,Chicago,Illinois,USA,2021-01-17
8170,Terrence Cook,justinfloyd@example.org,324-438-9602,New York City,New York,USA,2025-10-14
8171,Sharon Gardner,hansonjeremy@example.com,783-894-6155x64222,San Francisco,California,USA,2022-08-19
8172,Alexandria Wang,gainesricardo@example.com,488-487-7509,Miami,Florida,USA,2021-11-21
8173,Drew Arellano,janice77@example.org,(882)328-0459,Las Vegas,Nevada,USA,2023-03-29
8174,Amanda Johnson,danarussell@example.com,(872)681-2108,Atlanta,Georgia,USA,2021-05-30
8175,Philip Yoder,joshua55@example.com,263.313.9590,Buffalo,New York,USA,2023-03-07
8176,Matthew Clark,andrew99@example.com,(965)812-8793,Atlanta,Georgia,USA,2023-08-05
8177,Michael Burke,atkinsonpaula@example.net,(765)391-0093x1390,Denver,Colorado,USA,2021-07-11
8178,Charles Dawson,adammiller@example.org,+1-907-408-5613x531,Houston,Texas,USA,2023-08-13
8179,Kevin Abbott,yorkryan@example.com,8722528828,Orlando,Florida,USA,2024-08-08
8180,Wyatt Francis,timothy81@example.com,(503)908-3947x8927,Chicago,Illinois,USA,2025-08-03
8181,Dillon Williams MD,danieljohnson@example.com,001-741-676-8691x984,Orlando,Florida,USA,2021-08-12
8182,Dr. Michelle Freeman MD,uruiz@example.org,872-571-7300,San Francisco,California,USA,2022-01-05
8183,Lisa Chapman,dillonbarbara@example.org,001-398-875-3723,Seattle,Washington,USA,2021-08-10
8184,Jon Parker,gravestheresa@example.com,(942)477-7190x810,Boston,Massachusetts,USA,2023-03-24
8185,Stephen Torres,denise87@example.net,830.955.8206x6945,Phoenix,Arizona,USA,2023-06-07
8186,Danielle Sherman,duffyfrank@example.org,964.887.6247,Buffalo,New York,USA,2023-04-03
8187,Andrew Chaney,rachel16@example.net,001-834-228-0534x544,Houston,Texas,USA,2021-05-13
8188,Robert Martinez,tuckermelissa@example.net,(920)614-5406,Houston,Texas,USA,2022-12-03
8189,Charles Brown,ucunningham@example.com,512.874.4171x664,Las Vegas,Nevada,USA,2023-09-23
8190,Erin Morris,kimberly25@example.net,621-530-1897,Buffalo,New York,USA,2024-12-09
8191,Bruce Boone,sanchezcynthia@example.com,9094693159,Seattle,Washington,USA,2023-09-03
8192,Timothy Gilbert,crystal13@example.net,(472)788-0764,San Francisco,California,USA,2022-07-25
8193,Paula Smith,emilygriffin@example.org,(364)375-7737x068,Orlando,Florida,USA,2021-03-20
8194,Ryan Gonzalez,patrickjennifer@example.com,001-958-631-2868,Chicago,Illinois,USA,2021-11-15
8195,Jeffrey Diaz,michaelward@example.org,(492)309-3332x416,Orlando,Florida,USA,2021-10-26
8196,Jason Mccullough,smithmaria@example.org,(382)871-3689x157,Denver,Colorado,USA,2022-03-14
8197,Austin Dickerson,sherryford@example.net,326-364-9583x98637,Houston,Texas,USA,2024-03-09
8198,Mark Smith,websteralexandra@example.com,586.470.0176x6191,Los Angeles,California,USA,2024-05-16
8199,Troy Little,kingbrandon@example.org,995.271.6201,Phoenix,Arizona,USA,2023-02-18
8200,Mrs. Carol Smith,wdixon@example.com,479.333.8724,Los Angeles,California,USA,2025-07-14
8201,Matthew Floyd,jonesmadison@example.org,746.977.6969,Houston,Texas,USA,2025-06-06
8202,Jonathan Salas,madisonmurphy@example.org,764.758.9948,Miami,Florida,USA,2023-08-28
8203,Jamie Hampton,briancosta@example.org,3008363991,Buffalo,New York,USA,2021-04-21
8204,Jamie Vargas,whiteanne@example.net,919.915.0803x30257,Buffalo,New York,USA,2025-11-13
8205,Edward Robinson,mgilmore@example.com,217-615-2588,Los Angeles,California,USA,2025-04-03
8206,Stephanie Ramirez,michelle12@example.net,313-836-5199,Denver,Colorado,USA,2023-05-17
8207,Larry Hurst,qowens@example.org,695-531-7142,Austin,Texas,USA,2022-06-01
8208,Lance Davis,huntertyler@example.net,001-930-609-5592,Denver,Colorado,USA,2021-12-27
8209,Brianna Henderson,kiara78@example.com,266-966-6770x154,San Francisco,California,USA,2021-10-18
8210,Lisa Harris,wallacecrystal@example.net,2029986554,San Francisco,California,USA,2022-07-15
8211,Patrick Juarez,shannonwhite@example.net,753.529.3918,Miami,Florida,USA,2021-06-17
8212,Ashley Thomas,kerrjason@example.net,(316)741-9382x95306,Austin,Texas,USA,2025-11-25
8213,Jason Smith,ryan08@example.net,495-759-0702x6849,Seattle,Washington,USA,2023-07-14
8214,Nancy Brown,michael28@example.com,9902279311,Atlanta,Georgia,USA,2023-05-10
8215,Julie Marshall,paul97@example.com,+1-248-582-1408x889,Chicago,Illinois,USA,2022-03-15
8216,Derek Long,williamjennings@example.net,001-776-268-0078x574,Denver,Colorado,USA,2022-06-16
8217,Teresa Knight,johnsonshelby@example.com,(252)788-5920x557,New York City,New York,USA,2025-08-28
8218,Brianna Pugh,halljoseph@example.net,413-373-1450x1162,Los Angeles,California,USA,2021-07-09
8219,Jamie Adkins,joseph11@example.net,(819)255-9409x95987,Boston,Massachusetts,USA,2023-05-28
8220,Megan Lewis,hollyperry@example.com,5168984657,Houston,Texas,USA,2025-03-23
8221,Joseph Valdez,moranheather@example.org,7996242155,Austin,Texas,USA,2021-12-03
8222,Kathryn Murray,jacquelineyoder@example.com,927.337.3828,Buffalo,New York,USA,2022-12-17
8223,Kyle Lopez,robinsonmichael@example.org,3994439692,Miami,Florida,USA,2023-09-14
8224,Lindsay Brown,michaelgallegos@example.net,339-416-3808x231,Orlando,Florida,USA,2024-01-02
8225,Raymond Livingston,christopher69@example.net,881.984.5567x289,Seattle,Washington,USA,2025-05-25
8226,Adriana Ruiz,lingram@example.org,498.406.7628x611,New York City,New York,USA,2024-11-27
8227,Ashley Knight,qray@example.com,001-955-815-6880x017,Miami,Florida,USA,2022-12-28
8228,Lindsey Frazier,melissaedwards@example.net,227-990-3291x99169,Boston,Massachusetts,USA,2024-11-20
8229,Cody Rose,aharper@example.com,(290)795-9023,Las Vegas,Nevada,USA,2023-03-08
8230,Mr. Jason Frank,julian33@example.com,870-453-4750x883,Atlanta,Georgia,USA,2021-01-21
8231,Mark Grimes,lnelson@example.org,001-930-779-5281x851,Chicago,Illinois,USA,2025-05-23
8232,Kelsey Sutton,umendoza@example.com,899-438-0954x70439,Boston,Massachusetts,USA,2024-05-07
8233,Rachel Figueroa,vanessa69@example.org,(528)303-0513,Buffalo,New York,USA,2021-06-09
8234,Danielle Cross,qdiaz@example.net,265-447-1154,Seattle,Washington,USA,2024-09-29
8235,Ashley Sullivan,meredith47@example.com,(271)880-5522,Las Vegas,Nevada,USA,2024-06-16
8236,Daniel Gentry,ambercolon@example.net,(493)303-7636x04836,New York City,New York,USA,2022-10-26
8237,Anthony Lopez,jessica16@example.org,4743219322,Denver,Colorado,USA,2025-08-14
8238,Rachel Miller,zreed@example.org,441.987.7516,Seattle,Washington,USA,2025-03-02
8239,Sean Guerrero,manuelward@example.com,7975280441,Atlanta,Georgia,USA,2025-02-17
8240,Richard Martinez,williamssavannah@example.com,658.383.4351x754,Seattle,Washington,USA,2022-10-11
8241,Sabrina Pruitt,evanspeter@example.org,6909000122,Los Angeles,California,USA,2021-11-05
8242,Derek Lee,hendrixjeremiah@example.org,001-906-580-8755,Boston,Massachusetts,USA,2023-07-29
8243,Tyler Harrison,roger43@example.com,001-530-247-8142x345,Boston,Massachusetts,USA,2021-10-30
8244,Heather Martin,salasjohn@example.com,+1-918-729-1546x979,Orlando,Florida,USA,2025-11-06
8245,Melissa Koch,matthew34@example.org,236.293.5552x125,Houston,Texas,USA,2021-08-21
8246,Tracey Fox,travisskinner@example.net,(696)398-4533x190,Phoenix,Arizona,USA,2024-10-12
8247,Julia Mcbride,willisrachel@example.org,+1-602-661-6268,Miami,Florida,USA,2022-06-23
8248,Terri Nguyen,wayne53@example.org,001-740-897-6663x096,Chicago,Illinois,USA,2025-01-19
8249,Robert Williams,littletina@example.com,(446)601-9976,Los Angeles,California,USA,2023-07-12
8250,Guy Silva,mcisneros@example.com,001-800-237-3485x215,Atlanta,Georgia,USA,2025-10-22
8251,Mary Hampton,denniswheeler@example.net,584-266-1447x0705,New York City,New York,USA,2024-07-23
8252,Ellen Jordan,justinbenson@example.org,001-745-752-5774x079,Orlando,Florida,USA,2024-08-01
8253,Nichole Mayo,nathanielvasquez@example.org,2395877879,Las Vegas,Nevada,USA,2021-07-19
8254,Abigail Armstrong,garciadana@example.net,001-230-851-8627x734,Los Angeles,California,USA,2022-03-24
8255,Sharon Edwards,carlbarber@example.org,+1-915-946-7133x1090,Seattle,Washington,USA,2022-01-20
8256,Rebecca Alexander,jacquelineferguson@example.org,(464)236-8025x93234,Miami,Florida,USA,2024-11-27
8257,Lee Rojas,leecynthia@example.net,001-438-603-0758,Chicago,Illinois,USA,2025-05-05
8258,Joseph Juarez,thomasphillips@example.net,776.334.2249x41192,New York City,New York,USA,2024-05-15
8259,Alejandra Clark,qpark@example.org,463.524.8578x443,Miami,Florida,USA,2022-03-19
8260,Lisa Bishop MD,joannasteele@example.net,444-391-7881,Houston,Texas,USA,2022-03-06
8261,Christina Hernandez,prattbryan@example.net,379-561-6935x149,Buffalo,New York,USA,2024-10-23
8262,Sheila Bell,jacob18@example.net,(211)920-4890x79907,Las Vegas,Nevada,USA,2021-01-30
8263,Jessica Cobb,jamesortiz@example.com,590-307-3842x7033,Houston,Texas,USA,2025-07-25
8264,Victor Rosario,lcox@example.net,+1-958-964-4229x518,Houston,Texas,USA,2021-02-03
8265,Sydney Garcia,stevenwebster@example.org,582-396-5284x7133,Austin,Texas,USA,2022-09-21
8266,Christine Taylor,herringjustin@example.net,+1-530-467-3809x745,Chicago,Illinois,USA,2025-08-05
8267,Micheal Bailey,belindarusso@example.net,508.981.8321x699,Atlanta,Georgia,USA,2021-09-13
8268,Michaela Taylor,larsonjuan@example.org,5594950435,Seattle,Washington,USA,2023-10-20
8269,Juan Ortiz,jessicanavarro@example.com,617.992.2612,Denver,Colorado,USA,2023-07-23
8270,Richard Stevens,jeffreygreer@example.org,(254)671-4335x978,Miami,Florida,USA,2023-04-21
8271,Christopher Ramirez,fblack@example.org,+1-479-248-9605x6746,Houston,Texas,USA,2022-12-23
8272,Michelle Blake,sherylrobles@example.net,544.880.6446,Atlanta,Georgia,USA,2024-01-16
8273,Rachel Glenn,priceclaudia@example.com,422.528.3645x203,Miami,Florida,USA,2023-12-08
8274,Mark Rowland,patrickbrooks@example.org,+1-345-369-1742x2055,Phoenix,Arizona,USA,2022-11-19
8275,Mark Brewer,samuelmunoz@example.net,417.326.2382,San Francisco,California,USA,2021-12-27
8276,Katherine Caldwell,nicholas86@example.org,721-772-3373x4754,Orlando,Florida,USA,2023-05-28
8277,Rebecca Nichols,vazquezmorgan@example.org,675-433-0115x59674,Houston,Texas,USA,2021-12-29
8278,Christina Wise,adrianmoore@example.com,642.211.5385x3107,Chicago,Illinois,USA,2024-05-03
8279,Devon Mullins,wrightbrittany@example.com,+1-572-618-3873x9582,New York City,New York,USA,2024-01-17
8280,Gina Maldonado,mariohenderson@example.org,+1-699-411-9222,Miami,Florida,USA,2023-02-21
8281,Jason Craig,sierrasnyder@example.net,905-826-0996x9957,Austin,Texas,USA,2025-09-27
8282,Steve Gonzalez,colin08@example.com,252-376-1852x80700,Denver,Colorado,USA,2024-11-11
8283,Jennifer Hubbard,schmidtcharles@example.com,001-592-964-7435x227,Denver,Colorado,USA,2023-06-15
8284,Samantha Williams,levigraves@example.org,+1-640-266-1991,Denver,Colorado,USA,2022-08-04
8285,Megan Sanchez,alexanderdonald@example.org,001-595-787-4782x225,Seattle,Washington,USA,2024-06-24
8286,John Owens,susanmccullough@example.net,(551)577-3987,Boston,Massachusetts,USA,2025-10-22
8287,William Hoover,srivera@example.com,988-871-2674x613,San Francisco,California,USA,2021-06-29
8288,Alexander Nichols,ospence@example.org,619-283-8359x519,Phoenix,Arizona,USA,2025-09-11
8289,Keith Wright,nicholassteele@example.com,+1-219-276-7272x850,San Francisco,California,USA,2021-07-03
8290,Brenda Simmons,ljohnson@example.net,558-457-2554x788,Denver,Colorado,USA,2021-02-03
8291,Peter Bradshaw,robbinspaul@example.org,001-845-920-2904x872,Las Vegas,Nevada,USA,2023-04-23
8292,Billy Park MD,nsavage@example.net,409.947.3761x27705,San Francisco,California,USA,2023-10-14
8293,Jason Lewis,barry68@example.net,001-738-464-2301x593,Seattle,Washington,USA,2025-03-20
8294,John Stephens,williamskristen@example.net,001-670-932-6737x558,Las Vegas,Nevada,USA,2024-01-21
8295,Johnathan Terry,carly78@example.org,+1-307-354-3007x9572,San Francisco,California,USA,2024-07-21
8296,Christina Erickson,gonzaleskaren@example.com,(900)243-3564,Orlando,Florida,USA,2023-10-28
8297,Shannon Miller,justin31@example.org,+1-321-779-8836x2724,Las Vegas,Nevada,USA,2025-07-09
8298,Rhonda Shaw,brandon45@example.com,984-747-6350x952,Los Angeles,California,USA,2024-09-29
8299,Sean Gonzalez,frenchjohn@example.com,965-793-1728x288,Austin,Texas,USA,2025-10-11
8300,Shannon Payne,erica41@example.org,289.643.6826,Miami,Florida,USA,2022-03-10
8301,Marissa Jackson,wmcgee@example.com,(486)966-0414,Buffalo,New York,USA,2025-05-11
8302,Christopher Snyder,mcphersonjacqueline@example.org,+1-828-349-7978x744,Orlando,Florida,USA,2024-02-04
8303,Jenna Carr,colontammy@example.net,+1-283-730-5090x3692,Miami,Florida,USA,2021-08-23
8304,Lisa Miller,debrapena@example.org,681.761.7679x42200,Buffalo,New York,USA,2025-10-20
8305,Todd Johnson DVM,gary24@example.com,7744613037,Orlando,Florida,USA,2021-09-12
8306,Noah Obrien,laura04@example.net,537-274-9169x4734,Houston,Texas,USA,2025-06-14
8307,Melissa Gross,bishopjonathan@example.net,+1-334-310-4929x6268,Boston,Massachusetts,USA,2023-08-09
8308,Michael Ryan,ujimenez@example.net,940-862-3256,Miami,Florida,USA,2025-08-08
8309,Sharon Patel DVM,harveygabriel@example.net,911.827.2576x78599,Denver,Colorado,USA,2024-12-12
8310,Nicholas Williamson,justin23@example.com,001-406-578-7563,Phoenix,Arizona,USA,2025-02-26
8311,Casey Green,jramirez@example.net,429-376-0065x057,Miami,Florida,USA,2021-01-16
8312,Mrs. Ashley Aguilar,smithchristopher@example.org,+1-971-473-6316x540,Houston,Texas,USA,2025-05-21
8313,Danielle Sparks,jessewashington@example.org,410-569-7423x49989,Buffalo,New York,USA,2023-11-06
8314,Beth Weeks,jmccullough@example.com,(605)736-7869x7361,Austin,Texas,USA,2022-07-03
8315,Joy Rasmussen,patelolivia@example.com,274.591.9157,Boston,Massachusetts,USA,2024-09-10
8316,Lisa Davis,daniellemiller@example.com,215.713.1014,Austin,Texas,USA,2022-09-22
8317,Monique Gonzales,brooketaylor@example.net,9954519103,Atlanta,Georgia,USA,2025-06-17
8318,Christopher Johnson,jeffreyromero@example.com,598.262.4932,Boston,Massachusetts,USA,2023-04-30
8319,Jose Wong,kmiller@example.com,(940)989-0802x1482,Denver,Colorado,USA,2022-05-10
8320,Heidi Pope,uyang@example.com,+1-415-795-9423x619,Los Angeles,California,USA,2023-04-30
8321,Richard Bartlett DDS,laura02@example.org,(301)567-5774x701,Los Angeles,California,USA,2021-02-01
8322,Betty James,tony81@example.org,465.449.1048x783,Los Angeles,California,USA,2021-11-11
8323,Samuel Goodwin,klloyd@example.com,919-248-6081x1448,Phoenix,Arizona,USA,2023-02-06
8324,Kylie Williams,jfoster@example.org,3795127041,Atlanta,Georgia,USA,2025-07-31
8325,Matthew Garcia,proctormichelle@example.net,+1-716-913-3907,Chicago,Illinois,USA,2025-08-07
8326,William Wilson,catherine48@example.com,(281)397-3767x40637,Seattle,Washington,USA,2024-05-13
8327,Amanda Henderson,bowmansean@example.org,(685)891-1958,Houston,Texas,USA,2022-11-18
8328,Monique Richards,christopher14@example.org,363.230.7146,New York City,New York,USA,2024-03-17
8329,Gregg Barnes,elizabeth46@example.org,+1-386-304-4291x849,Miami,Florida,USA,2022-05-11
8330,Corey Rosales,diane39@example.org,385-873-0139x25761,Chicago,Illinois,USA,2023-03-13
8331,Jonathan Baker,kimberly28@example.com,+1-768-458-3688x932,Buffalo,New York,USA,2024-06-16
8332,Shelley Austin,olawson@example.com,416.465.8112x293,Denver,Colorado,USA,2023-03-17
8333,Blake Shelton,estafford@example.net,4552612923,Atlanta,Georgia,USA,2021-04-16
8334,Jessica Sullivan,drowe@example.net,001-853-959-3056x023,Phoenix,Arizona,USA,2024-03-29
8335,Donna Odonnell,jmercer@example.net,(333)432-7494,Miami,Florida,USA,2021-09-21
8336,Jessica Mitchell,ljones@example.net,782-899-3796x26445,Denver,Colorado,USA,2023-03-11
8337,Eric Orr,josephhernandez@example.com,001-667-695-5281x011,Seattle,Washington,USA,2021-12-22
8338,Christopher Clarke,bradleyperez@example.com,(446)349-8747,Miami,Florida,USA,2022-10-14
8339,Tony Mitchell,jmoore@example.net,3673994423,Chicago,Illinois,USA,2021-11-21
8340,Nancy Taylor,alexander94@example.org,001-315-805-1807x463,Miami,Florida,USA,2022-04-19
8341,Richard Wilson,iowens@example.net,(211)790-0667,San Francisco,California,USA,2024-12-25
8342,Haley Adams,debbiegeorge@example.com,(988)793-3058,Phoenix,Arizona,USA,2021-09-16
8343,Jordan Myers,haynesdanny@example.net,(744)408-2998x0572,Chicago,Illinois,USA,2021-08-31
8344,Gerald Ruiz,obell@example.com,(445)881-5705x8026,Denver,Colorado,USA,2024-03-27
8345,Thomas Collins,melissa76@example.net,717.509.8844,Phoenix,Arizona,USA,2023-03-14
8346,Corey Hunt,mirandaflores@example.com,(764)404-8986x9903,Atlanta,Georgia,USA,2025-04-10
8347,Jerry Levine,ojohnson@example.net,285-477-1411,Denver,Colorado,USA,2022-06-17
8348,Robert Moss,stephensjamie@example.com,538-769-7518x3809,Atlanta,Georgia,USA,2024-02-07
8349,Stephen Burns,joseph58@example.org,635.898.5250x05573,New York City,New York,USA,2022-10-23
8350,David Meadows,dgomez@example.com,868-568-0030x337,Buffalo,New York,USA,2021-07-10
8351,David Long,lbarry@example.com,810-723-5043x4321,San Francisco,California,USA,2021-02-22
8352,Marissa Martin,wchang@example.com,433-923-4776x5535,Miami,Florida,USA,2021-01-24
8353,Andrew Robinson,mitchellrachel@example.org,276.419.7554,Denver,Colorado,USA,2025-04-27
8354,Jim Nixon,dharris@example.org,+1-499-204-5587x2618,Las Vegas,Nevada,USA,2021-11-10
8355,Doris Alvarez MD,molly23@example.org,+1-810-425-2907x0626,Los Angeles,California,USA,2024-06-19
8356,Brian Owen Jr.,brownmichelle@example.com,001-431-633-0207x060,Seattle,Washington,USA,2024-01-19
8357,Gregory Hernandez,hnichols@example.com,+1-797-373-8477x8901,Boston,Massachusetts,USA,2021-06-11
8358,Brandon Griffin,jeremycarpenter@example.org,(282)669-7234x650,Las Vegas,Nevada,USA,2023-02-23
8359,Daniel Moore,zmoody@example.com,616-250-4493x243,Los Angeles,California,USA,2025-03-01
8360,Bryce Miller,alicia52@example.com,541.566.5901x611,Seattle,Washington,USA,2021-09-25
8361,Elizabeth Kirby,laurie69@example.com,001-559-580-6176x326,Orlando,Florida,USA,2024-07-23
8362,Maria Campbell,sophiawilson@example.org,370-985-9880x129,Denver,Colorado,USA,2025-05-12
8363,Sharon Garcia DVM,rebecca59@example.com,527.224.7314x24598,Houston,Texas,USA,2022-01-18
8364,Laurie Stanley,ijames@example.org,665-562-2759x124,Buffalo,New York,USA,2024-08-29
8365,Darren Wiley,lauren84@example.com,+1-926-389-4048,Boston,Massachusetts,USA,2022-03-31
8366,Brenda Murray,marcusjackson@example.org,616-495-1988,Austin,Texas,USA,2022-02-01
8367,Alison Porter,morenoalexander@example.org,420-783-9402,Chicago,Illinois,USA,2025-09-18
8368,Cassandra Shepard,rodney78@example.org,531-764-4890,Buffalo,New York,USA,2025-01-27
8369,Karen Perez,brian36@example.org,645-280-4741x7915,Phoenix,Arizona,USA,2025-07-11
8370,Troy Acosta,charlestorres@example.net,477-468-4674x20550,Phoenix,Arizona,USA,2023-02-14
8371,Marissa Patel,patelalicia@example.org,654-295-9328,Phoenix,Arizona,USA,2022-06-18
8372,Lauren Fields,ashleyerickson@example.org,001-311-876-5245,Denver,Colorado,USA,2021-04-16
8373,Meredith Smith,pbishop@example.org,262-912-5393,Austin,Texas,USA,2021-06-19
8374,Matthew Hernandez,nicholasthomas@example.net,505.203.5956x05635,Boston,Massachusetts,USA,2021-10-22
8375,Andre Johnson,francisnatasha@example.com,(849)750-8491x0217,Denver,Colorado,USA,2021-02-17
8376,Kimberly Savage,lance29@example.org,001-957-653-4702x054,Denver,Colorado,USA,2024-04-01
8377,Donna Blackwell,ualexander@example.net,9536981855,Atlanta,Georgia,USA,2021-07-31
8378,Christina Fernandez,pestrada@example.com,824-231-3987x198,San Francisco,California,USA,2023-07-30
8379,Mr. James Howard,valeriekeith@example.com,(526)775-9643x4993,Boston,Massachusetts,USA,2024-05-05
8380,Michael Martin,luceromegan@example.net,564-867-5138x534,San Francisco,California,USA,2021-08-08
8381,Diana Williams,gwolf@example.com,(273)943-5290x98145,New York City,New York,USA,2022-08-02
8382,Tammy Sullivan,wilsonkatrina@example.net,(935)883-5493x74596,Austin,Texas,USA,2022-01-05
8383,Christopher Garrison,mark49@example.org,(215)358-5827x2181,San Francisco,California,USA,2021-06-08
8384,Nicholas Davidson PhD,mitchelltrujillo@example.net,201-209-0515x07272,Orlando,Florida,USA,2025-09-26
8385,Mr. Richard Terry,vconner@example.com,(859)846-5498,Houston,Texas,USA,2025-09-13
8386,Edwin Sanders,turnerelizabeth@example.org,001-412-870-2282x676,Buffalo,New York,USA,2023-03-12
8387,Robert French,colleencolon@example.net,7408222419,San Francisco,California,USA,2023-10-03
8388,Donald Taylor,joseph88@example.com,8328950783,Phoenix,Arizona,USA,2021-02-14
8389,Mrs. Joanna Cordova,ymyers@example.net,209.274.2735,Miami,Florida,USA,2021-05-31
8390,Roberta Parker,bradley91@example.net,475.612.2000x339,Orlando,Florida,USA,2024-07-05
8391,Robert Wyatt,terri38@example.com,753.492.6928,San Francisco,California,USA,2022-03-07
8392,Jared Ward,hernandezdeanna@example.org,2094730651,Denver,Colorado,USA,2023-05-10
8393,Jon Miller,davidsonbrenda@example.org,001-377-458-6869x323,Miami,Florida,USA,2025-12-28
8394,Anthony Dunn,kenneth77@example.net,+1-569-471-6421x916,Houston,Texas,USA,2024-07-21
8395,Andrew Sanders,johnsonjohn@example.net,941-401-2112x5787,Boston,Massachusetts,USA,2023-07-13
8396,Alexandra Schneider,thompsonwilliam@example.net,+1-334-592-6101x3815,Phoenix,Arizona,USA,2021-11-26
8397,April Chavez,kristiwilson@example.net,(249)400-8168,New York City,New York,USA,2022-09-04
8398,Anne Hernandez,thompsonshannon@example.com,6789791696,Los Angeles,California,USA,2022-01-01
8399,Manuel Ferguson,kaylee17@example.net,(687)900-8163,Denver,Colorado,USA,2024-03-07
8400,Jillian Solomon,timothy56@example.net,001-507-685-1573x622,Denver,Colorado,USA,2024-05-27
8401,David Dunn,casey94@example.com,(398)771-2594x37036,Atlanta,Georgia,USA,2021-03-06
8402,Carol Wade,shirleyjenkins@example.net,+1-900-909-8800x6651,San Francisco,California,USA,2022-12-04
8403,Jason Bright,caseybass@example.net,+1-400-232-5313x8090,Houston,Texas,USA,2023-09-19
8404,Robert Kelly,kevinsmith@example.net,411-995-4512x44787,Las Vegas,Nevada,USA,2024-05-13
8405,Leslie Lawson,michaelhughes@example.org,(570)908-2887,Chicago,Illinois,USA,2021-01-11
8406,Dr. Jacob Avila,jared90@example.net,(210)350-3392x53186,New York City,New York,USA,2023-12-05
8407,Nancy Brown,christina86@example.org,+1-212-224-7878,Seattle,Washington,USA,2022-06-06
8408,Eric Lewis,oporter@example.net,001-707-935-6850,Boston,Massachusetts,USA,2021-09-07
8409,Olivia Christian,rachelwilliams@example.org,253.749.2320,Buffalo,New York,USA,2024-05-26
8410,Stephanie Ellis,catherinedavis@example.net,245-847-9130x653,Los Angeles,California,USA,2024-01-03
8411,Samantha Schwartz,brownandrea@example.net,6652689561,Los Angeles,California,USA,2023-11-27
8412,Wanda Thornton,martinezshelby@example.org,575.893.7807x2067,Chicago,Illinois,USA,2025-04-08
8413,Robert Wilson,cgrant@example.org,332-576-3970x31442,New York City,New York,USA,2022-03-19
8414,Yesenia May PhD,alyssacarter@example.org,(616)581-3318,Atlanta,Georgia,USA,2023-01-18
8415,Alexander Mills,johnsonnathan@example.com,(652)255-4462x63422,San Francisco,California,USA,2022-03-21
8416,Kevin Pena,elizabeth34@example.org,851-739-3280x8672,Los Angeles,California,USA,2022-11-02
8417,Shelby Bailey,julierhodes@example.net,(588)520-0607x722,New York City,New York,USA,2022-03-27
8418,Kevin Robles,ilopez@example.net,384-533-1691,San Francisco,California,USA,2025-01-30
8419,Cynthia Houston,steven23@example.net,001-792-414-4020x079,Seattle,Washington,USA,2021-09-17
8420,Jennifer Jones,stewarttara@example.com,+1-644-436-0511x4450,Austin,Texas,USA,2022-07-15
8421,Mr. Anthony Parker,blake25@example.net,946.207.1466,Orlando,Florida,USA,2022-02-13
8422,Autumn Woodward,matthewgallegos@example.com,+1-513-239-4635,San Francisco,California,USA,2022-12-15
8423,Michael Henderson,jadams@example.com,741-717-5132,Seattle,Washington,USA,2024-02-04
8424,Annette Ball,fsanchez@example.com,354-330-9046,Denver,Colorado,USA,2022-08-26
8425,Hannah Robertson,lindafernandez@example.net,2773541870,Orlando,Florida,USA,2025-03-07
8426,Amber Foster,ricardobrown@example.net,3166671556,Phoenix,Arizona,USA,2023-10-13
8427,Nicholas Gray,madison42@example.com,817.326.1348x9644,Miami,Florida,USA,2023-11-16
8428,Justin Snyder,pbenson@example.org,001-307-413-8156x723,Miami,Florida,USA,2022-01-31
8429,Mark Taylor,hthomas@example.com,001-407-263-7317x666,Austin,Texas,USA,2021-12-21
8430,Christine White,patrickgarcia@example.net,001-745-580-5992x653,Buffalo,New York,USA,2024-11-08
8431,Daniel Miller,wrightanthony@example.com,001-891-447-5414x064,Atlanta,Georgia,USA,2025-12-23
8432,William Cruz,asmith@example.com,(404)888-0043x105,Seattle,Washington,USA,2022-07-30
8433,Joyce Johnson,garrettjustin@example.org,+1-411-721-9081,Miami,Florida,USA,2021-07-30
8434,Jason Carter,shelly07@example.net,936-491-5386,Las Vegas,Nevada,USA,2025-06-13
8435,Carolyn Lutz,woodtravis@example.org,001-357-478-1223,Phoenix,Arizona,USA,2024-04-18
8436,Michael Cook,vanessa68@example.net,001-753-848-1417x220,Austin,Texas,USA,2021-12-06
8437,Wesley Jackson,elizabeth97@example.org,463.715.1014x93500,Phoenix,Arizona,USA,2022-02-26
8438,Justin Brown II,rogerscourtney@example.org,708.273.3633,Seattle,Washington,USA,2023-09-27
8439,Barbara Coleman,ufrye@example.com,3819466332,Miami,Florida,USA,2025-12-14
8440,Daniel Miller,scottdoyle@example.net,(908)385-8937x656,Orlando,Florida,USA,2023-05-18
8441,Karen Garcia,clairewalker@example.com,001-917-247-9398x918,Las Vegas,Nevada,USA,2025-03-11
8442,Amanda Ortiz,xcollins@example.com,893.263.2314x55228,Austin,Texas,USA,2025-07-29
8443,Joshua Reed,tburgess@example.net,(624)828-5400x68661,Houston,Texas,USA,2024-06-29
8444,Thomas Carpenter,abigail52@example.com,383.991.8813x9279,San Francisco,California,USA,2024-05-28
8445,John Bennett,douglassellers@example.net,+1-479-773-1876,Miami,Florida,USA,2023-05-30
8446,Michael Robertson,griffinjohn@example.org,584-244-0684x5657,Buffalo,New York,USA,2024-03-07
8447,Patrick Pierce,ecollins@example.com,(507)927-2645x484,Houston,Texas,USA,2023-02-05
8448,Robert Cross,leedennis@example.com,(547)897-1559,Boston,Massachusetts,USA,2024-07-19
8449,Jason Petersen,kelly87@example.net,(774)407-7028x29689,Atlanta,Georgia,USA,2021-05-12
8450,Tracy Smith,tyler69@example.com,+1-297-282-9381x9924,Orlando,Florida,USA,2021-12-09
8451,Sarah Mckenzie,sarahdiaz@example.com,522.440.3516,Boston,Massachusetts,USA,2021-03-11
8452,Jennifer Rich,amanda13@example.com,6728442889,Chicago,Illinois,USA,2022-06-03
8453,Mr. Samuel Parker,timothybowers@example.com,531-687-3262x53921,Las Vegas,Nevada,USA,2023-04-20
8454,Joseph Johnson,bspears@example.net,(218)725-9494x9390,Austin,Texas,USA,2024-05-21
8455,Carol Long,hardinandrew@example.com,001-301-887-4460x768,Atlanta,Georgia,USA,2025-12-02
8456,Whitney Wade,ryan64@example.net,(592)691-6281x116,Denver,Colorado,USA,2023-12-23
8457,Eric Harris,rodriguezkatelyn@example.net,585-756-5311x14483,Houston,Texas,USA,2023-03-27
8458,Todd Donovan,alicelutz@example.com,+1-438-747-6492x2946,Los Angeles,California,USA,2021-08-23
8459,Nicholas Cox,swansonbrooke@example.net,329.553.9682,New York City,New York,USA,2025-07-15
8460,Joseph Sutton,myang@example.com,001-392-968-6743x576,Houston,Texas,USA,2023-05-30
8461,Erin Brock,sarah19@example.net,(213)582-7754x252,Phoenix,Arizona,USA,2022-01-16
8462,Samantha Payne,brittany87@example.com,610-795-5101,Houston,Texas,USA,2022-05-18
8463,Thomas Stewart,gilbertjoseph@example.net,(310)452-4342x5213,San Francisco,California,USA,2022-03-17
8464,Brian Arnold,phamregina@example.net,8878611676,Denver,Colorado,USA,2023-02-01
8465,Diane Rice,mooreraymond@example.net,445-781-4953,Houston,Texas,USA,2021-10-25
8466,Erin Allen,rhondaschmidt@example.org,(754)960-2931x44249,Phoenix,Arizona,USA,2022-10-06
8467,Anthony Montgomery,david03@example.com,524-372-0938,San Francisco,California,USA,2021-01-20
8468,Samuel Williams,btanner@example.net,+1-323-532-3902x6298,Houston,Texas,USA,2024-11-10
8469,Amanda Allen,alvaradomary@example.net,(670)447-6523x59239,Los Angeles,California,USA,2025-01-08
8470,Craig Fletcher,rgray@example.net,(284)252-8596x6296,Houston,Texas,USA,2022-03-14
8471,Robert Alexander,adrienne01@example.com,483.786.2192,Orlando,Florida,USA,2024-03-08
8472,Jason Mejia,donald46@example.com,(593)599-6559x815,Phoenix,Arizona,USA,2022-10-21
8473,Joshua Lloyd,grahammary@example.org,849.534.0811x4075,Boston,Massachusetts,USA,2022-04-22
8474,Mary Mitchell,gcook@example.org,001-289-745-9738x414,Chicago,Illinois,USA,2021-05-16
8475,Jack Davis,wbridges@example.net,(463)930-9110,Miami,Florida,USA,2022-08-04
8476,Stephanie Harrington,ereid@example.net,573.640.9608x08560,Las Vegas,Nevada,USA,2022-03-11
8477,William Ramos,zfreeman@example.net,967-317-9431,Chicago,Illinois,USA,2022-03-22
8478,Mrs. Natasha Scott,joe38@example.net,864.438.5937x367,San Francisco,California,USA,2024-02-23
8479,Jonathan Rocha,philipcarter@example.com,8123448248,Austin,Texas,USA,2025-01-06
8480,Rose Williams,michaelpowell@example.net,870-820-7865x55013,Las Vegas,Nevada,USA,2025-12-15
8481,Mathew Smith,richard60@example.net,7662138775,Phoenix,Arizona,USA,2025-10-28
8482,James Patel,hstanley@example.com,(373)265-8358x76948,Denver,Colorado,USA,2021-06-03
8483,Jordan Conrad,michaelhanson@example.org,001-677-233-9231x720,Las Vegas,Nevada,USA,2024-08-16
8484,Cynthia Roman,iturner@example.org,683.919.8340,Miami,Florida,USA,2024-10-29
8485,Lauren Barnes,snguyen@example.net,4955896617,Phoenix,Arizona,USA,2023-06-11
8486,Heidi Wells,carrolladam@example.net,(527)453-0288x35043,Houston,Texas,USA,2025-07-24
8487,Jennifer Williams,zwoods@example.com,(367)795-9750x2549,Houston,Texas,USA,2022-02-10
8488,Christopher Myers,alex25@example.org,429-834-1604,Buffalo,New York,USA,2021-04-12
8489,Shane Williams,dawnbryant@example.org,942.347.4766x835,Phoenix,Arizona,USA,2023-10-09
8490,Cindy Wilson,kevinparks@example.org,+1-783-612-7519x384,Orlando,Florida,USA,2021-04-06
8491,Robert Gonzalez,littleangela@example.com,548-371-3404x683,Austin,Texas,USA,2023-05-13
8492,Kim Mcgrath,okrueger@example.com,(414)528-4157x757,San Francisco,California,USA,2021-09-12
8493,David Stone,hendersonsandra@example.com,9082728272,Orlando,Florida,USA,2021-12-17
8494,Lisa Green,oliverjackie@example.net,494.741.1904,Las Vegas,Nevada,USA,2022-11-01
8495,Alison Burgess,masondouglas@example.net,255-764-9293,Las Vegas,Nevada,USA,2023-02-24
8496,Ryan Lee,tracygarcia@example.org,001-712-458-8138x307,Buffalo,New York,USA,2024-03-26
8497,Maria Johnson,qkelly@example.org,306-555-1803x363,Los Angeles,California,USA,2022-08-07
8498,Phillip Vazquez,weberkenneth@example.net,336.759.2036,Los Angeles,California,USA,2024-08-11
8499,Kenneth Owens,vcasey@example.com,+1-455-705-6784x4913,Phoenix,Arizona,USA,2025-10-20
8500,Jeremy Hall,tracyjackson@example.org,931.692.6281x83356,Las Vegas,Nevada,USA,2021-01-10
8501,Angela Smith,juliewaters@example.org,453.908.3951x305,Boston,Massachusetts,USA,2023-08-04
8502,Andrew Rodgers,garciaryan@example.com,429.705.3155x182,Austin,Texas,USA,2021-09-26
8503,Samuel Hampton,jacob42@example.com,355.467.6573,Atlanta,Georgia,USA,2023-04-05
8504,Brittany Johnson,vstanley@example.org,326.441.8856x2577,Los Angeles,California,USA,2023-12-29
8505,Randy Brown,erin09@example.com,371.933.3553x543,Boston,Massachusetts,USA,2023-12-17
8506,Bailey Berry,karenadams@example.com,001-924-363-1841x805,Los Angeles,California,USA,2022-11-22
8507,Frederick Flynn,shannon13@example.org,2512039734,Denver,Colorado,USA,2021-02-03
8508,Garrett Winters,thomashaney@example.net,3372078522,San Francisco,California,USA,2023-08-21
8509,Cassandra Cummings,terri28@example.com,(219)605-3086x866,San Francisco,California,USA,2025-08-27
8510,Stacy Francis,richardthomas@example.com,288-221-6946x088,Phoenix,Arizona,USA,2023-05-01
8511,Jessica Mendoza,janet39@example.org,001-639-246-5850x420,Seattle,Washington,USA,2022-09-09
8512,Michael Hughes,daviladavid@example.org,+1-578-713-7036x0544,Austin,Texas,USA,2022-10-12
8513,Jason Marks,laurenberg@example.net,360-265-3692x31913,Phoenix,Arizona,USA,2022-12-10
8514,Kimberly Santana,bradleywarren@example.net,+1-645-764-5615x6707,Miami,Florida,USA,2021-06-13
8515,April West,jtaylor@example.net,901.915.5527x093,Chicago,Illinois,USA,2025-05-06
8516,Mary Kirk,jeannetrevino@example.org,+1-733-454-9706x0020,Houston,Texas,USA,2023-10-09
8517,Jonathan Marks,joshuameyers@example.net,001-678-901-0834,Las Vegas,Nevada,USA,2021-04-07
8518,Susan Jordan,tjenkins@example.org,(899)754-7799x49061,Miami,Florida,USA,2022-09-04
8519,Timothy Cannon,staylor@example.net,410.968.8659x7942,Seattle,Washington,USA,2023-07-20
8520,Matthew Reed,xpatterson@example.com,(261)609-3253x5473,Orlando,Florida,USA,2025-10-05
8521,Amy Daugherty,sanderslaura@example.com,585.371.1044,Denver,Colorado,USA,2021-09-06
8522,Charles Logan,florescraig@example.net,001-354-436-6864x643,Atlanta,Georgia,USA,2023-02-05
8523,Kendra Yang,emilyanderson@example.com,730-880-4773x290,Las Vegas,Nevada,USA,2021-07-30
8524,Dean Hodge,mary88@example.net,421.947.4762x912,Los Angeles,California,USA,2022-04-04
8525,Tonya Wilkinson,anthonymartinez@example.com,+1-301-260-5545x757,Los Angeles,California,USA,2025-08-18
8526,David Gallagher,youngrobert@example.com,(670)586-4123x18652,Los Angeles,California,USA,2021-10-12
8527,Sheri Yates,tonya61@example.org,3942409044,San Francisco,California,USA,2022-10-24
8528,Timothy Stephens,mcclureolivia@example.net,485-589-9414x15946,Atlanta,Georgia,USA,2024-11-09
8529,Shannon Huerta,laura37@example.org,(730)451-5244x26439,Seattle,Washington,USA,2023-06-12
8530,Bailey Moon,harmonmicheal@example.com,708.806.1299,Buffalo,New York,USA,2021-12-15
8531,James Cooper,simmonsmichael@example.net,445-301-9623,San Francisco,California,USA,2022-01-27
8532,Jesse Mitchell,debraerickson@example.net,(486)213-1250x86438,Seattle,Washington,USA,2025-07-22
8533,Jackie Galvan,pcarrillo@example.net,456.620.1796,Houston,Texas,USA,2025-07-30
8534,Eddie Henderson,jenny53@example.org,001-468-872-8981,Boston,Massachusetts,USA,2024-01-06
8535,Adrian Dunlap,uclark@example.net,+1-634-325-8136x7521,Los Angeles,California,USA,2024-11-10
8536,Austin Smith,hollowaymaria@example.com,(230)478-8073x161,Atlanta,Georgia,USA,2021-04-18
8537,Alexis Fletcher,jeanetteingram@example.com,+1-712-580-0920x7792,Austin,Texas,USA,2025-12-15
8538,Patricia Travis,anthony91@example.org,768.380.8825,Phoenix,Arizona,USA,2021-03-30
8539,Jonathan Thompson,brownjoseph@example.org,+1-232-920-6237x2408,San Francisco,California,USA,2021-04-09
8540,Eddie Wallace,edward39@example.net,+1-723-510-2242,Austin,Texas,USA,2021-06-03
8541,Melanie Singleton,ssaunders@example.net,001-657-849-9109x718,Austin,Texas,USA,2022-11-06
8542,Ashley Brown,chad34@example.org,+1-925-654-8325x1422,Seattle,Washington,USA,2024-06-08
8543,Nicholas Fischer,david61@example.net,775-368-2239x680,Phoenix,Arizona,USA,2025-07-22
8544,Benjamin Blake,zacharygomez@example.org,001-798-716-3180,Miami,Florida,USA,2022-07-07
8545,Tina Marshall,samuel44@example.net,2402109718,Seattle,Washington,USA,2021-12-15
8546,Catherine Holmes DDS,yhawkins@example.net,697-788-7995x8140,Boston,Massachusetts,USA,2021-10-10
8547,Latoya Jones,robertjohnston@example.com,(701)819-5530,Las Vegas,Nevada,USA,2023-08-02
8548,Michael Brooks,kayla34@example.org,+1-576-594-8160x9590,San Francisco,California,USA,2021-09-16
8549,Jesse Watkins,jonescourtney@example.net,+1-496-797-5304x3039,Houston,Texas,USA,2025-11-01
8550,Sally Thompson,sarah69@example.org,+1-485-231-2170x3557,New York City,New York,USA,2025-03-23
8551,John Turner,jacqueline94@example.org,9645495507,Las Vegas,Nevada,USA,2025-12-24
8552,Ashley Harris,fcook@example.net,+1-428-885-8070,Atlanta,Georgia,USA,2023-04-27
8553,Johnny Smith DDS,stanleyamanda@example.net,324.326.1615x5728,Denver,Colorado,USA,2023-07-05
8554,Lisa Carter,fordzachary@example.net,001-738-308-2464x131,Denver,Colorado,USA,2021-09-08
8555,Christine Tapia,mortiz@example.com,(407)985-4812,Chicago,Illinois,USA,2023-12-17
8556,Joshua Beltran,brandon06@example.org,+1-796-495-3820x780,Buffalo,New York,USA,2024-03-29
8557,Pam Hunter,robertslinda@example.org,236.925.3501,Orlando,Florida,USA,2024-09-16
8558,Joseph Lewis,kirkjames@example.net,877-905-2028,Orlando,Florida,USA,2022-07-29
8559,Shaun Boyd,jordan28@example.com,(650)723-7642,Houston,Texas,USA,2025-05-02
8560,Theresa Kane,daniel41@example.net,001-980-791-7189x428,Seattle,Washington,USA,2023-09-16
8561,Devin Harrison,guzmandaniel@example.com,001-379-506-7975x311,Buffalo,New York,USA,2021-07-08
8562,David Wright,paynekelly@example.net,001-529-407-3806x601,Austin,Texas,USA,2025-04-19
8563,Joel Harris,patrick04@example.com,808-852-7317x51607,Austin,Texas,USA,2024-12-27
8564,Lisa Aguilar,eberry@example.com,992.922.3731,San Francisco,California,USA,2022-12-24
8565,Vickie Campos,hannah37@example.com,(210)534-6346x6135,Chicago,Illinois,USA,2025-09-08
8566,Lisa Bauer,johnlove@example.org,803.686.1678x176,Atlanta,Georgia,USA,2022-05-12
8567,Nancy Mcdonald,wandalarsen@example.net,+1-258-412-9292x311,Denver,Colorado,USA,2024-08-18
8568,Jack Kennedy,thomaskim@example.com,001-367-482-3476x304,Seattle,Washington,USA,2025-10-19
8569,Michael Stevens,javiermoss@example.com,457.748.9765,Buffalo,New York,USA,2024-11-24
8570,Chelsea Roberts,georgemarshall@example.net,313-226-0255x2661,San Francisco,California,USA,2021-06-03
8571,Kelsey Tanner,jessica06@example.org,803.525.8666x064,Orlando,Florida,USA,2021-05-04
8572,Daisy Nguyen,gonzalezpatrick@example.net,001-716-520-1292,Buffalo,New York,USA,2021-01-27
8573,Jacob Gonzalez,guzmanalex@example.org,386-695-4956,Denver,Colorado,USA,2022-03-19
8574,Joseph Andrews,parksdanny@example.com,001-603-946-3853,Orlando,Florida,USA,2025-08-04
8575,Jose Carter,josephcoleman@example.com,800.782.3716,Miami,Florida,USA,2022-01-20
8576,John Lambert,allenrobert@example.org,471.495.2894,Orlando,Florida,USA,2021-08-03
8577,Derek Johnson,scott06@example.org,(287)734-8754x133,Houston,Texas,USA,2022-03-04
8578,Jim Armstrong,amywilliams@example.net,4784899904,Atlanta,Georgia,USA,2024-04-24
8579,Karen Parks,perryalexis@example.com,860-805-1792,Phoenix,Arizona,USA,2023-12-17
8580,Joshua Hernandez,robleswesley@example.com,530-657-8641x97011,Chicago,Illinois,USA,2025-10-25
8581,Angela Jackson,yjackson@example.com,(645)591-1097x13331,Houston,Texas,USA,2025-04-07
8582,Madison Ramos,vgibson@example.com,001-481-902-4391x216,Austin,Texas,USA,2024-12-22
8583,Tracy Mitchell,peter29@example.net,(400)754-1778x04303,Orlando,Florida,USA,2024-09-04
8584,Stephanie Nunez,lisa39@example.org,(540)588-8152,New York City,New York,USA,2025-10-03
8585,Amy Johnson,jasonalvarado@example.org,507.555.6350x99253,Chicago,Illinois,USA,2021-08-05
8586,Cameron Jones,greervictor@example.com,(526)332-2298x3396,Boston,Massachusetts,USA,2021-09-24
8587,Pamela Copeland,zmartin@example.org,424-406-7835x8471,Buffalo,New York,USA,2023-01-15
8588,Charlene Robinson,chase44@example.net,889.475.9744,Miami,Florida,USA,2023-07-16
8589,Adam Thomas,karina42@example.org,(792)644-8819x29177,Atlanta,Georgia,USA,2024-06-24
8590,Richard Wells,kevin94@example.org,267-322-3923,Chicago,Illinois,USA,2022-02-20
8591,Johnathan Archer,josephbrown@example.net,001-897-857-3885x131,Phoenix,Arizona,USA,2023-03-31
8592,Dennis Kelly,christine45@example.org,(388)485-0753,Buffalo,New York,USA,2021-05-21
8593,Elijah Anderson,paultorres@example.org,2718859219,Austin,Texas,USA,2023-05-17
8594,Brandon Davis,eadams@example.net,+1-392-705-1583x1886,New York City,New York,USA,2024-11-06
8595,Aaron Briggs,anicholson@example.com,+1-678-280-7292x3237,Austin,Texas,USA,2025-11-17
8596,Steven Lopez,yjones@example.com,(438)301-5166x7316,Las Vegas,Nevada,USA,2024-08-20
8597,Richard Pena,jacobsgary@example.org,+1-383-299-6004x4972,San Francisco,California,USA,2021-10-29
8598,Mr. Adam House,cathyedwards@example.org,668-676-5453x0707,Orlando,Florida,USA,2025-11-30
8599,Laura Thomas,grahamroy@example.org,(360)930-4149x50093,San Francisco,California,USA,2025-03-06
8600,Donald Bryant,sanderson@example.net,703-292-5336x887,San Francisco,California,USA,2022-05-08
8601,Gerald Callahan,mcfarlandryan@example.net,+1-834-482-5310x4190,Los Angeles,California,USA,2023-08-02
8602,Raven Velasquez,melanie97@example.net,+1-379-612-2893,New York City,New York,USA,2022-07-01
8603,Shannon Navarro,sarachapman@example.com,930.306.5144,Los Angeles,California,USA,2023-09-03
8604,Linda Ramirez,blakejasmine@example.com,962-310-8036x745,Denver,Colorado,USA,2023-12-24
8605,John Rogers,farnold@example.net,460-941-8755,Orlando,Florida,USA,2022-12-22
8606,Rebecca Bradley,wagnermaria@example.com,001-590-604-7882x014,Austin,Texas,USA,2021-08-31
8607,Linda Gray,valenzuelatracey@example.org,+1-583-551-7486x4626,Boston,Massachusetts,USA,2024-02-02
8608,Mark Schmidt,michaelclark@example.com,367-202-1130,San Francisco,California,USA,2022-12-27
8609,Scott Gonzalez,melindaalexander@example.org,(851)349-2393x674,Miami,Florida,USA,2022-03-11
8610,Mark Martinez,grahamtracie@example.org,906-412-2558x44519,New York City,New York,USA,2023-03-24
8611,Ryan Velasquez,sanchezlauren@example.com,953.478.5591,Chicago,Illinois,USA,2023-06-02
8612,Diane Berg,ibrown@example.net,(550)200-1717x54997,Chicago,Illinois,USA,2022-11-15
8613,Michael Yang,gavin60@example.com,+1-624-401-1988,Los Angeles,California,USA,2023-06-23
8614,Samantha Russell,freemanchristopher@example.net,(483)340-6213,Austin,Texas,USA,2023-01-28
8615,Ricky Stokes,grayjoseph@example.com,+1-226-830-7477x464,San Francisco,California,USA,2021-04-11
8616,Jennifer Lee,jared39@example.com,(655)893-8576,Denver,Colorado,USA,2023-02-23
8617,Wesley Richardson,waltergomez@example.net,+1-918-468-3628x2061,Seattle,Washington,USA,2023-05-16
8618,Amy Griffin,walkermichael@example.net,9466344133,Buffalo,New York,USA,2022-08-26
8619,William Hahn,moraleslee@example.com,449-434-4173x15611,Buffalo,New York,USA,2023-04-05
8620,Patrick Hernandez,taylorjessica@example.com,360.942.4922x45477,New York City,New York,USA,2024-05-01
8621,Joshua Brown,mblankenship@example.org,+1-923-649-8861,Austin,Texas,USA,2023-12-21
8622,Tamara Brady,ryanorr@example.net,257-229-9771x054,Las Vegas,Nevada,USA,2023-10-08
8623,Terry Barrett,ericadominguez@example.com,798.346.3665x225,Chicago,Illinois,USA,2023-06-07
8624,Brian Kent,ruthreyes@example.com,524.589.4836,San Francisco,California,USA,2024-10-27
8625,Keith Maxwell,lambbrandy@example.org,001-969-682-5073x376,Los Angeles,California,USA,2024-08-16
8626,Gregory Carr,kevin68@example.org,(642)406-4522x97125,Buffalo,New York,USA,2021-08-16
8627,Lisa Luna,zgarza@example.org,+1-347-798-5684,Buffalo,New York,USA,2021-08-24
8628,Robin Odonnell,jenniferhall@example.com,(913)207-0655x92526,Los Angeles,California,USA,2021-03-15
8629,Linda Roberts,casepatrick@example.com,617-527-2030x7930,Las Vegas,Nevada,USA,2022-06-30
8630,Alyssa Carroll,zmartinez@example.net,+1-630-642-0993x297,Buffalo,New York,USA,2021-05-15
8631,Tiffany Peterson,ebrown@example.net,881-564-1564x706,Chicago,Illinois,USA,2021-07-26
8632,Carol Diaz,droman@example.net,(782)580-2869x5236,Austin,Texas,USA,2022-04-09
8633,Kimberly Stevens,eric12@example.org,(708)364-0462,Boston,Massachusetts,USA,2024-06-24
8634,Barbara Garcia,sharon22@example.org,4347061395,Seattle,Washington,USA,2025-01-06
8635,Wendy Lopez,swright@example.org,219-894-7876x42495,Miami,Florida,USA,2023-03-14
8636,Crystal Lewis,moodyrichard@example.net,593-772-0925x8156,Miami,Florida,USA,2021-07-27
8637,Amanda Palmer,garciashawn@example.com,3522163621,Buffalo,New York,USA,2025-02-12
8638,Sarah Simpson,whitechristopher@example.com,+1-280-652-7728x052,Atlanta,Georgia,USA,2025-12-07
8639,Nancy Diaz,johnarmstrong@example.net,794.690.6692x889,Seattle,Washington,USA,2022-07-04
8640,George Cox,kyleanthony@example.com,(346)698-6823x180,Orlando,Florida,USA,2022-02-26
8641,Roy Garcia,ddavis@example.org,(670)486-4401x7289,New York City,New York,USA,2025-05-29
8642,Dylan Martinez,michaelsmith@example.net,(843)658-2823x7120,Buffalo,New York,USA,2022-12-13
8643,Jacqueline Casey,zmejia@example.org,327.682.1230x38649,Denver,Colorado,USA,2022-08-13
8644,Michael Johnson,michellerichards@example.org,2035244689,Seattle,Washington,USA,2024-05-06
8645,Jeffery Davis,juan41@example.net,+1-202-796-3204,Austin,Texas,USA,2025-02-11
8646,Jack Barnes,paynelori@example.net,270-290-0438x622,Los Angeles,California,USA,2021-07-13
8647,Melissa Vaughn,william97@example.net,(459)860-7282,New York City,New York,USA,2023-10-28
8648,Lindsay Johnson,wross@example.org,581-904-8728,Boston,Massachusetts,USA,2024-12-05
8649,David Reed,mduncan@example.net,001-955-286-3956x351,Las Vegas,Nevada,USA,2023-09-04
8650,Jaime Wilson,rwatson@example.net,001-759-329-4081x578,Seattle,Washington,USA,2022-09-18
8651,Aaron Gibson,ebrown@example.org,884-315-9249,Atlanta,Georgia,USA,2024-11-09
8652,Keith Williams,zimmermanmelissa@example.com,282.933.5074,Buffalo,New York,USA,2021-12-15
8653,Ryan Robinson,rebeccawilliams@example.net,001-867-247-8689x032,Houston,Texas,USA,2024-10-27
8654,Theresa Hartman,vfischer@example.org,(769)278-3468,San Francisco,California,USA,2021-12-08
8655,Jonathan Wilson,smithjacqueline@example.com,894-281-3977x73824,New York City,New York,USA,2022-11-12
8656,Sarah Andersen,patricia96@example.net,699-416-5129,Boston,Massachusetts,USA,2023-07-22
8657,Andrea Moore,nicoledillon@example.org,924-954-3829,New York City,New York,USA,2021-01-27
8658,Leslie Wilson,morganrobert@example.com,221-823-2562,Denver,Colorado,USA,2023-08-30
8659,Karen Holland,hansenvictoria@example.org,4469306827,Miami,Florida,USA,2022-11-16
8660,Corey Wilson,jeremyzimmerman@example.org,973.429.9155x8718,Los Angeles,California,USA,2021-12-30
8661,Patrick Lee,pchen@example.net,9962052891,Austin,Texas,USA,2025-12-10
8662,Alyssa Bennett,lambertsamantha@example.net,853.405.7840,San Francisco,California,USA,2021-12-16
8663,Raymond Williams,eric45@example.com,935.624.7456,Denver,Colorado,USA,2025-04-07
8664,Denise Gallegos,christinariley@example.com,5027471422,Atlanta,Georgia,USA,2021-01-20
8665,Sandra Kramer,brenda06@example.net,5616928737,Las Vegas,Nevada,USA,2022-12-23
8666,Sean Carr,john06@example.net,001-829-581-5185,Orlando,Florida,USA,2024-04-09
8667,Natasha Diaz,tina66@example.org,219-947-2914x087,Los Angeles,California,USA,2023-09-28
8668,Jennifer Maxwell,tammyhensley@example.com,001-817-455-0476x396,Atlanta,Georgia,USA,2022-05-22
8669,Victor Shah,qclark@example.net,(306)466-7255,Orlando,Florida,USA,2021-08-13
8670,Rebecca Miller,miabrown@example.org,640.730.5146x61890,Los Angeles,California,USA,2025-08-05
8671,Travis Davis,washingtonmatthew@example.com,924.719.8704,Los Angeles,California,USA,2024-03-07
8672,James Davis,codywilliams@example.net,445.606.5024,Denver,Colorado,USA,2022-08-19
8673,James Ingram,brian86@example.com,970-536-6531x70731,Atlanta,Georgia,USA,2022-04-13
8674,April Flores,markhogan@example.org,4384360608,Chicago,Illinois,USA,2023-10-28
8675,Christopher Cox,iward@example.com,778.638.9850x842,New York City,New York,USA,2025-03-27
8676,Drew Oconnor,williamvargas@example.org,400.878.0643x70343,New York City,New York,USA,2025-05-07
8677,Brian Taylor,erictaylor@example.org,6353124015,San Francisco,California,USA,2021-07-24
8678,Jeffery Martin,josehansen@example.org,(722)850-5395,Austin,Texas,USA,2025-07-05
8679,Victoria Lane,melissa11@example.com,001-810-886-1890x236,Seattle,Washington,USA,2022-11-19
8680,Elizabeth Johnson,fmoyer@example.net,+1-289-936-5129x686,Orlando,Florida,USA,2023-10-02
8681,Robert Zimmerman,john34@example.net,+1-628-731-0761,Seattle,Washington,USA,2022-12-20
8682,Jennifer Allen,bakersean@example.com,+1-603-594-2297x855,Chicago,Illinois,USA,2022-06-12
8683,Debbie Frye,stacy62@example.org,(773)796-2636x756,Denver,Colorado,USA,2023-09-24
8684,Sandra Smith,barnestracy@example.net,+1-671-633-7555,Austin,Texas,USA,2023-01-17
8685,Jacqueline Knight,eparsons@example.org,367.352.5518,Orlando,Florida,USA,2021-01-28
8686,Doris Oneal,yburke@example.net,708.246.2727,Atlanta,Georgia,USA,2022-12-24
8687,Christina Bryant,mooredebbie@example.org,739.516.5103x31405,Austin,Texas,USA,2024-12-25
8688,Henry Castillo,campbellcarmen@example.org,(911)850-1980x979,Houston,Texas,USA,2025-12-31
8689,Ethan Wood,fgreene@example.org,970.392.1892,Chicago,Illinois,USA,2025-05-06
8690,David Arnold,roblespamela@example.com,826-328-3336x72530,Denver,Colorado,USA,2025-10-22
8691,Sara Smith,jonathanmarks@example.org,9795711136,Atlanta,Georgia,USA,2025-09-24
8692,Victoria Herrera,pcarson@example.com,374-352-5951,Las Vegas,Nevada,USA,2023-09-19
8693,Frank Hubbard,wolfchristopher@example.org,+1-446-570-4359x9797,San Francisco,California,USA,2022-07-07
8694,Emily Brady,vazquezana@example.com,+1-623-512-1554x1486,Denver,Colorado,USA,2023-11-30
8695,Julie Long,kevin54@example.org,780-763-8773x687,Seattle,Washington,USA,2024-08-03
8696,Ashley Park,hfernandez@example.net,730-579-2898,Los Angeles,California,USA,2021-10-30
8697,Deborah Martin,todd46@example.org,8968711208,Miami,Florida,USA,2025-10-20
8698,Christopher Gill,aaron71@example.com,828-242-8154x431,Buffalo,New York,USA,2024-09-12
8699,Stephen Rice,eharrison@example.net,203-212-6667x435,New York City,New York,USA,2023-01-02
8700,Heather Lowe,williamsonpatrick@example.com,+1-791-534-3447x894,Orlando,Florida,USA,2021-03-05
8701,Barry Hayes,tcross@example.net,(206)777-8988x89929,Buffalo,New York,USA,2024-03-28
8702,Joy Hunter,richard13@example.org,3112623168,Seattle,Washington,USA,2024-11-26
8703,Kimberly Jimenez,gcarpenter@example.org,(283)204-0679x7425,Miami,Florida,USA,2023-01-07
8704,Ryan Brown,robinsongregory@example.com,001-784-711-7920x694,Buffalo,New York,USA,2025-03-05
8705,Jesse Morris,joshua89@example.com,805.507.9393x999,San Francisco,California,USA,2022-02-01
8706,Jordan Torres,joseph89@example.org,630-465-6047,Boston,Massachusetts,USA,2023-02-13
8707,Andrea Johnson,starkveronica@example.org,001-930-931-5226x128,Denver,Colorado,USA,2021-08-10
8708,Trevor Morales,joshuaporter@example.org,+1-429-399-9399x1689,Austin,Texas,USA,2025-12-02
8709,Michael Hoffman,dianewaller@example.org,786.663.9814x10704,Denver,Colorado,USA,2024-10-22
8710,Cassandra Wilson,jeffery45@example.net,389-401-5484x0664,Chicago,Illinois,USA,2023-07-10
8711,Antonio Alexander,stephaniewelch@example.net,+1-750-749-2233x388,Boston,Massachusetts,USA,2023-12-16
8712,Virginia Jones,camposfelicia@example.com,296-941-2875x0258,New York City,New York,USA,2022-06-28
8713,Destiny Sullivan,michaelvaughn@example.com,(709)226-5319,Boston,Massachusetts,USA,2024-10-22
8714,Robert Richardson,vasquezamber@example.com,211.829.5387,Houston,Texas,USA,2025-12-24
8715,Sarah Lopez,zmoore@example.net,001-720-341-2042x753,Houston,Texas,USA,2023-03-12
8716,Jaime Lowe,andersonmegan@example.org,8962847710,Las Vegas,Nevada,USA,2023-05-05
8717,Raymond King,david67@example.com,201-532-3879,Austin,Texas,USA,2022-09-26
8718,Sheila Green,amandaholmes@example.net,557-880-1114x259,Buffalo,New York,USA,2021-03-26
8719,Regina Brown,jli@example.net,486.220.6667x2044,Las Vegas,Nevada,USA,2023-12-02
8720,Corey Wood,jacobpope@example.com,516.318.2501x81229,Seattle,Washington,USA,2022-12-05
8721,Virginia Acosta,shirleymarquez@example.net,295.224.3043x038,Atlanta,Georgia,USA,2024-06-08
8722,Melissa Schroeder,knappdenise@example.org,(535)333-4271x6871,San Francisco,California,USA,2023-06-07
8723,Melissa Jacobs,lmartinez@example.com,8232541143,Phoenix,Arizona,USA,2023-07-21
8724,Mr. Andrew Mclaughlin,robert66@example.org,416.909.5092x2088,Las Vegas,Nevada,USA,2025-06-12
8725,Colleen Robles,brandon70@example.org,813.669.6701x8316,Phoenix,Arizona,USA,2022-12-12
8726,Eric Hester,jamesrush@example.net,819-827-4119,Austin,Texas,USA,2021-08-14
8727,Luis Ramirez,james08@example.com,283-449-9074,Los Angeles,California,USA,2023-10-19
8728,Mark Williams,iyoung@example.org,651.449.9746,Boston,Massachusetts,USA,2024-11-04
8729,Dr. Catherine Wilkinson,kklein@example.org,549.537.5534,New York City,New York,USA,2023-08-14
8730,Shelby Williams,elizabethnavarro@example.org,(834)635-2409,Denver,Colorado,USA,2021-11-04
8731,Erik Jimenez,combsmonique@example.com,001-954-425-7175,Chicago,Illinois,USA,2022-08-17
8732,Alexander Brown,ssosa@example.org,206.780.2240x9512,Las Vegas,Nevada,USA,2024-02-18
8733,Veronica Hughes,charlesmartin@example.org,+1-951-298-8383x4374,Denver,Colorado,USA,2021-11-30
8734,Casey Campbell,davidgonzalez@example.org,415.338.6480x04840,Austin,Texas,USA,2023-09-25
8735,Andrew Garcia,michelleacosta@example.net,(795)897-8471x1025,Austin,Texas,USA,2021-05-13
8736,Jennifer Mitchell,smithmichelle@example.org,001-831-910-5828x454,Phoenix,Arizona,USA,2022-08-27
8737,Eric Garza,kimberly17@example.net,563-572-7154x8375,Los Angeles,California,USA,2023-07-19
8738,Kevin Rowe,levyrobert@example.com,534-414-2884x984,Los Angeles,California,USA,2022-03-22
8739,Heather Burton,owoodward@example.com,+1-572-268-5279x167,Austin,Texas,USA,2025-08-18
8740,Phyllis Price,brownjorge@example.com,(960)204-4953x6238,Las Vegas,Nevada,USA,2021-09-10
8741,Derek Russo Jr.,kbryant@example.com,001-955-430-8933x804,Los Angeles,California,USA,2023-09-28
8742,Erika Lee,shannonandrews@example.com,269-264-8399x58483,Austin,Texas,USA,2021-01-11
8743,Albert Freeman,rtran@example.net,685-818-7153,Miami,Florida,USA,2022-12-23
8744,Deanna Castillo,hmartin@example.org,(378)800-9773,Denver,Colorado,USA,2025-09-05
8745,Gary Baird,vbrown@example.org,001-854-371-2189x127,Los Angeles,California,USA,2021-04-13
8746,Alexander Morales,christopherpalmer@example.net,8025496781,Austin,Texas,USA,2021-10-10
8747,Joseph Woods,wcalhoun@example.net,3676488326,Houston,Texas,USA,2025-12-05
8748,Faith Lambert,hudsonjohn@example.com,4335637656,Austin,Texas,USA,2025-05-28
8749,Dylan Maxwell,johnsonjoseph@example.net,844-831-2154x293,Atlanta,Georgia,USA,2023-10-26
8750,Sara Burns,kimberly92@example.net,917.781.3834x655,Denver,Colorado,USA,2025-04-24
8751,Michael Sweeney,rebeccacollins@example.com,4985756866,Chicago,Illinois,USA,2021-11-14
8752,Patrick Martin,matthew97@example.com,+1-718-821-9972x4909,San Francisco,California,USA,2024-12-31
8753,Joseph Arnold,emoran@example.com,4016575042,Austin,Texas,USA,2021-10-20
8754,Diamond Leach,deborah89@example.com,(474)667-4004,Seattle,Washington,USA,2022-02-07
8755,Christopher Griffin,wcasey@example.org,(241)715-6324,Miami,Florida,USA,2024-04-13
8756,Louis Brown,frankpratt@example.net,001-682-886-8439,Boston,Massachusetts,USA,2021-06-15
8757,Maria Miranda,melissajones@example.com,994.486.0875,Austin,Texas,USA,2022-03-25
8758,Nicholas Gonzalez,benjamin53@example.net,714-510-4796x102,Los Angeles,California,USA,2023-08-28
8759,Deborah Martinez,tara48@example.com,(206)485-0021,Boston,Massachusetts,USA,2022-12-28
8760,Laura Smith,pmartin@example.com,+1-374-693-6155,Buffalo,New York,USA,2025-07-21
8761,Steven Bell,clarkmisty@example.net,396-905-5782x9161,Denver,Colorado,USA,2024-07-28
8762,Jessica Martin,melindalawrence@example.com,474.416.7184x86259,Miami,Florida,USA,2023-05-16
8763,Michael Kemp,josephlittle@example.org,6697910893,Miami,Florida,USA,2021-07-20
8764,Katie Freeman,jnielsen@example.org,386-256-0860x94036,Boston,Massachusetts,USA,2022-06-20
8765,Brian Myers,jeremiahfernandez@example.net,9383065733,Boston,Massachusetts,USA,2022-09-11
8766,Ethan Mcdaniel,audreyalexander@example.net,783-613-0660x750,Las Vegas,Nevada,USA,2022-09-29
8767,Kenneth Morales,amy49@example.com,429-987-0009x90523,New York City,New York,USA,2024-02-29
8768,Craig Phillips,bethany65@example.net,942-920-8073,Miami,Florida,USA,2024-10-22
8769,Jose Strickland,yjimenez@example.org,7008307912,Boston,Massachusetts,USA,2022-10-23
8770,Diana Smith,garymann@example.net,(513)659-2185,Phoenix,Arizona,USA,2024-03-30
8771,Steve Henderson,davisdanny@example.com,8477940454,New York City,New York,USA,2024-10-31
8772,Joanna Baldwin,craigwilliam@example.net,+1-318-695-7172x3366,Phoenix,Arizona,USA,2022-02-13
8773,Robert Nicholson,marshalljennifer@example.com,+1-485-901-5140x2960,Austin,Texas,USA,2021-10-05
8774,Jackson Adams,eharris@example.net,(699)919-3828x1590,Miami,Florida,USA,2024-02-10
8775,Jeremy Jones,brittanywhite@example.net,+1-776-626-8860,Buffalo,New York,USA,2022-09-09
8776,Debra Harvey,lancedavis@example.net,747.746.6848x4210,Austin,Texas,USA,2021-06-25
8777,Donna Jones,csmith@example.net,450.494.0493x10006,Austin,Texas,USA,2024-03-06
8778,Lindsey Meyer,kyle61@example.org,803.370.6327,Boston,Massachusetts,USA,2024-07-10
8779,Ryan Bauer,nicholaswatson@example.org,457.335.8792,Orlando,Florida,USA,2024-01-23
8780,Aaron Carey,collinjohnson@example.com,001-563-433-6118x757,New York City,New York,USA,2023-02-09
8781,Tara Palmer,bcollins@example.org,(854)565-9897x29702,Phoenix,Arizona,USA,2025-11-29
8782,Kimberly Waller,rebeccayoder@example.net,+1-988-766-9056x682,Atlanta,Georgia,USA,2023-06-14
8783,George Miller,houstonjonathan@example.net,(479)869-5367,San Francisco,California,USA,2021-10-11
8784,Trevor Davis,pdorsey@example.net,+1-988-603-8750x132,Chicago,Illinois,USA,2023-06-25
8785,Pamela Rowe,icook@example.com,333.741.6025,Seattle,Washington,USA,2022-10-04
8786,Anthony Richards,flawson@example.net,001-522-468-6186x471,Chicago,Illinois,USA,2024-11-04
8787,Deborah Baldwin,kfritz@example.com,(915)455-6223x952,Seattle,Washington,USA,2023-01-03
8788,Jamie Cole,sarahbentley@example.com,4583144602,Orlando,Florida,USA,2022-12-27
8789,Michael Petersen,chadwilliams@example.net,+1-420-603-4413,Miami,Florida,USA,2023-08-14
8790,Thomas Thompson,ushelton@example.com,933.925.9375x3605,Miami,Florida,USA,2023-04-21
8791,Kathryn Hall,garciadanielle@example.net,+1-576-405-9173x254,Orlando,Florida,USA,2021-02-26
8792,Kevin Osborne,ckeith@example.net,4783621162,Boston,Massachusetts,USA,2024-02-19
8793,Michelle Cooper,nguyencarlos@example.net,332.543.8212x500,Los Angeles,California,USA,2025-04-20
8794,Rachel Reid,erodriguez@example.org,820-585-8855,Miami,Florida,USA,2021-07-01
8795,Lindsey Cruz,barnesjared@example.org,605-561-0433x1743,Phoenix,Arizona,USA,2021-10-15
8796,Sean Kennedy,smithjames@example.net,001-588-892-6920,Las Vegas,Nevada,USA,2022-09-12
8797,David Schwartz,gwest@example.com,936.619.0090x6438,Phoenix,Arizona,USA,2022-05-12
8798,Kimberly Mora,christopher53@example.net,584.516.6358x977,Las Vegas,Nevada,USA,2023-11-15
8799,Ray Glover Jr.,ian31@example.net,(702)513-1759,Houston,Texas,USA,2021-09-18
8800,David Gonzalez,watsonkevin@example.org,(985)996-1421,Las Vegas,Nevada,USA,2024-01-18
8801,Diane Chen,kwheeler@example.com,595-870-2579,Boston,Massachusetts,USA,2024-03-04
8802,Victoria Richardson,jbaker@example.com,249-641-5214x8159,Boston,Massachusetts,USA,2022-08-24
8803,Philip Williams,qorozco@example.org,8639593867,Los Angeles,California,USA,2025-03-27
8804,Oscar Osborn,lmoore@example.net,+1-776-276-2505,Atlanta,Georgia,USA,2023-03-16
8805,Christian Harper,lyoung@example.org,001-449-656-2086x614,New York City,New York,USA,2023-04-06
8806,Samantha Gray,mark81@example.org,420-927-4066x78752,Denver,Colorado,USA,2021-01-13
8807,Gary Orr,amanda09@example.com,7233997202,Orlando,Florida,USA,2025-07-12
8808,Bethany Caldwell,brandonharvey@example.org,(802)417-3718,Phoenix,Arizona,USA,2025-11-27
8809,Janet Johnson,wardchristopher@example.com,366.497.8469x2391,Chicago,Illinois,USA,2023-08-01
8810,Michael Gomez,bondemily@example.com,001-899-513-7627x733,Atlanta,Georgia,USA,2021-04-22
8811,Toni Washington,sharonray@example.org,001-793-354-4819x442,San Francisco,California,USA,2021-04-23
8812,Michael White,deborahtorres@example.org,(474)963-3560,Austin,Texas,USA,2025-08-27
8813,Joseph Odom,garciaisabella@example.org,+1-792-653-0213x5582,Denver,Colorado,USA,2021-08-08
8814,Adriana Hill,simonpenny@example.com,423-619-4959,Houston,Texas,USA,2024-05-02
8815,Susan Ware,jcortez@example.net,8242047025,San Francisco,California,USA,2025-08-11
8816,Michael Miller,ustein@example.net,969-888-2902x97775,Austin,Texas,USA,2024-03-04
8817,Brian Torres,claudia14@example.org,(841)701-2781,Orlando,Florida,USA,2024-11-15
8818,Teresa Miller,donaldguerrero@example.net,591.813.1797x81814,Houston,Texas,USA,2025-11-06
8819,Theresa Johnson,michaelwilliams@example.org,+1-516-717-1318x767,Los Angeles,California,USA,2021-09-06
8820,Eddie Sims,newtonkelly@example.net,+1-278-592-1338x067,Seattle,Washington,USA,2024-04-12
8821,Carrie Smith MD,antoniorice@example.org,717.483.2005x7902,Denver,Colorado,USA,2023-11-13
8822,Jeffery Price,annegreene@example.com,960-376-7325x1080,Seattle,Washington,USA,2025-01-08
8823,Joshua Stark,juliantaylor@example.com,(722)855-8363x234,Los Angeles,California,USA,2024-12-07
8824,Jose Smith,carolynwilkinson@example.com,(426)503-8161x722,Buffalo,New York,USA,2023-11-24
8825,William Jones,xturner@example.org,859.287.3172,New York City,New York,USA,2024-02-26
8826,Robert Foster,darrell22@example.net,001-307-278-8796x118,Seattle,Washington,USA,2023-10-12
8827,Elizabeth Garcia,tracirose@example.net,761-705-0013x3475,New York City,New York,USA,2022-04-03
8828,Linda Reed,barbaramiller@example.org,(792)519-2813x41660,Boston,Massachusetts,USA,2024-10-15
8829,Adam Jones,corybowers@example.net,697.853.7242x464,Denver,Colorado,USA,2025-10-12
8830,Amy Burns,alexisenglish@example.com,(273)582-9183x827,New York City,New York,USA,2022-09-09
8831,Abigail Sanders,coreysaunders@example.net,476-399-9854,Denver,Colorado,USA,2022-09-29
8832,Anna Goodwin,brittneyjones@example.com,+1-561-327-4450x413,Seattle,Washington,USA,2021-01-14
8833,Paul Noble,pphillips@example.com,4259314369,Phoenix,Arizona,USA,2023-09-21
8834,Robert Alvarado,uyoung@example.net,910.351.1933x3231,Las Vegas,Nevada,USA,2024-11-09
8835,Lauren King,parias@example.net,+1-473-635-7400,Buffalo,New York,USA,2021-08-23
8836,Omar Davis DDS,jmonroe@example.com,9453751746,San Francisco,California,USA,2021-01-01
8837,Jorge Rivera,tranallen@example.org,(262)736-2332,New York City,New York,USA,2024-05-21
8838,Brittany Edwards,elizabeth52@example.net,+1-992-530-5080,Boston,Massachusetts,USA,2021-09-05
8839,Lori Walker,nstephens@example.org,278-353-6822x31295,Chicago,Illinois,USA,2021-07-18
8840,Donna Baker,pattongeorge@example.com,419-483-7599x61303,Buffalo,New York,USA,2022-02-23
8841,Kelly Parsons,michaelhughes@example.com,(443)996-0051,San Francisco,California,USA,2023-08-29
8842,Ian Bryant,hclark@example.org,(494)530-5578,Los Angeles,California,USA,2025-09-02
8843,Steven Evans,kelly76@example.com,001-876-329-6861x692,Chicago,Illinois,USA,2023-06-28
8844,Paul Fox,brownfrederick@example.org,428.666.4631x94596,Miami,Florida,USA,2021-04-24
8845,Kayla Shannon,nlucas@example.net,001-613-708-9165,Boston,Massachusetts,USA,2021-09-07
8846,Frank Adams,amandarodriguez@example.com,(630)409-9335x265,Austin,Texas,USA,2023-04-09
8847,Troy Allen,hernandezelizabeth@example.com,327-217-1218x45036,Orlando,Florida,USA,2022-01-12
8848,Carolyn Chung,brandon40@example.org,886.913.6757,Atlanta,Georgia,USA,2022-04-27
8849,Jeff Singleton,michelle67@example.org,(613)589-8302,Atlanta,Georgia,USA,2025-10-03
8850,Sandra Burnett,levimay@example.net,+1-929-277-5083,Chicago,Illinois,USA,2022-06-18
8851,Michelle Evans,ann19@example.com,(918)435-0625x81719,Atlanta,Georgia,USA,2024-06-08
8852,Lisa Drake,yjacobs@example.com,(294)341-0556,Denver,Colorado,USA,2023-06-19
8853,Molly Morrison,jeremiahjennings@example.org,4957625812,Atlanta,Georgia,USA,2024-09-09
8854,Sarah Bates,hmueller@example.net,+1-693-933-2095x170,Las Vegas,Nevada,USA,2021-09-10
8855,Jasmin Murray,nbyrd@example.net,(480)762-3894,Miami,Florida,USA,2021-10-27
8856,Christina Moore,jamescross@example.net,(825)732-1035x66196,Denver,Colorado,USA,2021-02-14
8857,Karen Hernandez,barreraheather@example.org,626.620.9861x8206,New York City,New York,USA,2021-10-18
8858,Alexander Franklin,michael24@example.org,658.233.5267x2781,Atlanta,Georgia,USA,2025-03-05
8859,Charles Freeman,kaylatrevino@example.net,(569)728-3275,Denver,Colorado,USA,2022-05-08
8860,Amanda Harrison,claytonkerr@example.com,(657)247-0021,New York City,New York,USA,2023-11-14
8861,Peter Gonzalez,wwilliams@example.org,247-283-6238x285,Seattle,Washington,USA,2024-12-03
8862,Gary Howe,higginsjake@example.org,661-309-7720,Chicago,Illinois,USA,2022-02-15
8863,Lynn Morgan,kiddstephanie@example.org,499.456.9882x575,Orlando,Florida,USA,2023-09-11
8864,Jeffrey Stewart,jgoodwin@example.org,(843)733-0726x28228,Austin,Texas,USA,2022-08-16
8865,Becky Brooks,christinasmith@example.com,001-917-773-2200x038,Denver,Colorado,USA,2021-07-24
8866,Tiffany Walker,curtisgallagher@example.net,621-437-3459,Las Vegas,Nevada,USA,2023-10-07
8867,Veronica Hoffman,clarkjoshua@example.org,796.382.6567x3320,Houston,Texas,USA,2024-09-29
8868,Marcus Solomon,vbecker@example.org,(884)209-5905,Austin,Texas,USA,2023-03-13
8869,Steven Gonzalez,oliverstephanie@example.com,+1-410-525-7884,Miami,Florida,USA,2024-11-29
8870,Kelly Weaver,vpatterson@example.net,001-708-627-3422,Phoenix,Arizona,USA,2021-08-08
8871,Ronnie Ray,dillon51@example.net,(438)480-9612,Orlando,Florida,USA,2023-05-04
8872,Natalie Watts,murphybenjamin@example.com,001-801-340-1114x228,Atlanta,Georgia,USA,2023-05-21
8873,Michael Martin,nmorton@example.org,(661)349-3607x4161,New York City,New York,USA,2021-02-27
8874,John Casey MD,xmontoya@example.org,001-445-316-6310x549,Austin,Texas,USA,2023-07-26
8875,Roberto Gray,kevinhernandez@example.net,649.966.4816x0311,San Francisco,California,USA,2024-03-01
8876,Sharon Newton,jennifer59@example.org,+1-752-485-1719,Miami,Florida,USA,2021-01-23
8877,Daniel Jacobson,joshua28@example.com,(516)715-0194x15152,Las Vegas,Nevada,USA,2022-09-13
8878,Joan Flowers,ewilliams@example.net,591.429.5034,Los Angeles,California,USA,2024-08-14
8879,Kathleen Smith,mackenzie51@example.com,936.335.5004,Denver,Colorado,USA,2024-09-07
8880,Alexis Rivera,cheryl51@example.net,001-860-237-7228x683,Las Vegas,Nevada,USA,2023-06-30
8881,Denise Garcia,stephensbrad@example.net,001-492-300-7062x494,Los Angeles,California,USA,2022-12-28
8882,Stephanie Cobb,oorozco@example.org,585-890-8846,New York City,New York,USA,2023-08-17
8883,Gabriel Ware,ymills@example.net,(283)651-9762,Boston,Massachusetts,USA,2025-01-20
8884,Christopher Pope,boyerandrew@example.com,(721)238-2925,Orlando,Florida,USA,2022-07-22
8885,Michael Sharp,morsekenneth@example.org,654-994-9861x194,Los Angeles,California,USA,2021-11-21
8886,Amber Francis,xelliott@example.org,(898)421-6234,Houston,Texas,USA,2023-10-23
8887,Grant Fritz,wbaldwin@example.com,(923)820-5722x72263,Atlanta,Georgia,USA,2025-10-30
8888,John Brewer,davisvanessa@example.org,(613)281-0250,Chicago,Illinois,USA,2022-03-08
8889,Matthew Watson,john66@example.com,336.972.5958,Houston,Texas,USA,2024-12-17
8890,Jocelyn Taylor,jmejia@example.com,616-405-7255,Chicago,Illinois,USA,2023-03-11
8891,Joann Allen,curtis20@example.net,414.622.1732,Chicago,Illinois,USA,2021-05-09
8892,Anthony Benson,stephaniebuckley@example.net,660-594-9931,New York City,New York,USA,2024-09-05
8893,Victor Krause,lucasthomas@example.com,651-726-3199x93837,New York City,New York,USA,2022-12-22
8894,Dawn Harmon,sean67@example.org,299-320-1457,Denver,Colorado,USA,2025-01-12
8895,Jessica Griffin,johnsonjennifer@example.org,242-403-3243,Las Vegas,Nevada,USA,2022-11-26
8896,Dennis Price,alopez@example.net,364.992.3205,Orlando,Florida,USA,2025-01-04
8897,Crystal Morales,edwardsshannon@example.com,(374)683-7405x849,Atlanta,Georgia,USA,2025-05-31
8898,Charles Williams,christinegalloway@example.org,001-258-637-5227x669,New York City,New York,USA,2022-07-25
8899,Robert White,garciarobin@example.com,+1-821-806-4317x178,Phoenix,Arizona,USA,2025-04-11
8900,Pamela Brown,janice18@example.com,848-277-1595,Denver,Colorado,USA,2022-09-13
8901,Tina Reynolds,kevin67@example.net,609.855.9879x170,Boston,Massachusetts,USA,2023-03-18
8902,Jennifer Reyes,johnolsen@example.com,+1-927-831-1809x171,San Francisco,California,USA,2025-09-15
8903,Anita Wilson,davismario@example.net,001-949-324-3981x662,Denver,Colorado,USA,2023-09-18
8904,Taylor Ward,pbradshaw@example.org,(228)437-9249x09975,Miami,Florida,USA,2023-08-25
8905,Joshua Escobar,wperez@example.net,+1-233-758-5511x355,Las Vegas,Nevada,USA,2024-09-11
8906,Michelle Lin,mcintyreheidi@example.net,(661)308-5111x33929,New York City,New York,USA,2024-03-25
8907,Jennifer Wells,strongjanice@example.org,(400)285-2414,Seattle,Washington,USA,2023-11-05
8908,Sarah Williams,lrivera@example.org,(417)304-0188x1594,Phoenix,Arizona,USA,2024-09-11
8909,Rodney Boyer,rhodesdonald@example.com,+1-575-865-4521,Chicago,Illinois,USA,2022-06-15
8910,Karen Frazier,seandominguez@example.net,803.220.3969x05911,New York City,New York,USA,2024-11-30
8911,Emily Kramer,cookemaria@example.net,8138857400,Houston,Texas,USA,2024-04-20
8912,Lori Collins,christianjohnson@example.com,001-977-537-5290x263,Las Vegas,Nevada,USA,2022-12-14
8913,Jessica Hughes,dtaylor@example.net,9475758173,Las Vegas,Nevada,USA,2024-06-18
8914,Deborah Gomez,gcardenas@example.org,+1-801-216-8441x477,Atlanta,Georgia,USA,2023-04-07
8915,Pamela Franco,chencheyenne@example.org,(467)834-6906x28975,San Francisco,California,USA,2021-04-03
8916,John Peterson,anna12@example.net,+1-831-688-1524x7156,Los Angeles,California,USA,2025-10-11
8917,Daniel Parker,murphychristopher@example.org,(464)937-6252x21139,Seattle,Washington,USA,2021-11-22
8918,Timothy Miller,ymoore@example.net,+1-498-351-7095x8820,Buffalo,New York,USA,2021-07-17
8919,Tabitha Smith,marypierce@example.com,+1-937-455-9241x8611,Denver,Colorado,USA,2021-08-06
8920,Elizabeth Vargas,randalljessica@example.net,+1-544-683-9378x8122,Orlando,Florida,USA,2024-10-23
8921,Brandy Johnson,rgrant@example.com,(849)716-0115x354,Orlando,Florida,USA,2022-10-25
8922,Tabitha Erickson,gwilliamson@example.org,643-673-2019x4443,Phoenix,Arizona,USA,2022-04-20
8923,Jason Reynolds,jamierussell@example.com,405.989.2684x8868,Phoenix,Arizona,USA,2025-07-14
8924,Mary Dunn,jarvismaria@example.com,001-458-887-1318x222,Boston,Massachusetts,USA,2025-02-09
8925,David Carey,sarahhensley@example.com,614.365.8703x767,Phoenix,Arizona,USA,2022-04-30
8926,Debra Rodriguez,jillsteele@example.com,4096109631,San Francisco,California,USA,2025-12-09
8927,Mark Gilmore,ricardobautista@example.net,(964)206-6653x6939,New York City,New York,USA,2025-01-31
8928,Kristopher Robinson,scottfoster@example.org,(522)840-6936x4657,Boston,Massachusetts,USA,2023-02-26
8929,Mason Fletcher,brandon16@example.org,330-286-1821,Phoenix,Arizona,USA,2023-05-11
8930,Melinda Solomon,brianagreer@example.com,001-868-665-2716x131,Boston,Massachusetts,USA,2021-05-12
8931,Edward Williams,nicolesmith@example.net,731.715.8158x562,Los Angeles,California,USA,2024-06-07
8932,Sherry Hays,bguerrero@example.net,+1-272-584-8896,Austin,Texas,USA,2021-08-23
8933,Justin Medina,victorbarnett@example.org,+1-349-901-0008x4405,Los Angeles,California,USA,2025-10-01
8934,Joshua Williams,lisa07@example.com,(848)490-0134,Seattle,Washington,USA,2021-05-30
8935,Adrian Cantrell,nelsonjay@example.org,454-274-2432x8645,Orlando,Florida,USA,2025-04-13
8936,Cathy Larson,johnclark@example.com,+1-742-373-4225x414,Houston,Texas,USA,2024-05-27
8937,Christopher Owens,raymond76@example.com,2265088692,Denver,Colorado,USA,2025-09-18
8938,Brian Hart,louis53@example.net,723.432.7350x8046,Los Angeles,California,USA,2021-12-23
8939,Chad Hardin,jennifer15@example.org,(998)537-1210,Houston,Texas,USA,2021-08-09
8940,Mariah Erickson,gutierrezbenjamin@example.org,5469471599,Seattle,Washington,USA,2023-07-10
8941,Robin Perez,seth98@example.org,221.218.0541,Miami,Florida,USA,2021-09-30
8942,Tommy Carey,kim58@example.org,895.595.7980x23919,Denver,Colorado,USA,2024-03-21
8943,Richard Smith,margaretduke@example.org,+1-622-233-0465x7220,Chicago,Illinois,USA,2022-02-14
8944,Clifford Reed,davisgregory@example.org,+1-408-472-9548x663,Buffalo,New York,USA,2022-06-02
8945,Regina Rodriguez,hernandezmarcia@example.net,001-901-658-2133x074,Orlando,Florida,USA,2023-06-16
8946,Laura Moore,oriley@example.org,001-725-635-5523,Denver,Colorado,USA,2022-08-09
8947,Tyler Wright,ovega@example.com,+1-402-405-7385x0695,Buffalo,New York,USA,2022-02-17
8948,Eric Graham,kimberly36@example.net,001-843-249-4562x500,Seattle,Washington,USA,2021-11-28
8949,Gloria Brown,woodamy@example.com,001-835-403-1694,Miami,Florida,USA,2025-07-25
8950,Tracy Smith,andrewmoran@example.net,341.303.1637x82789,Chicago,Illinois,USA,2025-07-15
8951,Nathan Avila,colliervincent@example.com,(694)397-7023x87913,Phoenix,Arizona,USA,2022-01-29
8952,Michele Moore,cbush@example.com,3589752788,San Francisco,California,USA,2024-04-07
8953,Jose Carter,russellquinn@example.com,847-780-5024,Los Angeles,California,USA,2024-07-12
8954,Michael Wilson,jessica21@example.net,586-970-5902x90996,Denver,Colorado,USA,2021-07-17
8955,Brian Werner,dlee@example.net,788.649.8774,Buffalo,New York,USA,2021-03-10
8956,Caleb Cole,bradley40@example.org,001-919-562-8159x744,Phoenix,Arizona,USA,2021-10-15
8957,Cameron Kennedy,bensonana@example.com,263.694.4945x3536,Boston,Massachusetts,USA,2021-01-11
8958,Jesse Hill,eweber@example.com,001-260-893-3244x507,Houston,Texas,USA,2025-05-05
8959,Hector Russell,marvinharper@example.net,+1-264-918-8546x331,Miami,Florida,USA,2024-03-09
8960,Timothy Scott,peter06@example.org,(630)985-6054x45619,Chicago,Illinois,USA,2025-11-06
8961,Lisa Miller,nguyensamantha@example.net,769-672-3211,San Francisco,California,USA,2022-11-29
8962,Mary Mays,hermancolleen@example.net,(489)510-9305x033,New York City,New York,USA,2024-10-29
8963,Nicholas Silva,debraandrews@example.org,+1-589-295-0291x5559,Seattle,Washington,USA,2025-01-31
8964,Robert Mitchell,wroberson@example.com,846.860.7398x13910,Denver,Colorado,USA,2023-12-18
8965,Ronald Anthony,ramoschristopher@example.net,505-944-8512x62148,Orlando,Florida,USA,2022-01-25
8966,Abigail Johnston,karenhall@example.com,(329)938-2680,Atlanta,Georgia,USA,2022-03-01
8967,Phillip Bond,mitchellkathleen@example.org,715.895.6099x604,Las Vegas,Nevada,USA,2025-08-22
8968,Angela Larsen,jennifer82@example.net,+1-686-732-2960x2172,Orlando,Florida,USA,2023-10-23
8969,Stacy Molina,breanna70@example.net,(456)204-4731x707,Houston,Texas,USA,2023-01-01
8970,Travis Wilson,michael18@example.net,001-690-988-7012,Las Vegas,Nevada,USA,2024-02-19
8971,Jeremy Hammond,rachaelalexander@example.com,413-751-3908,Atlanta,Georgia,USA,2021-10-10
8972,Michael Miller,browntamara@example.com,680.421.3038,Phoenix,Arizona,USA,2021-05-18
8973,Tina Bird,whitemark@example.org,324-244-0215x39922,Orlando,Florida,USA,2023-05-26
8974,Cynthia Ross,martincarrie@example.org,+1-630-909-9636x7325,Denver,Colorado,USA,2023-02-10
8975,Michael Taylor,john62@example.org,(501)520-8649,Atlanta,Georgia,USA,2021-05-26
8976,Logan White,brian65@example.com,8448643760,Las Vegas,Nevada,USA,2021-06-10
8977,Micheal Griffin,brittanyallison@example.com,798.395.2296,New York City,New York,USA,2025-05-22
8978,Julie Rodriguez,susan07@example.net,(209)401-8886,Chicago,Illinois,USA,2022-09-03
8979,Jose Erickson,omiller@example.org,001-553-897-2390x372,San Francisco,California,USA,2021-08-30
8980,Jose Acevedo,griffinkenneth@example.com,3373400644,Orlando,Florida,USA,2022-04-18
8981,Kayla Johnson,transhelly@example.org,(512)633-0454x348,Los Angeles,California,USA,2024-05-16
8982,Connor Lawson,kelsey89@example.com,406-634-4128x2566,Chicago,Illinois,USA,2022-11-09
8983,Wanda Garcia,daniel77@example.com,(434)858-9651,Los Angeles,California,USA,2022-04-04
8984,Samantha Myers,kevin73@example.net,(250)502-1736,Atlanta,Georgia,USA,2022-08-17
8985,Samuel Gonzalez,derek51@example.com,626-992-7916x02663,Boston,Massachusetts,USA,2025-08-24
8986,Mary Hawkins,awalter@example.org,786-801-2989x5204,Austin,Texas,USA,2023-03-11
8987,Travis Bennett,charlesperez@example.com,841-935-3931x589,Seattle,Washington,USA,2023-01-03
8988,Jonathan Jackson,chad20@example.net,(671)848-0909x731,San Francisco,California,USA,2025-11-22
8989,Daniel Griffin DDS,snowdonald@example.net,643.290.6268,Atlanta,Georgia,USA,2021-11-20
8990,Andrea Kirby,fergusonbrittany@example.net,+1-687-912-0996x7698,Austin,Texas,USA,2021-06-03
8991,William Wilkins,rpayne@example.com,+1-927-877-3177x859,Chicago,Illinois,USA,2024-03-24
8992,Jessica Williamson,avelez@example.org,803.728.4319x2083,Buffalo,New York,USA,2025-10-14
8993,James Jones,larsenjennifer@example.net,336-980-2908x050,Chicago,Illinois,USA,2024-06-05
8994,Anthony Obrien,sroberts@example.org,+1-301-889-0144,Chicago,Illinois,USA,2022-10-02
8995,Christina Murphy,william57@example.org,(931)599-2423x85153,Miami,Florida,USA,2024-06-20
8996,Juan Gardner,andersonkathleen@example.net,6673943928,Los Angeles,California,USA,2024-01-24
8997,Karen Ingram,kathleenrollins@example.net,922-505-5317,Seattle,Washington,USA,2021-08-16
8998,Shannon Clements,lindseypowers@example.com,(539)708-3969x9194,Las Vegas,Nevada,USA,2023-08-23
8999,Nathaniel Massey,crystalpeterson@example.com,001-412-821-6869x362,Boston,Massachusetts,USA,2022-06-23
9000,Janet Gordon,franksims@example.org,561.506.2957,Denver,Colorado,USA,2021-03-03
9001,Theresa Salazar,lewisloretta@example.net,447-751-3713x937,Los Angeles,California,USA,2022-11-24
9002,Gina Hall,ygonzalez@example.net,880-722-8066,Miami,Florida,USA,2022-06-19
9003,April Morgan,janetestes@example.org,7796681349,Buffalo,New York,USA,2022-11-17
9004,Jason Burnett,floresmichael@example.com,876.555.8547,Boston,Massachusetts,USA,2025-04-16
9005,Tony Porter,abigail63@example.org,982-534-6481x1412,Los Angeles,California,USA,2021-10-13
9006,Dawn Young,jmiranda@example.org,(803)850-9661,Buffalo,New York,USA,2024-01-26
9007,Stephanie Olson,jacobmatthews@example.net,577-993-1319x7714,Atlanta,Georgia,USA,2025-02-11
9008,Michelle Gross,candiceflores@example.org,231.486.7679,Houston,Texas,USA,2025-04-01
9009,Brenda Kramer,srichards@example.org,2197506606,Denver,Colorado,USA,2025-12-04
9010,Monica Thompson,danielanderson@example.org,266-484-4129x393,Los Angeles,California,USA,2022-04-28
9011,Susan Rodriguez DVM,sarahwalters@example.com,+1-738-838-2206,Orlando,Florida,USA,2021-05-30
9012,Holly Washington,devans@example.com,372.307.6803,Phoenix,Arizona,USA,2024-02-29
9013,Joseph Cantrell,deanna62@example.org,+1-963-719-6246x319,Boston,Massachusetts,USA,2024-06-03
9014,Ana Walker,jennifer17@example.com,491.528.9429x24168,Seattle,Washington,USA,2025-09-07
9015,Douglas Anderson,dfitzgerald@example.net,947.963.4951,Phoenix,Arizona,USA,2025-07-12
9016,Dawn Oneill,jenniferfields@example.org,897-218-7857x25554,Los Angeles,California,USA,2022-12-10
9017,Jordan Dillon,lindajones@example.net,+1-640-721-5306x6266,San Francisco,California,USA,2023-05-03
9018,Sherri Lopez,margaret29@example.net,356.716.5834,Las Vegas,Nevada,USA,2025-02-23
9019,Tiffany Johnson,jfoley@example.org,(369)241-2728x48717,Las Vegas,Nevada,USA,2021-06-15
9020,Kellie Jones,natasha86@example.com,+1-506-461-8928,Boston,Massachusetts,USA,2024-02-04
9021,John Hood,bsmith@example.com,494.820.4836,Orlando,Florida,USA,2021-09-23
9022,Alexander Johnson,uchandler@example.com,3966012657,Austin,Texas,USA,2025-01-21
9023,Ian Mccarty,davispatrick@example.org,+1-222-631-2181x8152,Los Angeles,California,USA,2021-08-02
9024,Brandon Torres,patelelizabeth@example.com,672-926-1661x371,Los Angeles,California,USA,2023-10-15
9025,Leah Kelly,reedlinda@example.org,(609)332-2358x64369,Chicago,Illinois,USA,2022-04-07
9026,Katrina Davis,wardjon@example.net,(222)214-3387,Denver,Colorado,USA,2022-12-19
9027,Aaron Hansen,christensenrandy@example.com,280-870-9500,Miami,Florida,USA,2023-09-06
9028,Henry Rice,marvin82@example.org,2772079780,Austin,Texas,USA,2025-05-20
9029,Ricky Guzman,peggy59@example.org,+1-252-810-6569,Atlanta,Georgia,USA,2025-11-30
9030,Wesley Hendrix,mistyharrison@example.org,721-248-5344x4287,Buffalo,New York,USA,2021-02-13
9031,Marie Dixon,joshuaadams@example.net,835-234-9368,Boston,Massachusetts,USA,2021-04-24
9032,Corey Duncan,achang@example.com,526-517-0988,Los Angeles,California,USA,2025-05-04
9033,Kimberly Arias,harrisdanielle@example.net,200-732-4309x424,Phoenix,Arizona,USA,2025-07-20
9034,Lori Cross,adam99@example.org,3437135672,Buffalo,New York,USA,2023-12-31
9035,Michelle Mendoza,kennethrice@example.net,(875)583-8345,Las Vegas,Nevada,USA,2025-10-28
9036,Amanda Young,cruznicole@example.org,759.946.7901x79769,Miami,Florida,USA,2024-10-28
9037,Paul Fischer,dawnperez@example.com,001-473-891-3113x314,Denver,Colorado,USA,2025-02-20
9038,Mike York,feliciabates@example.com,590-782-8902,Los Angeles,California,USA,2024-02-06
9039,Stacy Fleming,benitezmisty@example.org,+1-639-471-2525,Orlando,Florida,USA,2021-04-17
9040,Jeffrey Ibarra,kennedynathaniel@example.net,001-304-533-3468x040,Miami,Florida,USA,2025-04-18
9041,William Obrien,cardenasrichard@example.com,9488434362,Miami,Florida,USA,2024-11-25
9042,Alejandro Nielsen,cwalker@example.com,487-509-3318x31106,New York City,New York,USA,2023-05-31
9043,Elizabeth Fischer,uharvey@example.com,(555)744-3829x840,Seattle,Washington,USA,2023-05-25
9044,Pamela Brown,maxwellwalter@example.org,498-968-2106x985,Chicago,Illinois,USA,2021-10-10
9045,Kathleen Garcia,aliciaray@example.org,+1-286-532-4173x784,San Francisco,California,USA,2023-06-16
9046,Donald Arias,joshua65@example.net,534.596.9429,San Francisco,California,USA,2024-06-14
9047,James Burton III,patrickconner@example.org,846-282-6212x459,Boston,Massachusetts,USA,2023-01-24
9048,Dylan Thomas,marcus25@example.net,+1-556-690-1572x092,Houston,Texas,USA,2022-02-01
9049,Mario Ramirez,larrynorman@example.com,+1-644-429-8892,Houston,Texas,USA,2023-06-14
9050,Paul Rivera,wgibson@example.net,464-802-4404,Boston,Massachusetts,USA,2021-04-29
9051,Tiffany Mcfarland,leahyork@example.org,(496)347-4298,Buffalo,New York,USA,2022-04-21
9052,Jessica Allen,gabrielmcbride@example.org,316-292-1745x7053,San Francisco,California,USA,2024-04-20
9053,Jordan Rose,kevin16@example.org,(739)499-9863,Los Angeles,California,USA,2022-04-11
9054,Cynthia Moore,xbaker@example.net,886-662-5506,Miami,Florida,USA,2025-03-11
9055,Christopher Watts,brockray@example.org,+1-644-530-2059x662,Phoenix,Arizona,USA,2025-12-25
9056,Jessica Stewart,lfritz@example.net,708.616.3106,Phoenix,Arizona,USA,2025-06-13
9057,Amanda Taylor,ryanmassey@example.org,(235)735-8333,Chicago,Illinois,USA,2024-03-09
9058,Lisa Davis,bjohnson@example.com,(782)636-3398x1980,Los Angeles,California,USA,2025-07-01
9059,Donald Hunter,reneeatkins@example.org,001-905-978-4208x885,Los Angeles,California,USA,2025-11-24
9060,Jose Hudson,dstevens@example.net,(607)293-8796x5585,Seattle,Washington,USA,2022-05-27
9061,Brian Hill,emathews@example.com,(211)390-9257,Atlanta,Georgia,USA,2021-04-27
9062,Heather Gamble,donald70@example.net,001-259-890-4261,San Francisco,California,USA,2021-04-27
9063,Jason Roach,zachary72@example.net,+1-941-354-0976x9479,New York City,New York,USA,2023-06-18
9064,Bryan Park,sandrastone@example.com,7536573916,New York City,New York,USA,2022-08-02
9065,Zachary Rivera,johnsonjames@example.com,(458)299-2168,Los Angeles,California,USA,2022-10-06
9066,Charles Clark,christina82@example.org,+1-718-837-0274x6731,Houston,Texas,USA,2024-05-18
9067,Russell Potter,terri41@example.org,987.678.3430x1412,Denver,Colorado,USA,2025-12-29
9068,Danielle Marsh,huntermiller@example.org,4765211723,Buffalo,New York,USA,2022-08-22
9069,Haley Bush,martinwilliam@example.net,+1-976-280-9257x9186,New York City,New York,USA,2024-05-26
9070,Amber Rodriguez,rwright@example.org,+1-770-759-8240x027,Miami,Florida,USA,2023-09-08
9071,David Gregory,knolan@example.net,662.972.3266,Denver,Colorado,USA,2021-09-08
9072,James Sanchez,smithcarol@example.net,598-990-8976,Denver,Colorado,USA,2021-06-07
9073,Dawn David,harrismatthew@example.com,+1-781-932-0431x303,San Francisco,California,USA,2022-05-28
9074,Ronnie Alvarado,cyoung@example.com,001-211-852-4423,Chicago,Illinois,USA,2022-02-26
9075,James Pruitt,margaret47@example.org,+1-692-899-6434x1712,Orlando,Florida,USA,2024-12-15
9076,Daniel Everett,ruthcoleman@example.net,646.864.6868x30765,Seattle,Washington,USA,2025-07-24
9077,Nicole Brennan,wmerritt@example.net,938-559-9483x69894,Houston,Texas,USA,2025-10-25
9078,Jeff Faulkner,jonesreginald@example.org,649.762.6730,Buffalo,New York,USA,2023-06-28
9079,Ashley Barber,taramurphy@example.net,518.787.5139x2559,Seattle,Washington,USA,2022-09-12
9080,Richard Henry,alexandragilbert@example.net,+1-452-769-5178x0307,Houston,Texas,USA,2025-05-17
9081,Leslie Sanchez,littlebrittany@example.com,820.599.7349,Chicago,Illinois,USA,2022-08-23
9082,Charles Cook,buchananheidi@example.net,(636)964-9401x93484,Atlanta,Georgia,USA,2024-08-31
9083,Mr. Patrick Silva,sergiopittman@example.org,(766)409-4673,Buffalo,New York,USA,2023-12-15
9084,George Johnson,julie39@example.net,725.831.4536,Boston,Massachusetts,USA,2022-07-02
9085,Stacey Frazier,lloydanthony@example.net,727.812.5672,Houston,Texas,USA,2024-11-30
9086,Kimberly Gonzalez,riggsjohn@example.net,(674)355-3916,Chicago,Illinois,USA,2023-10-29
9087,Sherry Stark,ngreen@example.com,+1-311-874-9118x4512,San Francisco,California,USA,2021-04-21
9088,Crystal Howard,brandihodges@example.com,572.312.1859x19130,Houston,Texas,USA,2023-04-22
9089,Courtney Bishop,glennrogers@example.net,(994)746-7907x275,Seattle,Washington,USA,2024-06-27
9090,Brenda Price,tyronegarcia@example.org,673.635.9904,Orlando,Florida,USA,2022-07-27
9091,Sabrina Henderson,garnerjeffrey@example.com,9969472957,San Francisco,California,USA,2022-02-21
9092,Cynthia Williams,qfowler@example.net,668-711-9751x67929,Boston,Massachusetts,USA,2021-10-08
9093,Jared Wood DDS,frank99@example.com,+1-291-909-0203x397,Atlanta,Georgia,USA,2023-12-03
9094,Debra Griffin,voliver@example.net,622.441.8395,Buffalo,New York,USA,2022-09-17
9095,Bryan Moore,howardrobert@example.net,593-310-5927,Seattle,Washington,USA,2024-02-07
9096,James Bryan,bellmichael@example.org,230.677.2689,Buffalo,New York,USA,2021-09-09
9097,William Allen,mayodustin@example.com,876.555.2411x9268,Houston,Texas,USA,2025-01-24
9098,Shirley Carter,bgibson@example.org,001-607-610-2576x763,Atlanta,Georgia,USA,2025-06-02
9099,Marisa Coleman,danielhughes@example.net,(794)347-8262,New York City,New York,USA,2021-03-15
9100,James Price,vanessa89@example.org,262.999.2290,Buffalo,New York,USA,2024-12-01
9101,Michael Roy,travisfranco@example.net,741-992-5645x51467,Orlando,Florida,USA,2024-08-24
9102,Andrew Rollins,ahardy@example.net,001-417-340-0930,Phoenix,Arizona,USA,2023-07-19
9103,Shawn Howard,mmorgan@example.com,501.509.0655,San Francisco,California,USA,2021-02-13
9104,Bryan King,katelynjohnson@example.net,+1-542-534-7185x7407,Orlando,Florida,USA,2025-09-09
9105,Bridget Figueroa,bowersannette@example.com,992.906.0975,Los Angeles,California,USA,2022-07-08
9106,Jason Davis,laurie42@example.com,944-951-9399x5415,Austin,Texas,USA,2024-04-19
9107,Courtney Roberts,annsimmons@example.com,254-617-0310x7281,Miami,Florida,USA,2022-09-08
9108,Kevin Mora,dustinsilva@example.net,001-435-321-4424,Atlanta,Georgia,USA,2021-06-23
9109,Robert Salinas,yjones@example.net,968-280-4423x50428,Los Angeles,California,USA,2022-07-26
9110,David Reyes,sergio92@example.org,+1-413-941-2230x121,Atlanta,Georgia,USA,2024-06-02
9111,Steve Long,derekkerr@example.org,561.402.1461,Miami,Florida,USA,2023-10-12
9112,April Martin,sheppardkatherine@example.org,(539)388-7221x74871,Los Angeles,California,USA,2025-11-02
9113,Bruce Le,edward05@example.org,9192310758,Miami,Florida,USA,2023-02-27
9114,Kathleen Alvarez,maria60@example.org,730-787-8610x3060,Orlando,Florida,USA,2021-04-01
9115,Ms. Patricia Garza,hunterbrenda@example.org,714.911.8520x644,Buffalo,New York,USA,2022-02-26
9116,Scott Mendoza,elizabethmanning@example.net,001-305-520-1913,Miami,Florida,USA,2022-01-13
9117,Michael Hernandez,riostroy@example.com,(312)282-2082x89664,Denver,Colorado,USA,2023-06-02
9118,Kayla Richmond,christopherkrause@example.com,(868)415-0359,Chicago,Illinois,USA,2021-04-18
9119,Eric Barnes,tkelly@example.net,+1-443-905-6279,Denver,Colorado,USA,2022-09-17
9120,Robert Ford,nhill@example.org,2496001436,Los Angeles,California,USA,2024-01-15
9121,Cheryl Wong,tanner73@example.org,748-377-4286,Phoenix,Arizona,USA,2022-12-14
9122,Thomas Cobb,margaretcastro@example.net,368-893-6415x861,Boston,Massachusetts,USA,2021-02-23
9123,William Craig,pwright@example.org,727.901.8924,Boston,Massachusetts,USA,2024-05-31
9124,Monica Hall,dustin18@example.org,(378)556-4380,Phoenix,Arizona,USA,2022-11-20
9125,Tammy Hernandez,kevin88@example.com,602.392.9656,Boston,Massachusetts,USA,2025-08-24
9126,Julia Moran,matthew55@example.net,389-356-8794x5538,Boston,Massachusetts,USA,2022-06-22
9127,Christopher Wells,brianrosales@example.org,+1-952-661-8965x074,Phoenix,Arizona,USA,2025-03-23
9128,Richard Adams,bcruz@example.org,344.538.6333x714,Las Vegas,Nevada,USA,2022-03-20
9129,Erica Powell,jessica25@example.com,+1-503-565-3565x4754,Phoenix,Arizona,USA,2021-02-26
9130,Seth Evans,deannakirk@example.net,641.786.3549,Houston,Texas,USA,2025-01-26
9131,Kimberly Lee,qscott@example.org,(863)844-7038,Atlanta,Georgia,USA,2024-06-26
9132,Leslie Campbell,scott49@example.org,+1-282-627-2974,Miami,Florida,USA,2025-11-09
9133,Travis Kemp,mmyers@example.net,469.611.1586x603,Miami,Florida,USA,2025-05-22
9134,Tina Graves MD,stephen57@example.com,001-780-299-8142x997,Seattle,Washington,USA,2025-02-15
9135,Curtis Gomez,qhudson@example.com,226-835-4252,Phoenix,Arizona,USA,2021-04-27
9136,Debbie Stephens,browntyler@example.org,651.744.6949x180,Phoenix,Arizona,USA,2021-08-12
9137,Kenneth Campbell,joy72@example.org,001-690-699-0529x935,Chicago,Illinois,USA,2023-03-06
9138,Jonathan Burns,andersonpaul@example.com,273-922-9213x009,Seattle,Washington,USA,2024-10-20
9139,Connie Burch,cynthia36@example.com,(277)363-0251x47390,Austin,Texas,USA,2025-10-25
9140,Eileen Morales,rebeccapowell@example.com,001-310-511-2467x916,Chicago,Illinois,USA,2023-08-08
9141,Kevin Smith,laurenware@example.net,246.806.6406,Miami,Florida,USA,2024-03-18
9142,David Newman,ablanchard@example.org,204-324-2339x93534,Seattle,Washington,USA,2024-03-09
9143,April Luna,teresa39@example.com,001-944-395-3225x578,Phoenix,Arizona,USA,2023-11-29
9144,Rebecca Briggs,martinanthony@example.net,896.448.4615x122,Austin,Texas,USA,2021-11-29
9145,Sarah Fox,williamssarah@example.net,+1-400-958-0057,Miami,Florida,USA,2023-08-16
9146,Dwayne Bennett,thomas97@example.com,918-308-1679x687,Seattle,Washington,USA,2022-05-03
9147,Bobby Mclaughlin,taylorrobert@example.com,+1-886-586-6575,New York City,New York,USA,2021-02-01
9148,William Contreras,jwilliams@example.com,001-591-472-7881x410,Austin,Texas,USA,2025-06-26
9149,Robert Ellis,laurenpeters@example.com,5449913242,Denver,Colorado,USA,2022-07-16
9150,Dawn Barnes,william72@example.net,840-772-3417,San Francisco,California,USA,2022-05-27
9151,Kevin Perry,duranbenjamin@example.com,477-736-2751,Phoenix,Arizona,USA,2024-01-17
9152,James Wallace,ljordan@example.org,3738512129,Austin,Texas,USA,2022-11-23
9153,Alicia Ortiz,davidmcconnell@example.org,+1-801-470-5904x0320,Las Vegas,Nevada,USA,2023-03-20
9154,Emily Tanner,vwalters@example.net,735-755-2594x563,Los Angeles,California,USA,2024-06-14
9155,James Stewart,mccormickandrea@example.com,(822)449-2690x466,Austin,Texas,USA,2023-01-11
9156,Nancy Wilson,jeffjones@example.org,561-749-2715,Austin,Texas,USA,2024-09-12
9157,Paige Rodriguez,michael63@example.com,9428578049,Austin,Texas,USA,2025-05-22
9158,Eric Bush,tonyawebster@example.com,487-784-7943x8757,Denver,Colorado,USA,2025-07-18
9159,Shawn Christian,john68@example.com,6509004397,Phoenix,Arizona,USA,2024-05-30
9160,Gail Jarvis,zwilson@example.org,001-514-612-1461x820,Los Angeles,California,USA,2021-09-12
9161,Theresa Rice,bradnelson@example.com,001-463-244-6869x607,Austin,Texas,USA,2024-03-10
9162,Teresa Leonard,megan07@example.com,681.378.1473x62677,Denver,Colorado,USA,2022-10-20
9163,Seth Young,adamsjoshua@example.org,+1-207-605-1740,Atlanta,Georgia,USA,2022-06-26
9164,William Wilkins,nguyenjames@example.org,7238557329,Atlanta,Georgia,USA,2022-01-02
9165,Bryan Hicks,cynthia41@example.com,704.918.1867,Orlando,Florida,USA,2023-08-06
9166,Lisa Brown,eharmon@example.org,(537)776-3941x29420,Los Angeles,California,USA,2023-06-20
9167,Lee Mcfarland,lindsaynelson@example.net,3853187561,Los Angeles,California,USA,2023-08-14
9168,Logan Mendoza,jennifer09@example.com,001-350-459-1597x800,Los Angeles,California,USA,2023-01-05
9169,Kevin Ellis,markmorgan@example.net,372-950-6674,Orlando,Florida,USA,2024-07-30
9170,Benjamin Spencer,pauljohnson@example.com,393.234.0377x39896,Atlanta,Georgia,USA,2024-02-14
9171,Rebecca Moreno,leachanthony@example.net,001-241-837-1262x595,Buffalo,New York,USA,2023-04-17
9172,Kathy Barnett,shanesmith@example.org,792-906-0901x398,Los Angeles,California,USA,2024-04-01
9173,Candace Nichols,phillipsrobert@example.com,900.572.2153,San Francisco,California,USA,2022-07-21
9174,Cheryl Houston,rogersrebecca@example.net,360-269-7154x6124,Boston,Massachusetts,USA,2024-06-03
9175,Mrs. Karen Jackson,estradabridget@example.org,(507)937-1284,Chicago,Illinois,USA,2022-10-06
9176,Barbara Haney,mlopez@example.org,268.839.4291,San Francisco,California,USA,2023-06-22
9177,David Ray,melanieswanson@example.net,(664)205-2449x898,New York City,New York,USA,2022-06-13
9178,Robert Underwood,alvin33@example.net,971.401.0413x215,Phoenix,Arizona,USA,2025-05-31
9179,Justin Ford,brian07@example.com,+1-368-251-5079x596,Austin,Texas,USA,2022-06-16
9180,Scott Campbell,cruzkevin@example.org,(567)677-0061x7093,Atlanta,Georgia,USA,2023-10-11
9181,Matthew Johnson,haleycalhoun@example.org,689.562.2788x56467,New York City,New York,USA,2022-04-11
9182,Haley Garner,woodardjames@example.net,7416635474,Denver,Colorado,USA,2021-12-24
9183,Megan Watkins,lbecker@example.com,677-284-2496,New York City,New York,USA,2025-11-20
9184,Douglas Sweeney,kristen15@example.org,001-660-463-8093x850,Las Vegas,Nevada,USA,2024-09-05
9185,Allison Gillespie,lrhodes@example.net,353.670.7016x465,Los Angeles,California,USA,2022-04-22
9186,Mary Carter,robin68@example.org,+1-228-504-7340,San Francisco,California,USA,2024-09-02
9187,Dana Howell,darrylbrown@example.org,452-673-6228x5259,Los Angeles,California,USA,2022-01-13
9188,April Rose,timothy87@example.org,001-791-448-4538,Denver,Colorado,USA,2023-11-04
9189,Jesus Maldonado,amy90@example.com,576-694-8778,Atlanta,Georgia,USA,2023-06-21
9190,Jorge Jennings,bakerjorge@example.com,979-342-1661,Las Vegas,Nevada,USA,2022-10-12
9191,Melissa Young,johnsonrobert@example.org,+1-592-448-1989x0916,Los Angeles,California,USA,2024-02-08
9192,Sabrina Smith,tylercook@example.com,967.371.7415,Seattle,Washington,USA,2022-04-12
9193,Kevin Butler,zgilbert@example.net,001-256-697-2070,Los Angeles,California,USA,2025-01-03
9194,Adam Bailey,osbornetiffany@example.com,(882)796-5300,Austin,Texas,USA,2022-06-12
9195,Mr. Nicholas Marsh II,melissawong@example.com,458-875-9473x87088,Los Angeles,California,USA,2024-10-21
9196,Lauren Howard,brittany11@example.net,9614905143,Atlanta,Georgia,USA,2025-10-23
9197,Robert Lopez,fprice@example.net,317.798.8078x2027,Atlanta,Georgia,USA,2022-12-25
9198,William Tanner,bmorris@example.org,2997265041,Chicago,Illinois,USA,2025-01-11
9199,Lisa Davis,melissa71@example.org,8719642925,Los Angeles,California,USA,2024-05-14
9200,Stacy Holt,matthew70@example.net,208-870-8119x309,Buffalo,New York,USA,2022-12-18
9201,Kelly Hodges,ambercraig@example.com,3597405813,San Francisco,California,USA,2021-06-08
9202,Raymond Hickman,nsampson@example.net,(680)576-5261x52005,Chicago,Illinois,USA,2023-06-28
9203,Richard White,kathryn77@example.org,+1-867-742-8427x711,San Francisco,California,USA,2023-11-13
9204,Sherry Owens,bradleymorgan@example.com,(552)982-6130x839,San Francisco,California,USA,2022-05-01
9205,Ryan Clark,joshuathomas@example.com,485.346.7180,Buffalo,New York,USA,2022-10-30
9206,Victor Stephens,dennisdaniel@example.com,(856)254-1729x3708,Las Vegas,Nevada,USA,2023-01-31
9207,Miss Sandra Diaz,yjackson@example.org,946-705-9977,Atlanta,Georgia,USA,2025-08-12
9208,Michael George,daniellecook@example.org,001-403-288-6642x760,Denver,Colorado,USA,2023-05-02
9209,Tina Bond,tammydiaz@example.org,+1-516-224-8499x047,San Francisco,California,USA,2024-08-07
9210,Ashley Webster,marypeters@example.com,+1-601-860-0345x6062,Miami,Florida,USA,2025-11-29
9211,Janet Roberts,markstevens@example.com,380.200.8549,Austin,Texas,USA,2021-10-21
9212,Herbert Horne,jfrederick@example.org,231-687-1870x142,Los Angeles,California,USA,2022-10-31
9213,Joann Kelly,josephgonzalez@example.org,910.240.7575,Las Vegas,Nevada,USA,2025-06-03
9214,Cameron Ramirez,zjones@example.net,532.481.9053,Houston,Texas,USA,2022-11-18
9215,Brandon Bell,russelljoseph@example.net,245.685.2340x778,Miami,Florida,USA,2024-08-28
9216,Tammy Johnson,sara94@example.com,624.870.5191x216,Houston,Texas,USA,2023-08-22
9217,Robert Maldonado,twu@example.net,8812782420,Austin,Texas,USA,2024-06-27
9218,Nathan Cruz,jacobhiggins@example.net,001-570-764-9151x286,Los Angeles,California,USA,2021-11-25
9219,Mark Taylor,marie24@example.org,+1-459-739-7758x9809,Houston,Texas,USA,2021-04-02
9220,Jeremiah Brown,csmith@example.com,+1-901-533-7370,Austin,Texas,USA,2021-11-04
9221,Eric Roman,xvelez@example.net,+1-657-241-3773,Boston,Massachusetts,USA,2024-04-25
9222,Stephen Nelson,allisonarroyo@example.com,747-329-4103,Los Angeles,California,USA,2021-08-06
9223,Erica Kelly,cindy05@example.org,+1-313-372-9468,Las Vegas,Nevada,USA,2022-03-10
9224,Emma Edwards,rodriguezashley@example.net,+1-828-522-1282,Phoenix,Arizona,USA,2022-10-04
9225,Cindy Hess,michael04@example.org,001-237-408-4744,Chicago,Illinois,USA,2025-01-05
9226,Charles Rogers,michaeljones@example.org,5669763108,Phoenix,Arizona,USA,2025-02-28
9227,Jennifer Green,mullinserin@example.net,001-793-870-4393x052,Chicago,Illinois,USA,2025-05-24
9228,Frank Jones,emily01@example.com,(884)298-8978,Las Vegas,Nevada,USA,2024-12-30
9229,Jim Campbell,lisafitzpatrick@example.com,001-227-982-2075,Houston,Texas,USA,2022-03-17
9230,Johnathan Bailey,cjacobson@example.org,902-781-6617,Miami,Florida,USA,2025-08-29
9231,Patrick Murphy,gonzalesjustin@example.org,+1-902-618-1847,Las Vegas,Nevada,USA,2021-03-08
9232,Sharon Smith,shirleygonzalez@example.net,+1-398-584-7764x3872,Denver,Colorado,USA,2025-01-27
9233,Juan Butler,reynoldscheryl@example.org,5009835552,New York City,New York,USA,2023-02-20
9234,Andrew Wright,amberrowe@example.org,237.490.7834,Phoenix,Arizona,USA,2024-08-22
9235,Michael Santos,ybrennan@example.com,924.437.4681x9834,San Francisco,California,USA,2021-06-08
9236,Alison Wright,wcoleman@example.net,560-578-5390,Boston,Massachusetts,USA,2022-04-05
9237,Whitney Figueroa,russobrian@example.org,738-699-9033,Las Vegas,Nevada,USA,2023-10-29
9238,Lisa Ray,fjohnson@example.org,9919634032,Las Vegas,Nevada,USA,2024-07-14
9239,Mary Ramos,kim46@example.net,625.652.2013x4083,Chicago,Illinois,USA,2025-02-12
9240,Jamie Jackson,jennasmith@example.com,2987458930,Miami,Florida,USA,2024-01-09
9241,Susan Rogers,robertsimpson@example.org,(726)759-2687x3105,Seattle,Washington,USA,2021-09-06
9242,Brian Arnold,nicole07@example.org,(887)581-5539x589,Atlanta,Georgia,USA,2025-12-05
9243,James Thornton,prichards@example.net,607.924.1947x84257,Chicago,Illinois,USA,2025-06-23
9244,Kimberly Chandler,sanchezmichael@example.com,985.391.5801x16218,Los Angeles,California,USA,2024-05-28
9245,George Anderson,tyrone27@example.net,001-549-277-9016x819,Orlando,Florida,USA,2024-09-12
9246,Lauren Carlson,karencarter@example.org,945-820-2661,Chicago,Illinois,USA,2023-12-02
9247,Susan Dixon,jefferyschwartz@example.org,001-313-650-3049,Orlando,Florida,USA,2022-10-12
9248,David Evans,jeremyespinoza@example.net,601-486-5997,Austin,Texas,USA,2022-02-04
9249,Danielle Ho,jasonhanson@example.org,560.432.4836,Atlanta,Georgia,USA,2024-03-24
9250,Walter Brown,brandonheath@example.net,5918749875,Austin,Texas,USA,2022-05-15
9251,Katherine Mitchell,patrick43@example.com,887-902-8041,Houston,Texas,USA,2022-05-13
9252,Mary Santana,garciadestiny@example.org,+1-795-984-5906x5090,Phoenix,Arizona,USA,2025-04-22
9253,Leslie Wise,khanjeremy@example.org,770-601-6442x593,Houston,Texas,USA,2022-04-18
9254,Jorge Perez,tyler47@example.org,901.346.6505,Orlando,Florida,USA,2022-10-07
9255,Maria Baird,christopher96@example.org,997.201.4129x80626,Seattle,Washington,USA,2021-08-25
9256,Heather Webster,matthewpearson@example.net,847-529-2579x11144,Seattle,Washington,USA,2022-05-09
9257,Anthony Knight,pbrown@example.com,269-895-8862x60270,Orlando,Florida,USA,2025-02-09
9258,Robert Anderson,bradleymichelle@example.com,(260)263-7904x96142,Boston,Massachusetts,USA,2023-04-20
9259,Anthony Roberts,robertsjames@example.org,001-573-904-5187,Houston,Texas,USA,2021-06-13
9260,Brian Greene,jensenjennifer@example.org,(424)601-4640,Houston,Texas,USA,2024-02-22
9261,Shannon Clark,ecardenas@example.net,+1-999-772-0355x0468,Chicago,Illinois,USA,2021-06-06
9262,Carol Santana,shelleythomas@example.net,312-255-3904x306,Boston,Massachusetts,USA,2023-01-12
9263,Lauren Johnson,leonardabigail@example.net,396.588.3439x605,Denver,Colorado,USA,2023-09-19
9264,Christy Taylor,jared05@example.org,001-954-738-4220,Las Vegas,Nevada,USA,2022-04-17
9265,Teresa Hunt,jorgesoto@example.net,706.753.5123x9174,Orlando,Florida,USA,2025-05-30
9266,Sharon Miller,loganadams@example.org,6422247049,Miami,Florida,USA,2022-04-16
9267,Daniel Gonzalez,robyncontreras@example.com,597.257.7759x5992,Las Vegas,Nevada,USA,2025-08-23
9268,Rachel Morris,justin69@example.com,+1-873-601-6233x7480,Atlanta,Georgia,USA,2021-09-14
9269,Rachel Kelly,edwardsrobert@example.org,742.237.8499x60387,Boston,Massachusetts,USA,2024-01-07
9270,Wendy Hernandez,peggylogan@example.org,001-662-352-8589,Buffalo,New York,USA,2025-05-10
9271,Wendy Vega,rguerra@example.org,611.434.9493x351,Boston,Massachusetts,USA,2023-04-15
9272,Pamela Harrison,alan64@example.net,578-828-9546x5482,Denver,Colorado,USA,2024-04-12
9273,Rachel Smith,william02@example.org,001-755-569-8422,Denver,Colorado,USA,2021-10-10
9274,Dwayne Velazquez Jr.,john74@example.org,001-457-264-4374,Las Vegas,Nevada,USA,2022-06-18
9275,Andrew Fitzgerald,amandamoore@example.com,786.226.2181x6789,Phoenix,Arizona,USA,2022-08-11
9276,Daniel Mcclain,amandathompson@example.org,6078638254,Houston,Texas,USA,2022-10-05
9277,Lisa Turner,xhines@example.net,001-970-715-0247x173,San Francisco,California,USA,2021-06-16
9278,Curtis Hall,michael36@example.org,(451)546-8003x390,Miami,Florida,USA,2023-05-13
9279,Nancy Green,bensonamy@example.com,695-349-4906x04421,Chicago,Illinois,USA,2021-10-31
9280,Jeffery Foster,youngjonathan@example.com,256.335.1041x712,Las Vegas,Nevada,USA,2023-10-10
9281,Paul Spence,robertmassey@example.org,001-629-354-9340,Denver,Colorado,USA,2025-12-11
9282,Kimberly Rivera,janet93@example.org,001-784-635-3882,Phoenix,Arizona,USA,2022-02-10
9283,Cindy Williams,lewisstephanie@example.net,807.267.4856x849,Boston,Massachusetts,USA,2022-01-04
9284,Matthew Brooks,amycooper@example.com,(416)279-2771,Boston,Massachusetts,USA,2023-07-19
9285,Brenda Dominguez,carlos58@example.net,001-401-391-1570x361,Los Angeles,California,USA,2021-12-08
9286,Joshua Collins,clayton39@example.net,297.948.7355x9628,San Francisco,California,USA,2023-05-08
9287,Karla Russell,richardbarber@example.net,871.345.3167x330,Austin,Texas,USA,2025-04-17
9288,Christopher Oliver,goldenjoseph@example.net,001-968-785-8675x390,Chicago,Illinois,USA,2024-12-27
9289,Stephen Rodriguez,lindarangel@example.org,(882)217-3361x5030,Boston,Massachusetts,USA,2023-08-21
9290,Julie Moore,gallegoscolleen@example.org,605-703-4230x59524,Seattle,Washington,USA,2021-07-26
9291,Alan Edwards,richardsongina@example.com,001-711-291-6021,New York City,New York,USA,2025-11-16
9292,Anthony Giles DDS,johnsonangela@example.org,+1-602-605-2909,Los Angeles,California,USA,2025-09-04
9293,Pamela Gilbert,jenna25@example.com,+1-240-602-3813x6285,Miami,Florida,USA,2021-02-19
9294,Mrs. Jessica Hughes,felicia36@example.org,860.956.8368x757,Seattle,Washington,USA,2021-12-08
9295,Patricia Church,ivargas@example.net,697.872.6722x782,San Francisco,California,USA,2021-09-29
9296,Kristin Moore,donking@example.org,885.454.5662,Chicago,Illinois,USA,2025-11-11
9297,Scott Stark,lmcfarland@example.net,691.877.1585,Chicago,Illinois,USA,2023-03-06
9298,Katelyn Gibson,emartinez@example.net,(640)322-6140,Boston,Massachusetts,USA,2023-05-15
9299,Tiffany Cooley,kfarrell@example.com,+1-752-435-6114,Houston,Texas,USA,2021-09-19
9300,Tammy Cannon,dawsonrobert@example.net,(788)942-8715,Miami,Florida,USA,2024-11-28
9301,Lisa Greene,ashleystewart@example.org,+1-990-292-8307x3718,Chicago,Illinois,USA,2022-05-10
9302,Mr. Michael Allen,ruizmike@example.org,+1-558-748-5705x3203,Seattle,Washington,USA,2022-08-24
9303,Michael Hansen,holtolivia@example.org,+1-304-515-4245x598,San Francisco,California,USA,2022-11-21
9304,Amanda Ortega,jchavez@example.net,758.477.8013,Boston,Massachusetts,USA,2025-08-17
9305,Amanda Franklin,wongmichael@example.net,+1-779-788-0370x6096,Boston,Massachusetts,USA,2022-11-21
9306,Susan Dean,nstuart@example.org,+1-837-439-7966,Las Vegas,Nevada,USA,2024-05-31
9307,Robert Davis,morrisvictoria@example.org,(769)738-4095x374,Las Vegas,Nevada,USA,2021-08-09
9308,Victoria Jackson,cody20@example.net,001-737-759-9827x464,Seattle,Washington,USA,2021-04-03
9309,Anthony Robertson,jackson71@example.net,001-525-295-6844x313,San Francisco,California,USA,2025-02-21
9310,Jordan Marshall,stanleykelly@example.net,7607652650,Boston,Massachusetts,USA,2022-12-28
9311,Todd Reese,joseph87@example.net,+1-424-778-3568,Orlando,Florida,USA,2023-04-18
9312,Anna Banks,rebecca81@example.com,477.826.0745x956,Denver,Colorado,USA,2023-07-11
9313,Howard Schultz,colemanjoyce@example.net,607-977-2664,Seattle,Washington,USA,2025-09-06
9314,Vicki Petersen,edward27@example.com,697.895.4395x069,Miami,Florida,USA,2022-08-16
9315,Mark Cervantes,barbara74@example.net,001-658-572-4072x053,Phoenix,Arizona,USA,2023-09-05
9316,Steven Barnes,tmaxwell@example.com,001-233-647-0652,Seattle,Washington,USA,2021-10-03
9317,Matthew Patton,oscott@example.net,578-542-1976,Seattle,Washington,USA,2022-01-11
9318,Peter Adams,philip12@example.net,+1-645-267-3453,Seattle,Washington,USA,2025-04-18
9319,Roger Bennett,patriciawatts@example.com,(227)890-4698x0445,Las Vegas,Nevada,USA,2025-08-07
9320,Vickie Lopez,davisyvette@example.net,890.224.5884x225,Boston,Massachusetts,USA,2023-11-10
9321,Nathan Frank,christopher43@example.net,993.913.4819,San Francisco,California,USA,2021-11-08
9322,Darlene Martinez,becky55@example.org,001-452-855-0754,Boston,Massachusetts,USA,2021-01-16
9323,Suzanne Harris,selena19@example.com,664.899.0570x8817,Las Vegas,Nevada,USA,2024-04-29
9324,Monica Lewis,kpierce@example.net,223.655.9968x74850,Houston,Texas,USA,2024-10-12
9325,Amy Foster,smithsandra@example.net,468.465.3259x7503,Denver,Colorado,USA,2023-07-18
9326,Daniel Flynn,vlewis@example.com,(492)794-1391,Miami,Florida,USA,2022-10-19
9327,Elizabeth Turner,nicholselizabeth@example.org,2915853945,Orlando,Florida,USA,2021-12-28
9328,Beth Scott MD,andrealopez@example.net,001-834-329-9861,Chicago,Illinois,USA,2025-01-19
9329,Travis Barnes,williamsandrew@example.net,(500)854-5672x6678,Las Vegas,Nevada,USA,2022-07-27
9330,Emily Lambert,david42@example.com,(628)207-1478x046,Phoenix,Arizona,USA,2021-07-18
9331,Christopher Schultz MD,kathryn96@example.com,(633)350-0784x79916,Buffalo,New York,USA,2022-09-01
9332,Gloria Robinson,david21@example.com,001-798-700-2125,Orlando,Florida,USA,2022-11-30
9333,Michele Stevens,kirkstacy@example.com,(216)588-7209,Los Angeles,California,USA,2024-03-01
9334,David Olson,daycassandra@example.net,+1-267-923-5402x950,Chicago,Illinois,USA,2023-12-12
9335,Dr. Jason Valenzuela,chelsealopez@example.net,001-592-637-5411x904,Las Vegas,Nevada,USA,2023-11-07
9336,Dana Hawkins,evansdavid@example.com,522.791.2621,Atlanta,Georgia,USA,2023-05-24
9337,Allison Johnson,williamsoscar@example.net,447.786.2420x30074,Austin,Texas,USA,2022-10-24
9338,Allison Ryan,brookegregory@example.net,6145352832,Miami,Florida,USA,2022-10-15
9339,Richard Alexander,shelbyramirez@example.org,606.668.5878,Phoenix,Arizona,USA,2022-01-01
9340,Michelle Strong,lbrown@example.com,980.212.6929x36271,New York City,New York,USA,2021-03-27
9341,Jesse Murphy,huffmandaniel@example.com,(797)952-5993,Atlanta,Georgia,USA,2025-02-13
9342,Elizabeth Yu,gmiller@example.org,545.419.2875x723,Boston,Massachusetts,USA,2025-02-06
9343,Kyle Nelson,sherryluna@example.org,944-283-2538x01541,Buffalo,New York,USA,2023-06-01
9344,Ashley White,andrewwood@example.org,242.299.6855x0946,Chicago,Illinois,USA,2022-07-24
9345,Amy Johnson,ipennington@example.com,487-452-4407,Las Vegas,Nevada,USA,2025-12-07
9346,Erik Green,jenkinsdenise@example.net,229.772.1144x977,Las Vegas,Nevada,USA,2022-10-06
9347,Rodney Morales,calvin82@example.net,001-503-806-6077x932,San Francisco,California,USA,2022-12-13
9348,George Odom,andrewsalazar@example.net,001-741-345-9025,Austin,Texas,USA,2021-12-06
9349,Vicki Jones,rreynolds@example.org,001-864-889-2251,San Francisco,California,USA,2022-08-13
9350,Sharon Kelly MD,carlosshort@example.com,971-822-5789x5632,Austin,Texas,USA,2023-09-24
9351,Alexandra Williams,cheryl79@example.net,447.612.0070x9214,Orlando,Florida,USA,2022-04-04
9352,Steven Johnson,molinasharon@example.org,+1-597-684-3519x2056,Boston,Massachusetts,USA,2021-12-13
9353,Cynthia Osborne,kevinboone@example.org,(656)791-9767x399,Austin,Texas,USA,2022-06-16
9354,Sherry Cantrell,jeremyhanson@example.net,745.887.5548,Las Vegas,Nevada,USA,2025-03-24
9355,Ebony Macdonald,wilsonjoanna@example.com,(546)962-9147x87890,San Francisco,California,USA,2022-04-20
9356,Lisa Alexander MD,kentkevin@example.net,(918)611-5905x9947,Denver,Colorado,USA,2022-07-25
9357,James Holmes,christopher33@example.org,370-820-3440,New York City,New York,USA,2021-07-16
9358,Brianna Barr,lopezvalerie@example.com,001-936-718-3530x387,Buffalo,New York,USA,2024-02-05
9359,Lisa Jackson,ricebrent@example.org,683-991-2157x801,Atlanta,Georgia,USA,2023-11-08
9360,Christopher Patterson,areid@example.org,3947348995,Phoenix,Arizona,USA,2021-12-12
9361,Daniel Gardner,geoffreystein@example.org,272-477-6623x116,Los Angeles,California,USA,2024-05-10
9362,James Simmons,alindsey@example.org,999-485-2067x409,Boston,Massachusetts,USA,2021-03-23
9363,Derrick Bailey,megan10@example.com,999.790.1987,Boston,Massachusetts,USA,2024-01-11
9364,Brenda Gill,karenwilson@example.com,539.794.3026,Chicago,Illinois,USA,2025-06-25
9365,Samantha Arroyo,haley14@example.org,259.435.1509x4059,Buffalo,New York,USA,2021-01-14
9366,Sarah May,alvarezjoshua@example.com,+1-439-838-7166x986,Orlando,Florida,USA,2025-09-01
9367,Tiffany Sweeney,danny07@example.org,4178152768,Atlanta,Georgia,USA,2021-02-22
9368,Lisa Bruce,castillojennifer@example.net,4712000579,Houston,Texas,USA,2022-02-21
9369,Mark Parker,edwardsmike@example.net,(592)721-7311,Austin,Texas,USA,2024-03-15
9370,David Johnson,henry48@example.org,288-224-2191x89914,Miami,Florida,USA,2025-02-08
9371,Barbara Ortiz,robert93@example.net,+1-523-487-0281,Orlando,Florida,USA,2023-12-03
9372,John Martin,charlessanders@example.com,+1-910-960-4662x1009,New York City,New York,USA,2025-08-29
9373,John Vargas,qbrooks@example.com,+1-985-734-7705x881,Orlando,Florida,USA,2022-08-28
9374,Andrea Williams,elizabeth87@example.net,206-642-8459,Boston,Massachusetts,USA,2021-08-13
9375,Gina Rodgers,nbishop@example.net,259.935.7228x3112,Seattle,Washington,USA,2024-12-17
9376,Michael Gordon,whitedavid@example.net,(702)762-7387x554,Boston,Massachusetts,USA,2025-09-27
9377,Ashley White,jacksonamy@example.com,001-434-213-2613x845,San Francisco,California,USA,2023-06-30
9378,Anthony Williams,nramos@example.com,796-361-2567,Boston,Massachusetts,USA,2023-06-05
9379,Phillip Scott,peterhart@example.com,001-267-665-9215x033,Orlando,Florida,USA,2022-06-23
9380,Cristina Valencia,williamcarson@example.net,762.538.4479,San Francisco,California,USA,2025-11-06
9381,Karen Williamson,bethmiller@example.org,5949902385,New York City,New York,USA,2022-07-25
9382,Larry Gonzales,wgalloway@example.com,377-895-6051x669,Seattle,Washington,USA,2024-10-01
9383,Alyssa Cook,robbinsrichard@example.net,420-916-2441x1194,San Francisco,California,USA,2022-12-26
9384,Sharon Morris,stacygarcia@example.org,4553701072,Phoenix,Arizona,USA,2021-06-11
9385,Shannon Walker,michael29@example.com,001-562-963-8065x095,Seattle,Washington,USA,2025-06-13
9386,Dr. Andrew Bowen,melissa51@example.com,001-367-626-2863x096,Buffalo,New York,USA,2025-01-29
9387,Joshua Miller,yolanda99@example.com,373.927.2901x89251,San Francisco,California,USA,2022-11-01
9388,Lisa Brown,colemartin@example.com,(415)811-9146x511,New York City,New York,USA,2023-11-05
9389,Colleen Sanchez,trevor66@example.net,780-276-2458x4438,Houston,Texas,USA,2022-07-20
9390,Monica Gomez,cody81@example.com,5927759085,Orlando,Florida,USA,2024-07-15
9391,David Williams,angelavance@example.com,+1-996-505-2337x202,Seattle,Washington,USA,2023-11-17
9392,Allen Saunders,shawemily@example.org,(589)875-1299,Denver,Colorado,USA,2025-05-11
9393,Terri Anderson,bailey24@example.org,001-333-280-0582x060,San Francisco,California,USA,2024-12-18
9394,Susan Yates,aliciaserrano@example.org,+1-452-274-8951x247,Seattle,Washington,USA,2022-10-07
9395,Adam Carter,welchglen@example.org,(430)566-8944x08409,Boston,Massachusetts,USA,2021-03-20
9396,Leslie Mccall,stevenwalker@example.com,+1-748-968-4635,Miami,Florida,USA,2021-07-25
9397,Scott Gordon,blairtina@example.com,6327596603,Boston,Massachusetts,USA,2024-12-15
9398,Vickie Owens,xwoods@example.com,001-642-417-8231x730,Phoenix,Arizona,USA,2023-12-04
9399,Alexandra Cabrera,mcguirebryan@example.com,+1-962-572-8673x3943,Houston,Texas,USA,2022-01-25
9400,Courtney Graves,charlesallison@example.com,(733)357-8301x7643,Atlanta,Georgia,USA,2024-02-18
9401,Sarah Griffin,reginaldmcintosh@example.org,603-487-8086x315,Denver,Colorado,USA,2025-09-12
9402,Ross Bryant,edward59@example.org,222.988.0386x90861,Boston,Massachusetts,USA,2024-07-06
9403,Mrs. Brittany Robinson,kingheather@example.net,503-417-5735x2660,Los Angeles,California,USA,2024-07-23
9404,Mary Weiss,ialexander@example.net,478-740-2237x96274,Denver,Colorado,USA,2021-01-17
9405,Matthew Sullivan,emily87@example.net,(536)887-1599x7267,Buffalo,New York,USA,2021-10-08
9406,Michelle Harris PhD,cynthiahensley@example.com,+1-292-662-7508x0093,Las Vegas,Nevada,USA,2023-02-10
9407,Jennifer Nguyen,znixon@example.org,935-579-4438,Atlanta,Georgia,USA,2022-03-27
9408,David Mckay,jamie06@example.net,+1-518-205-2767,Denver,Colorado,USA,2022-02-05
9409,Amy Armstrong,williammayer@example.org,001-920-919-3808,Austin,Texas,USA,2023-08-21
9410,Teresa Perry,harrisnathan@example.com,7924068174,New York City,New York,USA,2023-09-20
9411,Alicia Buchanan,xwilson@example.com,987.757.7264x2167,Atlanta,Georgia,USA,2022-01-19
9412,Taylor Lowery,jimmysimpson@example.net,001-339-744-6124x939,Seattle,Washington,USA,2023-10-15
9413,Aaron Brooks,zbender@example.net,+1-592-650-3813,Austin,Texas,USA,2021-09-27
9414,Gina Mccarty,matthew84@example.net,202.662.3531x43136,Buffalo,New York,USA,2024-07-24
9415,Lisa Boyd,parktyler@example.net,499-510-9498x58418,Boston,Massachusetts,USA,2021-07-01
9416,Heather Roman,claudia73@example.org,(971)943-6354,Chicago,Illinois,USA,2025-10-22
9417,Jacob Keith,tracy57@example.org,272-470-1821x87236,Seattle,Washington,USA,2025-03-15
9418,Veronica Spencer,kimgutierrez@example.net,001-473-969-4904x468,Buffalo,New York,USA,2021-01-07
9419,John Watson,kimberlymiller@example.com,816.308.4523x029,Miami,Florida,USA,2021-05-18
9420,Nicole Allen,jbuckley@example.org,001-768-703-6771x000,Orlando,Florida,USA,2024-02-17
9421,Justin Frye,tyler13@example.com,001-960-827-8681x021,Las Vegas,Nevada,USA,2022-03-04
9422,Kevin Taylor,tarasanchez@example.net,+1-400-221-1786x7323,Seattle,Washington,USA,2021-12-31
9423,Allison Yoder,ryan71@example.com,001-421-272-3307x247,Los Angeles,California,USA,2023-05-07
9424,Timothy Stark,ryan08@example.com,718-307-0999x183,Seattle,Washington,USA,2022-06-23
9425,Brian Blair,ericrhodes@example.net,221.223.9412x70229,Las Vegas,Nevada,USA,2023-02-18
9426,Amanda Hughes,corystanley@example.net,001-637-962-3154x658,Denver,Colorado,USA,2024-04-10
9427,Katelyn Scott,nhenry@example.net,8138975033,Buffalo,New York,USA,2024-07-30
9428,Ashley Sutton,dmolina@example.org,+1-827-610-3156x9254,Houston,Texas,USA,2023-09-19
9429,Sarah Marshall,kalvarado@example.org,+1-943-556-9493x0925,Chicago,Illinois,USA,2024-09-07
9430,Whitney Delgado,kimberly87@example.com,+1-359-581-4002,New York City,New York,USA,2025-12-03
9431,Terrence Gilbert,christopher64@example.com,001-886-434-9025x881,Austin,Texas,USA,2025-09-18
9432,John Campbell,schultzrachel@example.org,001-791-692-0882x379,Buffalo,New York,USA,2025-11-28
9433,Melinda Kim,carmen98@example.com,438.268.3582,Austin,Texas,USA,2024-09-30
9434,Angelica Gonzalez,juangibson@example.org,(461)885-6239x900,Orlando,Florida,USA,2023-10-01
9435,Victor Johnson,nlyons@example.org,885-826-2982x785,Phoenix,Arizona,USA,2024-07-14
9436,Rebecca Simpson,zacharyruiz@example.com,722-946-4937,Miami,Florida,USA,2024-05-09
9437,Jasmine Miller,maria33@example.net,(381)550-6344,Houston,Texas,USA,2024-01-18
9438,Tanner Lester,jacobsonlaura@example.org,902.975.9827x501,Orlando,Florida,USA,2022-08-29
9439,Caroline Flores,boydanna@example.net,001-582-738-6901x606,San Francisco,California,USA,2022-03-25
9440,Steven Phillips,camachodaniel@example.net,+1-550-392-1156,San Francisco,California,USA,2025-12-10
9441,Chelsea Mason,mitchell33@example.com,(435)917-1915x11742,Boston,Massachusetts,USA,2025-03-27
9442,Charles Martin,brianna12@example.com,(751)384-9309x1675,Phoenix,Arizona,USA,2022-08-12
9443,Jose Lopez,floydbreanna@example.com,+1-597-833-8966x7645,Miami,Florida,USA,2023-07-05
9444,Angela Porter,mhouston@example.com,001-551-994-6519x463,Houston,Texas,USA,2022-05-22
9445,Eric Miranda,heatherdurham@example.net,(362)212-9101,Denver,Colorado,USA,2023-05-21
9446,Keith Day,olyons@example.com,674.958.2366x8821,San Francisco,California,USA,2021-12-27
9447,Gene Cowan,randysmith@example.org,001-359-756-3007x746,Orlando,Florida,USA,2022-10-16
9448,Blake Russell,ggonzalez@example.com,616.258.3829x9352,Denver,Colorado,USA,2021-08-21
9449,Jennifer Adams DVM,cynthiajenkins@example.com,641.941.6930,Houston,Texas,USA,2024-11-28
9450,Scott Watkins,nfletcher@example.net,+1-649-422-9312x973,Miami,Florida,USA,2024-12-14
9451,Sandra Patterson,bfreeman@example.net,328.565.0865,New York City,New York,USA,2025-05-04
9452,Chris Cole,samuel33@example.net,359.830.6732x4843,Boston,Massachusetts,USA,2023-09-18
9453,Laura Chambers,tylerjohnson@example.org,(706)502-4995x76412,Atlanta,Georgia,USA,2025-07-07
9454,Dr. Jeffrey Williams,derek72@example.com,9044246724,Atlanta,Georgia,USA,2023-09-29
9455,Kathryn Lynch,crystalmathews@example.net,837-377-7309x692,Las Vegas,Nevada,USA,2023-04-24
9456,Amanda Valentine,loganwheeler@example.com,762-759-7211,Denver,Colorado,USA,2022-04-26
9457,Ryan Anderson,michael60@example.net,775-802-2756,Los Angeles,California,USA,2022-08-19
9458,Gerald Harmon,gcooper@example.com,(866)808-0782,Austin,Texas,USA,2023-11-06
9459,Mark Martin,garydawson@example.net,564-260-5951,Buffalo,New York,USA,2025-12-28
9460,Anna Green,zmooney@example.org,299.784.7778,Atlanta,Georgia,USA,2025-05-23
9461,Gabriel Martin,jennifer36@example.com,+1-793-533-8030x3438,Miami,Florida,USA,2021-05-05
9462,Anthony Joseph,guzmanrhonda@example.com,(939)656-1552x982,Chicago,Illinois,USA,2025-04-30
9463,Donald Dickerson,kenneth50@example.org,+1-584-653-2173x8604,Houston,Texas,USA,2022-06-20
9464,Sara Hebert,russellmendez@example.org,(653)852-3857,Denver,Colorado,USA,2022-10-13
9465,Jason Burke,sarahwise@example.org,001-637-657-0901x914,Miami,Florida,USA,2023-03-13
9466,Laura Stewart,lisa73@example.org,722.627.8056x970,Phoenix,Arizona,USA,2023-06-25
9467,Gerald Patton,rreed@example.net,001-730-944-8034,Miami,Florida,USA,2023-03-28
9468,Sabrina Rodriguez,flowersdavid@example.com,(336)475-0677x619,Austin,Texas,USA,2021-04-22
9469,Judy Cochran DVM,alexissandoval@example.org,497-735-7013x595,Austin,Texas,USA,2023-09-22
9470,Lisa Garcia,antonio91@example.com,240.578.5535,Seattle,Washington,USA,2022-03-25
9471,Katelyn Gentry,smithdonna@example.org,(708)989-9606,Houston,Texas,USA,2024-07-27
9472,Dennis Edwards,qwheeler@example.org,586.796.0936x44136,Atlanta,Georgia,USA,2021-04-04
9473,Sarah Davis,wardmichael@example.net,+1-903-930-5975x847,Austin,Texas,USA,2023-07-06
9474,Keith Dixon,aguilarcharles@example.net,745.210.6773x702,Miami,Florida,USA,2022-03-30
9475,Gabriel Sanchez,davenportfrancisco@example.com,(200)941-6077,Las Vegas,Nevada,USA,2025-11-29
9476,Travis Barnett,wilsonkenneth@example.net,727-929-5791x2601,New York City,New York,USA,2024-01-03
9477,Jennifer Vasquez,thomas29@example.org,+1-616-587-6279x7234,Buffalo,New York,USA,2025-05-16
9478,Richard Ritter,brandonbooker@example.com,(261)736-8973x63655,Denver,Colorado,USA,2021-08-14
9479,Mary Duncan,larry06@example.com,001-451-729-7400x717,Las Vegas,Nevada,USA,2024-06-04
9480,John Arroyo DDS,curtissarah@example.net,(621)671-8276,Houston,Texas,USA,2021-09-22
9481,Rebecca Jones,flambert@example.org,647.420.9896,Las Vegas,Nevada,USA,2024-01-11
9482,James Ward,cory42@example.net,(381)295-1772,Los Angeles,California,USA,2025-01-19
9483,Robert Gould,paul91@example.net,744-889-2758,Los Angeles,California,USA,2025-07-02
9484,David Johnston,theresa46@example.com,632.883.8383x358,Miami,Florida,USA,2021-07-04
9485,Trevor Jones,kylecox@example.net,(934)499-4034x7260,Phoenix,Arizona,USA,2024-12-14
9486,Michael White,christopherwalker@example.com,727-911-4500,Houston,Texas,USA,2022-12-24
9487,Regina Marquez,vboyer@example.org,+1-794-624-0397x752,Phoenix,Arizona,USA,2025-04-18
9488,Crystal Cook,matthew83@example.com,712.310.9887x44013,Chicago,Illinois,USA,2021-05-10
9489,Dr. Ronald Todd,ugalvan@example.org,(945)650-4014x65998,Denver,Colorado,USA,2021-04-11
9490,Vicki Jennings,kpeterson@example.org,379-200-0173x13127,Chicago,Illinois,USA,2022-03-08
9491,Johnny Lopez,malonebrandy@example.com,(811)817-1469,Houston,Texas,USA,2024-01-02
9492,Hannah Oconnor,marie92@example.com,(373)512-9792x7852,Buffalo,New York,USA,2021-11-18
9493,Charles Montes,jenniferjones@example.com,(262)527-7142,Atlanta,Georgia,USA,2024-01-03
9494,Gregory Hanson,davenportfrank@example.net,001-479-266-0474x847,Miami,Florida,USA,2025-10-27
9495,Jody Peterson,bjordan@example.org,771-441-5572x460,Seattle,Washington,USA,2022-04-15
9496,Michelle Medina,mwright@example.org,001-270-646-3598,Austin,Texas,USA,2025-06-30
9497,Alyssa Meyers,mwright@example.net,+1-708-620-5834x9129,New York City,New York,USA,2023-02-05
9498,Jenna Johnson,millsjacqueline@example.com,5335939001,Houston,Texas,USA,2023-04-27
9499,Shannon Griffin,normanbryan@example.com,3792777658,Buffalo,New York,USA,2024-02-07
9500,Kimberly Zavala,tina79@example.org,208.767.4530x56050,Seattle,Washington,USA,2022-05-25
9501,Sean Allen,crich@example.org,746.489.4527,Los Angeles,California,USA,2021-03-15
9502,John Miller,richard24@example.net,001-500-267-0118x644,Atlanta,Georgia,USA,2021-02-11
9503,Edward Henry,smithjeffrey@example.com,(692)334-6883x269,Phoenix,Arizona,USA,2023-12-15
9504,Meghan Howard,williamwalton@example.com,889.492.0231x369,San Francisco,California,USA,2023-10-25
9505,Danielle Moyer,jennifer28@example.org,(638)927-8880,Miami,Florida,USA,2025-06-09
9506,Patricia Taylor,russellholden@example.com,(903)494-7863,Orlando,Florida,USA,2021-03-28
9507,Stacey Jackson,westjessica@example.org,556-939-4407x8489,New York City,New York,USA,2022-08-03
9508,Ronnie Shah,whitelaura@example.org,(700)837-6378x96845,Austin,Texas,USA,2021-02-19
9509,Monica Wright,michael12@example.org,001-531-690-7656,Buffalo,New York,USA,2024-07-17
9510,James Reid,ucarroll@example.org,+1-809-403-5277x961,Phoenix,Arizona,USA,2024-11-10
9511,Andrea Davis,tthomas@example.org,386-461-7037,Buffalo,New York,USA,2021-03-11
9512,Joshua Joseph,heather97@example.net,+1-675-388-5733,Austin,Texas,USA,2025-03-16
9513,Lauren Copeland,christopherfuentes@example.com,673.491.2752,San Francisco,California,USA,2025-07-24
9514,Karen Wells,susan97@example.net,+1-249-925-1517x4561,Phoenix,Arizona,USA,2023-02-13
9515,Melissa Mcdonald,william47@example.org,+1-642-318-8541,Denver,Colorado,USA,2023-04-01
9516,John Cervantes,randall08@example.org,001-426-671-3970,New York City,New York,USA,2025-08-03
9517,Martin White,millerjames@example.org,(754)605-8817x442,Seattle,Washington,USA,2025-12-01
9518,Christopher Waller,crystalfernandez@example.com,+1-338-380-6046x311,Austin,Texas,USA,2025-11-01
9519,Sandra Palmer,vbrooks@example.net,001-471-910-1298x501,San Francisco,California,USA,2021-06-06
9520,Joanna Wade,cunninghambrandi@example.com,(754)797-3405,San Francisco,California,USA,2023-10-31
9521,Rachel Chandler,cooperjoshua@example.org,600-590-9055,Seattle,Washington,USA,2024-12-11
9522,Julie Stephenson,daniel51@example.org,(225)312-7428,Phoenix,Arizona,USA,2025-02-09
9523,Jamie Hanson,morgansmith@example.net,655.216.6533x8934,Miami,Florida,USA,2021-02-11
9524,Mary Livingston,melinda43@example.com,766-997-5108x5445,Los Angeles,California,USA,2025-03-01
9525,Kevin Sweeney,jessica63@example.net,(317)796-3150x339,Atlanta,Georgia,USA,2024-01-15
9526,Tamara Anderson,wwells@example.org,+1-941-912-7781x691,Las Vegas,Nevada,USA,2021-11-07
9527,Elizabeth Brown,vanessa40@example.org,(303)894-2016,San Francisco,California,USA,2025-02-16
9528,Stephen Vaughn,ostein@example.org,(922)675-7377x8029,Las Vegas,Nevada,USA,2025-06-12
9529,Caitlin Preston DVM,sarahbeard@example.org,5156833910,Miami,Florida,USA,2022-02-02
9530,Willie Morris,fwyatt@example.net,001-899-531-1403x600,Atlanta,Georgia,USA,2024-05-25
9531,Joseph Hayes,matthewhancock@example.net,(317)706-1556,Atlanta,Georgia,USA,2022-10-02
9532,Cole Gates,xtaylor@example.org,(877)225-7875,Phoenix,Arizona,USA,2022-10-25
9533,Sierra Becker,denise76@example.com,001-589-459-1570,Miami,Florida,USA,2023-11-16
9534,Ashley Weber,huntcandace@example.com,229-467-5160,Seattle,Washington,USA,2021-02-17
9535,Autumn Moss,nicole48@example.org,637-619-3100x29503,Austin,Texas,USA,2022-07-16
9536,Sean Barnes,ievans@example.org,942-294-6491x2056,Orlando,Florida,USA,2022-02-20
9537,Jeffrey Green,bernardmelissa@example.com,+1-733-680-9718x834,San Francisco,California,USA,2022-06-26
9538,Amy Ryan,christina10@example.org,001-341-285-9354,Denver,Colorado,USA,2024-03-26
9539,Jeffery Rose,danielle37@example.net,529.706.4392x325,Orlando,Florida,USA,2023-02-11
9540,Robert Richardson,markhall@example.com,978-303-6310,Austin,Texas,USA,2023-05-30
9541,Mrs. Robin Eaton DDS,brittanymorales@example.com,984.583.4358,San Francisco,California,USA,2022-04-01
9542,Kevin Nelson,lucasallen@example.org,001-576-449-7482x890,Miami,Florida,USA,2024-02-23
9543,Maria Bennett,eli@example.com,001-397-750-3092x249,Austin,Texas,USA,2023-09-17
9544,Heather Weaver,heather62@example.org,001-704-317-9974x482,Austin,Texas,USA,2024-12-10
9545,Anthony Garza,ohays@example.org,001-269-568-1102x016,Chicago,Illinois,USA,2023-11-04
9546,James Briggs,russelllambert@example.com,971-760-2007,Buffalo,New York,USA,2023-02-23
9547,Derek Sullivan,kimberlywilcox@example.com,+1-403-226-2978x5783,Los Angeles,California,USA,2023-10-15
9548,Eric Kelly,walshjohnny@example.com,+1-685-361-5315x7886,Seattle,Washington,USA,2023-03-18
9549,Anthony Thornton,sharon87@example.com,001-761-923-7542x804,Houston,Texas,USA,2025-04-12
9550,Zachary Bautista,mike66@example.com,299-986-3138x258,Chicago,Illinois,USA,2025-01-03
9551,Daniel Hall,phelpserica@example.org,(499)260-5863x949,San Francisco,California,USA,2023-07-16
9552,Jennifer Hensley,lisarose@example.org,442.354.5728x595,Buffalo,New York,USA,2024-03-29
9553,Daniel Carlson,dhull@example.com,686.320.4428,Los Angeles,California,USA,2023-03-25
9554,Lori Patton,fgarcia@example.com,001-480-376-1278,Phoenix,Arizona,USA,2022-04-21
9555,Breanna Coleman,opham@example.net,336.339.8352,Orlando,Florida,USA,2023-01-28
9556,Chris Jones,jodispencer@example.org,271-864-0599x121,Orlando,Florida,USA,2024-02-28
9557,Heather Gray,jason08@example.com,7875680165,San Francisco,California,USA,2024-08-09
9558,Joy Jones,vazquezjavier@example.org,837.223.7802,Austin,Texas,USA,2022-11-12
9559,Mary Lara,courtney81@example.com,887-343-9037x942,New York City,New York,USA,2025-07-17
9560,Amy Fowler,jgarcia@example.org,001-453-743-8549x704,Denver,Colorado,USA,2021-06-21
9561,Jacob Mann,omar18@example.com,422.766.6457x620,San Francisco,California,USA,2024-02-23
9562,George Kidd,patrickharrison@example.net,001-694-402-6410x861,New York City,New York,USA,2022-03-02
9563,Edward Cowan,xwhite@example.com,+1-317-561-2447x2648,Atlanta,Georgia,USA,2023-10-01
9564,Mark Campbell PhD,ufrost@example.com,796-698-2250x01384,Las Vegas,Nevada,USA,2022-05-27
9565,Emily Miller,jose77@example.org,(990)522-0492,San Francisco,California,USA,2021-10-17
9566,Mr. Joe Sosa II,wagnerjames@example.com,001-400-235-4454,Miami,Florida,USA,2024-06-16
9567,Zachary Martinez,vdougherty@example.org,900-859-1868x4002,Atlanta,Georgia,USA,2023-08-28
9568,Jose Shah,april88@example.net,988.449.1293x430,Chicago,Illinois,USA,2025-01-20
9569,Dr. Spencer Levy,christophergay@example.net,709.303.0114x117,Atlanta,Georgia,USA,2024-03-06
9570,Melody Callahan,ohenderson@example.org,9704765212,Phoenix,Arizona,USA,2022-04-22
9571,Emily Lopez,nicole92@example.net,414-563-1293,Los Angeles,California,USA,2025-04-21
9572,Sarah Moss,adamsgregory@example.net,889.685.3889x1481,Orlando,Florida,USA,2022-06-01
9573,Samantha Sharp,ucox@example.org,247.673.5934x4786,Miami,Florida,USA,2022-09-30
9574,Daniel Mclean,anneadams@example.org,691-572-5764x46659,Seattle,Washington,USA,2022-11-23
9575,Louis Carpenter,grimescarol@example.net,2598106564,Atlanta,Georgia,USA,2021-11-05
9576,Kari Cervantes,phelpsleah@example.net,001-210-722-0327x390,Los Angeles,California,USA,2022-10-21
9577,Cory Lopez,millermatthew@example.com,204-377-4686x2501,Seattle,Washington,USA,2024-03-03
9578,Calvin Dunn,zachary84@example.com,636-909-1540x8763,Las Vegas,Nevada,USA,2023-04-13
9579,Sarah Washington,john32@example.org,222-414-2186,Atlanta,Georgia,USA,2021-01-12
9580,Herbert Martinez,webbamber@example.com,(416)305-2086x7323,Austin,Texas,USA,2024-11-14
9581,Julie Carey,john01@example.org,+1-964-469-5670x8150,Buffalo,New York,USA,2025-03-27
9582,Alexis Smith,mayermatthew@example.org,8608563605,Chicago,Illinois,USA,2025-06-16
9583,Carol Guerrero,ydorsey@example.org,613.643.8630,Orlando,Florida,USA,2024-01-23
9584,Ariel Alexander,cristinaalexander@example.com,809-815-3600x026,Orlando,Florida,USA,2022-10-04
9585,Michael Scott,rrose@example.com,271-643-3212,Denver,Colorado,USA,2022-04-28
9586,Holly Green,zthompson@example.net,630.269.3425,Houston,Texas,USA,2023-08-03
9587,Aaron Thompson,hannahstafford@example.org,(527)437-2020,Seattle,Washington,USA,2023-09-17
9588,Dr. Alejandro Keith,bwalker@example.com,876-242-0709x21758,Chicago,Illinois,USA,2024-02-11
9589,Michael Thomas,michael86@example.org,(804)372-3961x49781,Atlanta,Georgia,USA,2025-02-23
9590,Bruce Frost,lori99@example.com,923-492-9915,Seattle,Washington,USA,2021-06-16
9591,Jacob Phillips,amanda33@example.net,001-496-743-6564x855,Boston,Massachusetts,USA,2021-08-04
9592,Catherine Gordon,josephwilson@example.com,424-377-3506x4737,Miami,Florida,USA,2024-12-03
9593,Curtis Smith,fhall@example.com,8137625255,San Francisco,California,USA,2023-02-09
9594,Robert Lee,bennettdonald@example.com,863-482-9391,New York City,New York,USA,2025-03-31
9595,Tommy Young,amandalawrence@example.org,797-353-3842,Los Angeles,California,USA,2021-11-28
9596,Mary Lane,devingomez@example.net,(766)611-4772x373,Chicago,Illinois,USA,2025-03-13
9597,Kelly Phillips,lewismichael@example.org,789.854.5623,San Francisco,California,USA,2021-12-07
9598,Daniel Novak,carlsonmarie@example.net,+1-408-723-1145x098,Buffalo,New York,USA,2023-06-16
9599,Carolyn Jones,shannonhuynh@example.net,+1-406-782-6561x6363,Atlanta,Georgia,USA,2021-08-21
9600,Megan Marquez,pharvey@example.net,3908067896,Los Angeles,California,USA,2025-12-19
9601,Shane Dawson,phillipsbrandon@example.com,+1-727-987-9475x907,Miami,Florida,USA,2023-10-12
9602,Jacqueline Burton,megan98@example.com,3494489724,New York City,New York,USA,2024-07-06
9603,Ashley Perez,gcarr@example.com,(843)754-6143x5654,Phoenix,Arizona,USA,2023-12-11
9604,Nicholas Merritt,whitneylambert@example.org,001-637-411-3463x046,Orlando,Florida,USA,2021-10-14
9605,Sabrina Pierce,andrea20@example.org,+1-213-840-2159x041,Seattle,Washington,USA,2025-11-26
9606,Thomas Giles,harrisonmichelle@example.net,(736)666-0448x277,Chicago,Illinois,USA,2023-05-07
9607,Charles Johnson,russelllarry@example.net,983.779.2989,Miami,Florida,USA,2021-01-19
9608,Donald Ramos,laura80@example.net,907.715.3497x53139,Austin,Texas,USA,2021-08-29
9609,Brian Mason,cindyjames@example.com,384.901.5297x037,Miami,Florida,USA,2022-08-26
9610,Elizabeth Murphy,jrivera@example.org,746.257.0612,Seattle,Washington,USA,2025-12-08
9611,Elizabeth Evans,grahamemily@example.com,(818)577-1445,Denver,Colorado,USA,2022-07-10
9612,Douglas White,josephfranco@example.org,621.719.2344,Chicago,Illinois,USA,2022-10-23
9613,Robert Leach,davidsonvalerie@example.com,6698059543,Las Vegas,Nevada,USA,2025-12-27
9614,Samantha Lopez,pattersonpatricia@example.net,+1-940-721-1559x8525,Houston,Texas,USA,2024-02-29
9615,Nathaniel Morrison,joseph87@example.com,(449)908-0744,Denver,Colorado,USA,2021-12-06
9616,Jeffrey Fisher,blake83@example.net,374.968.2122x6186,New York City,New York,USA,2022-08-18
9617,Julia Curtis,jameshenry@example.com,896.551.5289x3325,Chicago,Illinois,USA,2024-11-03
9618,Elizabeth Everett,arellanogina@example.com,940.460.9729x6007,Buffalo,New York,USA,2025-07-03
9619,Erika Johnson,lcannon@example.com,001-664-394-7538x954,Las Vegas,Nevada,USA,2025-01-03
9620,Matthew Williams,lharris@example.com,672.634.2987,Houston,Texas,USA,2023-11-30
9621,Robert Glover,johnsonjessica@example.com,467-602-3512x44851,Las Vegas,Nevada,USA,2022-05-30
9622,Victor Fuentes,ddavis@example.com,303-299-9800,Orlando,Florida,USA,2023-08-06
9623,Jason Williams,briannamiller@example.org,+1-888-646-2324,Buffalo,New York,USA,2022-11-08
9624,Matthew King,ibeck@example.org,205-956-7720,Boston,Massachusetts,USA,2025-03-10
9625,Savannah Myers,michael10@example.net,001-641-745-8821x488,Seattle,Washington,USA,2025-10-12
9626,Sierra Graham,danieljohnson@example.net,001-447-860-1633x509,Boston,Massachusetts,USA,2021-10-05
9627,Collin Snyder,cdavidson@example.net,490.579.6170,New York City,New York,USA,2023-12-10
9628,Dustin Jordan,lleonard@example.com,474.236.7817x83732,Seattle,Washington,USA,2025-08-26
9629,Matthew Mcguire,awong@example.net,6405917080,Orlando,Florida,USA,2021-01-21
9630,Kevin Marshall,nicholas84@example.com,4736168074,Houston,Texas,USA,2023-05-03
9631,Ronald Hobbs,johnny47@example.net,+1-462-529-7316,New York City,New York,USA,2021-11-04
9632,Taylor Dawson,millerkari@example.com,870-333-4962,Orlando,Florida,USA,2021-05-18
9633,Alyssa Nelson,katherine46@example.net,+1-578-573-1680x5015,Los Angeles,California,USA,2022-10-01
9634,Mr. Nathaniel Anderson,lmcdonald@example.com,001-600-242-7354x024,Seattle,Washington,USA,2022-01-20
9635,Dustin Allen,randyvelazquez@example.org,001-702-219-7339x152,Buffalo,New York,USA,2024-11-22
9636,Cynthia Brown,imccann@example.com,907.999.9624x31593,San Francisco,California,USA,2024-01-07
9637,Barbara Humphrey,lpayne@example.net,630.243.0586,Orlando,Florida,USA,2022-11-09
9638,Michelle Trevino,kgill@example.org,+1-739-721-2845x3967,San Francisco,California,USA,2021-05-06
9639,Andrea Johnson,megansmith@example.net,001-915-431-5724x108,Las Vegas,Nevada,USA,2023-08-18
9640,Sarah Henderson,castanedataylor@example.org,5322991714,Las Vegas,Nevada,USA,2021-11-17
9641,Nicholas Rodriguez,jenna98@example.com,897-997-2974,San Francisco,California,USA,2022-12-19
9642,Leslie Robinson,rachel65@example.net,513.601.5249,Denver,Colorado,USA,2024-02-20
9643,Mike Jones,calvinmahoney@example.com,+1-330-979-6967x3631,Boston,Massachusetts,USA,2022-04-08
9644,Charles Evans,frankclarke@example.com,693.305.2591x39710,Houston,Texas,USA,2024-07-11
9645,Nicholas Maxwell,mark31@example.net,206.974.7933x22506,Los Angeles,California,USA,2022-01-30
9646,Meghan Reyes,bthompson@example.net,309.458.8655x6230,Austin,Texas,USA,2022-08-06
9647,Jacob Love,cknight@example.org,311-207-0227x94523,Atlanta,Georgia,USA,2025-11-13
9648,Holly Warner,blairwilliam@example.org,228-411-4288,Miami,Florida,USA,2024-04-11
9649,Kristina Young,jmueller@example.com,+1-442-236-9130x6999,Seattle,Washington,USA,2022-09-19
9650,Brandon Martin,sanchezshannon@example.org,+1-512-461-6384x8713,Houston,Texas,USA,2024-07-02
9651,Jessica Levy,murphytyler@example.net,(236)358-0443,Phoenix,Arizona,USA,2023-04-06
9652,Howard Brooks,monica52@example.net,(213)450-3292x704,Boston,Massachusetts,USA,2022-06-06
9653,Cory Rhodes,taylormoore@example.org,(592)784-0790x48891,Chicago,Illinois,USA,2024-01-14
9654,Kenneth Johnson,jamessnyder@example.org,+1-241-730-0618x639,Denver,Colorado,USA,2024-09-12
9655,Cody Jones,michaelramos@example.org,930.213.2495,Buffalo,New York,USA,2021-06-08
9656,James Tucker,monicafarrell@example.net,541.592.3034x8191,Las Vegas,Nevada,USA,2021-11-09
9657,Susan Dalton,kmorales@example.org,571-314-4402,San Francisco,California,USA,2025-02-05
9658,Samantha Graham,stephanie61@example.net,777.373.3152x6301,Buffalo,New York,USA,2022-07-28
9659,Bryce Anderson,christine06@example.net,+1-472-921-7517x368,New York City,New York,USA,2022-06-23
9660,Richard Sheppard,glassdesiree@example.net,376.212.7842,Las Vegas,Nevada,USA,2021-07-29
9661,Gary Kennedy,susan16@example.org,311-483-5512x9421,New York City,New York,USA,2025-06-21
9662,Courtney Tyler,rileyanthony@example.com,001-310-766-8718,Chicago,Illinois,USA,2024-04-17
9663,Tina Morgan,nicolelogan@example.net,+1-390-335-6490,Denver,Colorado,USA,2025-04-18
9664,Jasmine Cox,james87@example.org,535-956-7921,Miami,Florida,USA,2022-11-08
9665,Kim Burgess,wilsonmonica@example.com,590.276.3283x22093,Las Vegas,Nevada,USA,2025-05-01
9666,Mary Woodard,kimberly03@example.org,509-339-7152x3753,Atlanta,Georgia,USA,2024-04-27
9667,Robert Benton,gregoryball@example.net,001-832-690-7477x457,Las Vegas,Nevada,USA,2022-07-22
9668,Elizabeth Gonzalez,kevinmorrison@example.com,+1-923-365-7971x223,Phoenix,Arizona,USA,2025-02-18
9669,Dorothy Guzman,michelereed@example.net,+1-465-208-4817x539,Atlanta,Georgia,USA,2024-06-15
9670,Amy Lopez,brianna47@example.com,595.714.0961x9639,Denver,Colorado,USA,2023-08-28
9671,Ashley Johnson,wwillis@example.org,450-521-5005x52888,Buffalo,New York,USA,2021-12-11
9672,Mitchell Vazquez,matthew94@example.com,729.570.8101,Los Angeles,California,USA,2025-05-24
9673,Larry Leon,rachel47@example.org,+1-823-903-9827x162,Buffalo,New York,USA,2022-03-20
9674,Mr. Christopher Thomas,wguerra@example.net,919.346.8655,San Francisco,California,USA,2025-07-04
9675,Roberto Chavez,gavinlee@example.org,3235639358,Las Vegas,Nevada,USA,2021-10-28
9676,Brenda Taylor,meganhenderson@example.com,(877)681-6044x171,New York City,New York,USA,2021-12-04
9677,Nicholas Haynes,meganhill@example.org,(783)899-3384,Orlando,Florida,USA,2025-11-27
9678,Cody Morales,kimberly05@example.net,+1-928-403-8349,Los Angeles,California,USA,2022-10-25
9679,Jacob Fox,chenashley@example.net,001-818-679-2060x575,San Francisco,California,USA,2021-04-17
9680,Brianna Johnson,xchen@example.net,(334)763-7164x033,New York City,New York,USA,2023-11-14
9681,Michael Sanders,mezamark@example.net,001-703-570-9498x440,Phoenix,Arizona,USA,2023-06-20
9682,David Martinez,mathisjohn@example.com,001-781-629-8376x997,Miami,Florida,USA,2024-09-23
9683,Ashley Sawyer,joshua59@example.org,658.409.7662x40980,Orlando,Florida,USA,2022-11-01
9684,Mike Edwards,robert44@example.com,8532413418,Austin,Texas,USA,2023-10-22
9685,Eric Casey,daisy53@example.com,(940)678-4355x09342,Phoenix,Arizona,USA,2021-08-29
9686,Mercedes Cook,wharris@example.com,416-953-7617x198,Buffalo,New York,USA,2024-02-22
9687,Mark Snyder,rsmith@example.com,+1-329-767-6615x988,Miami,Florida,USA,2023-02-12
9688,Edward Miller,hgonzalez@example.org,(225)356-8595x57885,Phoenix,Arizona,USA,2023-03-01
9689,Angela Reed,zrandolph@example.net,398-211-8352x5418,Seattle,Washington,USA,2023-08-30
9690,Diana York,latoya69@example.net,001-200-739-7967x801,Houston,Texas,USA,2022-10-01
9691,Keith Delgado,wesleyevans@example.org,553-949-3745x4926,Atlanta,Georgia,USA,2023-12-06
9692,Tracey Ryan,twilliamson@example.net,3604099198,Houston,Texas,USA,2023-12-23
9693,Melissa Turner,davidwagner@example.net,566-946-0381x4031,San Francisco,California,USA,2025-12-14
9694,Christine Garcia,browntara@example.net,221-442-9607,Las Vegas,Nevada,USA,2025-09-21
9695,Joann Houston,makayla96@example.org,454.340.2800x035,Buffalo,New York,USA,2021-12-07
9696,Jorge Khan,nvasquez@example.com,475-612-3602,Denver,Colorado,USA,2025-09-04
9697,Robert Turner,dcarney@example.net,001-689-941-3096x677,Austin,Texas,USA,2024-12-27
9698,Linda Strong,rjacobs@example.net,579.592.2222x864,New York City,New York,USA,2025-09-17
9699,Nicole Smith,garcialoretta@example.com,713-391-7217x8925,Miami,Florida,USA,2024-02-22
9700,Natasha Rowe,jonathanhicks@example.com,(780)210-5940,Orlando,Florida,USA,2023-10-01
9701,Charles Ortiz,dixonregina@example.com,001-420-358-8646x249,Seattle,Washington,USA,2025-06-04
9702,James Perkins,hoffmanellen@example.com,(330)555-4747x6405,Austin,Texas,USA,2024-11-04
9703,Robin Juarez,ruthhines@example.net,644-602-3060x87753,San Francisco,California,USA,2024-02-17
9704,Theresa Rodriguez,rubenoliver@example.org,257-702-3703x803,Boston,Massachusetts,USA,2023-06-11
9705,Jared Mayer,reedjill@example.com,601-895-2924,Denver,Colorado,USA,2022-12-15
9706,Angela Jimenez,smithjasmine@example.net,+1-305-525-3596,New York City,New York,USA,2021-02-21
9707,Nancy Gonzales,dhubbard@example.com,748-462-8881x795,Atlanta,Georgia,USA,2023-01-19
9708,John Hernandez,johnsalazar@example.net,745-230-2749x6441,Atlanta,Georgia,USA,2023-08-13
9709,Kristin Lee,ycantu@example.org,(533)711-2491x8637,Phoenix,Arizona,USA,2024-10-04
9710,Joseph Anderson,donald61@example.org,(553)799-3269x274,Houston,Texas,USA,2025-01-31
9711,Kara Daniel,kiddkatherine@example.net,8876695006,Miami,Florida,USA,2022-03-14
9712,Jeremy Smith,molly78@example.org,(319)556-4145x0170,Las Vegas,Nevada,USA,2024-02-21
9713,Jennifer Combs,tholt@example.net,278.481.4033x28976,Boston,Massachusetts,USA,2022-01-27
9714,Carol Walker,mthompson@example.com,001-332-350-2229x929,Miami,Florida,USA,2023-02-06
9715,Margaret Stevenson,roy00@example.org,+1-731-391-2910x064,New York City,New York,USA,2025-03-12
9716,Timothy Turner,jarvisdaniel@example.org,+1-656-409-5119x5852,Los Angeles,California,USA,2022-02-06
9717,Ashley Clark,robinsonjane@example.net,467-453-9055x733,Orlando,Florida,USA,2023-01-10
9718,Amy Potter,bakervicki@example.org,+1-769-771-4278,Chicago,Illinois,USA,2022-02-04
9719,Vickie Garcia,julia30@example.net,888.267.0479,Los Angeles,California,USA,2024-04-15
9720,John Kim,brian73@example.net,(438)325-1247x047,Austin,Texas,USA,2022-11-04
9721,Debra Palmer,richardsnyder@example.org,5927972388,San Francisco,California,USA,2023-01-26
9722,Christopher Hill,kelly31@example.com,+1-921-789-8204x0572,Boston,Massachusetts,USA,2022-06-04
9723,Dr. Beverly Martinez,pollardcynthia@example.net,6548925677,Chicago,Illinois,USA,2021-01-27
9724,Jack Conrad,polson@example.com,395-690-5016x7988,Las Vegas,Nevada,USA,2022-07-14
9725,Daniel Alexander,adamsbrian@example.com,706.610.2946x689,Los Angeles,California,USA,2024-08-18
9726,Laura West,parksshannon@example.net,9594451173,Austin,Texas,USA,2024-08-07
9727,Jean James,nelsonaaron@example.net,211-529-6565,Orlando,Florida,USA,2023-03-27
9728,Brenda Fuller,juan09@example.net,423-245-1329,Los Angeles,California,USA,2024-11-25
9729,Mrs. Tina Brown,lyonsjessica@example.net,202.995.9432,Seattle,Washington,USA,2022-06-03
9730,Elizabeth Cox,abigail98@example.net,727.236.6685x1021,Austin,Texas,USA,2024-07-04
9731,Mackenzie Massey,ericaperry@example.org,378-574-7937x1372,Los Angeles,California,USA,2024-03-17
9732,Brandy Gibson,moniquesmith@example.net,917.744.1878,Atlanta,Georgia,USA,2021-03-04
9733,Candace Parsons,jonathan74@example.net,789-892-6485x340,Atlanta,Georgia,USA,2025-01-10
9734,Regina Roberts,haasjoseph@example.org,610.231.8688x589,Boston,Massachusetts,USA,2023-08-23
9735,Michael Yates,sarahwheeler@example.org,550-961-8367,Las Vegas,Nevada,USA,2024-07-18
9736,Erin Harvey,troy93@example.net,(740)792-1788x287,Orlando,Florida,USA,2023-10-02
9737,Christy Burke,foxjane@example.net,842.382.8972,New York City,New York,USA,2023-08-28
9738,Maria Morrow,maxwellchristina@example.com,568-482-9641x316,Seattle,Washington,USA,2025-11-27
9739,Aaron Webster,ellisdennis@example.com,001-857-477-9269x482,Denver,Colorado,USA,2025-03-18
9740,Omar Harper,suzanne27@example.net,(925)606-4831x3448,Chicago,Illinois,USA,2025-07-12
9741,Mark Carrillo,stephenbowen@example.net,917.699.8241x580,San Francisco,California,USA,2021-03-20
9742,Joshua Romero,wendyvelasquez@example.net,(387)334-1071x673,Houston,Texas,USA,2021-03-01
9743,Julia Garcia,icole@example.net,618-984-5782x932,Las Vegas,Nevada,USA,2024-12-31
9744,Tara Sanders,smithamy@example.org,+1-260-296-4064,New York City,New York,USA,2024-12-16
9745,Monique Harris,michelleallen@example.org,001-459-284-1424x645,Seattle,Washington,USA,2021-12-29
9746,Mr. Craig Stephens,sperry@example.net,+1-674-943-7275,Atlanta,Georgia,USA,2025-10-09
9747,Denise Nelson,mjones@example.net,373-332-9401x4097,New York City,New York,USA,2021-06-19
9748,Alexander Smith,michellejones@example.net,594-567-2035,Miami,Florida,USA,2025-09-05
9749,Lisa Daniel,jamiekelley@example.org,247-606-1761,Atlanta,Georgia,USA,2021-09-02
9750,Gregory Charles,yjacobson@example.net,421-218-8330x8246,Los Angeles,California,USA,2023-06-28
9751,Karina Bennett,morgancory@example.net,(566)576-4857,Denver,Colorado,USA,2024-12-26
9752,Brittany Murphy,amandawise@example.net,(867)232-3947x22438,Los Angeles,California,USA,2022-10-06
9753,John Peterson,mhensley@example.org,(956)461-2475,San Francisco,California,USA,2025-10-23
9754,Wesley Hernandez,beckerrobert@example.net,+1-552-571-8037x591,Chicago,Illinois,USA,2022-07-23
9755,Daniel Clark,nathan89@example.net,+1-710-378-0163,Atlanta,Georgia,USA,2022-02-02
9756,Suzanne Robinson,ortizleah@example.org,+1-690-678-5299,Denver,Colorado,USA,2024-06-11
9757,Alisha Anderson,martinezmario@example.org,001-939-291-1866x484,Seattle,Washington,USA,2021-02-04
9758,Tony Gibson,berrycassandra@example.com,921-829-8283x36670,Houston,Texas,USA,2025-09-11
9759,Lisa Goodwin,jillmartinez@example.com,822.251.8273,Denver,Colorado,USA,2025-10-04
9760,Daniel Mason,mary97@example.com,486.865.8349x97319,Boston,Massachusetts,USA,2022-10-11
9761,Christopher Williams,clarksue@example.org,502-718-9727,Boston,Massachusetts,USA,2024-12-23
9762,Caleb Hammond,vhart@example.com,(701)598-2000x6307,New York City,New York,USA,2024-04-16
9763,Diane Miller,victor81@example.org,235.423.7371x2973,Seattle,Washington,USA,2023-01-21
9764,Colton Church,michelleroberts@example.com,+1-204-319-3979x860,Chicago,Illinois,USA,2021-01-30
9765,James Haley,suzanne39@example.net,733.809.9907,Denver,Colorado,USA,2023-04-06
9766,Samantha Weaver,mdean@example.net,(763)679-0346,Miami,Florida,USA,2025-09-12
9767,Linda George,gcastillo@example.org,2672173119,Denver,Colorado,USA,2024-10-03
9768,Adrian Fitzpatrick,barbara85@example.net,(305)692-7180x058,Los Angeles,California,USA,2021-05-14
9769,Lynn Davis,richardsalicia@example.net,648-604-8914x899,Buffalo,New York,USA,2025-08-17
9770,James Allison,willie03@example.net,679.466.1329x15257,Phoenix,Arizona,USA,2023-10-25
9771,Michael Lloyd DVM,genglish@example.com,5464803463,New York City,New York,USA,2025-02-01
9772,Joanna Johnson,maurice03@example.net,+1-976-358-5477x2779,Austin,Texas,USA,2021-06-21
9773,Stephen Simmons,craigrhonda@example.org,(226)685-3497x254,New York City,New York,USA,2023-06-28
9774,Lisa Rice,brucemichelle@example.com,7504643017,Los Angeles,California,USA,2022-07-19
9775,Daniel Hayes,shannon95@example.com,282-932-4160,Las Vegas,Nevada,USA,2022-02-11
9776,Mr. David Avila,gwright@example.com,001-370-771-6331x216,Seattle,Washington,USA,2023-11-02
9777,James Harris,bmedina@example.org,+1-277-212-0527x1141,Miami,Florida,USA,2021-12-21
9778,Tanya Phelps,ramirezandrew@example.com,5928112538,Denver,Colorado,USA,2025-03-10
9779,Adam Villegas,lindasmith@example.org,260-869-0819x3263,Atlanta,Georgia,USA,2025-09-12
9780,Latasha Mann,andrea88@example.org,556.202.0509,Los Angeles,California,USA,2022-09-30
9781,Natasha Miller,sherylschwartz@example.com,478.380.4798,Austin,Texas,USA,2024-02-23
9782,Beverly Thomas,jennifermahoney@example.com,938-485-5517x34820,Houston,Texas,USA,2021-08-30
9783,Brooke Reyes,kathrynlewis@example.net,425.752.1136x320,Houston,Texas,USA,2023-08-13
9784,Jeff Thompson,ureed@example.com,+1-235-660-0089,Las Vegas,Nevada,USA,2025-09-09
9785,Renee Kelley,eflores@example.com,(266)795-7899x4342,Seattle,Washington,USA,2021-06-26
9786,Eric Reed,thomaslopez@example.net,236.225.6004x26038,Las Vegas,Nevada,USA,2023-08-07
9787,Luis Ramos,jgallegos@example.org,3317951381,San Francisco,California,USA,2021-08-27
9788,Michele Jackson,samuelsimon@example.net,627-717-4887x85931,Boston,Massachusetts,USA,2021-07-05
9789,David Reeves,bruce95@example.net,254-668-9164,New York City,New York,USA,2025-02-03
9790,Don Espinoza,hchambers@example.com,+1-348-425-1019x581,San Francisco,California,USA,2022-01-16
9791,Kayla Ramos,lspears@example.org,940.474.8238x7477,Houston,Texas,USA,2024-04-25
9792,Lisa Murphy,ericmcdonald@example.org,001-899-950-8056x616,Denver,Colorado,USA,2021-02-11
9793,Jennifer Knox,leahlevy@example.net,001-682-852-9287x153,Phoenix,Arizona,USA,2021-12-13
9794,Monica Moore,lirachel@example.com,3709003492,Phoenix,Arizona,USA,2021-01-22
9795,Timothy Allen,imiller@example.com,542.432.1668,Buffalo,New York,USA,2024-07-30
9796,Alan Barnett,nrichardson@example.net,370.863.3071,Houston,Texas,USA,2023-08-01
9797,John Rose,katrinataylor@example.net,+1-941-382-2782x489,San Francisco,California,USA,2025-12-02
9798,Matthew West,santiagoscott@example.com,433-527-5262,Seattle,Washington,USA,2022-05-21
9799,Joseph English,tara89@example.com,+1-334-752-0714x616,Austin,Texas,USA,2025-09-11
9800,Jennifer Huff,linda57@example.com,(572)531-9685,Denver,Colorado,USA,2024-08-08
9801,Melinda Mckenzie,mmorris@example.net,611-244-9749x112,Boston,Massachusetts,USA,2025-11-06
9802,Melissa Rubio,richardsonashlee@example.net,(841)743-7965,Buffalo,New York,USA,2025-03-11
9803,Luis Friedman,ehughes@example.com,567.356.5106,Phoenix,Arizona,USA,2025-02-20
9804,Donald Berger,donald77@example.org,421-887-2371x87828,New York City,New York,USA,2022-09-28
9805,Katrina Grant,caldwelltaylor@example.org,5136420500,Los Angeles,California,USA,2023-02-16
9806,Katrina Delgado,sandersjasmine@example.org,982-869-6340x48406,Seattle,Washington,USA,2022-08-11
9807,James Marshall,robert81@example.org,001-367-767-5429,New York City,New York,USA,2022-07-26
9808,Eric Stewart,cayers@example.org,001-369-867-2201x897,New York City,New York,USA,2024-03-03
9809,Todd Rodriguez,pamela04@example.org,001-438-825-0853,Houston,Texas,USA,2023-04-28
9810,Felicia Williams,rcain@example.com,534.738.1551x0184,Buffalo,New York,USA,2025-09-07
9811,Jessica Walker,melvinstafford@example.org,(508)941-2092x2324,Buffalo,New York,USA,2022-07-13
9812,Jose Berry,jessica39@example.com,460-996-5889x4080,Boston,Massachusetts,USA,2022-02-13
9813,Anita Long,heather97@example.com,(784)371-7804,New York City,New York,USA,2022-08-28
9814,Samantha Huerta,riverachristine@example.com,+1-927-466-6642,Austin,Texas,USA,2024-11-29
9815,Ryan Martinez,romerojoseph@example.net,4294779358,Orlando,Florida,USA,2022-06-26
9816,Kathryn Wilson,fclark@example.org,208.228.8772x2732,San Francisco,California,USA,2023-10-01
9817,Kyle Wilson,williamsjoshua@example.com,001-812-246-2910x471,Houston,Texas,USA,2024-03-31
9818,Ryan Baker,julia37@example.com,(922)699-3269,Houston,Texas,USA,2022-12-16
9819,Toni Horton,benjamin49@example.net,217-948-4135x09082,Phoenix,Arizona,USA,2024-08-07
9820,Ronald Matthews,brianbray@example.org,(270)924-3495x000,Chicago,Illinois,USA,2023-07-10
9821,Deanna Wilson,wgallagher@example.org,261-844-0313,Atlanta,Georgia,USA,2024-07-16
9822,Susan Smith,chapmanmegan@example.com,+1-877-518-1704,Denver,Colorado,USA,2025-08-31
9823,Peter James,wangjose@example.org,+1-508-509-6132x5411,New York City,New York,USA,2021-03-17
9824,Joanna Vasquez,sullivanjohn@example.org,+1-709-638-2858,Atlanta,Georgia,USA,2024-04-13
9825,Jessica Lambert,conwayalbert@example.org,001-907-223-3065x542,Miami,Florida,USA,2021-11-15
9826,Hannah Brown,hallcassandra@example.com,+1-657-370-9043x155,Chicago,Illinois,USA,2024-03-10
9827,Chad Smith,breannareed@example.org,413.420.8121x253,Buffalo,New York,USA,2024-12-09
9828,Bradley Lambert,ashleehill@example.com,272-298-8245x70986,Miami,Florida,USA,2022-12-12
9829,Keith Torres,opowell@example.net,227-324-9963,Denver,Colorado,USA,2025-07-19
9830,Stephanie Lane,wagnermichael@example.org,933-822-5798x730,Denver,Colorado,USA,2025-06-19
9831,Christian Bradley,rebecca25@example.com,8163751866,Austin,Texas,USA,2022-03-01
9832,Jeffrey Compton,cynthia26@example.org,765.299.0099x8563,Houston,Texas,USA,2024-12-03
9833,Kimberly Lane,tonichavez@example.org,8186184592,Chicago,Illinois,USA,2024-02-04
9834,Seth Spears,teresabrown@example.org,001-956-732-7498x216,Atlanta,Georgia,USA,2025-03-02
9835,Lisa Spencer,omays@example.net,641-394-7864,Phoenix,Arizona,USA,2022-07-05
9836,Jennifer Bernard,steven21@example.net,(237)683-2741,San Francisco,California,USA,2023-11-18
9837,Michael Johnson,morenojustin@example.net,936.550.8645x8757,Phoenix,Arizona,USA,2022-03-08
9838,Cheryl Rodriguez,anthonyperry@example.com,4677618547,Austin,Texas,USA,2022-03-23
9839,Craig Bird,khess@example.com,2245293973,Orlando,Florida,USA,2022-06-19
9840,Tommy Nichols,kgonzalez@example.com,562.291.3912,Los Angeles,California,USA,2021-08-25
9841,Kristine Craig,vvalentine@example.com,001-718-569-7552x102,Chicago,Illinois,USA,2024-09-10
9842,Russell Williams,jennifer10@example.net,+1-750-608-6720x2885,Denver,Colorado,USA,2022-01-17
9843,Jennifer Snyder,paula70@example.net,001-852-988-5948,Orlando,Florida,USA,2021-10-14
9844,Paul Sutton,mason28@example.net,001-885-286-2464x640,Orlando,Florida,USA,2024-04-16
9845,Jason Leonard,susan99@example.net,545.971.5954,Houston,Texas,USA,2023-02-02
9846,Travis Barber,kingamanda@example.com,592-754-9072x38980,Las Vegas,Nevada,USA,2023-02-13
9847,Mark Mata,douglaschristina@example.net,+1-327-341-3074x2148,Denver,Colorado,USA,2024-04-20
9848,Lisa Aguilar,griffinhaley@example.org,+1-808-567-7616x6619,Boston,Massachusetts,USA,2021-03-11
9849,Brenda Miller,youngbrianna@example.com,878-826-9638x0699,Houston,Texas,USA,2024-12-07
9850,Bryan Williams,yjennings@example.org,(285)470-2257x580,San Francisco,California,USA,2024-07-13
9851,Sandra Fritz,samuel76@example.com,827.676.3768x895,Houston,Texas,USA,2025-11-16
9852,Juan Le,guerrerocarlos@example.com,(495)763-5531x408,Boston,Massachusetts,USA,2021-01-17
9853,Erik Jensen,jrobles@example.com,001-210-237-4867,New York City,New York,USA,2023-05-14
9854,Reginald Robinson,james81@example.org,258-311-0126x04517,Orlando,Florida,USA,2022-11-17
9855,William Pratt,amanda34@example.net,(346)527-2573x7483,Houston,Texas,USA,2024-08-19
9856,Kristina Mack,hobbszachary@example.net,+1-352-528-9572,Boston,Massachusetts,USA,2021-07-25
9857,Billy Sanders,xallen@example.org,(818)826-0176x2222,New York City,New York,USA,2023-01-04
9858,Jennifer Sharp,acarroll@example.org,611-228-0341x8028,Austin,Texas,USA,2021-11-30
9859,Melissa Adams,christopherlucas@example.com,233.356.3082x3901,Orlando,Florida,USA,2024-01-25
9860,Nicole Crane,dtaylor@example.com,(802)953-7064x5610,New York City,New York,USA,2025-03-21
9861,Jason Hayes,yolanda78@example.com,2994312728,Los Angeles,California,USA,2023-06-19
9862,Amanda Allen,darrell94@example.net,(775)503-2868x3245,Phoenix,Arizona,USA,2024-06-16
9863,Maria Ramos,hatfieldmiranda@example.com,722.648.1644x91243,Orlando,Florida,USA,2024-04-30
9864,Carl Nichols,barbarathompson@example.com,(939)855-3066x5952,Las Vegas,Nevada,USA,2024-11-23
9865,Eduardo Cox,vdunn@example.com,5669913032,Miami,Florida,USA,2025-02-05
9866,Eric Murphy,ramirezlaura@example.com,+1-882-631-9954x408,Miami,Florida,USA,2023-08-28
9867,Thomas Haas,kathy87@example.org,+1-589-596-5303,Atlanta,Georgia,USA,2022-05-14
9868,Kelli Mcdonald,johnsjulie@example.net,(548)726-9473x037,Austin,Texas,USA,2025-01-21
9869,Zachary Johnson,michelebautista@example.net,353.349.2236,Houston,Texas,USA,2024-05-15
9870,Robert Glass,jevans@example.com,001-812-349-7763,Houston,Texas,USA,2023-09-16
9871,April Smith,jrichardson@example.com,001-970-601-9447x306,Denver,Colorado,USA,2023-04-02
9872,Sean Hicks,nicholstodd@example.org,863.372.9728,Austin,Texas,USA,2021-03-24
9873,Nina Martinez,virginiarosales@example.com,001-317-410-4963x817,Boston,Massachusetts,USA,2025-12-02
9874,Nicholas Lopez,rebeccasullivan@example.org,676-484-1208x03757,Buffalo,New York,USA,2025-04-12
9875,Amy Russo,walkerjoseph@example.net,001-309-528-6366x888,Boston,Massachusetts,USA,2023-11-05
9876,Matthew Flores,jamesjames@example.com,(964)620-7280x415,San Francisco,California,USA,2023-05-13
9877,Rachel Gutierrez,mcconnelljessica@example.com,2865414061,Miami,Florida,USA,2025-05-05
9878,David Brown,sriley@example.org,001-729-649-2943x622,Austin,Texas,USA,2024-03-28
9879,Karen Jackson,andrew98@example.net,+1-352-605-9851x521,Miami,Florida,USA,2024-04-29
9880,Kelly Gates,ggiles@example.net,383-518-7864x260,Los Angeles,California,USA,2021-12-02
9881,Jonathan Hughes,george34@example.com,(249)865-5493,Chicago,Illinois,USA,2021-12-07
9882,Troy Singleton,bakerkyle@example.org,494.875.8791,Boston,Massachusetts,USA,2022-09-08
9883,Brenda Harris,copelandjohn@example.com,(803)973-0520,Boston,Massachusetts,USA,2024-05-07
9884,Paul Armstrong,bergerjennifer@example.org,001-823-652-7961x377,Seattle,Washington,USA,2023-12-10
9885,Wesley Bray,albertallen@example.org,001-390-545-0310x902,Buffalo,New York,USA,2024-03-09
9886,Jessica Miller,harttravis@example.org,+1-456-257-8883x1569,Phoenix,Arizona,USA,2021-10-13
9887,Nicole Smith,emily30@example.org,001-263-650-8097x151,New York City,New York,USA,2024-09-20
9888,Charles Schultz,walkerjacob@example.com,+1-465-906-6982,Houston,Texas,USA,2025-06-03
9889,Kimberly Moore,vyoung@example.com,001-687-285-0787x095,Los Angeles,California,USA,2021-07-05
9890,Sophia Gomez,malloryfloyd@example.com,001-708-271-5499x789,Austin,Texas,USA,2025-06-12
9891,Jonathon Weaver,kimberlyphillips@example.net,+1-208-325-5810x2144,Phoenix,Arizona,USA,2021-10-17
9892,Jennifer Lee,hhansen@example.net,(511)583-0209x790,Phoenix,Arizona,USA,2022-12-10
9893,Maria Moreno,harveyrobert@example.com,+1-888-393-6647,Orlando,Florida,USA,2023-03-22
9894,Kathryn Evans,charlesferguson@example.net,(544)431-2907x616,New York City,New York,USA,2023-08-02
9895,Vanessa Watkins,linjennifer@example.com,4399066021,Los Angeles,California,USA,2024-09-10
9896,Richard Leonard,pruittkimberly@example.net,+1-376-808-3088x8064,New York City,New York,USA,2022-02-15
9897,Erin Ward,maciasmichele@example.org,001-913-987-3298x668,Boston,Massachusetts,USA,2021-12-19
9898,Lauren Tapia,jasongolden@example.net,815-366-9372,Austin,Texas,USA,2022-09-22
9899,John Harvey,sextontaylor@example.com,579.416.3493x017,San Francisco,California,USA,2022-01-14
9900,Jason Compton,wlewis@example.com,(865)347-7024x98203,Buffalo,New York,USA,2025-10-23
9901,Elizabeth Johnson,kharris@example.net,(816)856-6424x77409,Buffalo,New York,USA,2023-06-14
9902,Mark White,natasha08@example.com,+1-644-484-1915x0470,San Francisco,California,USA,2025-01-23
9903,Diane Cardenas,jasoncarey@example.net,8268400894,Buffalo,New York,USA,2021-11-12
9904,Tyler Turner,hferguson@example.com,(814)517-5160,Denver,Colorado,USA,2024-02-12
9905,Heather Horne,josephmartin@example.net,001-767-645-3755x460,Atlanta,Georgia,USA,2025-05-08
9906,Melissa Mann,renee70@example.net,9989254733,Houston,Texas,USA,2021-01-11
9907,Amanda Fleming,william78@example.org,478-752-8454x348,Orlando,Florida,USA,2021-11-23
9908,Emily Cook,fwilliams@example.org,797-752-2143,Houston,Texas,USA,2021-07-24
9909,Tracy York,bryan79@example.net,001-644-796-4550x933,Orlando,Florida,USA,2024-02-01
9910,Mr. Kevin Walker DDS,tammy80@example.org,4878519984,Denver,Colorado,USA,2023-03-19
9911,Amanda Lopez,karl45@example.net,001-688-263-4526x581,Seattle,Washington,USA,2022-03-12
9912,Laurie Romero,deleontina@example.org,(463)351-5311x555,Boston,Massachusetts,USA,2023-08-26
9913,Kurt Castaneda,kimberlygraham@example.net,+1-804-449-3579,Denver,Colorado,USA,2023-02-10
9914,Kelly Arnold,maryhowe@example.net,(810)851-8089,Atlanta,Georgia,USA,2023-08-08
9915,Chase Burgess,hansoncheryl@example.net,(764)773-5329x5545,Seattle,Washington,USA,2022-05-13
9916,Diana Taylor,daniel10@example.org,8655722218,Phoenix,Arizona,USA,2021-07-16
9917,Edward Ramos,timothy39@example.net,001-611-867-5977x558,Miami,Florida,USA,2021-09-21
9918,Christian Johnson,jenkinstina@example.com,942.552.2213,Houston,Texas,USA,2025-04-12
9919,Alyssa Rivas,kennethbrown@example.com,588.272.1145x10159,Boston,Massachusetts,USA,2021-10-01
9920,Elizabeth Sanchez,webbstephanie@example.net,001-443-704-7488x421,Miami,Florida,USA,2025-05-03
9921,Joshua Simmons,mturner@example.com,4447288969,Houston,Texas,USA,2022-08-03
9922,Jennifer Jenkins,qzimmerman@example.com,873.228.1296x670,Atlanta,Georgia,USA,2024-10-13
9923,Tina Williams,kevin27@example.net,402.837.8273x99380,Seattle,Washington,USA,2025-11-23
9924,Debra Harrison,bauerjason@example.org,5989814284,Miami,Florida,USA,2024-05-07
9925,Debbie Sullivan,michael33@example.net,+1-424-988-5003x1130,Miami,Florida,USA,2023-12-30
9926,Carolyn Walters,julia15@example.com,744-810-4543x483,San Francisco,California,USA,2022-12-12
9927,Alison Gates,courtney08@example.org,+1-719-806-4675x380,Orlando,Florida,USA,2024-10-03
9928,Cindy Burns,jenniferallen@example.net,+1-233-261-0443x7250,Seattle,Washington,USA,2024-04-16
9929,Jeffrey Bridges,stanley22@example.com,572.470.9487x71973,Los Angeles,California,USA,2022-03-31
9930,Jacqueline Zimmerman,joseph36@example.net,(841)627-6348x511,Boston,Massachusetts,USA,2024-05-31
9931,Scott Garcia,wareshawn@example.net,(484)632-5401,New York City,New York,USA,2025-04-22
9932,Steven Graham,josephyork@example.net,827-279-8767x96747,Buffalo,New York,USA,2023-01-26
9933,Christopher Dean,terryvanessa@example.com,001-540-594-5863x087,Houston,Texas,USA,2022-11-28
9934,Katherine Ford,jmontoya@example.net,+1-835-647-5575x7758,Chicago,Illinois,USA,2025-08-13
9935,Michael Robertson,albertmatthews@example.org,312-394-0399,Los Angeles,California,USA,2024-06-04
9936,Kenneth Moore,hamiltonjoshua@example.org,242-954-0867x75667,Las Vegas,Nevada,USA,2025-03-20
9937,Paul Villarreal,carolyn41@example.net,770.899.9324,Miami,Florida,USA,2021-06-08
9938,Bradley West,danielallen@example.net,+1-953-346-4672x559,Denver,Colorado,USA,2022-04-17
9939,Gregory Lamb,bobbymoses@example.com,001-504-777-0736x052,New York City,New York,USA,2023-10-21
9940,Brandy Ross,nhouse@example.com,001-896-975-5267x929,Buffalo,New York,USA,2021-04-01
9941,Melissa Morris,hannah70@example.net,+1-719-743-9261x913,Buffalo,New York,USA,2022-09-11
9942,Hector Hess,ipowers@example.org,001-486-975-0718x978,Miami,Florida,USA,2021-07-10
9943,Sharon Garcia,bclements@example.com,+1-808-868-2257x0153,Houston,Texas,USA,2023-02-26
9944,Melissa Williams,ygarcia@example.org,904.468.0179,Denver,Colorado,USA,2022-01-04
9945,Melanie Tanner,sgreene@example.org,(886)581-1870,Miami,Florida,USA,2021-11-05
9946,Sean Turner,gwarner@example.com,+1-460-283-9634,Austin,Texas,USA,2022-09-30
9947,Michael Boyd,juliemiller@example.com,489-680-7597,Miami,Florida,USA,2024-10-14
9948,Dennis Robinson,barnesrobert@example.com,+1-831-577-2063x4463,Atlanta,Georgia,USA,2023-09-12
9949,Chelsea Graves,larry24@example.org,001-391-877-4027x748,Los Angeles,California,USA,2022-06-19
9950,Edward Alvarez,jsmith@example.net,+1-601-719-7033x150,Miami,Florida,USA,2022-01-03
9951,Kristen Rodriguez,derek78@example.org,454-860-4165x222,New York City,New York,USA,2023-03-27
9952,Taylor Gordon,erika94@example.net,+1-256-382-3575x8529,Denver,Colorado,USA,2023-11-26
9953,Jon Peters,pearsoncraig@example.org,+1-542-495-0791,Atlanta,Georgia,USA,2021-08-06
9954,Rebecca May,devin54@example.net,+1-370-700-6208,Orlando,Florida,USA,2025-07-10
9955,Barbara Williams,ujohnson@example.net,(393)200-0838x51909,San Francisco,California,USA,2022-12-11
9956,Emily Stephens,feliciamartin@example.net,5245962300,Denver,Colorado,USA,2025-02-09
9957,Dennis Santos,omcdonald@example.org,503.678.6246,San Francisco,California,USA,2024-09-05
9958,Patricia Conrad,audreyhill@example.org,(355)947-0437x855,Atlanta,Georgia,USA,2023-04-09
9959,Jeanette Perez,zmorgan@example.net,(722)530-6609,Phoenix,Arizona,USA,2025-07-11
9960,Pamela Nolan,jesus04@example.org,(332)725-0928x7027,Los Angeles,California,USA,2021-11-26
9961,Nathan Daniel,raymondriddle@example.com,001-792-932-6309x316,Houston,Texas,USA,2021-09-21
9962,Jennifer Cole,fjackson@example.net,659.483.0710x9330,Las Vegas,Nevada,USA,2023-11-05
9963,Emily Shah,michael66@example.com,(444)998-8447x15552,Miami,Florida,USA,2024-11-06
9964,Tina Wright,drobinson@example.com,7532439744,Orlando,Florida,USA,2021-01-24
9965,Stephen Edwards Jr.,melissa92@example.com,467-516-0482,Orlando,Florida,USA,2024-09-01
9966,Sue Christensen,sanfordkayla@example.net,2413988633,Denver,Colorado,USA,2023-04-03
9967,Anna Stevens,john49@example.com,+1-515-436-4122x7776,Miami,Florida,USA,2025-04-29
9968,Patricia Russell,wmoore@example.net,456-816-1836x47812,Los Angeles,California,USA,2022-09-13
9969,Dawn Turner,bryan60@example.org,+1-808-716-7571,Miami,Florida,USA,2022-06-14
9970,Brendan Turner,cbooker@example.com,455-868-8396x6163,Seattle,Washington,USA,2024-07-22
9971,Alan Smith,gailwilliams@example.net,516-821-7481x8248,San Francisco,California,USA,2024-05-21
9972,Helen Fernandez,hcarroll@example.net,811-884-7325x808,Phoenix,Arizona,USA,2025-07-02
9973,Kayla Martinez,russellmary@example.com,288-675-4568,Boston,Massachusetts,USA,2023-07-12
9974,Dr. Vanessa Walsh,hkoch@example.org,(396)272-0469x201,Chicago,Illinois,USA,2023-02-03
9975,Melissa Smith,nathancurry@example.net,(432)480-5455x7160,Phoenix,Arizona,USA,2023-08-28
9976,Dwayne Gonzalez,shawluis@example.com,+1-827-549-4730,Seattle,Washington,USA,2022-11-18
9977,Leslie Mahoney DVM,wilsonmichelle@example.com,+1-478-331-2095,Atlanta,Georgia,USA,2024-01-01
9978,Valerie Carter,donaldperez@example.org,444.227.4927x0234,Houston,Texas,USA,2021-08-17
9979,Stephen Elliott,larsonsandra@example.net,742.395.8323,Phoenix,Arizona,USA,2022-01-02
9980,Heather White,laura61@example.com,001-940-492-6567x951,Miami,Florida,USA,2023-12-25
9981,Kevin Munoz,nharris@example.net,6657165250,Phoenix,Arizona,USA,2023-02-25
9982,Crystal Mcdaniel,andrea71@example.com,(613)265-3149,Atlanta,Georgia,USA,2024-10-13
9983,Rodney White,elizabethjohns@example.com,525.946.6184x5245,San Francisco,California,USA,2021-11-04
9984,Diamond Moore,annahancock@example.org,587-812-3306x75657,Los Angeles,California,USA,2022-11-22
9985,Christopher Porter,masonjill@example.net,+1-368-447-4644x337,Boston,Massachusetts,USA,2024-12-20
9986,James Sanders,hartdarin@example.org,837-579-7669x087,Las Vegas,Nevada,USA,2022-06-13
9987,Renee Todd,nmartinez@example.com,+1-974-938-1070x4708,Buffalo,New York,USA,2023-11-21
9988,Danielle Daniel,cthompson@example.com,908-386-4198x3982,Atlanta,Georgia,USA,2024-06-12
9989,Kristi Joseph,martinezjamie@example.org,001-488-841-9464,Seattle,Washington,USA,2025-11-22
9990,Dawn Singh,ruth99@example.com,618.692.2393x43114,Orlando,Florida,USA,2023-06-10
9991,Charles Castillo,normagonzalez@example.org,001-664-753-3730x119,Los Angeles,California,USA,2023-08-10
9992,Walter Hunter,taramyers@example.org,7925012389,Austin,Texas,USA,2021-03-23
9993,Anthony Anthony,dwallace@example.net,001-674-831-1250,San Francisco,California,USA,2025-11-13
9994,Brandon Lee,pamela76@example.org,(251)643-2944x79831,Orlando,Florida,USA,2023-08-01
9995,Jacob Reynolds,barry84@example.org,(634)646-9928x529,Houston,Texas,USA,2021-04-13
9996,Emily Cantu,benjamin01@example.com,(465)458-8496,Boston,Massachusetts,USA,2024-05-12
9997,Lucas Johnson,courtneydavis@example.com,542.716.1044x787,Denver,Colorado,USA,2023-01-27
9998,Kristen Jones,wwilson@example.org,996-793-0571x65691,Austin,Texas,USA,2023-05-22
9999,David Patterson,davidmccarty@example.net,+1-385-445-2854x3872,Houston,Texas,USA,2024-10-14
10000,Christopher Roberts,xvargas@example.com,(684)300-6923x786,Austin,Texas,USA,2025-04-20
