"guest_id","full_name","total_bookings"
7908,Meghan Patel,16
4348,Amanda Lindsey,15
7859,Aaron Richards,15
2375,Benjamin Garcia,15
1435,Christina Evans,15
9931,Scott Garcia,14
3148,Susan Payne,14
650,Tasha Taylor,14
8846,Frank Adams,14
711,Sharon Smith,14
1068,Amanda Brooks,14
7197,Kellie Rush,14
5582,Cody Horn,14
3079,Pamela Goodwin,14
5466,Brittany Williams,14
6789,Donald Mann,14
375,Bob Solis,14
5728,Shannon James,13
1984,Timothy Beck,13
3560,Mr. James Miles,13
7765,Thomas Pratt,13
408,Peter Stephenson,13
5208,Edward Wong,13
8095,Michelle Trevino MD,13
9862,Amanda Allen,13
1367,Brian Lopez,13
2024,Michael Jackson,13
9042,Alejandro Nielsen,13
2100,Matthew Pope,13
4619,Taylor Carrillo,13
4803,Andrew Grimes,13
1061,Lisa Stark,13
2001,Derek Bishop,13
9887,Nicole Smith,13
9588,Dr. Alejandro Keith,13
8985,Samuel Gonzalez,13
3963,Mallory Lynn,13
7947,John Larson,13
5734,Brandon Burnett,13
1528,Allison Clark,13
5991,Richard Freeman,13
3190,Michael Jones,13
6299,Donald Gaines,13
4413,Brian Anderson,12
7331,Rachel Reid,12
5874,Kim Melendez,12
7199,Brett Jones,12
7992,Stephanie Martin,12
4371,Jennifer Bartlett,12
2693,Kelsey Fuentes,12
2604,Whitney Rojas,12
744,Michelle Nielsen,12
2214,Adam Wilson,12
6056,Thomas Jenkins,12
7412,Christopher Hunt Jr.,12
555,Catherine Erickson,12
8971,Jeremy Hammond,12
5902,James White,12
3891,Katherine Washington,12
3221,Renee Phillips,12
5371,Shannon Torres,12
8132,Jessica Zavala,12
3032,Nancy Harris,12
9866,Eric Murphy,12
2278,Michael Duncan,12
1050,Carolyn Silva,12
2767,Sandra Smith,12
1188,Jacob Hoover,12
7075,Michelle Jones,12
9985,Christopher Porter,12
3271,Ronald Wiley,12
3892,Kevin Smith,12
7742,Clayton Garcia,12
5866,Douglas Herrera,12
2289,Christopher Morris,12
4948,Kayla Bennett,12
1887,Dr. Jennifer Shaw,12
4694,Marie Jones,12
3557,Dr. Michael Boyd,12
1792,Erin Lawson,12
9022,Alexander Johnson,12
8244,Heather Martin,12
3251,Douglas Wall,12
1881,Christina Davidson,12
1789,Ashley Campbell,12
4497,James Dean,12
8980,Jose Acevedo,12
5897,Eric Guerrero,12
14,Stephen Mckee,12
6290,Shelley Obrien,12
9971,Alan Smith,12
8218,Brianna Pugh,12
2290,Anne Wright,12
4664,Cindy Griffith,12
2637,Miguel Martinez,12
8272,Michelle Blake,12
5926,Monica Bird,12
7982,Katherine Lynch,12
176,Becky Johnson,11
1552,Kevin Gutierrez,11
7831,John Carney,11
9860,Nicole Crane,11
312,Brandon Pearson,11
195,Joshua Petersen,11
420,Kathleen Adams,11
3899,Mrs. Karen Hudson,11
9110,David Reyes,11
2913,Mark Taylor,11
4311,Christine Landry,11
9044,Pamela Brown,11
2074,Stephanie Daniel,11
9516,John Cervantes,11
8590,Richard Wells,11
1618,Eric Richmond,11
845,Wendy Perez,11
4693,Sara Kaiser,11
9009,Brenda Kramer,11
9659,Bryce Anderson,11
8533,Jackie Galvan,11
9139,Connie Burch,11
9123,William Craig,11
5151,John Guzman,11
7484,Tyler Dunn,11
5081,Corey Wood,11
5222,Dr. Lindsey Smith,11
3456,Gloria Brown,11
3618,Andrea Mcclain,11
53,Rachel Harris DVM,11
2845,Vicki Taylor,11
4267,Sarah Reed,11
5242,Nicole Washington,11
2258,Christopher Jensen,11
2468,Deanna Young,11
1898,Angela Boyd,11
9742,Joshua Romero,11
3426,Cameron Sanders,11
6921,Hunter Taylor,11
1374,Jerome Salazar,11
392,Michael Powell,11
4064,Sarah Coleman,11
4707,Nancy Robinson,11
7373,Eric Robbins,11
8005,Michael Arnold,11
185,Angel Fry,11
381,Jennifer Stewart,11
6844,Sara Parks,11
6850,Patrick Burgess,11
8962,Mary Mays,11
5454,Samantha Kelly,11
6367,Faith Matthews,11
1952,James Cortez,11
3546,Kelsey Camacho,11
1466,Danny Nguyen,11
813,Jason Ferrell,11
7694,Jennifer Monroe,11
8068,Michael Lee,11
3482,Rachel Perez,11
2149,William Jones,11
9066,Charles Clark,11
9429,Sarah Marshall,11
2533,Morgan Lang,11
9599,Carolyn Jones,11
9150,Dawn Barnes,11
917,Jane Neal,11
8696,Ashley Park,11
3884,Kendra Davis,11
7090,Ryan Porter,11
6652,Steve West,11
7512,Joshua Tran,11
8982,Connor Lawson,11
7873,Barbara Martinez,11
3700,Vanessa Mercado,11
4884,Misty Wilson,11
7896,Robin Moore,11
6253,Stephanie Sanchez,11
5141,Kristin Lutz,11
3165,Darren Miller,11
8570,Chelsea Roberts,11
7079,Alan Powell,11
9300,Tammy Cannon,11
5553,Erika White,11
4381,Paul Alvarez,11
3130,David Stephenson DDS,11
9231,Patrick Murphy,11
5939,Sarah Ramirez,11
9706,Angela Jimenez,11
70,Ryan Garcia,11
401,Mark Harris,11
2643,Joshua Hutchinson,11
7059,Juan Ellis,11
7109,Travis Williams,11
1633,David Smith,11
7487,Christine Torres,11
421,Bradley Walton,11
551,John Wall,11
5581,Kevin Weiss,11
6507,Jimmy Thompson,11
2330,Michael Morris,11
6534,Jessica Scott,11
9512,Joshua Joseph,11
9415,Lisa Boyd,11
3198,John Martin,11
5744,Amanda Turner,11
4778,Daniel White,11
2654,Richard Foley,11
4904,Ashley Chandler,11
2623,Karen White,11
6146,Victoria Shaw,11
2738,Jason Reed,11
1894,Morgan Stone,11
2089,David Moore,11
6955,Margaret Guerra,11
2862,Janice Parrish,11
4263,Oscar Schultz,11
8192,Timothy Gilbert,11
3831,Amber Morris,11
3309,Julie Wade,11
6622,Carly Summers,11
6508,Aaron Irwin,11
7462,Renee Solomon,11
2864,Edward Clark,11
9441,Chelsea Mason,11
6304,Elizabeth Garza,11
6864,Marilyn Fritz,11
3873,Judy Barton,11
7378,David Gross,11
4862,April Holmes,11
5771,Robin Tate,11
8594,Brandon Davis,11
5258,Pamela Smith,11
6241,Michael Lewis,10
4690,Todd Vargas,10
4899,Jonathan Barker,10
6414,Stephanie Smith,10
9097,William Allen,10
6348,Elizabeth Pena,10
1244,Dawn Hart,10
972,James Martin,10
3591,Andrew Brown,10
9853,Erik Jensen,10
2299,Kimberly Davidson,10
1844,Jeffrey Morgan,10
4612,Debra Carroll,10
1095,Kristin Taylor DDS,10
5098,Brandi Chambers,10
8921,Brandy Johnson,10
9050,Paul Rivera,10
4009,Sheri Mitchell,10
1800,Justin Ellison,10
3026,Douglas Campos,10
189,Brandon Hunt,10
4075,Cathy Dorsey,10
470,Nicholas Villegas,10
1974,Holly Garcia,10
5538,Jordan Miller,10
1094,Kathryn Jones,10
5337,Courtney Villa,10
7516,Amber Brown,10
2922,Victoria Miller,10
3333,Anita Stone,10
547,Keith Fuller,10
6112,Hannah Burke,10
4476,Daniel Watkins,10
7656,Leslie Flynn,10
4919,Brianna Mcmillan PhD,10
3827,Antonio Valencia,10
6701,Tiffany Schwartz,10
4129,Michael White,10
4301,Kelsey Butler,10
121,Derrick Anderson,10
3435,Anthony Jones,10
7728,Mr. Daniel Sherman,10
31,Krista Bell MD,10
7196,Steven Mann,10
8379,Mr. James Howard,10
9832,Jeffrey Compton,10
4629,Laura Alexander,10
4201,Alison Burgess,10
4447,Betty Hernandez,10
6938,Julie Myers,10
6164,Beth Higgins,10
4602,Emily Cooper,10
3388,Alex Zamora,10
9154,Emily Tanner,10
9081,Leslie Sanchez,10
5415,Amanda Clark,10
3866,Jason Watkins,10
1988,Matthew Gonzalez,10
3615,Shelley Castaneda,10
1745,Ralph Graham,10
1910,Craig Khan,10
7226,Kevin Schneider,10
7058,Taylor Yates,10
497,Paula Shepherd,10
9732,Brandy Gibson,10
3054,Sierra Chambers,10
2417,Timothy Lewis,10
6068,Nicholas Joseph,10
5212,Peter Patel,10
8662,Alyssa Bennett,10
6860,Michael Nelson,10
7818,Gina Woodard,10
7875,James Sherman,10
6188,Christina Vaughn,10
9910,Mr. Kevin Walker DDS,10
6380,Anna Williamson,10
2952,Jessica Tucker,10
6572,Dean Vasquez,10
130,Matthew Foster,10
5865,Sarah Anderson,10
2897,Michelle Howell,10
6961,Tina Coleman,10
1268,Timothy Valencia,10
277,Sophia Hall,10
9754,Wesley Hernandez,10
8123,Wesley Fuller,10
2578,Susan Werner,10
6664,Erica Carroll,10
3710,Jon Lopez,10
1918,Christopher Smith,10
6778,Daniel Ingram,10
4471,April Wright,10
9162,Teresa Leonard,10
2569,Alan Moore,10
3055,John Taylor,10
7050,Amy Holloway,10
9017,Jordan Dillon,10
1317,Andrew Flores,10
9885,Wesley Bray,10
7088,Gabrielle Harris,10
6409,Julie Taylor,10
2649,Ronald Kennedy,10
9988,Danielle Daniel,10
9952,Taylor Gordon,10
8056,Sandra Coleman,10
4525,Jeremy Ortega,10
462,Anna Watkins,10
2326,James Harrington,10
2927,Brandon Robertson,10
8615,Ricky Stokes,10
3967,Dwayne Lambert,10
8355,Doris Alvarez MD,10
1415,Lawrence Velasquez,10
8816,Michael Miller,10
4795,Barbara David,10
4775,Justin Day,10
1251,Nicholas Dominguez,10
8939,Chad Hardin,10
2588,Dr. Sarah Clayton,10
1428,Erin Walker,10
9906,Melissa Mann,10
5411,Steve Hardy,10
184,Tiffany Mcclain,10
6336,Corey Cooper,10
4927,Kelly Wells,10
3169,Joseph Parker,10
5803,Kenneth Camacho,10
5641,Jonathan Moore,10
446,Chelsea Henderson,10
4288,Denise Crosby,10
3066,Kimberly Johnson,10
4661,Virginia Walter,10
317,Nathan Chen,10
6600,Joseph Johnson,10
356,Jessica Lucas,10
6922,Michael Reyes,10
4307,Anne Mckee,10
4980,Aaron Johnson,10
1925,Donald Sanchez,10
59,Donald Farmer,10
7381,Amber Juarez,10
6247,Melissa Bartlett,10
7791,Danielle Anderson,10
1232,Heather Brown,10
4866,Ashley Mcdonald,10
2633,Andrew Moore,10
9000,Janet Gordon,10
8093,Gabriel Hall,10
3492,Michael Moore,10
6163,Amy Lopez,10
2093,Kristopher Galvan,10
6127,Tonya Cline,10
5833,Christopher King,10
9478,Richard Ritter,10
5716,Joshua Kelly,10
6637,Mrs. Brooke Weaver,10
8380,Michael Martin,10
870,Deborah Bradford,10
7272,Lisa Clark,10
951,Darren Morse,10
6309,Kyle Clark,10
9149,Robert Ellis,10
7017,Mark Barnes,10
8647,Melissa Vaughn,10
4345,Brian Hall,10
6245,Mikayla Patton,10
2236,Sheryl Jensen,10
133,Ryan Harvey,10
2844,Victoria Edwards,10
6463,Scott Richards,10
9091,Sabrina Henderson,10
7399,Mr. Kenneth Wallace Jr.,10
5998,Diamond Smith,10
1122,Michael Johnson,10
7438,Keith Nguyen,10
3868,Francis Bowers,10
1644,Monica Peters,10
2083,Samantha Miller,10
6419,Mrs. Jacqueline Schaefer,10
6986,Anthony Jackson,10
8990,Andrea Kirby,10
8214,Nancy Brown,10
4018,Angela Cohen,10
8981,Kayla Johnson,10
3630,Ashley Ryan,10
7063,Stephanie Morgan,10
2067,Miranda Cantu,10
218,Amanda Armstrong,10
7675,Mary Mendoza,10
194,Donald Hunter,10
7300,David Singleton,10
2996,Stephen Rogers,10
7769,Julia Leblanc,10
7657,Caleb Thompson,10
2010,Daniel Adams,10
566,Joshua Garcia,10
964,Melissa Martinez,10
8588,Charlene Robinson,10
3063,David Lewis,10
1936,Kevin Brown,10
2051,Erika Griffin,10
9934,Katherine Ford,10
1807,Megan Hardin,10
533,Mary Bray,10
6624,Susan Morton,10
5104,Maria Watson,10
1144,Mary Reid,10
5726,Ashley White,10
6932,Kristy Morris,10
453,Jeremy Wilson,10
7238,Jordan Garrett,10
6278,Ryan Hartman,10
5130,Samuel Stark,10
8779,Ryan Bauer,10
3518,Robin Hill,10
9646,Meghan Reyes,10
6152,Jennifer Huff,10
5198,Evelyn Bruce,10
8518,Susan Jordan,10
5767,Jason Duarte,10
3368,Anthony Hudson,10
1736,Derek Cortez,10
5091,Edward Burgess,10
7553,Cheryl Fletcher MD,10
7511,Edward Mayer,10
87,Jennifer Fowler,10
4954,Cheryl Castro,10
3806,Nicole Stewart,10
3923,Julia Allen,10
6022,Jonathan Knight,10
394,Elizabeth Tucker PhD,10
6782,Kelly Price,10
3013,Nicholas Gonzales Jr.,10
6736,Stephen Levine,10
4331,Cole Stephenson,10
8776,Debra Harvey,10
382,David Robinson,10
3551,David Bradley,10
7222,Isabella Jimenez,10
2441,Michael Tanner,10
8009,Brian Young,10
5416,Jeanette Brown,10
5384,Ryan Walker,10
2667,Gail Reyes,10
7740,Adam Weber,10
5244,Elizabeth Sloan,10
9839,Craig Bird,10
4668,Ashley Williams,10
9673,Larry Leon,10
9729,Mrs. Tina Brown,10
5532,Stacy White,10
1922,Alan Collins,10
2527,Laura Brown,10
8854,Sarah Bates,10
8050,Dan Smith,10
3258,Angel Gardner,10
7939,Dominic Anderson,10
3147,Melissa Duffy,10
7762,Michael Jenkins,10
8563,Joel Harris,10
1229,Charles James,10
794,Dr. Sarah Smith,10
986,Cody Ford,10
9340,Michelle Strong,10
1438,Christopher White,10
5861,Troy King,10
8091,Phillip Reese,10
8530,Bailey Moon,10
1601,Todd Melendez,10
7996,Nicholas Robertson,10
589,Raymond Green,10
8252,Ellen Jordan,10
4618,Sarah George,10
86,Mark Pierce,10
4102,Kelly Perez,10
9378,Anthony Williams,10
5158,Robert Thompson,10
398,Christopher Johnson,10
6974,Isaac Thompson,10
1219,Dr. Travis Morris DDS,10
634,Jennifer Meyer,10
3862,Ricky Morgan,10
9980,Heather White,10
5342,Anita Meadows,10
6285,Nathan Hamilton,10
5800,David Tucker,10
8375,Andre Johnson,10
5988,Joseph Taylor,9
6704,Matthew Hernandez,9
5839,Elizabeth Duncan,9
8681,Robert Zimmerman,9
2883,Alison Armstrong,9
9779,Adam Villegas,9
8666,Sean Carr,9
2714,Christian Benson,9
5010,Candice Oliver,9
3285,Alvin Palmer,9
9628,Dustin Jordan,9
5056,Linda Kelley,9
9741,Mark Carrillo,9
7876,Rachel Skinner,9
3052,Mr. Larry Mcclure PhD,9
8336,Jessica Mitchell,9
9466,Laura Stewart,9
5220,Jeremy Rasmussen,9
5543,Felicia Lewis,9
9070,Amber Rodriguez,9
5626,Jeffrey Williams,9
2785,Leslie Barnes,9
3423,Daniel Clark,9
7307,Christine Nguyen,9
6557,Joel Walker,9
9028,Henry Rice,9
7682,Amanda Maxwell,9
5452,Tiffany Sloan,9
5442,Kurt Gonzalez,9
8579,Karen Parks,9
8459,Nicholas Cox,9
9227,Jennifer Green,9
1059,Elizabeth Fernandez,9
3751,Sandra Lewis,9
8063,Rebecca Leblanc,9
681,Katherine Padilla,9
404,Adam Thompson,9
3042,Ryan Downs,9
5536,Jonathan Dominguez,9
2282,James Ward,9
370,William Hoffman,9
3004,Ashley Williams,9
9191,Melissa Young,9
6606,Kristina Turner,9
9493,Charles Montes,9
5434,Clayton Martinez,9
5717,Jeffrey Alvarez,9
9436,Rebecca Simpson,9
9925,Debbie Sullivan,9
4858,Michael Holden,9
9288,Christopher Oliver,9
9428,Ashley Sutton,9
9249,Danielle Ho,9
148,Jorge Brown PhD,9
5856,Martin Hall,9
5280,Ryan Hughes,9
1114,Thomas Rodgers,9
8651,Aaron Gibson,9
4985,Mark Soto,9
9486,Michael White,9
8680,Elizabeth Johnson,9
4279,Stephanie Davis,9
4251,Kelly Vazquez,9
5413,Carolyn Cook,9
7366,Timothy Simmons,9
9783,Brooke Reyes,9
1510,Anthony Peterson,9
8261,Christina Hernandez,9
8084,Keith Stokes,9
9719,Vickie Garcia,9
1749,James Joseph,9
2796,Larry Jones,9
7056,David Bradley,9
9593,Curtis Smith,9
5117,Robert Rodriguez,9
1585,William Jackson,9
2942,Tiffany Ball,9
2890,Cynthia Cruz,9
3685,Dakota Black,9
4686,Ariel Fernandez,9
8608,Mark Schmidt,9
2617,George Kelly,9
4150,Michael Thornton,9
1931,Joseph Turner,9
7158,Jacob Mcclure,9
4738,Jennifer Kim,9
8374,Matthew Hernandez,9
3786,Barbara Joseph,9
5651,Jonathan Hudson,9
6356,Sara Martinez,9
3669,Stanley Martinez,9
2962,Noah Braun,9
7809,John Koch,9
4808,Kristen Miller,9
1768,Jenna Booth,9
4085,Johnathan Smith,9
7773,Lori Johnson,9
3110,Wayne Pitts,9
2852,Joel Cowan,9
303,Mary Carrillo,9
1427,Michael Martinez,9
9337,Allison Johnson,9
1152,Raymond Miller,9
4020,Jeffrey Williams,9
5316,Paige Wade,9
9951,Kristen Rodriguez,9
5791,Christine Wilson,9
6776,Craig Webster,9
9544,Heather Weaver,9
3101,Ashley Munoz,9
3287,Joshua Thompson,9
9781,Natasha Miller,9
5448,Kimberly Thompson,9
4103,Jennifer Ortiz,9
5618,Courtney Bennett,9
7755,Rachael Beck,9
7556,Nancy Harris,9
2906,Justin Rodriguez,9
531,Ashley Walker,9
7881,Charles Fitzgerald,9
3351,Sarah Morgan,9
4126,Scott Bruce,9
5181,Amy Reyes,9
6658,Linda Henderson,9
7956,Adrian King,9
149,Chris Velazquez,9
3170,Cody Dyer PhD,9
9297,Scott Stark,9
9976,Dwayne Gonzalez,9
6273,Chris Camacho,9
4260,Jodi Bass,9
6728,Jennifer Cameron,9
970,Olivia Gordon,9
3058,Tammy Schultz,9
849,Austin Rose,9
746,Kyle Simmons,9
351,Leah Odom,9
872,Diana Huffman,9
7679,Lauren Williams,9
856,Melissa Kim,9
6388,Zachary Donaldson,9
8910,Karen Frazier,9
8535,Adrian Dunlap,9
2998,Thomas Ballard,9
6727,Alexis Glass,9
7256,David Baxter,9
6978,Christian Wilson,9
4196,Jordan Carter,9
4071,Sherri Adams,9
2797,Joy Fletcher,9
8546,Catherine Holmes DDS,9
5544,Kenneth Leach,9
2928,Rodney Larson,9
7241,Michael Hughes,9
7091,Melissa Lyons,9
9402,Ross Bryant,9
8401,David Dunn,9
8534,Eddie Henderson,9
7737,Gina Fox,9
8442,Amanda Ortiz,9
5688,Kenneth Graham,9
3698,Dylan Richards,9
2319,Linda Hardin,9
4426,Adrian Thomas,9
8293,Jason Lewis,9
3483,Jessica Underwood,9
3182,Allison Rice,9
5207,Emily Maynard,9
559,James Jones,9
880,Morgan Lloyd,9
8326,William Wilson,9
3378,Kenneth Brown,9
153,Keith Graham,9
9275,Andrew Fitzgerald,9
7304,Jason Castro,9
2021,Shelly Wright,9
7761,Justin Whitney,9
406,Roberto Foster,9
5338,Austin Wolfe,9
2151,Wyatt Arnold,9
1450,Samuel Livingston,9
921,Megan Martin,9
587,Kari Sandoval,9
3175,Patricia Williamson,9
2377,Dustin Ashley,9
2172,Brianna Atkins,9
9446,Keith Day,9
2356,Christopher Carroll,9
1860,Crystal Fox,9
3641,Kirsten Salazar,9
556,Vicki Stokes,9
6639,Lance Johnson,9
5377,Paul Lopez,9
3344,Diane Lowe,9
9223,Erica Kelly,9
6954,Carrie Turner,9
7885,Michael Brown,9
8180,Wyatt Francis,9
2619,Bradley Wilkinson,9
2064,John Clark,9
2110,Richard Davis,9
215,Amanda Juarez,9
7092,Laurie Franklin,9
1659,Harold Malone,9
4043,Terry Ford,9
8861,Peter Gonzalez,9
912,Roy Davis,9
8629,Linda Roberts,9
6763,Matthew Hernandez,9
6750,Mr. Thomas Randolph,9
7602,Elijah Evans DVM,9
1294,Joshua Hammond,9
6892,Jennifer Rogers,9
9232,Sharon Smith,9
7828,George Landry,9
4258,Scott Bell,9
1020,Cassandra Flores,9
3773,Eduardo Harris,9
931,Pamela George,9
39,Kimberly Gutierrez,9
7111,Patricia Nguyen,9
9222,Stephen Nelson,9
4182,Jonathan Cherry,9
6120,Jamie Allen,9
5825,Jason Cabrera,9
1051,Kyle Green,9
3707,Elizabeth Frazier,9
5721,Steven Wilson,9
4565,Amanda Spencer,9
452,Rebecca Bailey,9
7730,Ashley Anderson,9
683,Laura Rush,9
2316,Joshua Cunningham,9
7754,Amber Willis,9
608,Mckenzie Brown,9
7223,Sean Hughes,9
6416,Stephen Thomas,9
6501,Kristin Davis,9
4596,Kelly Young,9
4400,Gail Stokes,9
8504,Brittany Johnson,9
9072,James Sanchez,9
524,Jacob Roach,9
372,Abigail Booker,9
9946,Sean Turner,9
4979,Peter Murphy,9
6569,Jennifer Adams,9
1735,Dylan Willis,9
170,Cynthia Evans,9
3724,Marcus Rice,9
415,Brian Walter,9
8062,Randall Briggs,9
9524,Mary Livingston,9
7193,Theresa Sanders,9
4901,Jeffrey Allen,9
4638,Jodi Morrison,9
8139,Jennifer Freeman,9
6297,James Nash,9
6387,Joshua Bowman,9
6969,Cheryl Montgomery,9
3295,Howard Evans,9
9210,Ashley Webster,9
2763,Bryan Lawson,9
2119,Emily Brown,9
2112,Cristina Wilson,9
4639,Anita Grimes,9
2347,Kristin Sanchez,9
9864,Carl Nichols,9
7098,Carolyn Ayers,9
6174,Gina Howe,9
1297,Ellen Acosta,9
6595,Melanie Barker,9
6465,Eric Fuentes,9
3729,Gregory Ortiz,9
8567,Nancy Mcdonald,9
4728,Brianna Stevens,9
642,Jeremy Alvarez,9
2057,Jennifer Moore,9
3091,Connie Johnson,9
5334,William Nunez,9
2589,Emily Frank,9
9383,Alyssa Cook,9
63,Jennifer Wilson,9
6069,Tammy Singh DDS,9
5369,Luis Grant,9
2022,Christina Rich,9
1598,Andrew Mann,9
5971,Andrew Anthony,9
4681,Roger White,9
3197,Natasha Stein,9
4324,Janet Garcia,9
5790,Lauren Johnson,9
1019,Tracy Williams,9
6993,Heather Washington,9
5210,Erika Williams,9
1840,Alicia Lawson,9
2792,Katherine Lawrence,9
4428,Hannah Carrillo MD,9
5359,Jeffrey Jefferson,9
3973,Darlene Barnett,9
3240,Samuel Montoya,9
9121,Cheryl Wong,9
581,Jordan Chapman,9
8312,Mrs. Ashley Aguilar,9
2871,Michele Cunningham,9
3155,Shawn Reyes,9
8984,Samantha Myers,9
500,Carrie Martin,9
9409,Amy Armstrong,9
1977,Evan Gilmore,9
3534,Tamara Perez,9
346,Anthony Jones,9
773,Jason Williams,9
3594,Jennifer Price,9
1276,Richard Miller,9
2495,Neil Mitchell,9
9273,Rachel Smith,9
689,James Henry,9
4008,Jeffrey James,9
8825,William Jones,9
9919,Alyssa Rivas,9
1161,Laura Hayden,9
8143,Corey Fox,9
1231,Ms. Michele Jones,9
8090,Monica Zhang,9
5774,Corey Park,9
1994,Daniel Silva,9
2428,Marie Johnson,9
1171,Juan Adams,9
4483,Mary Perez,9
6511,Nicholas Hamilton,9
5055,Zachary Leon,9
4577,Linda Jones,9
6062,Melissa Washington,9
8848,Carolyn Chung,9
1269,Daniel Rodriguez,9
7535,Denise Ferguson,9
8670,Rebecca Miller,9
5235,Meredith Rose,9
7425,Ashley Burnett,9
5675,Aaron Perry,9
322,Gabriela Randolph,9
7186,Kelly White,9
6258,Antonio Downs,9
9684,Mike Edwards,9
1872,Tonya Reed,9
9252,Mary Santana,9
7329,Victoria Castaneda,9
8301,Marissa Jackson,9
7644,Lucas Sanders,9
4396,Anne Robertson,9
9676,Brenda Taylor,9
2576,Joseph Carr,9
7035,Derrick Kim,9
5701,Alexander Mcdonald,9
1429,Carmen Herrera,9
3429,Michelle Cox,9
2746,William Hansen,9
4796,Jennifer Miller,9
4672,Hunter Moran,9
6688,Marie Lopez,9
873,Robin Patterson,9
3688,Donald Pennington,9
7752,Erik Baldwin,9
906,Jocelyn Beard,9
6125,Angela Austin,9
2629,Aaron Barker,9
7251,Samantha Cruz,9
295,Patrick Horne,9
6205,Allison Martin,9
114,Mary Duran,9
1756,Marc Davis,9
8725,Colleen Robles,9
307,Lydia Howard,9
1442,Ashley Herring,9
8880,Alexis Rivera,9
7625,Mike Henderson,9
8342,Haley Adams,9
3995,Michael Acosta,9
619,Jeffrey Morgan,9
9143,April Luna,9
790,Gary Russell,9
8687,Christina Bryant,9
9088,Crystal Howard,9
6726,Laura Williams,9
4501,Michael Edwards,9
1168,Aaron Giles,9
3994,Robert Valenzuela,9
6721,Steven Rodriguez,9
5935,Maria Lewis,9
4078,Antonio Flores,9
6699,Miguel Duncan,9
5931,Mark Johnson,9
1909,William Perez,9
9258,Robert Anderson,9
4057,Darius Adams,9
1725,Sabrina Sanchez,9
1471,Karen Weber,9
2309,Maureen Wallace,9
2748,Bruce Young,9
4930,William Wyatt,9
4939,Katherine Scott,9
4898,Kimberly Knight,9
2949,Jill Mullins,9
4161,Rebekah Gomez,9
9305,Amanda Franklin,9
1964,Ronnie Franklin,9
4646,John Lewis,9
190,Mary Jackson,9
2585,Steven Henderson,9
2986,Victoria Martin,9
6598,Marcus Mosley,9
1637,Bianca Cooper,9
9608,Donald Ramos,9
6435,Ruben Walker,9
9909,Tracy York,9
8397,April Chavez,9
3194,Andrew Green,9
4534,Kathleen Smith,9
7618,Cheryl Smith,9
4917,Matthew Santos,9
7039,Julie Hall,9
3084,Matthew Hill,9
7451,Allison Howard,9
892,Paula Johnson,9
5431,Heather Smith,9
896,Kimberly Black,9
3354,Marcia Gray,9
3864,William Warren,9
2414,Charles Moore,9
6981,Linda Simon,9
2385,Carol Underwood,9
9619,Erika Johnson,9
9682,David Martinez,9
4505,Vincent Martin,9
9815,Ryan Martinez,9
9579,Sarah Washington,9
550,Kristina Coffey,9
5396,Monica Robinson,9
8211,Patrick Juarez,9
7842,Bethany Smith,9
954,Erik Leon,9
5201,Amanda Montgomery,9
431,Jennifer Gill,9
1081,Christopher Pruitt,9
6191,Ashley Mcintyre,9
4259,Eric Wheeler,9
8227,Ashley Knight,9
5082,Lisa Ortega,9
5336,Angela Waters,9
6808,Rebecca Davis,9
1693,Richard Fletcher,9
7672,Michael Wilson,9
4487,Todd Lloyd,9
7803,Max Russell,9
2370,Margaret Lewis,9
2220,Eric Cortez,9
6867,Robin Lamb,9
8125,Joshua Berger,9
701,Joseph Sanchez,9
5972,Dr. David Brooks,9
1101,Ashley Dixon,9
8957,Cameron Kennedy,9
4173,Sharon Murphy,9
4046,Richard Williams,9
3832,Sheena Wallace,9
6016,James Yang,9
7716,Cynthia Bush,9
5925,Elizabeth Robinson DDS,9
3037,Haley Vega,9
5042,Brian Snyder,9
293,Jennifer Bryant,9
46,Megan Moore,9
4256,Tracy Morton,9
2096,James Harris,9
2859,Nicole Moore,9
6054,Willie West,9
8237,Anthony Lopez,9
6971,April Jackson,9
9037,Paul Fischer,9
5014,Heather Walker,9
3715,Jenna Pineda,9
5354,Charles Cannon,9
6532,Christine Castro,9
541,Noah Chavez,9
7743,Anthony Walker,9
5517,Jake Conway,9
7394,Ian Anderson,9
3254,Duane Palmer,9
4837,Heather Ballard,9
25,Daniel Murphy,9
165,Stacey Snyder,9
8038,Jamie Schmidt,9
9350,Sharon Kelly MD,9
8396,Alexandra Schneider,9
379,Mark Tyler,9
6654,Bailey Brandt,9
779,Jessica Nelson,9
2851,Tiffany Morris,9
5403,Jennifer Wilson,9
4458,Thomas Chang,9
1679,Stacy Mack,9
545,Matthew Smith,9
4335,Kelly Johnson,9
8875,Roberto Gray,9
6865,Jennifer Howell,8
5967,Bruce Barr,8
65,Olivia Cole,8
2801,Christopher Sexton,8
5443,Philip Harrell,8
9857,Billy Sanders,8
2165,Kristy Brown MD,8
9570,Melody Callahan,8
8836,Omar Davis DDS,8
8320,Heidi Pope,8
7393,Steven Hall,8
6021,Steve Fowler,8
5120,Dakota Pineda,8
3298,Cheryl Gibson,8
1445,Kevin Daugherty,8
583,Brenda Clark,8
3141,Andrew Ramirez,8
9005,Tony Porter,8
4002,Brianna Crawford MD,8
5495,Joseph Patel,8
657,Mrs. Maria Price DDS,8
5456,Daniel Aguirre,8
8844,Paul Fox,8
8947,Tyler Wright,8
33,Glen Sheppard,8
8232,Kelsey Sutton,8
2645,Craig Martin,8
7310,Jessica Stewart,8
949,Molly Jones,8
296,Andrew Livingston,8
429,Roger Jacobs,8
4653,Karen Mcclain,8
7320,Mariah Brown,8
7571,Stephanie Reed,8
3820,Joshua Gomez,8
2950,Carmen Thompson,8
9535,Autumn Moss,8
3419,Chelsea Patterson,8
2480,David Warner,8
5418,Sarah Lee,8
4945,Charles Wilson,8
2659,Rachel Briggs,8
2545,Gabriel Johnson,8
5440,Lisa Griffin,8
4627,David Walker,8
8926,Debra Rodriguez,8
5034,Justin Hopkins,8
2548,Joshua Hudson,8
5231,Robert Jensen,8
155,Anthony Evans,8
9144,Rebecca Briggs,8
9451,Sandra Patterson,8
8182,Dr. Michelle Freeman MD,8
2543,Melvin Rojas,8
8474,Mary Mitchell,8
6489,Douglas Perez,8
7621,Chelsea Schroeder,8
5025,William Smith,8
1064,Antonio Taylor,8
8955,Brian Werner,8
4389,Jennifer Shea,8
2520,Aaron Chandler,8
4460,Stacey Cox,8
7368,Kathryn Gomez,8
5219,Robert Williams,8
4492,Felicia Rowe,8
1917,Susan Lawson,8
2728,Mark Hunter,8
5801,Steven Callahan,8
8732,Alexander Brown,8
8066,Patricia Gutierrez,8
4393,Sandra Morgan,8
1057,Cynthia Velazquez,8
2188,Cassandra Wolf,8
4552,Robert Tate,8
562,Lisa Miller,8
5365,Robert Adkins,8
1739,Rebecca Mullen,8
2175,Reginald Ramirez,8
64,Richard Jones,8
4524,James Reyes,8
5551,Wendy Hodge,8
6659,Joshua Dorsey,8
6975,Kathleen Thomas,8
901,Zachary Jones,8
8284,Samantha Williams,8
5335,Heidi Johnson,8
8147,Susan Owen MD,8
449,James Hill,8
6092,Kristen Armstrong,8
4641,Donna Lawrence,8
2757,Heather Sloan,8
4098,Lisa Grimes,8
5197,Thomas Taylor,8
4385,April Hood,8
9052,Jessica Allen,8
5439,James Rivas,8
1326,Tony Johnson,8
7385,Robert Robinson,8
1197,Kim Williams,8
4261,Darren Evans,8
9780,Latasha Mann,8
4296,Terry Jackson,8
2154,James Gutierrez,8
5200,Patricia Rodriguez,8
3396,Robert Mahoney,8
8513,Jason Marks,8
2936,Jared Holmes,8
988,Brittany Hernandez,8
6179,Jonathan Petty,8
9822,Susan Smith,8
7870,Donna Vazquez,8
1316,Jessica Rodriguez,8
4590,Lee Whitney,8
355,Ronald Brown,8
7526,Michelle Young,8
4247,Elizabeth Ryan,8
8952,Michele Moore,8
6361,Courtney Morrow,8
9604,Nicholas Merritt,8
3800,Christopher Perry,8
9357,James Holmes,8
8902,Jennifer Reyes,8
85,Maria Cole,8
6095,Brett Horn,8
3549,Laura Lawrence,8
5855,Amy Molina,8
8236,Daniel Gentry,8
6396,Jeremy Gamble,8
2887,Angelica Flores,8
7030,Vanessa Johnson,8
1261,Andrea Freeman,8
8734,Casey Campbell,8
2324,Amanda Rodriguez,8
4674,Robert Moore,8
724,Edward Johnson,8
1640,Rhonda Marquez,8
3879,Keith Romero,8
9125,Tammy Hernandez,8
6033,Angela Jordan,8
1054,Arthur White,8
3017,Monica Savage,8
7417,Gina Castro,8
1240,Peter Hunter,8
4351,Tina Lee MD,8
1806,Amy Reynolds,8
3461,Christopher Bryant,8
7509,Christine Hamilton,8
2193,Lisa Thompson,8
3137,Andrew Coleman,8
5509,Lisa Walker,8
2905,Philip Peterson,8
2472,Stephen Pittman,8
1046,Grant Henderson,8
9131,Kimberly Lee,8
5070,Michael Curtis,8
3754,Ross Phillips,8
1913,Jennifer Goodwin,8
4936,Katrina Young,8
6940,Kimberly Gonzales,8
4329,Mary Lopez,8
2834,Gina Long,8
8467,Anthony Montgomery,8
1616,Timothy Floyd,8
5154,Bradley Love,8
3455,Amy Barker,8
2152,Ashley Olsen,8
1224,Devin Smith,8
6988,John Hester,8
7047,Michaela Terry,8
864,Calvin Ramirez,8
7843,Chad Campbell,8
8097,Justin Brown,8
9567,Zachary Martinez,8
5137,Timothy Cruz,8
9614,Samantha Lopez,8
6662,Dustin Nelson,8
1812,Jonathon Walker,8
6346,David Carter,8
3432,Alex Curtis,8
4749,Charles Cameron,8
3625,Breanna Duncan,8
743,David Wells,8
6663,Elizabeth Ellis,8
1405,Brittany Garner,8
9949,Chelsea Graves,8
58,Heather Lane,8
5247,Charles Adams,8
6101,Denise Kramer,8
9626,Sierra Graham,8
5392,Victoria Hernandez,8
5048,Kyle Bates,8
3909,Kevin Reyes,8
491,Jamie Smith,8
7713,Tina Gordon,8
4210,Anthony Rose,8
8373,Meredith Smith,8
7747,Robert Robertson,8
4386,Gina Holmes,8
7338,Michael Coleman,8
3173,Rodney Miller,8
2372,Christina Myers,8
9241,Susan Rogers,8
6713,Tiffany Young,8
1246,Samuel Anderson,8
9283,Cindy Williams,8
9606,Thomas Giles,8
9633,Alyssa Nelson,8
3226,Susan Moore,8
9621,Robert Glover,8
1628,Joshua Stout,8
7214,Alexis Smith,8
4893,Casey Woods,8
7225,Lisa Hart,8
2351,Jamie Mcdonald,8
1747,Robert Rivera,8
7187,Kimberly Daniels,8
4489,Adam Howard,8
796,Tim Welch,8
7696,Nicole Gould,8
4819,Rebecca Andersen,8
3774,Shelby Henry,8
150,Jose Williams,8
7043,Thomas Taylor,8
707,Stacey Jones MD,8
8275,Mark Brewer,8
8946,Laura Moore,8
6927,Peter Roach,8
4054,Michael Martin,8
3210,Katherine Kramer,8
1213,Linda Jones,8
4326,Courtney Bell,8
5749,Carl Russell,8
7613,Cheryl Reynolds,8
9301,Lisa Greene,8
3516,Richard Smith,8
9206,Victor Stephens,8
9421,Justin Frye,8
3616,Jennifer Green,8
1980,Pamela Wyatt,8
4049,Mary Hendrix,8
4143,Austin Scott,8
8257,Lee Rojas,8
4555,Anthony Cunningham,8
6438,Cynthia Hill,8
2449,Jessica Ward,8
6683,Michelle Nguyen,8
1995,Faith Brown,8
239,Karen Perez,8
47,Ronald Foster,8
6491,Valerie Williams,8
3649,Monique Mendez,8
3782,John Hayes,8
4956,Joseph Smith,8
758,William Fuller,8
628,William Wood,8
1289,Angela Flores,8
175,Jonathon Taylor,8
1455,Teresa Green,8
4756,Deborah Thomas,8
1218,Amber Daniels,8
7884,Matthew Hansen,8
4741,Michelle Wagner,8
1671,Savannah Davis,8
1407,Nicole West,8
9734,Regina Roberts,8
9896,Richard Leonard,8
913,David Hawkins,8
695,Phillip Drake,8
5912,Helen Perry,8
7201,Mrs. Michele Robertson,8
6072,Christine Burns,8
328,Amanda Stewart,8
4611,Kristen Smith,8
7336,Caleb Burns,8
8136,Alicia Page,8
3350,Sara Shannon,8
9030,Wesley Hendrix,8
2622,Tammy Chen,8
7102,Donna Bates,8
1953,Katherine Williams,8
4968,Andrew Bennett,8
2992,Paul Lee,8
3083,Kristy Thomas,8
2968,Jeffrey Rhodes,8
4407,Jordan Hammond,8
1480,Donald Jimenez,8
1140,Dawn Yates,8
2790,Tammy Rios,8
2486,Ashley Kent,8
2092,Matthew Combs,8
6277,Mary Jones,8
7781,Melissa Baker,8
6279,Garrett Adkins,8
5680,Faith Valenzuela,8
7089,Robert Clark,8
5845,Crystal Hatfield,8
5178,Elizabeth Miller,8
5808,Tristan Palmer,8
639,Travis Peterson,8
4233,Michael Blevins,8
8992,Jessica Williamson,8
6696,Kristen King,8
3073,Michelle Phillips,8
7061,William Thomas,8
7435,Rachel Sanchez,8
1324,Andrew Lynch,8
9650,Brandon Martin,8
3929,Shannon Kelly,8
4926,James Smith,8
6976,Tina Banks,8
6476,Robert Carpenter,8
8298,Rhonda Shaw,8
9720,John Kim,8
5563,Michelle Dominguez,8
9592,Catherine Gordon,8
2609,Craig Sims,8
2474,Raymond Martinez,8
1116,Barbara Kennedy,8
1861,Dr. Cynthia Hoover DVM,8
4172,Nancy Spence,8
4368,Johnny Mcintosh,8
8190,Erin Morris,8
2663,Austin Keller,8
8626,Gregory Carr,8
9452,Chris Cole,8
5648,Francis Nelson,8
1612,Alex Fields,8
6496,Ruben Werner,8
1330,Kristin Morgan,8
9748,Alexander Smith,8
3077,Timothy Velazquez,8
9615,Nathaniel Morrison,8
8565,Vickie Campos,8
5624,Joshua Conley,8
8780,Aaron Carey,8
538,Stephen Lyons,8
3044,Richard Rose,8
1115,Robert Hall,8
3592,Eric Parks,8
7886,Colleen Haynes,8
5846,Melissa Walker,8
5689,Kimberly Nichols,8
5567,Patrick Smith PhD,8
8189,Charles Brown,8
2846,Jason Wilcox,8
3558,Felicia Harris,8
2842,Richard Mckenzie,8
172,Charles Matthews,8
5896,Robert Williams,8
963,Anthony Ashley,8
953,Melissa Thomas,8
1648,Kyle Moore,8
9532,Cole Gates,8
1889,Jason Jones,8
7911,Jamie Fitzgerald,8
1938,Robert Douglas,8
4541,Taylor Maynard,8
3246,Andrew Vargas,8
5089,Michelle Garner,8
1222,Stephen Evans,8
1338,Kim Stewart,8
8763,Michael Kemp,8
9073,Dawn David,8
2620,Brandon Barton,8
9499,Shannon Griffin,8
8582,Madison Ramos,8
7284,Michelle Griffin,8
4949,Matthew Brandt,8
9979,Stephen Elliott,8
6236,Brian Hammond,8
2227,Kenneth Hansen,8
7318,Michael Chapman,8
8363,Sharon Garcia DVM,8
9933,Christopher Dean,8
930,Marilyn Lozano,8
714,Nicole Perez,8
1300,Mark Woods,8
9290,Julie Moore,8
7359,Amy Simmons,8
5638,Mathew Le,8
7519,Kevin Alvarado,8
3156,Michael Hicks,8
3336,Joel Collins,8
2296,Thomas Parker,8
3986,Brian Mitchell,8
1907,Jimmy Jackson,8
2865,Marilyn Austin,8
9545,Anthony Garza,8
8916,John Peterson,8
7623,Terri Alvarez,8
5658,Samantha Murray,8
6446,Jessica Lopez,8
3934,Jacqueline Smith,8
1901,Christopher Mckenzie,8
6810,Gary Welch,8
79,Kelly Owen,8
6028,Sue Holland,8
4935,Karen Barnes,8
7774,Walter Miller,8
8830,Amy Burns,8
152,Monica Garcia,8
9171,Rebecca Moreno,8
8828,Linda Reed,8
4654,James Fuller,8
2596,Caleb Owen,8
5430,Frederick Stevens,8
6935,Samantha Benson,8
853,Cynthia Palmer,8
3547,Michael Jones DDS,8
7525,Melinda Morgan,8
8411,Samantha Schwartz,8
1851,Jennifer Pena,8
6780,Kimberly Wilson,8
539,Melissa Jackson,8
8555,Christine Tapia,8
7839,Jessica King,8
4840,Jon Watson,8
2349,Kenneth Bell,8
256,Robert James,8
570,Willie Allen,8
2261,Carol Smith,8
3196,Brent Hartman,8
9285,Brenda Dominguez,8
8633,Kimberly Stevens,8
7459,Lauren Mullins,8
1809,Daniel Torres,8
9550,Zachary Bautista,8
1695,Stacy Floyd,8
3976,Beth Marshall,8
1668,Sean Barnes,8
8185,Stephen Torres,8
8987,Travis Bennett,8
6466,Thomas Berry,8
4737,Jerome Williams,8
9886,Jessica Miller,8
7356,Ana Mitchell,8
2534,Mr. George Williams,8
4404,Douglas Long,8
6618,Kiara Franklin,8
1354,Beth Byrd,8
8552,Ashley Harris,8
1651,Pamela Burke,8
3851,Betty Porter,8
585,Desiree Mccoy,8
4799,Nicolas Castillo,8
584,Sandra Phillips,8
2935,Joyce Garcia,8
7880,Jared Myers,8
6307,Walter Mendez Jr.,8
2557,Jessica Callahan,8
1871,Gail Collins,8
2387,Kyle Bell,8
6445,April Campbell,8
330,Luke Robinson,8
3315,Crystal Newton,8
131,Scott Rose,8
7530,Billy Peck,8
244,Jessica Rojas,8
3810,James Hill,8
5016,Jessica Morales,8
4836,Mario Miller,8
5236,Joseph Padilla,8
905,Angela Wallace,8
2208,Mr. Nicholas Martin,8
950,Antonio Atkins,8
5777,Erik Gibson,8
891,Crystal Chavez,8
4010,Anthony Aguilar,8
1286,Megan House,8
3294,John Davis,8
1666,Jennifer Flores,8
3184,Kathleen Colon,8
8343,Jordan Myers,8
6947,Mary Harris,8
4055,Leslie Hunt,8
924,Crystal Wolf,8
2719,Sean Russell,8
2558,Robert Lawson,8
7795,Sierra Wallace,8
472,Tara Taylor,8
4848,Gerald Santiago,8
6500,Michael Clark,8
5832,Angel Briggs,8
8604,Linda Ramirez,8
8621,Joshua Brown,8
8118,Brian Hammond,8
75,Riley Bryant,8
9398,Vickie Owens,8
3778,Logan Allen,8
982,Judith Garcia,8
7124,Stephanie Murray,8
1488,Sharon Holland,8
1996,Anthony Williams,8
2006,Robert Benson,8
2467,Jocelyn Hopkins,8
1299,Matthew Wong,8
2036,Becky Rice,8
3728,Christopher Griffin,8
6147,Thomas Gonzalez,8
9114,Kathleen Alvarez,8
4077,Walter Wolf,8
7411,Kyle Leon,8
518,Rachael Romero,8
4675,Veronica Drake,8
9401,Sarah Griffin,8
3908,Johnny Barr,8
7546,James Tucker,8
9504,Meghan Howard,8
2891,Jennifer Grant,8
6371,Amy Sims,8
7136,Chad Gonzalez,8
9064,Bryan Park,8
3049,Kyle Lawrence,8
719,Kathleen Robinson,8
8597,Richard Pena,8
7709,Jamie Graham,8
2195,Keith Sweeney,8
6096,Gregory Morris,8
8821,Carrie Smith MD,8
1515,Jane Lee,8
2584,Kara Frazier,8
8024,Dawn Gonzalez,8
9330,Emily Lambert,8
3596,Thomas Juarez,8
5608,Michelle King,8
9083,Mr. Patrick Silva,8
1662,James Robles,8
3882,Linda Camacho,8
4306,Julie Oneill,8
5215,Jessica Wilson,8
1259,Jonathan Evans,8
7360,Vernon Ramsey,8
6597,David Keller,8
6225,Joanna Torres,8
7825,Jean Douglas,8
3327,Mr. Brendan Melton,8
3758,Roberta Marshall,8
179,Margaret Hensley MD,8
2984,Wendy Duran,8
666,Heidi Hall,8
7420,Suzanne Torres,8
1215,Ruth Stanton,8
2422,Thomas Trevino,8
5015,Melissa Hunter,8
3011,Maureen Rhodes,8
7121,James Stone,8
2964,Jeremiah Rodriguez,8
942,Micheal Powell,8
6535,Kimberly Daniels,8
1838,Wayne Kelly,8
9292,Anthony Giles DDS,8
5776,Anthony Jones,8
5649,Alyssa Best,8
4906,Jonathan Perez,8
1110,Amanda Johns,8
4175,Alexandria Kelly,8
3105,Lisa Olson,8
1010,Brooke Lambert,8
7645,John Martin,8
2305,Leah Harris,8
5596,Nicole Nguyen,8
9522,Julie Stephenson,8
6397,Kristen Dickson,8
5997,Philip Carpenter,8
1036,Robin Wright,8
3725,Angela Green,8
4162,Andrew West,8
2415,David Anderson,8
5579,Pamela Smith,8
4499,April Coleman,8
1041,Larry Bates,8
5895,Karen Davila,8
324,Meghan Patel,8
5646,Jeremy Wilkins,8
8885,Michael Sharp,8
3833,Julia Marsh,8
6702,Patricia Richardson,8
5259,Ronald Gates,8
6577,Richard Avila,8
8191,Bruce Boone,8
9253,Leslie Wise,8
511,Veronica Lewis,8
7392,Nancy Hall,8
6160,Rebecca Taylor,8
2273,Tonya Jones,8
3609,Noah Parks,8
9768,Adrian Fitzpatrick,8
8674,April Flores,8
3974,Angela Barnes,8
4221,Christopher Gilmore,8
8362,Maria Campbell,8
5678,Christian Young,8
1715,Barbara Russell,8
8454,Joseph Johnson,8
5217,Jennifer Mcclain,8
6915,Brent Walker,8
1248,James Ward,8
5946,Cynthia Turner,8
323,Nancy Goodwin,8
7457,Kelly Carson DDS,8
6046,Christina Williams,8
2957,Alicia Lamb,8
8083,Phyllis Edwards,8
6216,Christopher Mckee MD,8
229,Brandon Nunez,8
7120,Logan Brown,8
71,Nathan Montes,8
5878,James Ho Jr.,8
6261,Danielle Lowe,8
4089,Donna Salas,8
8727,Luis Ramirez,8
2426,Matthew Johnson,8
2983,Jason Reid,8
6144,Lawrence Casey,8
4358,Zachary Rodriguez,8
915,Julia Arnold,8
7389,Mallory Dickson,8
656,Emily Lee,8
4208,Leah Gonzalez,8
2103,Paula Rogers,8
2787,Laura Munoz,8
3236,Cynthia Morris,8
7403,James Smith,8
837,Donald Morgan,8
1987,Heather Gallagher,8
7636,Danielle Davis,8
8527,Sheri Yates,8
9388,Lisa Brown,8
112,Kathleen Garcia,8
6797,Patricia Munoz,8
9639,Andrea Johnson,8
9375,Gina Rodgers,8
1217,Paul Nguyen,8
6924,Destiny Brown,8
3683,Jordan Hammond,8
1267,Elizabeth Mejia,8
809,Mathew Cole,8
6579,Victoria Abbott,8
1076,Joseph Howell,8
4871,Deborah Taylor,8
5505,Adam Reed,8
7735,Angela Aguilar,8
1675,Michael Kemp,8
2482,Jamie Mckinney,8
7945,Kevin Willis,8
6653,Hannah Summers,8
274,Charles Delgado,8
5851,Andrew Lambert,8
6114,Lisa Rhodes,8
7204,Nancy Reyes,8
2497,Stephen Parker,8
3731,Christopher Stone,8
1308,Breanna Wilson,8
4715,Stephanie Sanders,8
4502,Thomas Jones,8
3218,Steven Welch,8
4475,Erica Chan,8
6243,Dr. Tyler Howell MD,8
2712,James Brooks,8
82,Donald Horne,8
728,Melissa Mendoza,8
7744,Jennifer Mcclain,8
7473,Brad Ramos,8
4190,Isaiah Bender,8
3836,Michelle Murphy,8
5023,Eric Thomas,8
1211,Debra Leonard,8
7458,Amy Davidson,8
7292,Shannon Harris,8
4142,Mark Randolph,8
1976,Mario Francis,8
2948,Jonathan Acosta,8
7096,Jo Rodriguez,8
4677,Nancy Kelley,8
1599,Shane Bell,8
6135,Amy Jones,8
706,Bridget Wallace,8
158,Juan Brown,8
4977,Erika Ross,8
7596,Michelle James,8
8576,John Lambert,8
3206,Paul Stone,8
7358,Amber Johnson,8
1468,Sarah Martin,8
9004,Jason Burnett,8
6213,Nichole Adams,8
1433,Kyle Young,8
40,Adam Russell,8
8249,Robert Williams,8
8144,Daniel Velasquez,8
1721,John Castillo,8
1641,Gloria Castro,8
1075,Nicholas Grant,8
8250,Guy Silva,8
7078,Elizabeth Hernandez,8
9868,Kelli Mcdonald,8
7703,Kim Bailey,8
3598,David Hebert,8
7906,Anthony Mason,8
4601,Carolyn Freeman,8
6308,Melanie Singh,8
3766,Cynthia Taylor,8
8184,Jon Parker,8
2105,Craig Fox,8
2720,Amber Bates,8
2747,Jacqueline Olson,8
9824,Joanna Vasquez,8
8109,Carl Conley,8
6274,Mandy Mathews,8
5720,Joseph Leon,8
2722,Robert Shah,8
2821,Andrew Rosario,8
9666,Mary Woodard,8
569,Glenda Calderon,8
2814,Steven Watts,8
4440,Debbie Levine,8
8229,Cody Rose,8
3789,William Summers,8
3379,Mark Andersen,8
5007,Kathy Anderson,8
4679,Andrew Cameron,8
7436,Angela Smith,8
7119,Jeremy Perez,8
142,Megan Jones,8
613,Frank Elliott,8
116,Debra Sanders,8
6453,Courtney Richardson,8
5094,Sheila Graham,8
7865,Jessica Burgess,8
161,Kyle Smith,8
7513,Michelle Rivas,8
5108,Tracy Fisher,8
6911,Laura Collins,8
7572,Rhonda Weaver,8
9701,Charles Ortiz,8
8676,Drew Oconnor,8
4528,Antonio Johnson,8
6342,Michael Miller,8
2694,Jamie White,8
4934,Priscilla Bailey,8
386,Robert Peterson,8
6829,Derek Jones,8
5636,Jesse Ramirez,8
2779,Jose Holder,8
7372,Steven Allen,8
4912,Danielle Johnson,8
7592,Mr. Anthony Martinez,8
498,Charles Castaneda,8
2488,Gina Hendrix,8
2044,Michelle Spencer,8
9397,Scott Gordon,8
6902,Tammie Williams,8
1151,Joshua Smith,8
1437,Samantha Bailey,8
9651,Jessica Levy,8
2594,Teresa White,8
2069,Robin Williams,8
8040,Tanya Long,8
1148,Jeanne Robinson,8
4515,Ariana Gibbs,8
1303,Sonya Peterson,8
5074,Paul Anderson,8
1979,Jill Berg,8
3744,Michael Holland,8
4986,Todd Thompson,8
1956,Derrick Davis MD,8
5691,David Smith,8
3490,Stanley Serrano,8
3804,Kristen Beard,8
5166,Joshua Wright,8
1540,Nicole Patterson,8
6959,Michael Mathis,8
7370,Karen Murphy,8
5668,Christine Ball,8
8966,Abigail Johnston,8
2551,Richard Ochoa,8
5128,Brad Heath,8
1072,Heather Hunt,8
6357,Stephanie Turner,8
2493,Brittany Richardson,8
4669,Charles Marshall,8
2088,Crystal Sims,8
1746,Melanie Dunn,8
4061,Allison Terrell,8
8100,Brandi Donaldson,8
4131,Ashlee Morrison,8
457,Michael Bennett DVM,8
8989,Daniel Griffin DDS,8
2371,Mr. Michael Davis,8
633,Steven Clark,8
6817,Bryan Patel,8
9969,Dawn Turner,8
2465,Phillip Jones,8
8172,Alexandria Wang,8
1835,Lindsey Johnson,8
7386,Abigail White,8
8718,Sheila Green,8
1481,Roger Hall,8
5766,Briana Doyle,8
6123,Malik Benson,8
3477,Megan Jones,8
5783,Angela Powell,8
3748,Emily Mosley,8
6262,Renee Kelly,8
3780,Russell Velazquez,8
5045,Andrea Parker,8
7606,Melissa Gonzales,8
7616,Kathleen Olson,8
9826,Hannah Brown,8
686,Robin Wallace,8
3660,George Dean,8
5326,Leah Willis,8
5289,Jerry Wright,8
2786,James Spears,8
7478,Johnny Chang,8
9197,Robert Lopez,8
1949,Sheryl Massey,8
1682,Renee Lee,8
1615,Emma Brown,8
1766,Cynthia Norris,8
1765,Tami Burton,8
7037,Rachael Krueger,8
8924,Mary Dunn,8
9134,Tina Graves MD,8
2943,Kristen Velez,8
388,Stephanie Bishop,8
4747,Jerry Carter,8
9278,Curtis Hall,8
6556,Melinda Simpson,8
4257,Sheila Greene MD,8
4990,Patricia Lee,8
6100,Richard Schaefer,8
9087,Sherry Stark,8
5718,Stephen Fleming,8
7446,Michele Lopez,8
597,Cynthia Murray,8
8979,Jose Erickson,8
821,Juan Morgan,8
2566,Michelle Williams,8
3938,Andre Lamb,8
50,Michael Chambers,8
499,Charles Sanchez,8
3095,Richard Chavez,8
9351,Alexandra Williams,8
8052,James Hernandez,8
4079,Veronica Lowery,8
1043,Scott Cooley,8
3045,Alex Mueller,8
1409,Melissa Smith,8
6706,Jared Middleton,8
6693,Cassandra Watson,8
9695,Joann Houston,8
476,Debra Mayo,8
4891,Sarah Lynch,8
995,William Adams,8
2156,Philip Stephens,8
2256,Justin Graham,8
9431,Terrence Gilbert,8
742,Jesse Wilson,8
8852,Lisa Drake,8
6439,Jennifer Miller,8
6148,Ryan Hill,8
9670,Amy Lopez,8
7410,Mary Gross,8
5080,Victoria Jones,8
2666,Micheal Mcguire,8
7278,Thomas Davis,8
374,Stephen Alvarez MD,8
7480,Kyle Woods,8
1584,Amber Rodriguez,8
4116,Kimberly Pierce,8
92,Steven Taylor,8
6032,Heather Brady,8
4760,Patricia Lee,8
7595,Brian Dorsey,8
825,Andrew Williams,8
9874,Nicholas Lopez,8
9274,Dwayne Velazquez Jr.,7
2641,Elizabeth Valenzuela,7
2009,Raymond Cooley,7
8378,Christina Fernandez,7
4467,Maurice Gonzalez,7
6023,James Cervantes,7
2868,Cynthia Lowe,7
5818,Anthony Reynolds,7
7496,Cody Martinez,7
4082,Caitlin Edwards,7
9721,Debra Palmer,7
1703,Molly Riley,7
1621,Victor Acosta,7
5657,Jenna Dominguez,7
3993,Andrew Garrett,7
6094,Leroy Powell,7
9943,Sharon Garcia,7
3135,Nathan Casey,7
4987,Tonya Shaw,7
1825,Brittany Moreno,7
5949,Logan Olson,7
1193,Laura Daniel,7
918,Anthony Washington,7
8311,Casey Green,7
5021,Meghan Schwartz,7
8400,Jillian Solomon,7
5909,Sean Jones,7
9714,Carol Walker,7
7924,Linda Stewart,7
1018,Suzanne Hardy,7
6410,Jessica Peterson,7
7468,Marc Miller,7
4709,Gregory Park,7
9102,Andrew Rollins,7
3548,Jonathan Davis,7
1346,Seth Daniel,7
8215,Julie Marshall,7
151,Katherine Barton,7
4435,Shawn Calderon,7
2880,Lauren Matthews,7
1785,Thomas Hull,7
4042,Scott Brown,7
7309,Monica Jimenez,7
2477,Dustin Collier,7
857,Allison Floyd,7
9790,Don Espinoza,7
203,Ryan Smith,7
6007,Jacob Strong,7
3764,Teresa Diaz,7
6527,David Ramos,7
6373,Gabriel Calderon,7
2002,Donna Grimes,7
3771,Eric Smith,7
1027,Kimberly Esparza,7
560,Hunter Brennan,7
8201,Matthew Floyd,7
7706,Dennis Arias,7
3216,Tyler Lee MD,7
9320,Vickie Lopez,7
2321,Karen Mills DDS,7
9106,Jason Davis,7
202,Kimberly Morrison,7
9279,Nancy Green,7
6061,Devin Thompson,7
1147,Russell Davis,7
9336,Dana Hawkins,7
489,Damon Soto,7
4063,Amber Clements,7
9510,James Reid,7
9056,Jessica Stewart,7
9412,Taylor Lowery,7
384,Luke Martinez,7
8799,Ray Glover Jr.,7
216,Holly Valdez,7
4433,Mark Travis,7
841,Daniel Brewer,7
6794,Ricky Hardy,7
5516,Alexandria Noble,7
6665,Keith Saunders,7
7840,Joanne Galloway,7
5228,Ashlee Thompson,7
3391,Steven Bernard,7
7313,Terry Mitchell,7
1202,Keith Brown,7
1413,Katherine Guzman,7
5455,Shawn Taylor,7
1191,George Hill,7
7328,Justin Whitehead PhD,7
7864,Sabrina Lane,7
9534,Ashley Weber,7
7133,Jennifer Smith,7
285,Craig Chang,7
775,Geoffrey Austin,7
9355,Ebony Macdonald,7
7489,Brittany Wells,7
6889,Aimee Avila,7
3922,Kelly Johnson,7
6807,Joshua Morgan,7
8294,John Stephens,7
7364,Katherine Kelly,7
4406,Tammy Coleman,7
1829,Jamie Aguilar,7
2776,Ryan Jackson,7
9806,Katrina Delgado,7
4099,Christopher Davis,7
6425,Cynthia Dalton,7
3098,Ronald Hoffman,7
9006,Dawn Young,7
1008,Richard Harris,7
1685,Brittany Hernandez,7
747,Tiffany Wilson,7
5116,William Spencer,7
4104,James Martinez,7
5562,Philip Bryant,7
2035,Alicia Curry,7
4597,Danielle Dennis,7
5027,Michael Yang,7
5482,Vincent Cox,7
9817,Kyle Wilson,7
8440,Daniel Miller,7
8508,Garrett Winters,7
4870,Ryan Guzman,7
1009,Isaac Evans,7
6878,Sara Arias,7
6785,Samantha Barnes MD,7
8839,Lori Walker,7
2459,Stephen Gonzalez,7
7340,Ms. Angela Noble,7
7882,Jason Herrera,7
7297,Matthew Evans,7
5847,Jennifer Hendricks,7
5318,Patrick Jackson,7
6898,Nicholas Reilly DVM,7
2302,Timothy Lee,7
3383,Dana Webster,7
6772,Brooke Johnson,7
532,Gary Salazar,7
7452,Ryan Patterson,7
2803,Barry Smith,7
1086,Monica Anderson,7
4302,Ryan Vang,7
7830,Steven Morrow,7
2829,Richard Olsen,7
9940,Brandy Ross,7
252,Kristin Reese,7
8788,Jamie Cole,7
7731,Joseph Ramirez,7
3136,Brian Ramirez,7
5124,Lauren Lopez,7
1674,Amanda Savage,7
126,Dana Hopkins,7
8333,Blake Shelton,7
7103,Chad Gutierrez PhD,7
1816,Joy Taylor,7
3249,Linda Petersen,7
1645,Cindy Duncan,7
1304,Ricky Robinson,7
4250,David Costa,7
1700,Dr. Phillip Anderson,7
1810,Geoffrey Mcgee,7
3846,Kimberly Berg,7
1458,James Andrews,7
7931,Kimberly Brown,7
6582,Katie Jordan,7
6541,Danielle Hernandez,7
8314,Beth Weeks,7
7144,Carlos Mooney,7
5173,Patrick Jackson,7
2322,James Burke,7
717,Lynn Ross MD,7
7736,Paula Garcia,7
4405,Brian Garcia,7
9877,Rachel Gutierrez,7
3081,Raymond Adams MD,7
2766,Terry Castillo,7
7285,Teresa Bradley,7
4547,Jeffrey Maynard,7
2704,Kelli Salas,7
7339,Kelsey Harris,7
843,Holly Cruz,7
2536,Rodney Figueroa,7
1932,Dr. Timothy Jimenez,7
233,Michelle Brock,7
5921,Anna Gomez,7
2781,Alexis Mueller,7
1483,Andrew Rodriguez,7
8340,Nancy Taylor,7
3970,Darren Carroll,7
7152,Monica Wiggins,7
7812,David Webb,7
7220,Lisa Jennings,7
5276,Adam Perkins,7
1564,Tamara Clark,7
8351,David Long,7
4753,Kayla Taylor,7
4270,Dr. Kristopher Perkins,7
1156,Rose Francis,7
6362,Jade Williamson,7
7413,Karen Mullen,7
1723,Sabrina Adams,7
4337,William Anderson,7
72,Ruth Solis,7
4637,Joseph Watson,7
4955,Calvin Burnett,7
5251,Sharon Watkins,7
8152,Theodore Odonnell,7
2691,Charles Sandoval,7
5270,Jason Wheeler,7
8200,Mrs. Carol Smith,7
6875,Dustin Tate,7
9792,Lisa Murphy,7
4012,Matthew Robinson,7
3398,Monica Pratt,7
4341,Brian Graham,7
938,Luis Richardson,7
4785,Melanie Gross,7
9178,Robert Underwood,7
6424,Victor King,7
2170,Tammy Wilcox,7
1574,Kyle Shannon,7
2491,Cynthia Schneider,7
8224,Lindsay Brown,7
2244,Rebecca Hernandez,7
9381,Karen Williamson,7
475,Charlotte Gomez,7
641,Sylvia Escobar,7
2143,Crystal Garcia,7
5319,Mr. Patrick Martinez,7
4988,Laurie Hall,7
4900,Jennifer Jones,7
9686,Mercedes Cook,7
1837,Adam Gray,7
8196,Jason Mccullough,7
4091,Daniel Adams,7
341,Jonathan Chandler,7
5943,Jordan Hanson,7
9560,Amy Fowler,7
7421,Tiffany Powers,7
8632,Carol Diaz,7
8753,Joseph Arnold,7
3264,Gregory Richardson,7
2281,Courtney Baird,7
9696,Jorge Khan,7
6001,Wendy Bradshaw,7
1198,Alan Hoffman,7
526,Harry Hurst,7
4527,Brittany Kelley,7
6617,John Turner,7
1105,Amber Carr,7
443,Eric Campbell,7
7704,Bianca Spears,7
6820,Andre Griffin,7
3445,Jason Robinson,7
4864,Sarah Patterson,7
1506,Hannah Campbell,7
4466,Elizabeth Hill,7
8213,Jason Smith,7
8287,William Hoover,7
7805,James Nguyen,7
9784,Jeff Thompson,7
357,Megan Blackwell,7
6871,Randall Morris,7
965,Thomas Floyd,7
5394,Jessica Jones,7
1593,Aaron Thompson,7
9299,Tiffany Cooley,7
3021,Nicole Blair,7
325,Kelly Burton,7
6363,Alice Rice,7
7407,Michelle Moran,7
8348,Robert Moss,7
2235,Laura Martin,7
9105,Bridget Figueroa,7
9823,Peter James,7
5671,Jenna Clark,7
1777,Jennifer Bond,7
4402,Joseph Martin,7
7914,Heather Buchanan,7
2137,Kelly Morris,7
2912,Lonnie Wilson,7
8433,Joyce Johnson,7
9649,Kristina Young,7
4771,Brian Walker,7
88,Charles Hensley,7
3015,April Anderson,7
9788,Michele Jackson,7
549,Aaron Aguirre,7
8591,Johnathan Archer,7
9525,Kevin Sweeney,7
4432,Jay Fernandez,7
9847,Mark Mata,7
6909,Charles Smith,7
2502,Evan Taylor,7
8028,Steven Butler,7
493,Thomas Johnson,7
8586,Cameron Jones,7
8556,Joshua Beltran,7
4634,Benjamin Garcia,7
8364,Laurie Stanley,7
6280,Tommy Mueller,7
3636,Diana Burton,7
5848,Robert Martin,7
4903,Linda Bailey,7
1611,Danny Kelly,7
2503,Maria Stevens,7
2237,Aaron Martinez,7
3075,Eileen Robinson,7
1511,Daniel Harris,7
8339,Tony Mitchell,7
4609,Timothy Ruiz,7
1875,Dylan Clark,7
2685,Michael Winters,7
68,Maria Jones,7
4303,Nicole Smith,7
2098,Donna Lawson,7
5812,Cody Hudson,7
3070,Jacob Walker,7
6434,Alan Cortez,7
7146,Laura Rocha,7
2849,Eric Gibson,7
967,Jaime Bender,7
5301,Richard Haynes,7
7508,Brian Marsh,7
9645,Nicholas Maxwell,7
5822,Brittany Hayes,7
2020,Victor Moore,7
5223,Patricia Colon,7
1280,Alexander Reyes,7
8558,Joseph Lewis,7
7016,Christopher Andersen,7
9470,Lisa Garcia,7
5681,Randy Wright,7
3353,Gregory Farley,7
6081,Beverly Thompson,7
9331,Christopher Schultz MD,7
7070,Amanda Camacho,7
7894,Willie Campbell,7
2340,Alicia Arnold,7
8295,Johnathan Terry,7
7449,Derek Hernandez,7
8323,Samuel Goodwin,7
9846,Travis Barber,7
9113,Bruce Le,7
9236,Alison Wright,7
4037,Christine Jenkins,7
5134,Julie Brown,7
1798,Julia Curtis,7
6883,Tyler Snyder,7
1287,Jennifer Johnston,7
8456,Whitney Wade,7
7898,Edward Perez,7
6983,Hannah Kane,7
6945,George Smith,7
3561,Jamie Williams,7
6431,Brenda Velasquez,7
9103,Shawn Howard,7
5600,Kevin Wilson,7
525,Danielle Gonzalez,7
42,Frank Lopez,7
9892,Jennifer Lee,7
1372,Melissa Miller,7
7174,Thomas Cortez,7
7281,Tammy Nixon,7
1782,Kevin Wilson,7
1857,Jennifer Fuentes,7
5576,Ronald Dean,7
8161,Kevin Crawford,7
8695,Julie Long,7
6483,Robert Caldwell,7
7929,Matthew Foley,7
6719,Julie Baker,7
3406,Aaron Carr,7
3753,Thomas Lee,7
6027,Angela West,7
6672,Lisa Robinson,7
4346,Timothy Henry,7
9681,Michael Sanders,7
9365,Samantha Arroyo,7
4167,Daniel Taylor,7
6407,James Livingston,7
6368,Jessica Nielsen DDS,7
6208,Jamie Figueroa,7
441,Beth Thompson,7
6199,James Benjamin,7
4863,Jeremy Patterson,7
4045,William Avila,7
7274,Maurice Wu,7
4607,David Henderson,7
5928,James Watson,7
2824,Paul Kelley,7
9233,Juan Butler,7
8424,Annette Ball,7
7715,Phillip Arroyo,7
2402,Katherine Brown,7
5269,Lisa Smith,7
6948,Drew Jenkins,7
916,Kirsten Collins,7
2435,James Holland,7
9580,Herbert Martinez,7
6792,John Dominguez,7
8243,Tyler Harrison,7
8278,Christina Wise,7
7049,Robert Pope,7
26,Alex Hernandez,7
1916,Kimberly Becker,7
37,Michael Valencia,7
310,Ashley Crawford,7
4516,Sherry King,7
831,Isabella Hawkins,7
9142,David Newman,7
6436,Lisa Hicks,7
3576,Melissa Gamble,7
36,Ricky Larson,7
6249,Lance Martinez MD,7
9326,Daniel Flynn,7
6444,Jennifer Espinoza,7
2283,Donna Martin,7
8264,Victor Rosario,7
7503,Paul Wilson,7
5065,Kelly Powell,7
7045,Jill Marshall,7
7603,Kenneth Watson,7
1486,Robert Serrano,7
1080,Kimberly Haney,7
6283,Patricia Mccall,7
6953,Jeanette Hernandez,7
2031,Wendy Barry DVM,7
8804,Oscar Osborn,7
6705,Leon Hatfield,7
7149,Lisa Mays,7
7010,Jennifer Colon,7
506,Patricia Hughes,7
200,Jenny Smith,7
5860,Christopher Morales,7
9808,Eric Stewart,7
8663,Raymond Williams,7
6676,Adrian Coleman,7
257,Michael Osborn,7
7040,Bianca Gordon,7
2423,Amy Lyons,7
2300,Joseph Jones,7
3601,Katelyn Jones,7
6394,Gregory Diaz MD,7
8833,Paul Noble,7
8819,Theresa Johnson,7
5436,Robert Schmidt,7
6048,Cameron White,7
9080,Richard Henry,7
6071,Pamela Myers,7
3757,Robert Shea,7
3153,Reginald French,7
8121,Maria Compton,7
292,Justin Bridges,7
8455,Carol Long,7
9362,James Simmons,7
5343,Christopher Adams,7
4034,Janet Wheeler,7
2011,Holly Valenzuela,7
1381,Daniel Barton,7
8193,Paula Smith,7
1012,Amy Perez,7
7719,Amber Parker,7
6799,Joy King,7
3425,Susan Romero,7
2915,David Chavez,7
9372,John Martin,7
4642,Jenny Cole,7
5248,James Lambert,7
1824,Emily Coleman,7
8733,Veronica Hughes,7
4292,Travis Weaver,7
3325,Kimberly King,7
2141,Peggy Johnson,7
2563,Kenneth Erickson,7
448,Christina White,7
1958,Lauren Davis,7
2136,Allen Murphy,7
2775,Zoe Roach,7
157,Kenneth Underwood,7
5399,Samantha Barnes,7
7291,Elizabeth Taylor,7
8505,Randy Brown,7
895,Robert Murray,7
1884,Jessica Moore,7
7554,Vanessa Weaver,7
4127,Jessica Salas,7
6289,Joshua Gonzalez,7
6079,Dr. Brandon May,7
7351,Jamie Rivera,7
2773,Mark Klein,7
2544,Scott Frazier,7
2184,Caleb Gonzales,7
333,Mark Nelson,7
8025,Fernando Phillips,7
9480,John Arroyo DDS,7
653,Danny Simmons,7
5735,Randy Arroyo,7
3265,Robert Williams,7
6682,Patrick Smith,7
9345,Amy Johnson,7
2963,Monica Fitzpatrick,7
6432,Frank Walters,7
1609,Tamara Kim,7
5863,Victor Whitney,7
4790,Leslie Jenkins,7
6418,Richard Vega,7
9518,Christopher Waller,7
6065,Lisa Coleman,7
1319,John Melton,7
61,Michael Tucker,7
2958,Laura Flynn,7
3123,Bob Thompson,7
347,Kimberly Smith,7
9407,Jennifer Nguyen,7
4543,Nancy Knight,7
9997,Lucas Johnson,7
9063,Jason Roach,7
235,Michael Freeman,7
3556,Samantha Peterson,7
2117,Kristen Wright,7
5944,Kiara Garrett,7
9026,Katrina Davis,7
3894,Tonya Massey,7
7555,Devon Campbell,7
3409,Dawn Hill,7
6224,Ryan Johnson,7
6422,Brian Howard,7
6494,Sarah Tanner,7
3117,James Rodriguez,7
3614,Victoria Beltran,7
8791,Kathryn Hall,7
4983,Krista Thomas,7
3881,Tiffany Rose,7
3060,Erika Wilson,7
4107,Steven Saunders,7
7952,Sandy Hardy,7
854,Erica Thomas,7
8940,Mariah Erickson,7
124,Jeffrey Colon,7
8169,Natasha Smith,7
1623,Karen Myers,7
4744,Taylor Schroeder,7
5980,Gary Braun,7
5743,Jesus Burgess,7
6685,Paula Rivas,7
4053,Shelly Carr,7
2437,Brett Smith,7
352,Christina Reid,7
2899,Veronica Gomez,7
8519,Timothy Cannon,7
2202,Jean Mitchell,7
2052,Debra Barber,7
655,Jeremy Ross,7
1893,Ashley Bray,7
8263,Jessica Cobb,7
1731,Donald Anderson,7
7695,Jeffery Carroll,7
2359,Pamela Nelson,7
8318,Christopher Johnson,7
1006,Brian Smith,7
4363,Catherine Vargas,7
350,Matthew Watkins,7
3363,Elizabeth Gonzales DVM,7
7770,David Davis,7
9725,Daniel Alexander,7
6467,Elizabeth Fisher,7
8806,Samantha Gray,7
5213,Andrew Mendoza,7
4518,Jillian Steele,7
5769,Priscilla Acosta,7
6615,Valerie Peterson,7
2660,Stacey Walker,7
5750,Anita Nguyen,7
1763,Lawrence Lee,7
5447,Richard Hansen,7
2168,Michael Armstrong,7
6015,Joseph Hinton,7
8387,Robert French,7
4262,Michael Jordan,7
4925,Emily Sanders,7
4750,Donna Hansen,7
8640,George Cox,7
344,James Garza,7
5616,Dennis Salazar,7
2528,Mariah Huerta,7
6814,Mrs. Patricia Hampton DDS,7
2120,Amanda Garcia,7
7042,Adam French,7
1667,Crystal King,7
8697,Deborah Martin,7
5951,Jacqueline Jones,7
89,Sharon Barnes,7
308,Sandra Cole,7
6132,Emily Willis,7
1788,Melissa Suarez,7
5814,Lisa Brown,7
7760,David Nash,7
6611,Matthew Jacobs,7
6851,Victoria Moore,7
1583,William Riley,7
567,David Alexander,7
816,Rodney Young,7
7400,Rebecca Knight,7
4827,Richard Valencia,7
9230,Johnathan Bailey,7
1607,Molly Graves,7
9014,Ana Walker,7
8241,Sabrina Pruitt,7
1681,Mr. William Miller,7
2329,Tina Young,7
8838,Brittany Edwards,7
1016,Stanley Brown,7
8741,Derek Russo Jr.,7
2225,Whitney Morrison,7
1771,George Holland,7
7904,Kelly Sanchez,7
2879,Andrew Wilcox,7
7833,Julie Johnston,7
726,Peter Williams,7
846,Robert Bowers,7
1253,Kimberly Hanna,7
9181,Matthew Johnson,7
9444,Angela Porter,7
270,Jay Austin,7
3134,James Hughes,7
5408,Mrs. Rebecca Washington DDS,7
6716,Sarah Stewart,7
4652,Joshua Duncan,7
5118,Dr. Jessica Shea,7
3290,Kayla Abbott,7
7543,Mary Howard,7
1600,Jennifer Flores,7
4751,Ian Melendez,7
7650,Crystal Parker,7
7154,Olivia Anderson,7
7371,Alexander Olson,7
3968,Andrew Barnes,7
8075,Gregory Willis,7
5450,Amanda Moore,7
9093,Jared Wood DDS,7
2049,John Woods,7
1178,Jose Andrews,7
8872,Natalie Watts,7
9188,April Rose,7
6440,Tyler Tate,7
1864,Michael Mckee,7
8029,Aaron Porter,7
5826,Terrence Austin,7
1937,Pamela Morrison,7
919,Anthony Mccormick III,7
7918,Angela Chase,7
154,Jason Herrera,7
8768,Craig Phillips,7
6956,Erica Lopez,7
2600,Sally Miller,7
9622,Victor Fuentes,7
8398,Anne Hernandez,7
2938,Michael Davis,7
6634,James Rhodes,7
4825,Ricky Williams,7
7668,Steven Buchanan,7
2562,Mr. Justin Taylor MD,7
8429,Mark Taylor,7
3743,Eric Butler,7
7142,Heather Rhodes,7
3380,Karen Baker,7
5125,Brandon Jenkins,7
3157,Chad Brown,7
8150,Jessica Buchanan,7
8808,Bethany Caldwell,7
5022,Alex Griffin,7
8622,Tamara Brady,7
1680,Shaun Johnson,7
5288,Karen Thompson,7
3299,Jimmy Dean,7
5308,Justin Fitzpatrick,7
9349,Vicki Jones,7
1870,Mr. Christopher Byrd,7
9346,Erik Green,7
8868,Marcus Solomon,7
2012,Fred Espinoza,7
3237,Tammy Williams,7
1908,Dustin Taylor,7
5346,Stephen Mitchell,7
5756,Eric Coleman,7
7416,Tammy Hart,7
1533,Sarah Brown,7
8080,Katherine Ferguson,7
5006,Daniel Schmidt,7
6790,Chloe King,7
2644,Matthew Wyatt,7
5451,Brian Ramos,7
8008,Sherry Garcia,7
9990,Dawn Singh,7
2301,Zachary Murray,7
3568,Cindy Taylor,7
8328,Monique Richards,7
1163,Leslie Mcdaniel,7
4135,Jason Brown,7
4317,Ann Morgan,7
4058,Kelly Hodges DDS,7
4506,Katrina Perez,7
363,Nicholas Green,7
844,Charles Costa,7
9913,Kurt Castaneda,7
6581,Jessica Cook,7
8721,Virginia Acosta,7
4915,Donna Bowen,7
1753,Jennifer Burton,7
6,Crystal Robinson,7
3741,Kelly Garcia,7
8059,Kari Frey,7
1212,Mary Kelly,7
7921,Shelia Jarvis,7
6661,Cassandra Schultz,7
3520,Hannah Shaw,7
9438,Tanner Lester,7
4123,Cheryl Bell,7
676,Michael Melendez,7
1866,Troy Gibson,7
6628,Leah Johns,7
6876,Denise Adams,7
6856,Daniel Freeman,7
9311,Todd Reese,7
8037,Stefanie Martinez,7
878,Kenneth Johnson,7
9262,Carol Santana,7
4794,Kaitlyn Wong,7
3503,Renee Williams,7
4687,Amy Rice,7
6784,Patricia Holland,7
8598,Mr. Adam House,7
9644,Charles Evans,7
5820,Brandon Brandt,7
1237,Michelle Ramirez,7
8906,Michelle Lin,7
9861,Jason Hayes,7
1970,Timothy Hansen,7
6941,Derrick Harris,7
4387,Amy Baldwin,7
6709,Valerie Frye,7
4369,Howard Thomas,7
9501,Sean Allen,7
3822,Jesse Snyder,7
8914,Deborah Gomez,7
7777,Vanessa Ferguson,7
9515,Melissa Mcdonald,7
2091,Terry King,7
5564,Jason Berry,7
5577,Mike King,7
7129,Antonio Todd,7
1005,Jerry Perez,7
5211,James Tucker,7
3355,Kenneth Anderson,7
7273,Megan Lopez,7
692,Jenny Duncan,7
169,Darrell Adams,7
2561,Michael Smith,7
5566,Nicholas Campbell,7
9013,Joseph Cantrell,7
3515,Antonio Johnson,7
5331,Mr. Lonnie Taylor,7
4821,Holly Salas,7
3143,Jonathan Long,7
73,Courtney Hayes,7
4273,Marcus Rangel,7
2769,Krystal James,7
9677,Nicholas Haynes,7
8668,Jennifer Maxwell,7
2386,Heather Davis,7
468,Paula Thomas,7
9712,Jeremy Smith,7
6126,James Schroeder,7
7123,Candice Aguirre,7
1190,Mr. Vincent Hansen,7
8021,Dr. Ronald Graham DVM,7
1270,Cindy Lowery,7
9657,Susan Dalton,7
8354,Jim Nixon,7
1921,Mary Terry,7
3202,Dennis Wilson,7
5129,Phillip Lewis,7
952,Justin Daniel,7
4023,Kenneth Ramos,7
3811,Melissa Webster,7
8383,Christopher Garrison,7
159,Kyle Johnson,7
5645,Michael Simmons,7
5506,Robin Clarke,7
4588,Amber Anderson,7
4226,Victor House,7
4340,Troy Hill,7
5548,Charles Morton,7
1841,Daniel Hess,7
7550,Michael Jones,7
9918,Christian Johnson,7
9941,Melissa Morris,7
451,Diana Lyons,7
7065,Anthony Nelson,7
7590,Danielle Brown,7
1063,Tyler Patel,7
615,Derrick Ray,7
5385,Jamie Roberts,7
9793,Jennifer Knox,7
610,Shawn Harding,7
3139,Dr. Stacey Hernandez MD,7
2974,Christian Hicks,7
1425,Matthew Williams,7
510,Grant Munoz,7
4207,Anthony Garrett,7
5275,Marcus Delgado,7
2205,Jasmine Rojas,7
6886,Austin Weaver DVM,7
956,Patricia Smith,7
5268,Steven Ross,7
7426,Dennis Hall,7
1760,Aaron Ford,7
9353,Cynthia Osborne,7
4982,Jeremy Johns,7
8905,Joshua Escobar,7
1141,Shirley Todd,7
7067,Makayla Long,7
8179,Kevin Abbott,7
7909,Tina Ortiz,7
141,Ruth Mcneil,7
1320,Benjamin Watson,7
4184,Kyle Pratt,7
6521,Melinda Miller,7
5088,Charles Howell,7
4762,Andrew Golden,7
9435,Victor Johnson,7
7194,Timothy Campbell,7
874,Andrea Smith,7
8329,Gregg Barnes,7
4951,Jessica Sanchez,7
9043,Elizabeth Fischer,7
8694,Emily Brady,7
5660,Michael Charles,7
2025,Lindsay Smith,7
7955,Christopher Gray,7
4617,Brian Woods,7
4120,Tyler Wallace,7
9309,Anthony Robertson,7
1463,Michelle Martinez,7
7230,Thomas Myers,7
7585,Vincent Miller,7
8104,Allen Wright,7
4334,Jeff Martinez,7
1899,Jessica Bishop,7
2285,Morgan Craig MD,7
3375,Carrie Norris,7
9914,Kelly Arnold,7
6698,Katherine Williams,7
6912,Anthony Thomas,7
1007,John Richards,7
4278,Mr. James Miller Jr.,7
8403,Jason Bright,7
487,Teresa Ramirez,7
5520,Melissa Munoz,7
8086,Bill Brady,7
1664,Robin Baldwin,7
2183,Joshua Jefferson MD,7
3061,Katie Day,7
9251,Katherine Mitchell,7
228,Tracy Hart,7
1629,Eric Fisher,7
3951,Katherine Cervantes,7
2178,Billy Lindsey,7
4545,John Hicks,7
9404,Mary Weiss,7
5282,Mr. Christopher Beck,7
5144,Ryan Williams,7
320,Melissa Garcia,7
1233,Alexander Moore,7
3553,Annette Daniel,7
5549,Rose Hernandez,7
7465,Robert Morales,7
4865,Ashley Patel,7
4745,Anthony Ortega,7
2987,Dawn Allen,7
4410,Kelsey Stevenson,7
5106,Andrew Allen,7
4814,Peter West,7
5432,Justin Ortiz,7
5492,Paula Wilson,7
3524,Kelsey Perry,7
833,Brandon Shelton,7
2706,Jennifer Greene,7
5182,Ray Garcia,7
1591,Howard Ray,7
2615,Erin Wilson,7
9789,David Reeves,7
6252,Carl Boyer,7
1620,Joseph Guzman,7
8076,Rachael King,7
3310,Kristen Haynes,7
1632,Paul Buckley,7
4921,Anthony Solomon,7
9876,Matthew Flores,7
8752,Patrick Martin,7
3856,Eric Harris,7
3750,Diana Stone,7
7215,Marc Friedman,7
28,Tyler Reid,7
6530,Jennifer Powers,7
3200,Brett Lewis,7
8253,Nichole Mayo,7
6919,Jessica Fox DDS,7
4553,Juan Young,7
3706,Beth Medina,7
5467,Elizabeth Cunningham,7
3604,Tina Gonzalez,7
8702,Joy Hunter,7
5329,Jeffrey French,7
974,Latoya Cooper,7
93,Deborah Rios,7
1993,David Brandt,7
7444,Mark Combs,7
2540,Kevin Simmons,7
1903,Lydia Davis,7
6760,Olivia Lang,7
4592,Jason Green,7
2876,Derrick Medina,7
2490,Jason Arnold,7
6904,Rachel Martinez,7
6315,Lawrence Anderson,7
8758,Nicholas Gonzalez,7
8831,Abigail Sanders,7
6472,Jared Flowers,7
5060,Keith Rosario IV,7
7303,Jose Schmidt,7
6646,Steven Guzman,7
1859,Kathryn Ferrell,7
8319,Jose Wong,7
2729,Chelsey Tucker,7
3356,Teresa Bryan,7
5193,Sean Pierce,7
7967,Susan Rodriguez,7
6495,Jessica Conrad,7
9291,Alan Edwards,7
2382,Joshua Caldwell,7
7116,Christopher Smith,7
9128,Richard Adams,7
4591,Kevin Duncan,7
8031,Dawn Nelson,7
8719,Regina Brown,7
6319,Darryl Davis,7
6080,Robert Brown,7
1527,Rhonda Cook,7
3158,Kaitlyn Moody,7
4835,Autumn Rice,7
6754,Crystal Cameron,7
7141,Jennifer Lopez,7
2903,Tina Thompson MD,7
1430,Sandra Washington,7
5628,Joel Ramos,7
3217,James Beard,7
3896,Stephen Murphy,7
316,Brent Rojas,7
3799,Candace Ford,7
8148,Larry Miller,7
7926,Ashley Davis,7
3145,Sharon Rodriguez,7
7867,Rebecca Fowler,7
2771,Brenda Sims,7
6211,Mary Andrews,7
6351,Michael Vazquez,7
4472,Stephen Simon,7
600,Willie Smith,7
5535,Tabitha Wilcox,7
1566,Brittany Gonzalez,7
7558,Karen Owens,7
7013,Andrea Jordan,7
8088,Julia Patterson,7
8759,Deborah Martinez,7
6276,Susan Thompson,7
3466,Melissa Williams MD,7
3502,Mr. Christopher Mullins,7
3410,Dustin Cuevas,7
5153,Joshua Reed,7
9246,Lauren Carlson,7
3850,Brian Garcia,7
6846,Karen Haynes DDS,7
6715,Nicole Ashley,7
5066,Robert Thompson,7
4095,Richard Silva,7
6139,William Cooke,7
7520,Vanessa Mckee,7
5458,Manuel Arellano,7
2607,Kristin Reed,7
321,Julie Taylor,7
2765,Lori Harris,7
8593,Elijah Anderson,7
426,Christina Myers,7
9689,Angela Reed,7
6057,Brett French,7
9187,Dana Howell,7
1100,Dr. Lisa Ramos,7
6312,Deborah Jenkins,7
9930,Jacqueline Zimmerman,7
7270,Manuel Cervantes,7
8708,Trevor Morales,7
6399,Donna Clark,7
4716,Claire Riley,7
110,Bob Cole,7
9830,Stephanie Lane,7
2241,Amy Craig,7
3227,Adam Stone,7
9735,Michael Yates,7
2191,Sarah Golden,7
7883,Rebecca Williams,7
6607,Micheal Turner,7
1688,Kimberly Tyler,7
3915,Catherine Gonzales,7
5888,Christopher Klein,7
3682,Wayne Lee,7
3877,Adam Smith DDS,7
2980,Sara Marquez,7
7168,Robert Carpenter,7
4308,Michael Lucas,7
454,Madeline Vasquez,7
2252,Jeremiah Williams,7
3266,Joshua Ellis,7
2445,Michael Garza,7
9708,John Hernandez,7
8654,Theresa Hartman,7
299,John Alvarez,7
842,Jody Scott,7
6553,Kimberly Shepherd,7
1773,Bryan Anderson,7
817,Misty Richardson,7
5789,Kristin Mays,7
3296,Jeremy Moore,7
6781,Melanie Smith,7
5119,Angela Jones,7
3447,Brian Sanchez,7
1643,Nathan Webb IV,7
1738,Arthur Campbell,7
8274,Mark Rowland,7
3699,Matthew Henderson,7
3648,Joshua Mack,7
9641,Nicholas Rodriguez,7
7308,Peter Mills,7
6203,Christopher Holder,7
8970,Travis Wilson,7
3802,Brian Edwards,7
4869,Juan Ballard,7
7941,Dr. Maria Hamilton,7
8959,Hector Russell,7
5143,Monique Smith,7
5693,Anne Miller,7
1107,Paul Wilkerson,7
6738,Sarah Gonzalez,7
5957,Jasmine Jacobs,7
7498,Kimberly Wilson,7
4970,Nathan Williams,7
654,Kimberly Blevins,7
9475,Gabriel Sanchez,7
7344,Natasha Hill,7
2262,Nicholas Boyd,7
6073,Charlene Carr,7
2174,Diane Manning,7
4810,Kathleen Perez,7
4211,Jennifer Jones,7
5891,James Jones,7
1818,Robert Petty,7
2638,Christopher Shaw,7
9572,Sarah Moss,7
4401,Cathy Leonard,7
8855,Jasmin Murray,7
1582,Kelly Smith,7
3279,Ryan Patterson,7
9325,Amy Foster,7
808,Stephen Brown,7
2192,James Jones,7
9010,Monica Thompson,7
1973,Melissa Davis,7
6369,April Hamilton,7
1699,Jason Bolton,7
8747,Joseph Woods,7
9794,Monica Moore,7
5753,Heather Wilson,7
3311,Paul Luna,7
5525,Brian Tran,7
7573,Nathan Owen,7
3062,Cameron Walker,7
7561,Rose Whitaker,7
6149,Kristin Johnson,7
4959,Kristina Lopez,7
4178,Rebekah Hill,7
5588,Gregory Brown,7
9891,Jonathon Weaver,7
8920,Elizabeth Vargas,7
894,Kristy Tate,7
968,Kimberly Garrett,7
6138,Jamie Allen,7
1093,Anna Pierce,7
8713,Destiny Sullivan,7
5155,Shannon Brown,7
3314,Garrett Klein,7
2033,James James,7
8140,Adam Bray,7
5230,Marisa Pena,7
7137,Emily Miranda,7
1331,Leah Fox,7
663,Sara Young,7
1589,Nicholas Craig,7
6259,Travis Murphy,7
5601,Michael Simmons,7
7159,Chris Rodriguez,7
6035,David Harris,7
8553,Johnny Smith DDS,7
3097,Dean Clay,7
1422,Corey Ford,7
5927,Ms. Madison Davis,7
1313,Richard Schmidt,7
1262,Shawn Waters,7
305,Deborah Graves,7
9977,Leslie Mahoney DVM,7
8448,Robert Cross,7
9912,Laurie Romero,7
823,Karen Trujillo,7
3494,Tami Robertson,7
6116,David Galvan,7
7891,Angela Hicks,7
8669,Victor Shah,7
4474,David Jones,7
5112,Allison Rosales,7
2799,Tyler Baldwin,7
8359,Daniel Moore,7
3759,Sandra White,7
6090,Michael Ramsey,7
2908,Cheryl Clay,7
6766,Alicia Barajas,7
5183,Christina Aguilar,7
275,Heather Johnson,7
481,Michelle Wright,7
5460,Albert Butler,7
2579,Jason Diaz,7
5256,Robert Kelley,7
5623,Francisco Phillips,7
6110,John Drake,7
3523,Carol Robertson,7
2823,John Scott,7
8367,Alison Porter,7
5570,Zachary Benjamin,7
4533,Amanda Johnson,7
5782,Joe Parker,7
761,David Russell,7
904,Anthony Murray,7
7192,Robert Valencia,7
4343,Heidi King,7
1176,Joanne Lopez,7
2587,Kelly Whitaker,7
3689,Joann Hawkins,7
4265,Hannah Howe,7
6134,Maria Camacho,7
1186,Jodi Nelson,7
7211,Bradley Sanchez,7
2224,Mark Hoffman,7
5163,Stephanie Roberts,7
2866,Amy Hoover,7
6576,Meghan Jones,7
6816,Daniel Cunningham,7
2811,Mr. Jason Brown,7
7686,Gary Higgins,7
3659,Nicholas Caldwell,7
5262,Steven Miller,7
3286,Taylor Glover,7
7361,Mario Williams,7
4789,Jessica Gomez,7
8167,Eric Freeman,7
1397,Angel Summers,7
2817,Michelle Jones PhD,7
8724,Mr. Andrew Mclaughlin,7
9978,Valerie Carter,7
4295,David Sloan,7
5696,Jeff Rice,7
3830,Alex Carter,7
2368,Theresa Chandler,7
5068,Joshua Hardy,7
5378,Erika Cohen,7
8871,Ronnie Ray,7
1401,Jeremiah Fisher,7
7659,Crystal Parker,7
6106,Kimberly Sullivan,7
2288,Teresa Green,7
4198,Karen Larsen,7
8407,Nancy Brown,7
9514,Karen Wells,7
340,David Jones,7
2166,Louis Moreno,7
3621,Jonathan Smith,7
8664,Denise Gallegos,7
5390,Elijah Williams,7
1927,Michael Richards DVM,7
9069,Haley Bush,7
5802,Steven Combs,7
3533,Anne Lee,7
1092,Phillip Ramirez,7
5952,Brian Mendoza,7
863,Kenneth Snyder,7
2688,Cheryl White,7
5611,David Sweeney,7
8337,Eric Orr,7
4452,Olivia Navarro,7
8765,Brian Myers,7
3499,Haley Soto,7
4013,Jeremy Wolfe,7
5702,Gregory Cunningham MD,7
3852,Mary Simpson,7
3366,Melvin Soto,7
4246,Michelle Castro,7
7612,William Hernandez,7
3720,Kelly Sanchez,7
980,Jacqueline James,7
8827,Elizabeth Garcia,7
7147,Nicole Conway,7
835,Drew Werner,7
9711,Kara Daniel,7
5627,Deanna Rivera,7
1180,Todd Bentley,7
385,Carol Wilson,7
6194,William Williams,7
5817,Crystal Richmond,7
7940,Christine Walton,7
6571,Donald Meyer,7
9061,Brian Hill,7
7161,Robert Wells,7
464,Marissa Miller,7
1687,Tyler Hanson,7
576,Kelsey Williams,7
8755,Christopher Griffin,7
6088,Andrea Moses,7
4424,Eugene Lawrence,7
4255,Jason Zamora,7
6757,Dana Allen,7
961,Amber Sanchez,7
2311,Steve Decker,7
733,Lisa Vincent,7
4546,Shelby Armstrong,7
7409,Anthony Melendez,7
8206,Stephanie Ramirez,7
9157,Paige Rodriguez,7
6647,William Smith,7
3038,Matthew Andrews,7
5793,Jill Charles,7
2298,Virginia Nguyen,7
2254,Jessica Fowler,7
96,Angela Bradshaw,7
6649,Curtis Roberson,7
3473,Brian Davis,7
6771,Michael Rodriguez,7
1238,Rebecca Rosales,7
8715,Sarah Lopez,7
6474,Cassandra Wheeler,7
6454,Teresa Gregory,7
7975,Krystal Lawrence,7
5315,Christopher Hernandez,7
3870,Antonio Martinez,7
6937,Edward Morrow DVM,7
6385,Samuel Torres,7
1955,Scott Carter,7
4802,Steve Hodges,7
7046,Angela Greene,7
3668,Gary Anderson,7
8522,Charles Logan,7
8142,Christine Roy,7
4016,Eric Duncan,7
996,Amy Lara,7
6675,Phillip Hurst,7
6293,Justin Fisher,7
5345,Shannon York,7
5805,Sarah Buchanan,7
7357,Matthew Armstrong,7
2651,Brooke Cox,7
782,Sarah Garcia,7
6568,James Smith,7
7365,Laura Curtis,7
4680,Chris Holder,7
8811,Toni Washington,7
3588,Ashley Scott,7
2066,Dr. James Diaz,7
8578,Jim Armstrong,7
8898,Charles Williams,7
1853,Mallory Abbott,6
9763,Diane Miller,6
2777,Tonya Lamb,6
5713,Traci Reed,6
3127,Leonard Lamb,6
9461,Gabriel Martin,6
9198,William Tanner,6
3029,Tara Green,6
1470,Melanie Chang,6
3003,Crystal Smith,6
6281,Kyle Long,6
5317,Matthew Kent,6
8923,Jason Reynolds,6
6627,Katherine Schultz,6
8469,Amanda Allen,6
672,Autumn Gallagher,6
899,Kevin Warren,6
3019,Joshua Rodriguez,6
8686,Doris Oneal,6
77,Harold Morgan,6
7259,Virginia Baker,6
1941,Ashley Davis,6
3233,Charles Oconnor,6
1845,Christina Berry,6
985,Maria Williams,6
2745,James Fitzgerald,6
6753,James Holland,6
9936,Kenneth Moore,6
2266,Katelyn Malone,6
9986,James Sanders,6
2572,Heidi Reed,6
4040,Christina Pineda,6
6372,Maurice Lawrence,6
2697,Rachel Kline,6
214,Raymond Quinn,6
9575,Louis Carpenter,6
3962,Michael Wade,6
8254,Abigail Armstrong,6
3843,Tina Jefferson,6
4705,Nancy Jordan,6
2412,Erica Mahoney,6
8657,Andrea Moore,6
3565,Louis Sandoval,6
4817,Daniel Taylor,6
893,Tracey Reynolds,6
1915,Connie Ramirez,6
3256,Tina Duarte,6
311,Peter Jackson,6
594,Daniel Russell,6
3059,Stephanie Brown,6
6984,Shelley Rodriguez,6
3035,Alisha Walton,6
6267,Kathleen Moore,6
897,Evelyn Novak,6
4445,Jonathan Dawson,6
998,Megan Johnson,6
1517,Lindsey Wright,6
5614,Mary Stokes,6
3493,Janet Paul,6
4024,Stephanie Branch,6
8748,Faith Lambert,6
8129,David Savage,6
8944,Clifford Reed,6
4567,Jason Webb,6
6052,Jared Cox,6
3737,Mr. Andrew Cervantes DVM,6
3274,Timothy Bray,6
5175,Charles Bailey,6
9586,Holly Green,6
273,Dawn Ellis,6
7878,Kristina Obrien,6
1400,Jason Williams,6
486,Aaron Armstrong,6
1337,Kevin Allen,6
9354,Sherry Cantrell,6
8110,Sara Berry,6
4377,Ashley Jordan,6
6743,Brandon Cole,6
3705,Ms. Tamara Gonzales,6
4537,Jacob Burton,6
245,Sharon Robinson,6
2674,Katie Moran,6
4889,Whitney Daniels,6
5446,Timothy Pittman,6
2546,Daniel Santos,6
7265,Blake Garcia,6
289,Tyler Jones,6
6158,Traci Ross,6
2230,Cynthia Murphy,6
7427,Morgan Thompson,6
4922,Gregory Dorsey,6
9982,Crystal Mcdaniel,6
883,Trevor Bautista,6
8416,Kevin Pena,6
2515,Daniel Rogers,6
9389,Colleen Sanchez,6
4364,Mary Sullivan,6
8462,Samantha Payne,6
1039,Jeffrey Montgomery,6
3080,Justin Williams,6
6026,Crystal Reyes,6
2975,Joel Lin,6
8890,Jocelyn Taylor,6
1770,Kathryn Sullivan MD,6
9016,Dawn Oneill,6
7442,Joshua Weaver,6
4659,Thomas Hogan,6
9424,Timothy Stark,6
7479,Anthony Avila,6
6161,Donald Knapp,6
7633,Mark Howard,6
1017,Ian Weaver,6
2297,Ernest Melendez,6
7832,Amanda Hawkins,6
3562,Mary Huff,6
4109,Monica Wang,6
484,Joshua King,6
5064,Robert Carter,6
7729,Elizabeth Hayes,6
7205,Jill Buchanan,6
720,Renee Shields,6
6632,Angela Hart,6
4589,Daniel Snyder,6
342,Ashley Davenport,6
2411,James Lane,6
9023,Ian Mccarty,6
5672,Shelia Reeves,6
3496,Frank Alexander,6
9344,Ashley White,6
9304,Amanda Ortega,6
3339,Aaron Sampson,6
1940,Andrew Mahoney,6
1794,Yvonne Moore,6
7855,Katherine Bell,6
144,David Little,6
2838,Debra Franklin,6
6082,Tamara Anderson,6
2157,Megan Woods,6
3506,Sarah Olson,6
6503,Michelle Blair,6
6550,Lori Allison,6
5708,Sara Yang,6
7783,Robert Salinas,6
1885,Christopher Cobb,6
5277,James Scott,6
5674,Corey Blankenship,6
4857,Ashley Campbell,6
288,Michael Reynolds,6
168,Mark Rowland,6
4231,Robert Burnett,6
4186,Douglas Hinton,6
3174,Adriana Figueroa,6
648,Ms. Amy Brown,6
9491,Johnny Lopez,6
2018,Kathryn Hamilton,6
3303,Mrs. Angela Carey,6
5870,Jerry Morse,6
6613,Todd Williams,6
3142,Lori Sanchez MD,6
2131,Shirley Clark,6
9738,Maria Morrow,6
4598,Larry Bryant,6
9443,Jose Lopez,6
8650,Jaime Wilson,6
2379,Stephen Petty,6
6003,Erica Miles,6
9688,Edward Miller,6
8823,Joshua Stark,6
9867,Thomas Haas,6
3180,Angel Roberts,6
2160,Wendy Nelson,6
55,Susan Hopkins,6
9744,Tara Sanders,6
2703,Karen Barnes,6
1877,Andrew Brown,6
7456,Natasha Mason,6
7746,Nancy Moreno,6
4493,Misty Mcpherson,6
5286,Cody Mcbride,6
2626,Vincent Howell,6
7984,Spencer Miller,6
8072,Jeffrey Brown,6
1635,Thomas Ward,6
7651,Michelle Rivera,6
9418,Veronica Spencer,6
7532,Barry Spence,6
5975,Corey Ellis,6
2007,Jennifer Little,6
3642,Anthony Perry,6
9882,Troy Singleton,6
2286,James Phillips,6
7685,Kirsten Reyes,6
9555,Breanna Coleman,6
2672,Amanda Moss,6
7933,Devin Sanders,6
7718,George Obrien,6
5574,Laura Rodgers,6
6044,Teresa Adams,6
9467,Gerald Patton,6
7419,Rebecca Andrade,6
3341,Monica Hunt,6
8267,Micheal Bailey,6
6038,Dana Jordan,6
6433,Heather Gregory,6
1663,Lorraine Ramirez,6
8689,Ethan Wood,6
9595,Tommy Young,6
6428,Audrey Hunt,6
5968,Tristan Alvarez,6
6710,Richard Smith,6
2439,Matthew Mendoza,6
9828,Bradley Lambert,6
6756,Wyatt Scott,6
7086,Matthew Scott,6
2291,Tina Small,6
926,Brittany Marquez,6
8728,Mark Williams,6
91,Jerry Pierce,6
1366,Aaron Watson,6
9455,Kathryn Lynch,6
4473,Derek Johnson,6
3653,Gregory Pineda,6
250,John Garcia,6
3955,Ronald Jordan MD,6
2115,Jason Newton,6
5685,Kathryn Carpenter,6
7995,Rebecca Henson,6
3871,Todd Martinez,6
2070,Timothy Roberts,6
5324,Mr. Manuel Pace MD,6
9698,Linda Strong,6
9517,Martin White,6
1762,Jennifer Rice,6
3185,Timothy Howard,6
2523,Meghan Lewis,6
9551,Daniel Hall,6
4559,Henry Allen,6
6049,Ashley James,6
5203,Shelly Miller,6
5441,Christopher Vargas,6
4708,Eric Gonzalez,6
226,Heather Pena,6
8279,Devon Mullins,6
7184,Adam Cole,6
5380,Julia Murray,6
6355,Matthew Coleman,6
4713,Kimberly White,6
117,Ryan Newman,6
8845,Kayla Shannon,6
1475,John Valentine,6
1172,Stephanie Parker,6
7836,Katie Grimes,6
9116,Scott Mendoza,6
5132,Melissa Reed,6
2392,William Cooper,6
795,Diana Miller,6
7172,Tammy Pearson,6
5882,Jacob Williams,6
81,David Brewer,6
5993,Victoria Jones,6
7608,Erik Jones,6
7568,Larry George,6
2843,Tammy Harper,6
4575,Tracey Hoffman,6
1119,Amy Davis,6
3632,Melissa Perry,6
6848,Eric Williams,6
3414,Gregory Morales,6
3719,Nathaniel Taylor,6
5908,Kayla Johnson,6
7248,Stephen Morrow,6
7500,Jennifer Quinn,6
7269,Jonathan Martinez,6
8879,Kathleen Smith,6
8317,Monique Gonzales,6
6519,Christian Stephens,6
3400,Charles Davis,6
8882,Stephanie Cobb,6
60,Latoya Miller,6
4021,Jeffrey Herman,6
1461,Marcia Sanders,6
4144,Mr. James Chapman MD,6
9048,Dylan Thomas,6
2718,Amber Castillo,6
8428,Justin Snyder,6
1098,Elizabeth Bryan,6
5519,Mark Mays,6
8699,Stephen Rice,6
7348,Anne Golden DDS,6
8869,Steven Gonzalez,6
2612,Raymond Ford,6
3116,Nicholas Phillips,6
4914,Julie Benson,6
5792,Jacqueline Olson,6
8787,Deborah Baldwin,6
4626,Jeffery Smith,6
1214,Brian Higgins,6
6265,Adam James,6
8577,Derek Johnson,6
4667,Chris Harris,6
5401,Sharon Harris,6
6679,Cheryl Weaver,6
4902,Nichole Cruz PhD,6
8809,Janet Johnson,6
4698,William Stone,6
5883,Shawn Hernandez MD,6
990,Adrian Martinez,6
4792,Sydney Hall,6
4560,Ashley Klein,6
4578,Andrew Smith,6
8399,Manuel Ferguson,6
8004,Jeff Lane,6
7210,Kaitlin Vasquez,6
5356,Adam Fields,6
9132,Leslie Campbell,6
9800,Jennifer Huff,6
9240,Jamie Jackson,6
708,David Palmer,6
1778,Timothy Mcguire,6
9601,Shane Dawson,6
9743,Julia Garcia,6
1962,Angela King,6
4076,Laura Livingston,6
4254,Lisa Mendoza,6
1982,Ronald Gordon,6
1443,Daniel Nelson,6
1314,Jordan Jones,6
1344,Matthew Kemp,6
8997,Karen Ingram,6
2263,Samantha Taylor,6
6018,Dr. Johnny Price Jr.,6
909,Steven Vazquez,6
1241,Ann Hansen,6
366,John Savage,6
9879,Karen Jackson,6
412,Leah Rodriguez,6
7260,Paul Jimenez,6
6314,Lisa Vazquez,6
5291,George Greene,6
1630,Bryan Howard,6
2336,Victor Pratt,6
3434,Kevin Brewer,6
9584,Ariel Alexander,6
1758,Robert White,6
2634,Brenda Lewis,6
8120,Richard Martin DDS,6
3025,Zoe Lopez,6
7705,Christopher Schmitt,6
2692,Sarah Rice,6
1559,Ashley Bailey,6
5457,Robert Chan,6
2307,Mary Lopez,6
1049,Jennifer Barrett,6
7341,Carolyn Hart,6
1058,Thomas Watson,6
5629,Aaron Moore,6
7533,Edward Owens,6
2750,Brandon Martin,6
4727,Elizabeth Smith,6
9060,Jose Hudson,6
1539,Lance Murray,6
8623,Terry Barrett,6
4822,Jeffrey Foster,6
4106,Mariah Brown,6
1865,Scott Copeland,6
335,Sheena Burton,6
2830,Matthew Dawson,6
9816,Kathryn Wilson,6
7188,Alicia Rowland,6
1532,Edward Rowland,6
5541,Andrew Miranda,6
1395,Tiffany Randolph,6
9911,Amanda Lopez,6
5030,Donald Robinson,6
5323,Kim Levine,6
7673,Cole Woods,6
231,Paul Anderson,6
6133,Danielle Steele PhD,6
2323,Jake Young,6
1803,Morgan Smith,6
2245,Shelly Martin,6
5687,Timothy Miller,6
4415,Sean Reynolds,6
9965,Stephen Edwards Jr.,6
7008,Vanessa Gomez,6
8044,Leslie Lara,6
2971,Carlos Ponce,6
8197,Austin Dickerson,6
6616,Brett Williams,6
9571,Emily Lopez,6
512,Anthony Jacobson,6
2678,Anthony Joseph,6
4477,Robert Hendricks,6
8601,Gerald Callahan,6
8511,Jessica Mendoza,6
4616,Ashley Kim,6
8087,Rose Cobb DVM,6
9613,Robert Leach,6
8892,Anthony Benson,6
4701,Jaime Kline,6
3708,William Johnson,6
6043,Kyle Davis,6
6339,Kyle Swanson Jr.,6
5028,Matthew Roberts,6
9271,Wendy Vega,6
5494,Paul Wilson,6
9739,Aaron Webster,6
661,Mary Davis,6
2783,Michael Wallace,6
9966,Sue Christensen,6
1015,Carolyn Johnson,6
9870,Robert Glass,6
710,Derek Gentry DVM,6
2815,Joshua Taylor,6
2661,Andrew Hughes,6
8208,Lance Davis,6
9321,Nathan Frank,6
230,Sara Kelly,6
7938,Sean Harper,6
3937,Dalton Doyle,6
2937,Adam Christian,6
6282,Jennifer Wise,6
3211,Diane Watkins,6
1106,Krista Vargas,6
9403,Mrs. Brittany Robinson,6
4688,Benjamin Fox,6
1606,Patty Walker,6
4519,Julie Robinson,6
4791,Julie Shaw,6
3580,Amy Delgado,6
4188,Deborah Reeves,6
4239,Rachel Cole,6
1531,Bailey Love,6
8995,Christina Murphy,6
6544,Christopher Fernandez,6
482,Michael Vega,6
7054,Marcus Lin,6
8210,Lisa Harris,6
331,Jennifer Henry,6
1578,Daniel Pierce,6
6625,Peter Davies,6
9257,Anthony Knight,6
3824,Robert Robertson,6
7202,Christopher Williams,6
6951,Edward Adkins,6
9565,Emily Miller,6
4029,Tina Duncan,6
7564,Kevin Cervantes,6
4978,David Martin,6
8509,Cassandra Cummings,6
5508,Austin Fischer,6
9811,Jessica Walker,6
3407,Yvonne Lewis,6
7506,Teresa Stewart,6
8936,Cathy Larson,6
9177,David Ray,6
7249,Brad Bailey,6
4557,Natalie Moran,6
6729,Stephen Johnson,6
3085,Christopher Carter II,6
6990,Sarah Weaver,6
8313,Danielle Sparks,6
2182,Brian Hoffman,6
3122,Gregory Elliott,6
673,Erin Carter,6
7405,Carlos Mcdonald,6
4522,Laura Meyer,6
1852,Dominic Bennett,6
128,Joel Frazier,6
9548,Eric Kelly,6
9276,Daniel Mcclain,6
8692,Victoria Herrera,6
8470,Craig Fletcher,6
8246,Tracey Fox,6
8444,Thomas Carpenter,6
7113,Wendy Stone,6
2304,John Baker,6
5500,Michael Mckee,6
1311,Richard Jackson,6
7216,Sylvia Hunt,6
8785,Pamela Rowe,6
3253,Ashley Stark,6
2882,Gregory Kemp,6
1813,Amanda Sims,6
6013,Whitney Thomas,6
1207,David White,6
5110,Yvette Stewart,6
5853,Aaron Garcia,6
8007,Christopher Mendoza,6
6793,Tracy Becker,6
9674,Mr. Christopher Thomas,6
8900,Pamela Brown,6
3171,James Vaughn Jr.,6
4176,Alex Boyer,6
922,William Davis,6
955,Tyler Vasquez,6
882,Jeremy Summers,6
9216,Tammy Johnson,6
7433,Timothy Curtis,6
2920,Miranda Smith,6
395,Rachael Alvarez,6
6841,Robin Dixon,6
516,Jake Tran,6
8334,Jessica Sullivan,6
8824,Jose Smith,6
4398,Richard Owen,6
1571,Jason Thornton,6
8561,Devin Harrison,6
9901,Elizabeth Johnson,6
9485,Trevor Jones,6
2514,Julie Chapman,6
4403,Gabrielle Leonard,6
5962,Mr. James Petersen,6
6107,Deborah Morris,6
135,Wanda Garcia,6
7367,Mr. Nicolas Hughes,6
4752,Crystal Hicks,6
6858,Debra Rivera,6
7258,Stephanie Harper,6
2795,Gerald Cook,6
5097,Mario Braun,6
836,Eduardo Hall,6
2360,Vanessa Bass,6
4000,Dr. Crystal Castro DDS,6
5157,Jeffrey Griffin,6
1174,Savannah Estrada,6
101,Julie Moore,6
3627,Chris Green,6
4746,Yvonne Edwards,6
2926,Jackson Rangel,6
5287,Amy Brown,6
8324,Kylie Williams,6
83,Benjamin Thompson,6
3417,Mia Holden,6
4625,Eric Boyd,6
7138,Mason Smith,6
4885,Allen Miller,6
326,Mr. Joseph Kelley,6
4041,Michael Hampton Jr.,6
674,Nicole Norman,6
9250,Walter Brown,6
6788,Gabriel Arnold,6
8909,Rodney Boyer,6
2061,Karen Powell,6
6244,Erin Klein,6
7139,Debbie Glover,6
4702,Jeffrey Johnson,6
8045,Michelle Osborn,6
5569,Thomas Hoffman,6
8071,Eric Stewart,6
7609,Joyce Hill,6
3245,Robyn Bishop,6
9935,Michael Robertson,6
5558,Heather Martin,6
7080,Brianna Osborn,6
8655,Jonathan Wilson,6
2207,Justin Keller,6
6456,Robert Byrd,6
7074,Cesar Small,6
7688,Courtney Perez,6
9962,Jennifer Cole,6
9364,Brenda Gill,6
5352,Kenneth Choi,6
6547,Linda Hayes,6
1002,Patrick Proctor,6
9450,Scott Watkins,6
9289,Stephen Rodriguez,6
8783,George Miller,6
1750,Marissa Wade,6
9728,Brenda Fuller,6
76,Chelsea Barnett,6
4461,Cassidy Smith,6
2510,Autumn Snyder,6
9256,Heather Webster,6
1113,Timothy Robinson,6
5496,Corey Lewis,6
2393,Troy Krueger,6
485,Keith Bauer,6
8291,Peter Bradshaw,6
1832,Samuel Vargas,6
1751,Teresa Baker,6
1134,Nicole Sanchez,6
8628,Robin Odonnell,6
1670,Carlos Stephens,6
3031,Gordon Simmons,6
877,Joseph Wang,6
7383,Yolanda Massey,6
8858,Alexander Franklin,6
4236,Matthew Sullivan,6
8710,Cassandra Wilson,6
3119,Joseph Rogers,6
2680,Taylor Hendricks,6
9192,Sabrina Smith,6
3914,Lisa Parker,6
1791,Kathy Horne,6
9315,Mark Cervantes,6
8789,Michael Petersen,6
3964,Nicole Jackson,6
1228,Ryan Carter,6
2279,Ryan Johnston,6
2450,Joshua Farmer,6
2762,Sandra Hunt,6
4287,Andrea Perez,6
8642,Dylan Martinez,6
1359,Joshua Sanders,6
859,James Bryant,6
7974,Brian Lawson,6
6877,Autumn Martin,6
2367,Connie Gallegos,6
9531,Joseph Hayes,6
3255,Mr. Manuel Ray,6
9058,Lisa Davis,6
8377,Donna Blackwell,6
5552,Jordan Hudson,6
5829,Roberto Gomez,6
2481,Lisa Robertson,6
1361,Emily Reed,6
4608,Daniel Jones,6
4976,James Hayes,6
9133,Travis Kemp,6
1462,Tanya Hall,6
2478,Matthew Hester,6
1192,Darrell Stein,6
1252,Cesar Watts,6
2270,Terri Preston,6
6060,Sarah Jones,6
2522,Tony Davis,6
1719,William Baker,6
2206,Stephen Williams,6
6965,Daniel Flores,6
2658,Jennifer Gonzalez,6
2271,Jennifer Johnson,6
9095,Bryan Moore,6
4264,Samantha Jacobson,6
4359,Chloe White,6
8841,Kelly Parsons,6
3901,Steven Mitchell,6
8277,Rebecca Nichols,6
5427,Robert Nelson,6
6121,Sean Boyer,6
5049,Kevin Jones,6
1223,Alexandria Carrillo,6
7455,Tommy Underwood,6
4370,Cody Leon,6
23,Jean Carrillo,6
8391,Robert Wyatt,6
2485,William Fleming,6
8895,Jessica Griffin,6
3927,Patricia Brown,6
6305,Colleen Farrell,6
3760,Gregory Sloan,6
8812,Michael White,6
1890,Holly Johnson,6
4631,Christopher Cook,6
3948,Mathew Garcia,6
2550,Jeffrey Smith,6
7332,Linda Sanchez,6
4495,Emily Walker,6
8883,Gabriel Ware,6
8228,Lindsey Frazier,6
7148,Tracey Frazier,6
1439,James Jones,6
8616,Jennifer Lee,6
9390,Monica Gomez,6
9863,Maria Ramos,6
4793,Kevin Salazar,6
1001,Jerome Cole,6
1187,Donald Smith,6
7294,William Duffy,6
1157,Heidi Mullins,6
1275,Joseph Rosales,6
345,Micheal Perkins,6
6058,Christopher Davis,6
8020,Carla Miller,6
1120,Paul Jennings,6
4242,Joseph Peters,6
5090,Marie Bennett,6
4017,Christopher Castillo,6
2219,Dustin Myers,6
3020,Carlos Ramos,6
3977,Jennifer Rowland,6
3919,Jason Taylor,6
6303,Marcus Roberts,6
8417,Shelby Bailey,6
2959,Lisa Thomas,6
6566,Melissa Williamson,6
7128,Robert Le,6
8843,Steven Evans,6
5554,Natasha Perez,6
2621,Kayla Morgan,6
804,Eileen Taylor,6
4647,David Mcmahon,6
9007,Stephanie Olson,6
2366,John Young,6
4050,Tara Brown,6
4152,Mrs. Megan Hamilton,6
4551,Shane Rodriguez,6
6549,Hunter Blake,6
1985,Alexis Duffy,6
8549,Jesse Watkins,6
5240,Deborah Harding,6
300,Marissa Nelson,6
1597,Stephen Zavala,6
4622,Scott Bullock,6
4818,Megan Jacobs,6
9640,Sarah Henderson,6
3863,Jodi Dixon,6
5852,John Brown,6
8225,Raymond Livingston,6
205,Gregory Allen,6
4888,Emily Clark,6
3740,Jennifer Moore,6
4535,Travis Johnston,6
5941,Lisa Ross,6
1926,Christopher Hahn,6
427,Benjamin Mccarty,6
9394,Susan Yates,6
815,Katherine Gay,6
1440,Gregory Deleon,6
5147,Bobby Williamson,6
4181,Kayla Jones,6
5422,Gina Bernard,6
2339,Brianna Henderson,6
1518,Jennifer Arnold,6
7664,Patrick Villegas,6
3589,Elaine Holmes,6
9127,Christopher Wells,6
1453,Olivia Hayes,6
5058,Jason Craig,6
5020,Stephanie Rose,6
2213,Russell Crawford,6
3545,Jason Lopez,6
473,Megan Macias,6
3564,Lisa Fisher,6
9953,Jon Peters,6
6322,Jamie Smith,6
4149,David Hutchinson,6
5300,Shane Williams,6
6950,Matthew Choi,6
7160,April Mack,6
6703,Wendy Johnson,6
62,Casey James,6
1389,Lori Weaver,6
2818,William Chavez,6
1694,Thomas Kelly,6
1102,George Walsh,6
5625,Jeremy Guerrero,6
4895,Sherry James,6
9463,Donald Dickerson,6
8479,Jonathan Rocha,6
9137,Kenneth Campbell,6
1570,Christian Booth,6
6025,Jon Reyes,6
3608,Kathryn Clark,6
2019,Robert Mathews,6
7766,Steven Black,6
3232,Kristin Austin,6
6888,Dwayne Dickson,6
8624,Brian Kent,6
41,Janet Weeks,6
3812,Katrina Carter,6
8248,Terri Nguyen,6
7523,Andrew Torres,6
3154,Amanda Kennedy,6
2608,Thomas Mcgee,6
4731,Sean Rivera,6
6692,Angela Moore,6
9074,Ronnie Alvarado,6
8283,Jennifer Hubbard,6
3902,Angela Black,6
7923,Robin Moon,6
5328,Allison Cox,6
3005,Kevin Ortiz,6
6111,James Clark,6
7432,Jared Nixon,6
9342,Elizabeth Yu,6
7725,Amy Thomas,6
8159,Maria Powell,6
4913,Matthew Garner,6
9270,Wendy Hernandez,6
7887,Kyle Hansen,6
7935,Kimberly Gutierrez,6
7207,Brooke Silva,6
267,Alexander Miller,6
9167,Lee Mcfarland,6
2432,Ryan Cohen,6
1452,Carol Baker,6
6774,Michael Moore,6
6264,Ryan Thompson,6
5673,Shaun Johnson,6
9419,John Watson,6
4111,Stephanie Green,6
290,Shawn Evans,6
9662,Courtney Tyler,6
2812,Dennis Russell,6
2013,Brett Fleming,6
4740,Glen Roth,6
219,Samantha White,6
8408,Eric Lewis,6
7536,Dustin Greene,6
9716,Timothy Turner,6
7917,Alexandra Lopez,6
8636,Crystal Lewis,6
3475,Tyler Welch,6
7463,Brooke Park,6
7472,Shawna Rodriguez,6
3405,Samantha Barnett,6
7707,Sabrina Woods,6
8258,Joseph Juarez,6
4781,Patrick Bartlett PhD,6
9490,Vicki Jennings,6
3471,Jorge Johnson DDS,6
6140,David Harris,6
5978,Karen Clark,6
9804,Donald Berger,6
8850,Sandra Burnett,6
3577,Jean Glenn,6
9840,Tommy Nichols,6
5602,Dr. Harold Blake,6
5824,Jennifer Rojas,6
8256,Rebecca Alexander,6
1720,Matthew Adams,6
1195,Carl Schmidt,6
536,Timothy Miller,6
8476,Stephanie Harrington,6
2163,Maria Simmons,6
4562,Kimberly Kline,6
5513,Jennifer Richardson,6
9472,Dennis Edwards,6
8055,Gabriel Perez,6
2513,Christine Price,6
606,Maria Sanders,6
7538,Nicole Wolf,6
2005,Jonathan White,6
3401,Karen Barnes,6
8646,Jack Barnes,6
7231,Douglas Ruiz,6
6842,Lindsay Jones,6
5511,Pamela Short,6
5797,Maureen Maxwell,6
9656,James Tucker,6
6765,Mrs. Lauren House,6
9039,Stacy Fleming,6
1933,Melissa Harris,6
8027,Tamara Hughes,6
6629,Nicholas Petty,6
7330,Gregory Bailey,6
696,Trevor Weeks,6
2577,Taylor Sanders,6
1590,Jeremy Garza,6
5725,Ann Copeland,6
8813,Joseph Odom,6
6481,Emily Choi,6
8842,Ian Bryant,6
8951,Nathan Avila,6
2931,Jessica Austin,6
2000,Taylor Robinson,6
4623,Kayla Mcbride,6
7797,Mark Bell,6
6195,Linda Beltran,6
4283,Anna Lucas,6
2058,Nicole Kennedy,6
3376,Andrea Hoffman,6
1500,Travis Shannon,6
5609,Christine Morris,6
6228,Sheri Stokes,6
5700,Maria Perez,6
5942,Robert Wilson,6
242,Marcus Lopez,6
7296,Shirley Watts,6
5844,Elizabeth Lynch,6
6803,Denise Olson,6
4183,Ryan Adams,6
3687,Jackson Moore,6
67,Steven Cooper,6
8460,Joseph Sutton,6
4374,Nicole Case,6
2965,Dylan Rowland,6
2944,Alicia Malone,6
7780,Elizabeth Erickson,6
207,Brittany Stevens,6
6230,Jennifer Manning,6
5348,David Bowman,6
8053,Jeffrey Snyder,6
174,Melinda Compton,6
9786,Eric Reed,6
7474,Rebekah Taylor,6
436,Brian Morris,6
3297,Tim Dawson,6
4944,Bryan Jackson,6
1575,John Moore,6
2293,Charles Cooper,6
3370,John Medina,6
6963,Patricia Cox,6
7239,Stephanie Watson,6
3033,Nicholas Miles,6
4788,Elizabeth Decker,6
4582,Justin Martin,6
9904,Tyler Turner,6
1489,Jennifer Gomez,6
5031,Kyle Gallagher,6
9343,Kyle Nelson,6
5762,Phillip Perez,6
1960,Brooke Chang,6
8671,Travis Davis,6
5907,Christine French,6
8757,Maria Miranda,6
9339,Richard Alexander,6
6375,Michael Downs,6
3411,Debbie Lowery,6
8178,Charles Dawson,6
4573,Stephanie Taylor,6
5238,Lauren Watson,6
6879,Molly Fuentes,6
306,Jennifer Chen,6
6677,Jennifer Jackson,6
5976,Edward Barnes,6
1883,Stephanie Hawkins,6
4165,John Tapia,6
7355,Philip Parker,6
3584,Jessica Henry,6
8268,Michaela Taylor,6
1351,Peter Davila,6
8641,Roy Garcia,6
7641,Keith Johnson,6
3768,Richard Shelton,6
4478,Jennifer Hicks,6
1418,Robert Nguyen,6
6725,Nicholas Diaz,6
6344,Diana Zimmerman,6
2276,Andrew Beltran,6
4462,Wendy Johnson,6
6512,David Charles,6
8051,Karen Roberts,6
3928,Nicholas Graves,6
684,Gregory Holland,6
8145,Charles Burke,6
5424,Catherine Vasquez,6
5018,Victor Lang,6
2124,Frederick Juarez,6
2169,Anne Miller,6
8941,Robin Perez,6
7547,Rita Stark,6
3193,Ashley Taylor,6
3837,Stacey Stevenson,6
8344,Gerald Ruiz,6
4950,Andrew Newman,6
8322,Betty James,6
6545,Marcus Cochran,6
6220,Tyler Gutierrez,6
8135,Anthony Nelson,6
2126,Amy Grant,6
8231,Mark Grimes,6
8682,Jennifer Allen,6
5499,Arthur Lam,6
1416,Corey Davis,6
7976,George Yang,6
2991,Peter Moore,6
6141,Tricia Dawson,6
2226,Stephanie Hahn MD,6
261,Wendy Neal,6
4614,John Mosley,6
2532,Michael Martin,6
8475,Jack Davis,6
2945,Monica Tran,6
865,Madison Anderson,6
3566,Timothy Pratt,6
4856,Tammy Wagner,6
4624,Stephen White,6
8405,Leslie Lawson,6
5488,Natasha Reyes,6
5461,Lisa Andrews DDS,6
6124,Courtney Green,6
4038,Edward Greer,6
3943,Joshua Herrera,6
4001,Connor Payne,6
5233,Thomas Ryan,6
5854,Alex Buckley,6
3313,Michael Tran,6
9762,Caleb Hammond,6
1348,George Haney,6
2228,Gregory Munoz,6
1459,Terrance Mullins,6
3975,Lynn Walker,6
2715,Crystal Miller,6
4215,Jessica Caldwell,6
2813,Sandra Jordan,6
8620,Patrick Hernandez,6
2218,Martin Williams DVM,6
8464,Brian Arnold,6
2636,Stephanie Salazar,6
7324,Susan Bryan,6
766,Ann Moon,6
7806,Christopher Villarreal,6
3717,Maria Mcintyre,6
5592,Holly Deleon,6
900,Amber Chapman,6
7363,Kevin Rosario,6
7968,Johnathan Sanchez,6
8073,Jennifer Mckenzie,6
5012,Norma Weeks,6
477,Victoria Wilson,6
8639,Nancy Diaz,6
1502,Daniel Brandt,6
3191,Patrick Zimmerman,6
9205,Ryan Clark,6
6165,Denise Le,6
9842,Russell Williams,6
4576,Keith Gallegos,6
9523,Jamie Hanson,6
789,Raymond Costa,6
8212,Ashley Thomas,6
2673,Karla Mcdaniel,6
7903,Lance Glover,6
4197,David Holmes,6
603,Aaron Miller,6
7989,Ashley Robinson,6
94,Reginald Knapp,6
2967,Ann Gonzalez,6
2725,Steven Yang,6
9627,Collin Snyder,6
6952,Robert Hill,6
6183,Kimberly Foster,6
2466,Mary Simmons,6
1447,Andrew Reyes,6
2997,Randy Jones,6
5464,Tracy Nunez,6
6827,David Martin,6
881,Bryan Hardy,6
6723,Allison White,6
2770,Robert Johns,6
6402,Andrea Skinner,6
5591,Craig Cabrera,6
2016,Jeanette Odonnell,6
2841,Natalie Ewing,6
3395,Ronald Fox,6
1924,Matthew James,6
7038,Jessica Smith,6
7415,Tanya Flores,6
5483,Joseph Little,6
5481,Christopher Martin,6
8014,Eric Lyons,6
983,Kristin Flores,6
4228,Garrett Gillespie,6
430,Luke Reynolds,6
8023,Joshua Smith,6
729,Melissa Pierce,6
2531,Terry Farmer,6
4070,Ashley Anderson,6
9569,Dr. Spencer Levy,6
1568,Carl Adams,6
2187,Susan Spencer,6
2857,Dr. Patricia Dunlap,6
1345,Kelly Allen,6
2611,Samuel Carroll,6
7811,Kevin Day,6
3337,Melinda Ramsey,6
4710,David Collier,6
5243,Jake Velez,6
8077,Lisa Allen,6
7062,David Lynch,6
6302,Kevin Mason,6
9422,Kevin Taylor,6
5547,Douglas James,6
3665,Whitney Mclaughlin,6
8330,Corey Rosales,6
4521,Donald Griffin,6
7288,Amber Gonzalez,6
9138,Jonathan Burns,6
9120,Robert Ford,6
6930,Lisa Price,6
7799,Julie Romero,6
1210,Edwin Mendoza,6
2840,Joshua Little,6
8085,Brandon May,6
6207,Harry Hall,6
5751,Scott Perez,6
3424,Donna Clay,6
3235,Krista Ward,6
7335,Jessica King,6
9552,Jennifer Hensley,6
7000,James Campbell,6
1673,Nicole Gould,6
3418,Kathryn Key,6
2575,Dr. Sierra Gibson,6
9920,Elizabeth Sanchez,6
774,Sheila Mendoza,6
8749,Dylan Maxwell,6
3791,Lindsey Cannon,6
4846,Walter Mendez,6
9903,Diane Cardenas,6
2470,David Fernandez,6
5643,Robert Rice,6
5379,Colin Gonzalez,6
593,Kevin Myers,6
7789,Evelyn Gonzalez,6
5662,Sheryl Adams,6
3886,Joseph Peters,6
3050,Taylor Mccarthy,6
5189,Mary Evans,6
8422,Autumn Woodward,6
3403,Gregg Myers,6
2023,Jennifer Davis,6
7398,Richard Bradford,6
1698,Jessica Roberts,6
3623,Victoria Gomez,6
1905,Steven Berg,6
558,Jason Payne,6
5249,George Brown,6
5915,William Watson,6
471,Angie Torres,6
269,Ronald Williams,6
287,Miguel Rodriguez,6
7738,Mrs. Lori Miller,6
9298,Katelyn Gibson,6
5310,Justin Jones,6
1352,David Wright,6
7591,Joshua Jenkins,6
1549,Brandy Allen MD,6
4189,Evan Johnson,6
8937,Christopher Owens,6
5738,Brenda Schaefer,6
5202,Martin Owen,6
757,Benjamin Martinez,6
3306,Abigail Anderson,6
7243,Michelle Michael,6
5919,Kerri Hernandez,6
7165,Gabriel Bailey,6
1608,Julia Rose,6
6525,Reginald Johnson,6
4531,Wesley Calhoun,6
5062,Phillip Gonzalez,6
8539,Jonathan Thompson,6
8536,Austin Smith,6
5929,Cody Reed,6
5530,Deborah Clark,6
6645,Lori Wong,6
8648,Lindsay Johnson,6
1044,Walter Howard,6
4318,Rachael Austin,6
3012,Timothy Reed,6
3239,Benjamin Contreras,6
6881,Kim Rollins,6
5264,Derek Hamilton,6
6773,Jonathan Rodriguez,6
6623,Kristin Herrera,6
7217,Elizabeth Morris,6
8186,Danielle Sherman,6
8010,Christina Greer,6
3281,Scott Simmons,6
5910,Lisa Bennett,6
2731,Alex Smith,6
5810,Christina Gilmore,6
8516,Mary Kirk,6
3814,Angela White,6
6828,Maria Patterson,6
9687,Mark Snyder,6
4349,Dawn Lee,6
4570,Heather Mitchell,6
9573,Samantha Sharp,6
7110,Michael Grimes,6
3009,Paul Vang,6
7156,Devin Cannon,6
5795,Tammy Lester,6
7720,Benjamin Mills,6
2114,Jason Perez,6
4125,Amanda Dominguez,6
217,Christopher Guzman,6
9487,Regina Marquez,6
4094,Jeffrey Brown,6
5043,James Edwards,6
3181,Theresa Smith,6
3678,Melissa Ford,6
1950,Erika Vega,6
5889,William Johnson,6
4967,Larry Nguyen,6
298,Dr. Linda Underwood,6
3213,Anna Padilla,6
1713,Sharon Holland,6
9086,Kimberly Gonzalez,6
6620,Emily Donovan,6
898,Jeffrey King,6
1474,April Salazar,6
501,Beth Lewis,6
5184,Mallory Lucas,6
969,Megan Fitzgerald,6
1781,Kenneth Nelson,6
8617,Wesley Richardson,6
3030,Curtis Wright,6
4450,James Acosta,6
4780,Earl Lawson,6
9040,Jeffrey Ibarra,6
9810,Felicia Williams,6
3248,Karen Ray,6
9533,Sierra Becker,6
7567,James Mosley,6
6717,Eric Woodard,6
186,Michael Conner,6
6173,Anita King,6
3340,Megan Lee,6
6159,Penny Carlson,6
8338,Christopher Clarke,6
8022,Chad Rose,6
5194,Laurie Ward,6
1874,Michael Miller,6
2179,Emily Miller,6
2129,Jillian Hernandez,6
3818,Brian Atkinson,6
1986,David Bennett,6
469,Carolyn Potts,6
2374,Robert Dean,6
4272,Shannon Kerr,6
2148,Cody Booker,6
8064,Matthew Harrison,6
8515,April West,6
561,Victoria Delgado,6
1804,Christina Sosa DDS,6
2872,Ricky Ortega,6
7101,Jaime Watson,6
4776,Joseph Booker,6
4722,James Hamilton,6
9036,Amanda Young,6
3458,Kevin Cameron,6
5191,William Ortega,6
5295,Tyler Daniels,6
4033,Roger Reeves MD,6
439,Lisa Brown,6
7721,Daniel Rodriguez,6
409,Eric Garrett,6
6684,Nicholas Shepherd,6
8280,Gina Maldonado,6
4434,Richard Harvey,6
5686,Alison Scott,6
4074,Frances Lewis,6
8434,Jason Carter,6
3603,Robert Giles,6
6522,Christopher Edwards,6
1535,Lori Duran,6
4532,Tonya Lam,6
9035,Michelle Mendoza,6
8625,Keith Maxwell,6
6584,Jeremy Wiley,6
1880,Jo Edwards,6
7943,Allison Porter,6
4594,Duane Bishop,6
4457,Tiffany Floyd,6
2456,Daniel Rice,6
7587,Kimberly Perez,6
402,Thomas Nelson,6
8908,Sarah Williams,6
9854,Reginald Robinson,6
519,Jenna Jensen,6
614,Cody Johnson,6
1278,April Schultz,6
95,Edwin David,6
799,Jessica Williams,6
6226,Joseph Myers,6
6630,Gabriela Craig,6
507,Timothy Martin,6
8517,Jonathan Marks,6
6109,Marvin Moore,6
6189,Paul Sullivan,6
6998,Tracy Phillips,6
9563,Edward Cowan,6
1406,Laura Miller,6
6268,Mrs. Stephanie Stone,6
2570,Lisa Diaz,6
1596,Amy Wolfe,6
8468,Samuel Williams,6
9079,Ashley Barber,6
7893,Tiffany Hernandez,6
4140,Suzanne Morgan,6
1360,Kurt Montgomery,6
3051,Anita Dunn,6
7614,Jared Leblanc,6
6970,Craig Franklin,6
3647,Robert Barber,6
4147,Brenda Ali,6
4087,James Ortiz,6
11,Kevin Mills,6
2925,Jamie Ortiz,6
6334,Richard Poole,6
4154,Ann Williams,6
6764,Donald Deleon DDS,6
108,Shawn Odom,6
8705,Jesse Morris,6
2190,Sarah Zhang,6
2847,Dylan Davis,6
7801,Kenneth Martin,6
5663,Rachel Cherry,6
811,April Benjamin,6
129,Michael Flores,6
7600,Malik Kent,6
8709,Michael Hoffman,6
8614,Samantha Russell,6
3422,John Garcia,6
9416,Heather Roman,6
488,Jennifer Carr,6
6263,Robert Barnes,6
8665,Sandra Kramer,6
3787,Justin Colon,6
3167,Katherine Cruz,6
6366,Anthony Anderson,6
4069,Seth Bradley,6
9508,Ronnie Shah,6
3462,Edwin Perry,6
2391,Kyle Smith,6
7615,Mark Miles,6
8223,Kyle Lopez,6
5296,Tina Robbins,6
6238,David Wong,6
9561,Jacob Mann,6
3635,Tara Russell,6
3690,James Johnson,6
1567,Tonya Spears,6
9312,Anna Banks,6
5305,Brian Anthony,6
9393,Terri Anderson,6
1863,Ann Allen,6
9527,Elizabeth Brown,6
5067,David Vaughn,6
5794,Samuel Hill,6
1042,Joshua Nelson,6
9492,Hannah Oconnor,6
2313,Vanessa Simmons,6
1404,Kyle Bell,6
2760,Dr. Melissa Moore,6
7200,Kristin Miller,6
6353,Michelle Ali,6
4227,Kelsey Henderson,6
1482,Robert Lin,6
7889,Jeffrey Valdez,6
8033,Linda Campbell,6
3046,Jeffrey Medina,6
5349,Regina Burton,6
976,Michelle Barrett,6
9286,Joshua Collins,6
1047,Cathy Wyatt,6
241,Connie Miller,6
1990,Nicole Pittman,6
6488,Christopher Johnson,6
4429,Mr. Jonathan Moore,6
4028,Christopher Roth,6
3521,Terry Noble,6
1118,Julie Johnson,6
2819,Timothy Johnson,6
812,Marcus Zamora,6
6671,Nicholas Smith,6
8217,Teresa Knight,6
1390,Corey Shaffer,6
9314,Vicki Petersen,6
4696,Stephanie Carpenter,6
9179,Justin Ford,6
4841,Christopher Stein,6
2973,Leon Hutchinson,6
212,Tina Jackson,6
9814,Samantha Huerta,6
8805,Christian Harper,6
6383,Isaac Nunez,6
30,Nathan Freeman,6
440,Donna Johnson,6
7337,Julie Payne,6
8569,Michael Stevens,6
4268,Thomas Brady,6
8198,Mark Smith,6
7020,Bobby Walton,6
1963,Erin Pollard,6
2828,Karen Gray,6
8894,Dawn Harmon,6
3399,Carl Strong,6
4454,Amanda Thomas,6
2452,Steven Williams,6
3413,Kathy Davis,6
2979,Michael Kelly,6
213,Brenda Ryan,6
694,Jennifer Blackwell,6
9825,Jessica Lambert,6
2050,Riley Hurst,6
8711,Antonio Alexander,6
3697,Caroline Wilson,6
2416,Peter Munoz,6
6529,Steven Weeks,6
1013,Alan Rivera,6
4490,Kimberly Gray,6
8574,Joseph Andrews,6
2875,Derrick Smith,6
6084,Sherry Vaughn,6
9046,Donald Arias,6
5714,Patricia Moore,6
6505,John Hunt,6
6391,Christine Bowers,6
7029,David West,6
5873,Jason Miller,6
2742,Michelle Clark,6
5038,Jesse Rowe,6
2259,Peggy Chambers,6
3192,Timothy Williams,6
9363,Derrick Bailey,6
3701,Mark Contreras,6
6210,Tanya Bennett,6
2255,Mrs. Lisa Castillo DDS,6
7122,Brandon Allen,6
6325,Kevin Cooley,6
3696,Danielle Moss,6
3544,Bradley Lewis,6
7697,Emily Weaver,6
1306,Timothy Trevino,6
4052,Susan Young,6
5911,Levi Johnson,6
2383,Nancy Soto,6
1879,Jon Edwards,6
44,Cynthia Cohen,6
5239,Aaron Stokes,6
3250,Steven Wade,6
7835,Matthew Mccarty,6
9733,Candace Parsons,6
8550,Sally Thompson,6
4488,Mary Berry,6
1508,Joseph Ali,6
3228,Melissa Perez,6
4711,Stephanie Rose,6
2048,Steven Buchanan,6
3442,Hayley Alvarez,6
9244,Kimberly Chandler,6
9411,Alicia Buchanan,6
4666,John Rollins,6
6490,Brady Ford,6
163,Nicholas Rush,6
5823,Anna Mclean,6
5559,Charles Hutchinson,6
8953,Jose Carter,6
7240,Sierra Macias,6
5387,Kristen Rivera,6
3441,David Lee,6
4636,Michael Williams,6
5772,Karen Powers,6
826,Jaclyn Williams MD,6
2242,Ronald Brooks,6
2740,Sean Lewis,6
7212,Patricia Perkins,6
1522,Crystal Franklin,6
463,Lauren Reeves,6
3293,Benjamin Mccullough,6
6656,Dwayne Porter,6
8137,Donna Moore,6
4767,Claudia Stanley,6
2696,Joanna Alexander,6
7085,Jeffrey Potts,6
5121,Sara Nguyen,6
4391,Rebecca Christensen,6
8270,Richard Stevens,6
7485,Matthew Blake,6
22,George Orozco,6
2212,Steven Cook,6
4096,Angel Adams,6
7077,Robert Vasquez,6
8392,Jared Ward,6
7247,Robert Jenkins,6
399,Tyrone White,6
3433,Kyle Pena,6
450,George Jordan,6
1892,Jamie Cooper,6
751,Brianna Hodges,6
9182,Haley Garner,6
5585,Adam Marquez,6
9333,Michele Stevens,6
6288,David Daugherty,6
5353,Scott Cooper,6
1939,Sherry Mclaughlin,6
1692,James Gray,6
3348,Mark Bridges,6
8013,Theresa George,6
80,Heather Williams,6
7011,Mark Martinez,6
1542,Nicholas Blevins,6
4548,Lynn Lewis,6
3617,Megan Powell,6
7244,Andrew Jones,6
1392,Sharon Wright,6
9916,Diana Taylor,6
2988,Christina Pham,6
2369,Thomas Travis,6
3684,Brian Clayton,6
1239,Lori Howard,6
8928,Kristopher Robinson,6
3903,Daniel Chapman,6
9954,Rebecca May,6
9643,Mike Jones,6
1347,Christopher Odom,6
9603,Ashley Perez,6
4946,Robert Ferguson,6
9506,Patricia Taylor,6
4225,Justin Barnes,6
432,Jennifer Smith,6
4540,Amanda Tran,6
4442,Maria Williams,6
8018,Maria Moyer,6
4874,George Perry,6
7693,Erika Brown,6
4503,Meagan Harrington,6
9764,Colton Church,6
5209,Jessica Miller,6
866,Tony Price,6
4911,Laura Serrano,6
2736,Joseph Harris,6
2484,Aaron Estrada,6
6697,Timothy Chan,6
3644,Adam Nelson,6
1920,James May,6
8035,Daniel Johnson,6
3631,Gina Pierce,6
2429,Christopher Gutierrez,6
3056,Austin Gonzales,6
9993,Anthony Anthony,6
6316,Tara Durham,6
8057,Donna Collins,6
5954,Kristen Martinez,6
3334,Jessica Scott,6
2343,Mrs. Robin Baker,6
8672,James Davis,6
9218,Nathan Cruz,6
1369,Matthew Love,6
2159,Jeffrey Riley,6
9361,Daniel Gardner,6
3593,Christina Kennedy,6
9661,Gary Kennedy,6
4136,David Harper,6
3386,Mark Miles,6
3605,Eric Nelson,6
2079,Stephen Barker,6
9849,Brenda Miller,6
171,Jessica Osborn DDS,6
6429,Darrell Powell,6
7441,Chris Lopez,6
4195,Margaret Hampton,6
3023,Victoria Barnes,6
9865,Eduardo Cox,6
2701,Julie Walker,6
8548,Michael Brooks,6
3745,Hannah Thompson,6
7821,Daniel Esparza,6
6455,Dillon Watson,6
8820,Eddie Sims,6
2122,Carrie Horne,6
2850,Leah Scott,5
7662,Michael Phillips,5
5697,Ricardo Strong,5
2784,Stephen Davis,5
2204,Jasmine Mack,5
1373,Timothy Thomas,5
2749,Tammy Clark,5
9612,Douglas White,5
4289,Rachael Travis,5
2054,Joel Figueroa,5
2702,Charles Patterson,5
5604,Michelle Guerrero,5
3834,Rebecca Hanson,5
824,Robert Burke,5
5719,Andrew Grant,5
266,Jennifer Jenkins,5
3199,Thomas Phillips,5
6458,Rebekah Haynes,5
7064,Angela Nicholson,5
5763,Wayne Dean,5
7418,Gary Wallace,5
3755,William Hartman III,5
8613,Michael Yang,5
3530,Rebecca Hall,5
3463,William Fox,5
667,Chad Hurley,5
9771,Michael Lloyd DVM,5
2073,Jonathan Hudson,5
9890,Sophia Gomez,5
7942,Jonathan Thomas,5
4719,Nicholas Sullivan,5
944,Colleen Padilla,5
6331,Richard Roberts,5
948,Laura Grimes,5
981,Robert Williams,5
6091,Randall Good,5
9413,Aaron Brooks,5
6473,Matthew Evans,5
7711,Gregory Williams,5
8814,Adriana Hill,5
7541,Leroy Wilson,5
3133,Edward Evans,5
1185,Leslie Miller,5
7566,Nicholas Levy,5
99,Julie Lee,5
7388,Mark Graves,5
4194,Paul Chandler,5
7105,Danielle Juarez,5
8766,Ethan Mcdaniel,5
5961,Kelly Robinson,5
5100,Melissa Benson,5
9334,David Olson,5
4995,Jason Park,5
1579,Angelica Stein DDS,5
838,Natasha Stone,5
6575,Jonathan Zhang,5
9041,William Obrien,5
7565,Michael Sweeney,5
188,Sandra Dudley,5
4232,Jeremy Smith,5
2155,Mackenzie Nelson,5
5994,Juan Morris,5
2153,Jeffrey Hill,5
7798,Paul Marks,5
9202,Raymond Hickman,5
3876,Antonio Martin,5
2695,Dawn Melendez,5
369,Tammy Fields,5
6151,James Flores,5
8661,Patrick Lee,5
3792,Brittany Wright,5
2816,Phillip Ferguson,5
2199,Samantha Garcia,5
4924,Amy Parker,5
6601,Jacob Harmon,5
8815,Susan Ware,5
8554,Lisa Carter,5
8600,Donald Bryant,5
9360,Christopher Patterson,5
5572,Stacey Smith,5
7988,Allison Delgado,5
3000,Melissa Stokes,5
5964,Richard Day,5
8238,Rachel Miller,5
4998,Jessica Scott,5
9448,Blake Russell,5
7316,Maria Brown,5
535,Jay Parks,5
5040,Cynthia Mcmillan,5
3672,Danielle Thomas,5
9100,James Price,5
7739,Tanya Barnett,5
4350,Gary Guzman,5
1305,Kayla Chapman,5
2679,Jennifer Thomas,5
7501,Christopher Franklin,5
5386,Lisa Thomas,5
8832,Anna Goodwin,5
7235,Michael Davis,5
7852,Erin Reynolds,5
1293,Alejandro Clayton,5
4444,John Jones,5
5710,Makayla Keller,5
8438,Justin Brown II,5
6441,Ashley Mendez,5
8745,Gary Baird,5
3781,Joshua Williams,5
6567,Rebecca Mcdonald,5
5872,Robert Davis,5
1752,Edgar Miller,5
6398,Kevin Jackson,5
9654,Kenneth Johnson,5
2606,Tyler Moore,5
1509,Richard Franco,5
2075,Marc Lambert,5
8974,Cynthia Ross,5
7858,Rodney Rogers,5
7680,Kristen Meza,5
2215,Mary Turner,5
1728,Robert Brown,5
7775,Sheila Moore,5
5363,Brad Miller,5
7599,Susan Bowman,5
9694,Christine Garcia,5
2756,Brent Holland,5
8220,Megan Lewis,5
9146,Dwayne Bennett,5
29,John Bishop,5
7323,Mark Wright,5
1650,Jeffrey Cooper,5
1965,Thomas Fletcher,5
9961,Nathan Daniel,5
8698,Christopher Gill,5
9420,Nicole Allen,5
1991,Peter Thompson,5
3906,Kevin Ramsey,5
4717,Robin Rodriguez,5
3481,Brian Heath,5
7254,Joshua Potts,5
659,Mario Stout,5
8887,Grant Fritz,5
7179,Julie Hawkins,5
6847,James Burton,5
9707,Nancy Gonzales,5
4113,Wanda Webb,5
4438,Cheryl Rogers,5
9234,Andrew Wright,5
4285,Debra Russell,5
6393,Nicholas Jennings,5
4118,Jeremy Henderson,5
4759,Brooke Allen,5
3016,Katie Elliott,5
6313,Kimberly Cameron,5
1930,Joseph Curtis,5
5699,Curtis Atkins,5
5199,Walter Ramsey,5
8221,Joseph Valdez,5
8042,Thomas Mendez DDS,5
8477,William Ramos,5
7095,Ronald Golden,5
9577,Cory Lopez,5
1035,Monica Brown,5
3361,Kaitlin Scott,5
4220,Andrew Romero,5
4972,Jacob Simmons,5
5667,John Mccoy,5
2253,Dr. Vanessa Dean DDS,5
4757,Katherine Rogers,5
3797,Jennifer Bell,5
4014,Joshua Silva,5
7055,Jonathan Hamilton,5
8935,Adrian Cantrell,5
971,Courtney Tate,5
1707,Nicholas Sampson,5
2433,Randy Wallace,5
1169,Bryan Brown,5
1138,Randall Johnson,5
4724,Tammy Fletcher,5
5764,Lisa Boyle,5
755,Eric Petersen,5
1031,Michael Jackson,5
5989,Danny May,5
8853,Molly Morrison,5
1636,John Hudson,5
1882,Connie Tucker,5
339,Brenda Perez,5
2647,Eric Ramsey,5
591,Victoria Massey,5
8376,Kimberly Savage,5
5635,Christine Jackson,5
1074,Michael Norris,5
1999,Brandi Ferguson,5
6542,Tony Hurst,5
8222,Kathryn Murray,5
8531,James Cooper,5
7642,Jason Blackburn,5
9757,Alisha Anderson,5
2730,Joshua Moreno,5
9174,Cheryl Houston,5
4397,Grant Jacobson,5
6324,Amber Pena,5
7068,Jennifer Wade,5
5171,Melissa Daniels,5
5841,Chad Fowler,5
3465,John Phillips,5
5474,Natalie Johnson,5
4423,Jon Owens,5
7150,Mrs. Mary Wallace,5
3575,Michael West,5
6836,Sarah Freeman,5
8030,James Caldwell,5
7647,Jennifer Richard,5
8315,Joy Rasmussen,5
9215,Brandon Bell,5
5059,Janice Hines,5
3454,Kayla Lang,5
100,Brandon Holden,5
4159,Charles Smith,5
3491,Bradley Beck,5
9158,Eric Bush,5
9220,Jeremiah Brown,5
8583,Tracy Mitchell,5
5940,Jacqueline Huynh,5
5344,Anna Boyer,5
3756,Mr. James Sanchez,5
9705,Jared Mayer,5
1494,Jonathan Wright,5
3464,Angela Morse,5
1307,Angel Johnston,5
4007,Andrea Goodwin,5
1830,Amy Bass,5
9310,Jordan Marshall,5
5583,Carla Brewer,5
9893,Maria Moreno,5
508,Dustin Ortiz,5
8525,Tonya Wilkinson,5
2553,Jody Rogers,5
2610,David Berry,5
5267,Christopher Murray,5
9703,Robin Juarez,5
7895,Dylan Davis,5
9045,Kathleen Garcia,5
6292,Phillip Gates,5
1718,Rachel Erickson,5
4706,Sharon Andrews,5
428,Jasmine Berger,5
7845,Kathleen Haas,5
3430,Jesse Allison,5
7255,Jennifer Simmons,5
5123,Jason Franco,5
5304,Justin Boyer,5
84,Allison Spencer,5
3651,Brittany Schneider,5
1815,Matthew Ball,5
1062,Ronald Edwards,5
1862,Heather Hudson,5
7028,Robert Hawkins,5
3404,Christina Williams,5
7276,Michelle Wilson,5
5364,Katrina Hayes,5
778,Robin Cooper,5
984,Sheri Hoover,5
6800,David Bradford,5
3263,Antonio Mendoza,5
9996,Emily Cantu,5
4735,Michael Pacheco,5
1146,Cody Woods,5
3428,Justin Davis,5
6801,Marvin Garza,5
756,Sherri Little,5
9680,Brianna Johnson,5
1808,Margaret Chen,5
1257,Chad Johnson,5
9611,Elizabeth Evans,5
748,Douglas Grant,5
4660,Madison Rodriguez,5
4712,Kimberly Schmitt,5
4015,Johnny Hughes,5
3845,Ronald Obrien,5
3322,Samantha Graham,5
8605,John Rogers,5
6176,Brenda Wallace,5
8893,Victor Krause,5
4276,David Montoya,5
2878,Joseph Silva,5
7888,Jason Richardson,5
7081,Mr. Wayne Lloyd,5
9430,Whitney Delgado,5
3996,Teresa Murphy,5
210,Paul Berger,5
6560,Steven Fitzpatrick,5
1077,Timothy Maxwell,5
9254,Jorge Perez,5
3420,Bryan Vasquez,5
9141,Kevin Smith,5
4909,Kayla Ramos,5
1370,Michael Brooks,5
4352,Angela Leonard,5
884,Daniel Singh,5
4185,Susan Hicks,5
8281,Jason Craig,5
3931,Hunter Rogers,5
1137,Daryl Olson,5
2315,John Olson,5
6890,Melissa Jones,5
5420,Scott Nguyen,5
3933,Daniel Miller,5
7768,Joshua Chase,5
8618,Amy Griffin,5
7527,Andrew Rodriguez,5
8993,James Jones,5
1472,Rhonda Livingston,5
9108,Kevin Mora,5
7537,Marvin Dean DDS,5
3215,Gerald Lewis,5
6266,Patricia Sanford,5
9697,Robert Turner,5
4090,Pamela Reid,5
5804,Vanessa Brooks,5
806,Michelle Greer,5
9294,Mrs. Jessica Hughes,5
2861,Adam Hartman,5
6686,Richard Barker,5
6215,Melissa Williamson,5
6291,Ryan Richardson,5
45,Rebecca Jackson,5
3002,Elizabeth Hansen,5
5297,Mark Farrell,5
1790,Jennifer Moore,5
1577,Deanna Padilla,5
1802,Christine Barker,5
7708,Joseph Schneider,5
9778,Tanya Phelps,5
5360,Christine Davenport,5
9096,James Bryan,5
6621,Carl Bowen,5
6678,Ernest Johnson,5
1478,Rebecca Thompson,5
3177,Zachary Mcclain,5
8141,Doris Miller,5
4304,Brittany Johnson,5
3825,David Johnson MD,5
3550,Jeremy Frederick,5
5261,Roger Griffin,5
3798,Laura Rios,5
5612,Ann Roy,5
3770,Beth Hamilton,5
2071,Rick Mcdowell,5
1464,Gina Chang,5
1196,Chad Franklin,5
7998,Carrie Washington,5
8219,Jamie Adkins,5
2529,Jason Wilcox,5
6536,Megan Perkins,5
6509,Meagan Franklin,5
9109,Robert Salinas,5
8958,Jesse Hill,5
2665,Eric Patton,5
5095,Crystal Ray,5
1117,James Mcmillan,5
7384,Jeffrey Ford,5
4665,Dr. Erika Pittman,5
1696,Kimberly Kelly,5
9156,Nancy Wilson,5
7661,Laura Cortez,5
6838,Lisa James,5
1376,Carol Murray,5
6513,Michael Davis,5
6427,Karen Tucker,5
3479,Jennifer Gonzales,5
6843,Shawn Lopez,5
543,Jeanne Butler,5
8431,Daniel Miller,5
9159,Shawn Christian,5
8611,Ryan Velasquez,5
6590,Jesse Rodriguez,5
8092,Brenda Boone,5
9170,Benjamin Spencer,5
2798,Deanna Collier,5
8450,Tracy Smith,5
1672,Megan Singh,5
2378,Brett Nunez,5
6759,Karen Fernandez,5
2717,Amanda Williams,5
9637,Barbara Humphrey,5
2874,Angela Peterson,5
8015,Allison Henry,5
9382,Larry Gonzales,5
6098,Craig Roberts,5
8580,Joshua Hernandez,5
7586,Sally Davidson,5
3661,Brandon French,5
586,Robert Gross,5
2317,Brittney Andersen,5
4315,Joel Anderson,5
5485,Kristina Moore,5
5355,Charlotte Mays,5
6811,Ellen Burgess,5
2436,Charles Gross,5
9937,Paul Villarreal,5
765,David Perez,5
1277,Anthony Carlson,5
9837,Michael Johnson,5
364,Samuel Williams,5
1797,Dr. Paul Ashley,5
9204,Sherry Owens,5
437,Kyle Bird,5
5593,Meagan Holmes,5
2624,Mr. Marvin Jensen,5
4839,Ashley Stephens,5
5901,Christine Taylor,5
875,Dr. William Walker MD,5
7653,Mrs. Cindy Walls,5
4763,Michele Cook,5
5938,Brandon Thompson,5
291,Samantha Howard,5
2376,Joe Evans,5
6737,Gabriel Ortiz,5
5666,Emily Lynch,5
6170,Latasha Cochran,5
9173,Candace Nichols,5
8309,Sharon Patel DVM,5
3946,Latoya Nelson,5
109,Elijah White,5
5904,Carly Norris,5
9196,Lauren Howard,5
8409,Olivia Christian,5
2081,Adam Williams,5
4824,Michael Baker,5
3104,Michael Davis,5
8931,Edward Williams,5
9843,Jennifer Snyder,5
3360,Terri Gordon,5
798,Ryan Montes,5
7522,Jeffrey Martin,5
5473,Micheal Lopez,5
2895,Mitchell Scott,5
7097,Emily Ramirez,5
4354,Aaron Sanchez,5
9630,Kevin Marshall,5
8449,Jason Petersen,5
4384,Kristin Nelson,5
5266,Vernon Adkins,5
4282,Sergio Higgins,5
5044,Edward Wilson,5
1876,Jonathan Flores,5
1103,Julie Smith,5
4366,Tiffany Ruiz,5
8551,John Turner,5
9737,Christy Burke,5
1709,Amy Hicks,5
3408,Tonya Tate,5
3225,Brandon Flowers,5
8523,Kendra Yang,5
4367,Cheryl Keller,5
9296,Kristin Moore,5
8439,Barbara Coleman,5
9160,Gail Jarvis,5
9221,Eric Roman,5
4105,Cindy Warner,5
8300,Shannon Payne,5
6108,Dennis Nichols,5
2080,Cristian Foster,5
3817,Daniel Roth,5
3793,Bonnie Thompson,5
1493,Cynthia Nguyen,5
8562,David Wright,5
9869,Zachary Johnson,5
6660,Michaela Cervantes,5
6999,Joshua Lawson,5
8436,Michael Cook,5
160,Evan Rojas,5
6946,Benjamin Burns,5
6257,Denise Peck,5
5414,Dalton Jimenez,5
8856,Christina Moore,5
5692,Tammy Smith,5
3761,Chelsea Graham,5
7290,Lisa Hurst,5
3078,Rick Cardenas DVM,5
3732,Gregory Harrington,5
8731,Erik Jimenez,5
3769,Tyler Noble,5
4479,Heidi Klein,5
1279,Mrs. Ashley Mooney,5
6275,Nathaniel Drake,5
3176,Christopher Walker,5
4892,Tabitha Miller,5
1828,Anthony Graham,5
4274,Mark Copeland,5
6928,Danielle Bates,5
7570,Kenneth Ortiz,5
6217,James Byrd,5
7963,Stephen Collins,5
3526,Lori Davidson,5
1434,Brianna Warren,5
1250,Veronica Decker,5
2345,Jennifer Bell,5
7788,James Lewis,5
4084,Nathan Lewis,5
6980,Jerome Stevens,5
5444,Larry Johnson,5
1561,Selena Robinson,5
3229,Kenneth Lam,5
4984,Nicholas Dominguez,5
2800,Donald Hanson,5
1793,Claudia Howard,5
1476,Holly Owen,5
675,Scott Washington,5
4416,Jonathan Gray,5
9939,Gregory Lamb,5
1145,Donald Roberts,5
3626,Holly Alexander,5
8889,Matthew Watson,5
9873,Nina Martinez,5
280,Miss Sarah Duncan,5
5445,Timothy Lewis,5
1647,Melissa Vasquez,5
1944,Gloria Andrade,5
5557,Shelley Weaver,5
5159,Jessica Cooper,5
4923,Todd Washington,5
3131,James Li,5
1173,Michael Jenkins,5
7710,Christine Frederick,5
2448,Mary Anderson,5
1097,Deborah Patel,5
3519,Deborah Bennett,5
8735,Andrew Garcia,5
4933,Tammy Rowland,5
2602,Michael Cox,5
4538,Patricia Knight,5
5079,Cynthia Reed,5
7879,Danielle Craig,5
6077,Jennifer Davis,5
6796,Erica Goodwin,5
3784,Amy Swanson,5
7163,Jeffery Bolton,5
1052,Dylan Valenzuela,5
6923,Katherine Jackson,5
3288,Charles Roberts,5
693,Randall Anderson,5
7660,Stephanie Ramirez,5
119,Melissa Miller,5
2473,Barbara Ware,5
1820,Kenneth Campbell,5
1943,Holly Perry,5
9519,Sandra Palmer,5
123,John Jones,5
6667,Michelle Harris,5
9947,Michael Boyd,5
49,Roger Olson,5
7460,Casey Blanchard,5
781,Bailey Young,5
7678,Laurie Vance,5
8325,Matthew Garcia,5
8775,Jeremy Jones,5
3652,Vernon Phillips,5
6318,Brittany Taylor,5
125,Robert Long,5
5374,Leslie Hicks,5
5372,Carolyn Floyd,5
2419,Nicholas White,5
6083,Natalie Allen,5
2068,Jill Reyes,5
8386,Edwin Sanders,5
7236,David Welch,5
3801,Heather Thomas,5
3988,Terri Douglas,5
7758,Leah Thompson,5
6768,Natasha Long,5
6708,Cynthia Simon,5
7629,Jonathan Johnson,5
7170,Kevin Jones,5
9152,James Wallace,5
3328,Albert Moss,5
5597,Louis Montoya,5
8036,Mark Sanchez,5
623,Andrew Rodgers,5
1971,Amy Moore,5
4443,Kelly Matthews,5
9243,James Thornton,5
7228,Scott Mitchell,5
903,Christopher Morris,5
4807,Christopher Hickman DVM,5
1490,Debra Greer,5
736,Tracey Lopez,5
9164,William Wilkins,5
3416,Robert Hunter,5
9130,Seth Evans,5
2989,Jonathan West,5
1385,Adrian Snow,5
4820,Janet Garcia,5
5640,Daniel Carrillo,5
8308,Michael Ryan,5
2222,Thomas Smith,5
9047,James Burton III,5
3898,Judith Mitchell,5
2505,Douglas Marshall,5
3238,Thomas Thomas,5
7559,Kelly Armstrong,5
2458,Beverly Wood,5
9502,John Miller,5
8736,Jennifer Mitchell,5
572,Todd Hill,5
7687,Zachary Porter,5
3349,Brian Oneal,5
1946,Jeffery Walker,5
332,Jill Riddle,5
4868,Jason Vargas,5
2554,Douglas Gonzales,5
5514,Crystal Gallagher,5
7748,Mary Black,5
3709,Devon Barnes,5
9834,Seth Spears,5
9410,Teresa Perry,5
5177,Andrew Smith,5
3999,Lauren Castro,5
5837,Joseph Pearson,5
5945,Daisy Gregory,5
9432,John Campbell,5
2362,Gregory Burnett,5
1626,Ana Douglas,5
1204,Amber Lopez,5
3188,Melissa Watkins,5
9617,Julia Curtis,5
9003,April Morgan,5
4249,Michael Ramsey,5
3949,Vincent Wright,5
3323,Donald Vaughn,5
721,Tracie Harrington,5
9968,Patricia Russell,5
3776,Kevin Chung,5
4621,Courtney Sawyer,5
6992,Kyle Barnes,5
4801,Brenda Goodman,5
3302,Christopher Elliott,5
4310,Veronica Brady,5
6633,Michael Decker,5
5115,Sandra Bell,5
827,Alice Weber,5
1394,Michael Ellis,5
3102,Alexander Calhoun,5
5821,Jennifer Rodriguez,5
1957,Deborah Osborne,5
6742,Scott Watson MD,5
4937,William Ward MD,5
9813,Anita Long,5
2889,Brandon Mccormick,5
2517,Glenn Brewer,5
5676,Mary Jones,5
9217,Robert Maldonado,5
3195,Stacey Turner,5
3578,Travis Hill,5
4787,Gabrielle Miller,5
5005,Frank Martin,5
4941,Jessica Skinner,5
6944,Robert Barnes,5
6104,Whitney Carter,5
515,Corey Frazier,5
2836,Brent Chang II,5
1423,Sandra Baker,5
265,Lauren Sutton,5
2689,Donna Webb,5
5051,Brenda Doyle,5
9756,Suzanne Robinson,5
413,Andrew Anderson,5
6337,Sean Weaver,5
8303,Jenna Carr,5
4062,Christopher Lee,5
9489,Dr. Ronald Todd,5
6218,Laura Goodman,5
4599,Zachary Fox,5
4883,Christopher Sanders,5
1833,Brian Perez,5
4481,Christian Duffy,5
7347,Thomas Brown,5
5969,Anthony Dougherty,5
2332,Adam Cole,5
6644,Gabriel Smith,5
4544,Amanda Cox,5
1194,Robert Solomon,5
9089,Courtney Bishop,5
2400,David Cohen,5
3001,Shawn Reid,5
4048,Zachary Graham,5
4999,Jessica Hardin,5
4427,Dennis Adams,5
9955,Barbara Williams,5
5849,Virginia Harris,5
4520,Lori Smith,5
8810,Michael Gomez,5
3828,Vanessa Campbell,5
9224,Emma Edwards,5
750,Deborah Moreno,5
2733,Ryan Martin,5
258,Deborah Ross,5
1708,Laura Murray,5
5677,Madeline Garcia,5
9031,Marie Dixon,5
7826,Daniel Bowers,5
1697,William Robinson,5
9802,Melissa Rubio,5
3212,Danny Martin,5
3041,James Bell,5
7325,Desiree Torres,5
4309,Kenneth Perez,5
8717,Raymond King,5
1227,Nicole Anderson,5
3178,Gina Porter,5
3111,Jessica Campbell,5
2559,Eric Marks,5
3920,David Todd,5
5250,Matthew Hamilton,5
9998,Kristen Jones,5
3727,Jesse Wilson,5
6187,Joel Peterson,5
7823,Victoria Walters,5
3739,Mary Marks,5
8673,James Ingram,5
9963,Emily Shah,5
3371,Renee Alvarado,5
5341,Jillian Medina,5
1627,Kyle Smith,5
2556,Ivan Velazquez,5
2053,Sean Johnson,5
3634,Adam Knight,5
7574,Troy Smith,5
5916,Stacie Young,5
9384,Sharon Morris,5
5838,Michael Erickson,5
2453,Matthew Vincent,5
6985,Kathleen Bird,5
8675,Christopher Cox,5
8001,Michelle Shaw,5
1529,Jesse Nixon,5
4890,Kevin Waters,5
2994,Mark Franco,5
5683,Ashley Brown,5
6359,Colleen Wilson,5
7834,Bradley Glover,5
994,Anthony Mueller,5
1099,Zachary Nichols,5
3742,Brett Flores,5
962,Felicia Hester,5
106,Julie Ball,5
5589,Jeremiah Jackson,5
7862,Michael Haley,5
3480,David Proctor,5
5011,Roy Martin,5
6833,Nicholas Jackson,5
389,Nathan Hobbs,5
5850,Angela Edwards,5
6690,Amber Clark,5
6746,Tyler Lopez,5
2542,Teresa Carpenter,5
4004,Rebecca Gardner,5
763,Lisa Watson,5
6997,Tony Gamble,5
6610,Michael Miller,5
3958,Emma Perez,5
3317,Caroline Peterson,5
8493,David Stone,5
5867,Kimberly Jones,5
7155,Joshua Brown,5
8335,Donna Odonnell,5
353,Kiara Simmons,5
4568,Lee Wheeler,5
7846,Jason Cardenas,5
4657,Pamela Mcclure,5
9880,Kelly Gates,5
5234,Daniel Williams,5
704,Angelica Smith,5
7443,Andrew Diaz,5
3542,Mikayla Schneider,5
4847,Holly Owen,5
6464,Brianna Hurley,5
5639,Isaac Brown,5
9798,Matthew West,5
9530,Willie Morris,5
2595,Peter Solis,5
4449,Mary Leonard,5
5168,Sandra Ball,5
282,Kelly Smith,5
8472,Jason Mejia,5
6479,Alec Montoya,5
6809,Jennifer Maxwell,5
1258,Brian Perez,5
1519,Melissa Hall,5
6295,Christopher Jones,5
1150,Matthew Price,5
5836,Jessica Griffin,5
5367,Donna Underwood,5
599,Joseph Harris,5
7034,John Brock,5
6376,David Johnson,5
9281,Paul Spence,5
4682,Melissa Rose,5
7036,Douglas Miller,5
2734,Anthony James,5
6580,Michael Soto,5
920,Scott Wood,5
1505,Corey Clark,5
1053,Matthew Sellers,5
8039,Cynthia Hill,5
2189,Troy Marshall,5
4451,Zachary Hall,5
6350,Michael Hall,5
5475,Nicole Carroll,5
6588,Ryan Smith,5
2180,Susan Hayden,5
2430,Alexandra Myers,5
8006,Mark Gibson,5
2976,Caroline Adams,5
1315,Jamie Velazquez,5
2687,April Montes,5
3124,Melissa Smith,5
6520,Rachel Skinner,5
4556,Jacqueline Orr,5
5470,Janet Hughes,5
9983,Rodney White,5
5786,Cheryl Smith,5
1743,Jessica Porter,5
9554,Lori Patton,5
4355,Susan Simpson,5
1130,Kenneth Short,5
6958,Darlene Taylor,5
6608,Stacy Ball,5
7953,Nancy Khan,5
2029,Bob Bridges,5
1071,Nina Combs,5
6895,Steve Reynolds,5
2327,Jesus Best,5
4729,Mindy Hodges,5
7454,Timothy Griffith,5
1801,Richard Scott,5
2635,Richard Perry,5
5214,Brianna Barton,5
403,Bryce Taylor,5
3280,Barbara Nash,5
8911,Emily Kramer,5
1858,Michael Hebert,5
2648,Lawrence Gaines,5
1521,Phillip Ellis,5
6731,Pamela Lowery,5
8903,Anita Wilson,5
3907,Jennifer Pham,5
5913,Charles Brown,5
552,Mary Jackson,5
959,James Ellis,5
3990,Jessica Williams,5
3736,Melvin Yang,5
9495,Jody Peterson,5
9476,Travis Barnett,5
957,Wanda Rogers,5
7041,Manuel Lawson,5
759,Tammy Mcdaniel,5
2014,Michael Moore,5
6755,Amy Chambers,5
6914,Megan Kelly,5
9190,Jorge Jennings,5
1069,Scott Brennan,5
5747,Kayla Hall,5
1032,Joseph Young,5
2934,Sarah Norris,5
6515,Crystal Ritter,5
2573,Nicholas Vazquez,5
4886,Timothy Burgess,5
7899,Kimberly Rodriguez,5
8865,Becky Brooks,5
9718,Amy Potter,5
8177,Michael Burke,5
771,Scott Martinez,5
4823,Dustin Eaton,5
5542,Steven Chambers,5
5033,Cynthia Mcdowell,5
8807,Gary Orr,5
2941,Patricia Haynes,5
1689,Marcus Knight,5
6099,Stephanie Ruiz,5
9652,Howard Brooks,5
4770,Sarah Bird,5
9759,Lisa Goodwin,5
5533,Gregory Jones,5
4409,Philip Hanson,5
2884,Michael Austin,5
1448,Michael Gomez,5
1290,Caitlyn Salazar,5
3183,Mike Ortiz,5
3166,Michael Gomez,5
9057,Amanda Taylor,5
3911,Christina Farrell,5
3006,Guy Rogers,5
8347,Jerry Levine,5
6558,Cameron Kelly,5
3663,Heather Young,5
3532,Melissa Jones,5
4678,Michael Parker,5
4297,Jose Ellis,5
8514,Kimberly Santana,5
3984,Wendy Taylor,5
5843,Nicholas Diaz,5
5729,Jeremy Martinez,5
2614,Cynthia Nelson PhD,5
2196,Jesus Baker,5
5540,Dale Gates,5
4683,Mary Powell,5
876,Arthur Gonzalez,5
6849,Alison Velazquez,5
9008,Michelle Gross,5
57,Jacqueline Hernandez,5
8499,Kenneth Owens,5
9960,Pamela Nolan,5
5619,Martin Miller,5
8443,Joshua Reed,5
7820,Jose Garcia,5
4579,Anna Lindsey,5
8452,Jennifer Rich,5
246,Brandon Moore,5
3497,David Hill,5
8798,Kimberly Mora,5
2140,Laura Foster,5
9821,Deanna Wilson,5
4635,Lynn Richardson,5
7994,Amanda Graham,5
4773,Jessica Clark,5
2683,Robert Simpson,5
5986,Catherine Gonzales,5
2099,Christine Lopez,5
182,Jennifer Pitts,5
5252,Luke Hernandez,5
3602,Shawn Wagner MD,5
2675,Lindsay Carter,5
2526,Deborah Pierce,5
4081,Melanie Conway,5
1848,Mark Harris,5
3991,Stephanie Smith,5
4430,Megan Schultz,5
3107,Kathleen Sandoval,5
521,Joseph Sanchez,5
9841,Kristine Craig,5
209,Matthew Wells,5
8402,Carol Wade,5
6256,Alexander Richards,5
494,Tim Miller,5
3300,Jacob Schwartz,5
1265,Megan Porter,5
1048,Erika Davis,5
5069,Andre Marshall,5
3960,Angela Hill DVM,5
2410,Lisa Strickland,5
5924,Theresa Smith,5
1503,Robert Huang,5
2494,Alexis Brown,5
935,Marie Davidson,5
2954,Dennis Anderson,5
5736,Sean Solis,5
7169,Jill Mathis,5
2737,John Camacho,5
6942,Sarah Jimenez,5
4114,Annette Bush,5
4032,Zachary Hansen,5
3905,Autumn Miller,5
8173,Drew Arellano,5
461,Marie Hill,5
1878,Daisy Hill,5
4723,Joseph Brown,5
1021,James Flores,5
7983,Daniel Gregory,5
9011,Susan Rodriguez DVM,5
8756,Louis Brown,5
7517,James Mccall MD,5
4700,Steven Roberts,5
3880,Anna Phillips,5
722,Stephanie Mullen,5
5333,Andres Acosta,5
5621,Michelle Flores,5
7299,Megan Callahan,5
7951,Mr. Terry Wright,5
1998,Patricia York,5
1451,Kayla Mccann,5
4734,Ashley Simpson,5
4613,Thomas Thomas,5
6246,Lindsey Weeks,5
6498,Denise Robinson,5
5893,Chad Reyes,5
7126,John Molina,5
7589,George Herrera,5
9308,Victoria Jackson,5
4766,Larry Mcgee,5
147,Michael Miles,5
3788,Jeremy Erickson,5
8000,Denise Jackson,5
1469,Heidi Nunez,5
2656,Jason Underwood,5
8867,Veronica Hoffman,5
8160,Lynn Morrow,5
1783,Stacy Jones,5
4421,Jessica King,5
5807,Jill Villarreal MD,5
2982,Danielle Fleming,5
2907,William Marquez,5
4044,Linda Brown,5
2055,Mr. Christopher Pham,5
9668,Elizabeth Gonzalez,5
2953,Amy Kim,5
9663,Tina Morgan,5
4051,Joel Mosley,5
4464,Kerri Rollins,5
3453,Laura Joseph,5
1028,Karen Decker,5
4872,Danielle Santos,5
8929,Mason Fletcher,5
8835,Lauren King,5
1432,Frank Martinez,5
9566,Mr. Joe Sosa II,5
1449,Tracy Hall,5
1737,Tara Frank,5
3125,Sean Jackson,5
3590,Stephanie Oneill,5
7209,Rick Scott,5
9558,Joy Jones,5
2234,Brian Shelton,5
7772,Christina Grant,5
2264,Virginia Lewis,5
9636,Cynthia Brown,5
1514,Katie Odonnell,5
1079,Brian Fernandez,5
6450,April Williams,5
565,Stephanie Bolton,5
5393,Catherine Palmer,5
553,Drew Wilson,5
5890,John Gilmore,5
5568,David Browning,5
2231,Mark Davis,5
2427,Nicholas Walker,5
3522,Lauren Hayes,5
9591,Jacob Phillips,5
5107,Darlene Rojas,5
2625,Kristin Tucker,5
5656,Andrew Malone,5
8357,Gregory Hernandez,5
3444,Emily Green,5
8425,Hannah Robertson,5
4685,Robert Spencer,5
4030,Carl Frazier MD,5
8706,Jordan Torres,5
5225,Laurie Conner,5
3268,Joe Rocha,5
5400,Savannah Cole,5
2759,Alexander Gonzalez,5
314,Cory Hogan,5
9616,Jeffrey Fisher,5
6668,Thomas Castro,5
9027,Aaron Hansen,5
1702,Walter White,5
8265,Sydney Garcia,5
1129,Amanda Sanders,5
9468,Sabrina Rodriguez,5
3242,Juan Haynes,5
2210,Jason Flynn,5
5037,Carlos Andrews,5
8963,Nicholas Silva,5
7934,Jennifer Thompson,5
9260,Brian Greene,5
8485,Lauren Barnes,5
1121,Jamie Clark,5
3895,Debra Phillips,5
5146,Ryan Roy,5
5306,Andrew Edwards,5
1714,Cynthia Ballard,5
8778,Lindsey Meyer,5
8101,Courtney Young MD,5
2732,Brenda Lutz,5
7071,Kim Hunter,5
1111,Elaine Lindsey,5
6221,Christopher Cooper,5
3650,Scott Haynes,5
3330,Timothy Knight,5
1183,Cheryl Stevens,5
2914,Molly Graham,5
6298,Danny Jimenez,5
2113,Oscar Williams,5
268,Courtney Powers,5
7135,Brian Cummings,5
7118,Natalie Kaiser,5
1981,Aaron Zamora,5
2142,Jacob Carrillo,5
3972,Brandon Nelson,5
6866,Jonathan Vincent,5
7406,Eduardo Osborn,5
7778,Sarah Baxter,5
9068,Danielle Marsh,5
7594,David Snow,5
3924,Lisa Martin,5
2724,Sean Lee,5
8128,Alicia Robbins,5
3839,Hector Avila,5
4649,Julie Murphy,5
3599,Jeffrey Bailey,5
8874,John Casey MD,5
2933,Todd Bishop,5
8707,Andrea Johnson,5
211,Austin Garcia,5
5727,Andrew Williams,5
6477,Jamie Lambert,5
5196,James Holland,5
8948,Eric Graham,5
6862,Deborah Moore,5
5679,Heidi Rivas,5
3535,Craig Chan,5
1045,Marvin Johnson,5
7827,John Rice,5
1558,Julie Mata,5
9596,Mary Lane,5
9944,Melissa Williams,5
8105,Beth Thomas,5
4974,Amber Wise,5
7674,Aaron Park,5
9186,Mary Carter,5
9805,Katrina Grant,5
9957,Dennis Santos,5
2593,Pamela Thomas,5
1030,Philip Chapman,5
803,Alice Robinson,5
4252,Ashley Campbell,5
220,Cassandra Valenzuela,5
8690,David Arnold,5
5232,Rebecca Wilson,5
4394,Andrew Zhang,5
2397,Dustin Wilson,5
9423,Allison Yoder,5
4164,Cynthia Brown,5
2581,Edward Butler,5
3040,Kathryn Stokes,5
1929,Nicole Johnson,5
7597,Cory Zimmerman,5
7857,Jeffrey Warner,5
7083,Tammy Strong,5
645,Brittney Moore,5
6523,Adam Carter,5
7312,Paul Hunter,5
8345,Thomas Collins,5
2232,Marc Arroyo,5
6119,Lori Carter,5
5241,Angie Fox,5
6294,James Hughes,5
9970,Brendan Turner,5
5922,Jose Rose,5
4361,Debra Walker,5
8700,Heather Lowe,5
1249,Madeline Kelly,5
1524,Dylan Brown,5
7507,Mary Rivers,5
7844,Richard Hill,5
1477,Anna Novak,5
2919,Logan Hardy,5
8743,Albert Freeman,5
4065,Caitlin Blackburn,5
1665,Gregory Archer,5
9208,Michael George,5
4896,Alyssa Jones,5
474,Daniel Rojas,5
5631,Andrew Dunlap,5
6076,Julia Schmidt DDS,5
7322,Joshua Nguyen,5
4395,Peggy Green,5
8446,Michael Robertson,5
5162,Samantha Wolfe,5
8119,Rebecca Stein,5
2390,Dr. Kristin Stanley,5
1272,Yvonne Adkins,5
3220,Kayla Bush,5
9672,Mitchell Vazquez,5
8114,Kelly Mckenzie,5
784,Joel Phelps,5
2034,Daniel Stevenson,5
7658,William Wright DDS,5
5357,Hunter Johnson,5
48,Stephanie Lucas,5
4243,Mary Olson,5
456,Joshua Murray,5
1281,Mark Hess,5
3897,Lauren Chavez,5
4119,Melissa Fletcher,5
8271,Christopher Ramirez,5
7314,William Holt,5
5661,Alicia Richardson,5
9454,Dr. Jeffrey Williams,5
2295,Leslie Horton,5
9693,Melissa Turner,5
2257,Chad Callahan,5
5690,Paul Bolton,5
4943,Dorothy Moran,5
396,Maria Cline,5
5428,Craig Weiss,5
3053,Marc Paul,5
2308,Johnny Harper,5
7005,Charles Browning,5
4697,Mark Duncan,5
8532,Jesse Mitchell,5
7649,Dennis Wallace,5
4860,Dwayne Wilkinson,5
8545,Tina Marshall,5
4327,Steven Hickman,5
1298,Sara Wallace,5
574,Jacob Carson,5
4961,Travis Powell,5
1496,Timothy Hall,5
1375,Victoria Kelly,5
1419,Bradley Montgomery,5
979,Taylor Martinez,5
7342,Hannah Allen,5
5122,Jeremy Carson,5
6115,Anthony Smith,5
5830,Bradley Ellison,5
580,Thomas Dodson,5
8276,Katherine Caldwell,5
6172,Curtis Jenkins,5
3472,Douglas Mitchell,5
7860,Brandy Hale,5
9085,Stacey Frazier,5
5934,Tammy Guerra,5
1408,Shannon Bass,5
8784,Trevor Davis,5
9736,Erin Harvey,5
3382,Jill Holmes,5
1166,Todd Hampton,5
8528,Timothy Stephens,5
7213,Barbara Robertson,5
6839,Daniel Lambert,5
2867,Andrew Montgomery,5
3945,Christopher Richards,5
2910,Aaron Donovan,5
7349,Priscilla Watkins,5
5652,Amanda Carlson,5
6502,Jason Green,5
2618,Diamond Kelly,5
9207,Miss Sandra Diaz,5
3667,Elizabeth Wall,5
410,Patricia Harvey,5
9699,Nicole Smith,5
7579,Charles Stein,5
3390,Kathleen Reed,5
810,Melissa Nelson,5
1710,Michael Parker,5
4166,Ashley Elliott,5
3579,Christopher Elliott,5
2017,Randy Brown,5
8255,Sharon Edwards,5
1365,Clinton Williams,5
2985,Tony Hall,5
1704,Cassandra Ross,5
3498,Alfred Collins,5
2662,Dawn Nelson,5
2457,Nathaniel Barrett,5
2294,Charlene Chase,5
6320,Russell Garcia,5
4764,Cory Simpson,5
2462,Gregory Ellis,5
1109,Tony Rodriguez,5
1842,Diane Jones,5
5603,Christine Brown,5
7790,Amanda Hartman,5
5599,Marvin Perry,5
1734,Michelle Beck,5
731,Jeremy Faulkner,5
9449,Jennifer Adams DVM,5
380,Sandra Williams,5
4216,Luis Decker,5
9597,Kelly Phillips,5
4305,Gregory Meyer,5
1772,Isabella Allen,5
1669,Cody Wilson,5
5072,Michael Mills,5
9785,Renee Kelley,5
2888,Linda Kline,5
7262,Dylan Smith,5
1722,Tracy Blankenship,5
9713,Jennifer Combs,5
604,Sarah Moses,5
3320,Christine Burke,5
8041,Breanna Barrett,5
1724,Patricia Ford,5
8289,Keith Wright,5
4564,Kevin Houston,5
8368,Cassandra Shepard,5
2384,Leslie Gray,5
2260,Joel Merritt,5
9888,Charles Schultz,5
5858,Sheri Kidd DDS,5
5221,Seth Wilson,5
5881,Jordan Braun,5
9547,Derek Sullivan,5
6880,Jennifer Smith,5
504,Kathryn Edwards,5
7395,James Martin,5
8127,Angela Miller,5
8108,Victoria Leach,5
9169,Kevin Ellis,5
6510,Beth Marquez,5
7871,Brenda Nelson,5
5293,Ryan Mccoy,5
7948,Dr. Kevin Russell,5
2144,Anthony Freeman,5
5260,Lydia Reyes,5
9163,Seth Young,5
5798,Michelle Gardner,5
9782,Beverly Thomas,5
7268,Ashley Brown,5
221,Jessica Mays,5
2251,Jacqueline Hudson,5
520,Caitlin Morris,5
7987,Janet Hill,5
2335,Brenda Lloyd,5
652,Steve Gamble,5
8230,Mr. Jason Frank,5
1560,Tammie Campbell,5
8174,Amanda Johnson,5
8034,Tina Perez,5
8058,Christie Holmes,5
2125,Dr. Ashley Walker,5
9750,Gregory Charles,5
1742,Phillip Gonzalez,5
8851,Michelle Evans,5
6939,Christopher Ellis,5
5875,Katie Johnson,5
1312,Jacqueline Barnes,5
2684,Donald Brown,5
8560,Theresa Kane,5
3282,Catherine Hunter,5
1776,James Anderson,5
1104,Raymond Reed,5
1992,Kimberly Wilson,5
2275,Carol Perry,5
9770,James Allison,5
2791,Jim Rogers,5
787,Anthony Randall,5
7052,Jill Martinez,5
3138,Andrea White,5
5917,Mark Schultz,5
3527,William Pennington,5
4133,Christopher Hayes,5
8115,Mallory Hobbs,5
6863,Billy Wong,5
9255,Maria Baird,5
1646,Kayla Quinn,5
9287,Karla Russell,5
6075,Andrew Edwards,5
2605,Christopher Villegas,5
7764,Jonathan Murphy,5
8644,Michael Johnson,5
937,Adam Holland,5
138,Judy Beck,5
8497,Maria Johnson,5
9632,Taylor Dawson,5
5610,Kevin Perez,5
3912,Jennifer Copeland,5
2999,Todd Zimmerman,5
5787,Paul Doyle,5
5529,Michael Glenn,5
6594,Alicia Hahn,5
7637,Jennifer Quinn,5
2782,James Aguilar,5
8158,Aaron Hubbard,5
5078,Christian Martinez,5
6055,Ray Ramirez,5
5920,Timothy Rivers,5
9235,Michael Santos,5
4947,Stephanie Pratt,5
7447,Jermaine Barrera,5
9029,Ricky Guzman,5
3069,Jerry Wallace,5
8414,Yesenia May PhD,5
3853,Steven Quinn,5
2700,Robin Durham,5
9724,Jack Conrad,5
9075,James Pruitt,5
6186,Jeffrey Mercado,5
8360,Bryce Miller,5
6248,Isaac Benjamin,5
283,Megan Nelson,5
4219,Jeanne Valdez,5
7127,Katie Gray,5
829,Alex Suarez,5
3517,Charles Graham,5
9774,Lisa Rice,5
7450,Anne King,5
9500,Kimberly Zavala,5
4338,Shannon Wheeler,5
1309,Matthew Gilmore,5
6014,Samuel Jackson,5
4083,Matthew Mcintosh,5
1775,Ashley Davis,5
455,Teresa Garner,5
9209,Tina Bond,5
2835,Raymond Randolph,5
3716,Nicholas Leblanc,5
9872,Sean Hicks,5
9267,Daniel Gonzalez,5
8998,Shannon Clements,5
4218,Vanessa Clark,5
8234,Danielle Cross,5
286,Steven Scott,5
7219,Amanda Rodriguez,5
907,Catherine Lopez,5
7954,Jacob Kirby,5
6931,Kimberly Diaz,5
5347,Jeffrey Singh,5
848,Danny Smith,5
8512,Michael Hughes,5
7018,Darryl Jackson,5
2135,Daniel Griffith,5
2123,Jorge Ross,5
9700,Natasha Rowe,5
3159,Veronica Sanders,5
5990,Daniel Deleon,5
9374,Andrea Williams,5
7757,Laura Le,5
208,Kimberly May,5
8239,Sean Guerrero,5
7173,Joseph Jones,5
4145,Sharon Brown,5
6364,David Young,5
4158,Kimberly Roach,5
7145,Kayla Rivas,5
1362,Kimberly Cummings,5
4554,David Davenport,5
7560,Lisa Jones,5
9396,Leslie Mccall,5
2365,Dr. Valerie Durham MD,5
9958,Patricia Conrad,5
2956,Robert Rowland,5
1594,Charles Collier,5
9092,Cynthia Williams,5
3162,Brian Maddox,5
8065,Amy Mathis,5
7397,Matthew Burton,5
1649,Vanessa Brown,5
9391,David Williams,5
9773,Stephen Simmons,5
7630,Julia Lopez,5
4294,Rebecca Harrison,5
7434,Renee Mooney,5
9950,Edward Alvarez,5
5469,Whitney Baker,5
1543,Manuel Bradley,5
8480,Rose Williams,5
7727,Brady Singleton,5
9503,Edward Henry,5
8166,Angel Jackson,5
1653,Amanda Paul,5
9155,James Stewart,5
9669,Dorothy Guzman,5
7001,Michael Knox,5
7053,Alan Shannon,5
9777,James Harris,5
5398,Gerald Blevins,5
4648,Jeremy Mooney,5
6857,Thomas Williams,5
9710,Joseph Anderson,5
2772,Bryan Allen,5
680,Kathleen Graham,5
6506,Phillip Tapia,5
7626,Jesse Baker,5
1826,Kayla Steele,5
7206,Leonard Moore,5
2806,Michelle Park,5
7471,Craig Lopez,5
7423,Juan Cabrera,5
9183,Megan Watkins,5
3844,Cynthia Cervantes,5
8638,Sarah Simpson,5
4230,David Spears,5
4530,Brittany Kidd,5
2216,Amanda Wade,5
2221,Raymond Gonzalez,5
1424,Michael Harris,5
7021,Joshua Davis,5
5002,Shannon Gonzales,5
5340,Tiffany Schultz,5
9884,Paul Armstrong,5
8701,Barry Hayes,5
2805,Susan Lopez,5
2095,Lori Mejia,5
4812,Shawn Jacobs,5
4663,James Beck,5
8571,Kelsey Tanner,5
3014,James Walter,5
3452,Mr. Daniel Dixon,5
7913,Patrick Colon,5
7792,Sarah Foster,5
9214,Cameron Ramirez,5
9145,Sarah Fox,5
7305,Joanne Thompson,5
3436,Dennis Gonzalez,5
6255,Wendy Ryan,5
8557,Pam Hunter,5
1436,Kevin Stafford,5
4960,Henry Ford,5
3681,Lee Santana,5
2223,Suzanne Brown,5
105,Janet Kane DVM,5
5894,Jackie Taylor,5
467,Christian Riddle,5
2026,Douglas Franco,5
1177,Cameron Smith,5
2978,Michael Huff,5
4662,Jenna Faulkner,5
5709,Mark Guzman,5
7044,Cathy Salas,5
2489,Bruce Gonzalez,5
9871,April Smith,5
1873,Daniel Wilkerson,5
2102,James Brown,5
9201,Kelly Hodges,5
6118,Brandi Allen,5
8385,Mr. Richard Terry,5
4205,Joanne Berry,5
4439,Rebecca Allen,5
1220,Anthony Jones,5
5884,Ashley Vega,5
1581,Joseph Merritt,5
5950,Troy Stevenson,5
198,Carrie Ochoa,5
1089,Jared Smith,5
4703,Nicole Hall,5
1000,Joy Dorsey,5
9692,Tracey Ryan,5
3610,Maria Reed,5
5092,Brenda Johnson,5
8202,Jonathan Salas,5
1530,Blake Schaefer,5
5402,Kristin Vincent,5
8961,Lisa Miller,5
5471,Whitney Garcia,5
6752,Devin Hodge,5
1420,Jonathan Martinez,5
6872,Harold Lawrence,5
1128,Jason Ellis,5
946,Gregory Hart,5
6251,Eric Cannon,5
6641,Jonathan Sanford,5
8111,Phillip Reynolds,5
4448,Thomas Tyler,5
7732,Richard Ellis,5
3805,Brittney Ayala,5
9303,Michael Hansen,5
578,Jonathan Hernandez,5
2652,Steven Collier,5
9923,Tina Williams,5
7745,Derrick Richardson,5
3639,Louis Ali,5
3749,Richard Young,5
4022,Brian Mitchell,5
5985,Madison Ferrell,5
9921,Joshua Simmons,5
5099,Dominique Wilkerson,5
6017,Vanessa Miller,5
9975,Melissa Smith,5
391,Danielle Murphy,5
4910,Paul Lewis,5
5682,Taylor Wright,5
8302,Christopher Snyder,5
4139,Deborah Blake,5
1325,Catherine Monroe,5
5806,Shane Lawson,5
27,Miguel Jones,5
143,Charles Hill,5
4916,Katie Sanchez,5
2752,Sharon Evans MD,5
7376,Randall Gaines,5
5984,Ryan Parsons,5
850,Jon Ramos,5
4676,Christopher Mayer,5
8754,Diamond Leach,5
7073,Sarah Munoz,5
483,Susan Pena,5
6926,Candace Reid,5
4632,Daniel Harding,5
127,Mary Kelly,5
8415,Alexander Mills,5
2839,Amber Smith,5
8381,Diana Williams,5
9881,Jonathan Hughes,5
7345,Daniel Cuevas,5
5370,Christian Adams,5
5429,Mrs. Megan Parker MD,5
2597,David Reed,5
8866,Tiffany Walker,5
2716,Jacqueline Martin DDS,5
7233,Timothy Stewart,5
2306,Cody Woods,5
6972,Thomas Edwards,5
793,Carlos Curry,5
2681,William Johnson,5
702,Tina Berg,5
7905,Victoria Hoover,5
9477,Jennifer Vasquez,5
8999,Nathaniel Massey,5
732,Emily Robinson,5
9835,Lisa Spencer,5
6471,Corey Ramirez,5
577,Harold Wagner,5
2768,Trevor Villegas,5
9370,David Johnson,5
2995,Amanda Burnett,5
1661,Nancy Duffy,5
7624,William Rodgers,5
3128,Kaitlyn Zhang,5
6461,Brittany Briggs,5
3129,Gene Johnson,5
2398,Helen Jensen,5
5647,Xavier Bell,5
9894,Kathryn Evans,5
1658,John Pitts PhD,5
2583,Robert George,5
1149,Marvin Sparks,5
7690,Tara Baker,5
9915,Chase Burgess,5
2923,Matthew Taylor,5
2778,Mr. Billy Sanchez,5
7925,Anthony Wood,5
2209,Andrew Brown,5
5900,Tara Nielsen,5
2177,Trevor Pham,5
8,David Leblanc,5
7315,Jane Henderson,5
2525,Lauren Landry,5
9807,James Marshall,5
5523,Julie Hayes DVM,5
2571,Joseph Wallace,5
6712,Philip Clarke,5
2858,Michael Banks,5
3121,Rebecca Crawford,5
232,Scott Lopez,5
5373,Kyle Foster,5
8358,Brandon Griffin,5
1164,Sabrina Gonzales,5
4253,Brittany Robinson,5
6822,Andrea Hernandez,5
9900,Jason Compton,5
7414,Lisa Rodriguez,5
6198,Sylvia Petersen,5
5281,Madison Mcdaniel,5
5313,Tara Dawson,5
8714,Robert Richardson,5
140,Mario Barber,5
137,Pam Lowe,5
1972,Joseph Rodriguez,5
6413,George Garcia,5
753,Jessica Johnson,5
2640,Christina Branch,5
4684,Valerie Gonzalez,5
9248,David Evans,5
9195,Mr. Nicholas Marsh II,5
7544,Jennifer Williams,5
4344,Erica Perkins,5
2981,Nancy Bell,5
9376,Michael Gordon,5
3149,Robin Griffith,5
5133,Anna May,5
7072,Joseph Skinner,5
8273,Rachel Glenn,5
4248,Michael Davis,5
466,Nicholas Henderson,5
4739,Lawrence Reed,5
4128,Kayla Barron,5
1617,Mary Gomez,5
8162,Yolanda Perkins,5
640,Denise Nixon,5
7973,Lisa Melton,5
730,Adam Burton,5
5409,Rebecca Skinner,5
3965,Thomas Hill,5
7902,Jon Rodriguez,5
4214,Stuart Robinson,5
3677,Dean Jenkins,5
7979,Kenneth Hughes,5
8782,Kimberly Waller,5
4436,Holly Vang,5
716,Dr. Erik Duarte Jr.,5
3113,Brittney Clark,5
9184,Douglas Sweeney,5
3947,Ernest Lowe,5
7333,Kellie Nguyen,5
4469,Edward Atkinson,5
2086,Amanda Williams,5
6605,Nicholas Hunt,5
783,Eric Garcia,5
540,Tracy Aguilar,5
1254,Mr. Joshua Davis,5
7944,Dr. Alexandra Adams,5
588,Jeffery Thompson,5
1073,Carl Anderson,5
206,Cheryl Palmer,5
5161,Tracy Atkinson,5
3508,James Smith,5
3369,Thomas Gordon,5
3459,Bryan Brandt,5
6166,Jennifer Torres,5
5303,Anthony Chen Jr.,5
5032,Steven Anderson,5
8915,Pamela Franco,5
4563,Brenda Jones,5
8678,Jeffery Martin,5
2363,Sharon Stephens,5
2960,Kristina Lozano,5
4365,Andrew Clark,5
5615,Mark Phillips,5
3389,Charles Ball,5
6345,Darlene Romero,5
9543,Maria Bennett,5
2461,Destiny Flores,5
104,Aaron Robinson,5
8489,Shane Williams,5
9827,Chad Smith,5
1652,Richard Bond,5
2487,Austin Schneider,5
5149,Seth Patel,5
383,Ashlee Perry,5
7966,Julia Jones,5
1417,Robert Phillips,5
7007,Nathan Jones,5
2739,Melanie Green,5
861,Mark Romero,5
162,Jacqueline Mcmahon,5
6777,Danielle Bell,5
738,Angelica King,5
797,Taylor Norman,5
5150,Sean Davis,5
4656,Christopher Kane,5
2966,Kaitlin Young,5
9225,Cindy Hess,5
9032,Corey Duncan,5
5711,Melissa Bryant,5
9787,Luis Ramos,5
17,William Wilson,5
1070,Carrie Herrera,5
8688,Henry Castillo,5
8430,Christine White,5
9898,Lauren Tapia,5
3120,Sarah Foster,5
122,Kristin Haney,5
3510,Michael Jones,5
1014,Robert Kim,5
530,Brandon Lang,5
6982,Holly King,5
3858,Nicholas Crosby,5
7227,Madison Blair,5
2147,William Flores,4
3952,Jack Johnson,4
1364,Misty Walsh,4
2063,Jeremy Hill,4
6197,Paul Schwartz,4
6374,David Rivera,4
718,Ronald Nash,4
2444,Jared Osborn,4
4844,Kristen Welch,4
2173,Tracy Ramos,4
7692,Joanna Mason,4
6310,Andrew Wilkins,4
8262,Sheila Bell,4
4500,Molly Oconnell,4
858,Carolyn Walker,4
7684,Cassandra Dawson,4
7698,Kevin Wagner,4
4504,Samantha Finley,4
9335,Dr. Jason Valenzuela,4
6085,Karen Lewis,4
3377,Maria Conley,4
9168,Logan Mendoza,4
1919,Deborah Miles,4
7610,Melissa Zuniga,4
1686,Samuel Morgan,4
5083,Jennifer Scott,4
6242,Justin Holmes MD,4
9481,Rebecca Jones,4
9959,Jeanette Perez,4
7287,Jenny Garcia,4
2200,Brianna Schroeder,4
7689,Shelly Jenkins,4
932,Carlos Harris,4
5486,Dawn Rivera,4
2826,Anthony Jimenez,4
1954,Michael Benton,4
7759,Brittney Miller,4
7469,Elizabeth Sanchez,4
8878,Joan Flowers,4
8134,Mark Smith,4
3507,Amy Walsh,4
3585,Kevin Williams,4
7927,Christian Aguilar,4
4692,Amy Smith,4
7524,Jacob Miller,4
7003,Katherine Edwards,4
7936,Michael Knight,4
1799,Molly Maldonado,4
5877,Kelsey Harris,4
5255,Victor Obrien,4
2721,James Moore,4
9818,Ryan Baker,4
2413,Laura Dillon,4
5383,Mary Tran,4
3010,Heather Thomas,4
3686,Jason Miller,4
1580,Glenn Glenn,4
791,Joseph Williams,4
6487,Jeanne Greene,4
6739,Brendan Russell,4
417,Danielle Gonzalez,4
5176,Patricia Ward,4
1055,James Miller,4
6365,Robert Lewis,4
8864,Jeffrey Stewart,4
7919,Thomas Maldonado,4
4047,Stacy Anderson,4
8170,Terrence Cook,4
9200,Stacy Holt,4
1631,Eric Lowery,4
8126,Christina Reed,4
4373,Jennifer Patterson,4
7490,Eric Hines,4
1588,Matthew Marsh,4
8537,Alexis Fletcher,4
7819,David Soto,4
3658,Jonathan Smith,4
8716,Jaime Lowe,4
5046,Patricia Young,4
3676,Michael Kent,4
9587,Aaron Thompson,4
989,Valerie Harrison,4
278,Barry Evans,4
5840,Lonnie Nguyen,4
376,Kevin Mack,4
527,Benjamin Sandoval,4
4929,Laura Hernandez,4
1108,Gina Morgan,4
4168,Jennifer Hernandez,4
9176,Barbara Haney,4
3082,Colin Cummings,4
8704,Ryan Brown,4
1205,Colton Roth,4
2881,Caroline Clarke,4
1638,Rose Dawson,4
8089,Laura Norris,4
6933,Ellen Tanner,4
5285,Amanda Rowland,4
740,Rebecca Kelley,4
199,Taylor Chen,4
8482,James Patel,4
2292,Heather Jackson,4
4989,Margaret Weaver,4
523,Mary Welch,4
785,Timothy Bauer,4
4574,Crystal Kennedy,4
3505,Steven James,4
5376,Samuel Lambert,4
7428,Scott Gray,4
595,Brian Collins,4
6711,Kaitlyn English,4
204,Emily Robinson,4
3541,Tammy Harris,4
9776,Mr. David Avila,4
9507,Stacey Jackson,4
7245,Carrie Harvey,4
1091,Miranda Sanchez,4
2243,Gloria Gray,4
8130,Victoria Sanchez,4
3586,Edward Taylor,4
4291,Jeremy James,4
2535,Daniel Solis,4
2475,Lori White,4
3537,Benjamin Mills,4
5139,Misty Allen,4
8826,Robert Foster,4
3230,Scott Gould,4
1332,Crystal Mclean,4
9755,Daniel Clark,4
8581,Angela Jackson,4
4459,Marie Grimes,4
1283,Ms. Elizabeth Smith MD,4
3276,Shannon Mccullough,4
7971,Melissa Murphy,4
3039,Michael Anderson,4
8797,David Schwartz,4
4897,Meagan Torres,4
7157,Laura Lee,4
6573,David Wright,4
3057,Michael Harris,4
629,Katherine Young,4
4620,Sean Pierce,4
8712,Virginia Jones,4
9859,Melissa Adams,4
1084,Raven Odonnell,4
255,Charles Richardson,4
6655,Darin Brown,4
8543,Nicholas Fischer,4
2727,Robert James,4
1242,Elizabeth Norton,4
1022,John Brock,4
3950,Gerald Costa,4
1026,Sarah Walker,4
7593,Jennifer Johnson,4
3702,Emily Rocha,4
7505,Amy Barrera,4
1167,Lindsay Perry,4
8138,Alan Taylor,4
6614,Allison Bond,4
6910,Stephanie Jackson,4
4360,Angela Taylor,4
6762,Carlos Everett,4
6240,Leah Henderson,4
9457,Ryan Anderson,4
6853,Joshua Gibbs,4
4482,Melissa Martin,4
6724,Eric Bishop,4
8282,Steve Gonzalez,4
7960,Yvonne Collins,4
8777,Donna Jones,4
6670,Lori Hebert,4
6949,Steven Hayes,4
7203,Jessica Franco,4
5140,Kathleen Davis,4
925,Michael Neal,4
9752,Brittany Murphy,4
9820,Ronald Matthews,4
5587,Michelle Hill,4
8767,Kenneth Morales,4
8458,Todd Donovan,4
3582,Anthony Avery,4
6835,Melissa Hunt,4
1484,Michelle Martinez,4
3855,Jeanne Evans,4
7130,Ryan Adams,4
2469,David Green,4
5478,Jenny Carlson,4
9082,Charles Cook,4
9126,Julia Moran,4
6636,Jared Moore,4
8394,Anthony Dunn,4
3489,April Gibson,4
8587,Pamela Copeland,4
9511,Andrea Davis,4
7676,Samantha Richards,4
6813,Elizabeth Williams,4
284,Carolyn Collins,4
8207,Larry Hurst,4
3555,Rebecca Warner,4
6008,Mary Giles,4
5633,Anna Alexander,4
6451,William Austin,4
223,Jennifer Harris DDS,4
1904,Mr. John Butler Jr.,4
8426,Amber Foster,4
997,Keith Gibson,4
7510,Justin Mathis,4
1895,Billy Hall,4
7024,Daniel Howard,4
973,Angela Hunt,4
685,Alexander Stein,4
7910,Tara Lee,4
8491,Robert Gonzalez,4
5101,James Brown,4
5029,Gregory Russell,4
9760,Daniel Mason,4
5809,Philip Mahoney,4
5937,Michael Mckinney,4
6964,Tammy Patrick,4
9691,Keith Delgado,4
9927,Alison Gates,4
8341,Richard Wilson,4
4981,Andrew Howard,4
3089,Ricky Martinez,4
3980,Jordan Davis,4
5462,Amanda Patel,4
3484,Jennifer Long,4
3208,Kristi Wilson,4
3076,Elijah Vasquez,4
4969,Edward Guerra,4
253,Yesenia Kirk,4
9101,Michael Roy,4
8925,David Carey,4
9726,Laura West,4
6734,Priscilla Davis,4
7275,Ronald James,4
5330,Sarah Johnson,4
691,Kenneth Austin Jr.,4
5449,Ms. Diane Mendoza,4
2240,Maureen Tran,4
4973,Jennifer Chung,4
3803,Dana Vincent,4
4151,Brad Foley,4
8729,Dr. Catherine Wilkinson,4
4633,Kelly Hale,4
2810,Steven Ortega,4
2203,Sydney James MD,4
4991,Denise Brown,4
1534,Julia Hoffman,4
3495,Christopher Pittman,4
8079,Maria Montgomery,4
6533,Benjamin Watson,4
1065,Robert Brown,4
2355,Colleen White,4
8510,Stacy Francis,4
9819,Toni Horton,4
6493,Amanda Alvarez,4
3628,David Williams,4
3657,Joseph Wheeler,4
4026,Nathan George,4
8306,Noah Obrien,4
7640,Paige Stewart,4
1339,Tiffany Gomez,4
8822,Jeffery Price,4
1499,Robin Pugh,4
136,Renee Hudson,4
2869,Dr. Lisa Erickson,4
7539,Douglas Smith,4
8260,Lisa Bishop MD,4
9520,Joanna Wade,4
7440,Richard Rice,4
3838,Travis French,4
6852,Ronald Gonzales,4
5412,Jacob Wright,4
5995,Victor Baker,4
9922,Jennifer Jenkins,4
8972,Michael Miller,4
6967,Michael Mills,4
8453,Mr. Samuel Parker,4
4110,Elijah Pope,4
7928,Susan Campbell,4
4380,Briana Dennis,4
635,Kayla Banks,4
9034,Lori Cross,4
4876,Stephanie White,4
3359,Zachary Perez,4
5864,Robin Gay,4
9352,Steven Johnson,4
7481,Meredith Walton,4
9749,Lisa Daniel,4
4600,Justin Malone,4
8151,Sydney Brown,4
21,Victoria Larson,4
1085,Kristin Davis,4
6270,Patrick Hall,4
4130,Leslie Martin,4
6815,Angela Miles,4
741,Benjamin Clements,4
8048,George Andrews DDS,4
4484,Gerald Taylor,4
739,Jennifer Colon,4
2613,Bruce Grimes,4
6826,Christopher Herrera,4
9928,Cindy Burns,4
5659,Bryan Berry,4
6340,Brittney Campos,4
9098,Shirley Carter,4
7814,Charles Kline,4
8945,Regina Rodriguez,4
8740,Phyllis Price,4
8316,Lisa Davis,4
749,Karen Arellano,4
5312,Wendy Harris,4
6323,Kyle Neal,4
2405,Brett Scott,4
4962,Andrew Webb,4
6565,David Rogers,4
5531,Elizabeth Cohen,4
1945,Jacqueline Lawson,4
6031,Brittany Carroll,4
8927,Mark Gilmore,4
6460,Nathan Wilson,4
5086,Christina Cline,4
9582,Alexis Smith,4
7677,Kayla Acevedo,4
12,Gregory Jones,4
5765,Rebecca Fuentes,4
9973,Kayla Martinez,4
6559,James Snyder,4
3775,Christopher Cabrera,4
6437,Anthony Garcia,4
9318,Peter Adams,4
7756,Danielle Jensen,4
1854,Joshua Porter,4
8529,Shannon Huerta,4
2758,Steven Young,4
2809,Michael Abbott,4
2094,Christopher Gomez,4
424,Crystal Cummings,4
7665,Laura Kelly,4
7837,Michaela Roberts,4
2464,Brittany Stewart,4
8331,Jonathan Baker,4
4854,William Clayton,4
4695,Tanya Leonard,4
2564,Diane Taylor,4
1037,Alice Moran,4
4192,Jerry Patel,4
2460,Timothy Johnson,4
1625,Kirk Campbell,4
3722,Gary Bates,4
3528,Meghan Hale,4
1516,Dana Murray,4
9263,Lauren Johnson,4
7892,Sean Parker,4
9122,Thomas Cobb,4
9585,Michael Scott,4
7012,Amy Oliver,4
7521,Kim Hayes,4
4336,Kaitlyn Cook,4
7134,Anthony Cole,4
3888,Billy Walker,4
7350,Cody Torres,4
7514,Danielle Singh,4
6206,Laura Miller,4
8465,Diane Rice,4
8840,Donna Baker,4
5778,John Bryant,4
8760,Laura Smith,4
1624,Sarah Garner,4
2442,William Hernandez,4
358,Bryan Roman,4
338,Billy Fuentes,4
517,Kathy Shaffer,4
442,Richard Miller,4
3352,Mr. Matthew Wheeler,4
9924,Debra Harrison,4
9899,John Harvey,4
1243,Adam Martin,4
9282,Kimberly Rivera,4
9189,Jesus Maldonado,4
7374,Steven Wilson,4
1690,Douglas Raymond,4
9775,Daniel Hayes,4
6384,Kimberly Hubbard,4
3234,Kenneth Baxter,4
1023,Linda Stewart,4
178,James Bailey,4
1200,Brittany Fisher,4
1983,Mario Evans,4
1356,Cody Lynch,4
1888,Jessica Zimmerman,4
9018,Sherri Lopez,4
4399,Dawn Jacobs,4
7531,Sandra Mason,4
5204,Kristine Jones,4
4940,Joshua Summers,4
8410,Stephanie Ellis,4
4383,Caleb Gilbert,4
1153,Philip Barnes,4
9795,Timothy Allen,4
6029,Mariah Harris,4
6854,Dakota Willis,4
8406,Dr. Jacob Avila,4
2518,Brandy Moore,4
9268,Rachel Morris,4
9020,Kellie Jones,4
3151,Scott Rodriguez,4
2990,Adam Robbins,4
5740,Victoria Castillo,4
8204,Jamie Vargas,4
5524,Sandra Miller,4
8542,Ashley Brown,4
478,Cynthia Gregory,4
2632,Heidi Bradley,4
8103,Alexander Holmes,4
734,Stephanie Turner,4
9845,Jason Leonard,4
7448,Lisa Miller,4
3807,Dr. Stephen Payne,4
8290,Brenda Simmons,4
5953,Stephanie Francis,4
8761,Steven Bell,4
6047,Lisa Francis,4
6885,John Patterson,4
1656,Brandi Braun,4
7185,Matthew Daniel,4
5076,Brittany Alexander,4
2761,Margaret Gonzalez,4
6468,Mrs. Amanda Garcia,4
647,James Grant,4
5936,William Morgan,4
1256,Anne Kramer,4
8240,Richard Martinez,4
7815,Marcus Cochran,4
7985,Jonathan Simmons,4
5746,Mrs. Amy Mcneil MD,4
8634,Barbara Garcia,4
8897,Crystal Morales,4
7601,Wendy Nelson,4
8904,Taylor Ward,4
8046,Kevin Mason,4
4290,Austin Green,4
1795,Lisa Dennis,4
8288,Alexander Nichols,4
8683,Debbie Frye,4
1759,Danielle Nguyen,4
3132,Vincent Fuller,4
7551,Richard Barnes,4
3848,Chelsey Mendoza,4
8070,Dawn Austin,4
3335,Daniel Clark,4
7869,Maria Perez,4
5634,Michael Tran,4
3910,Lauren Miller,4
4177,Kurt Vasquez,4
1780,Michael Brooks,4
8983,Wanda Garcia,4
2109,Gregory Spence,4
999,Troy Powers,4
840,Maria Thomas,4
2342,Kimberly Mclaughlin,4
4441,Adam Snyder,4
9024,Brandon Torres,4
8183,Lisa Chapman,4
4312,Michael Bauer,4
8744,Deanna Castillo,4
4171,Wendy Hopkins,4
5274,Jonathan Pugh,4
4330,Victoria Harrell,4
2389,Elizabeth Rodgers,4
9442,Charles Martin,4
6370,Kathy Duncan,4
6200,Lauren Davenport,4
5594,Tracy Holloway,4
6229,Wesley Hale,4
4191,Bradley Taylor,4
7794,Kevin Garcia,4
3438,Joy Hubbard,4
3106,Kyle Aguilar,4
6105,Kimberly Rivera,4
8146,Vanessa Shelton,4
7569,Brian Scott,4
3785,Eric Reid,4
2130,Kayla Mcclain,4
1526,Brian Huynh,4
465,Kelly Andersen,4
5977,Maria Jones,4
7712,Jason Guzman,4
9753,John Peterson,4
9327,Elizabeth Turner,4
1421,Keith Taylor,4
5463,Cristina Adams,4
828,Kara Gilmore,4
9284,Matthew Brooks,4
8559,Shaun Boyd,4
1321,Sarah Fowler,4
5395,Emily White MD,4
5263,Gary Miller,4
2827,Bianca Moore,4
8884,Christopher Pope,4
7162,Christy Reed,4
181,Seth Fisher,4
8658,Leslie Wilson,4
5491,Jennifer Meyers,4
7319,Casey Hodges,4
7784,Ruth Stephens,4
9767,Linda George,4
5435,Andrea Ruiz,4
9151,Kevin Perry,4
4875,Cynthia Dixon,4
4779,Thomas Price,4
3267,Victoria Hunt,4
6770,Samantha Martinez,4
9261,Shannon Clark,4
1431,David Fields,4
4160,Michelle Anderson,4
271,Steven Huang,4
5932,Caitlin Perez,4
3890,Meredith Leonard,4
6377,Eric Rogers,4
529,Leslie Young,4
2686,Nathan Mendoza DDS,4
1595,Sophia Blake,4
6554,Mrs. Christy Burns,4
2538,Mr. Chad Freeman,4
9981,Kevin Munoz,4
7577,Kaitlyn Shaffer,4
770,Mrs. Donna Rice,4
2108,Stephen Carter DDS,4
1691,Austin Owens,4
5019,Jonathan Allen,4
839,Michael Jones,4
4542,Robert Evans,4
5404,Jesse Gonzalez,4
6834,Valerie Shah,4
4293,Jessica Hernandez,4
120,Mary Miller,4
2082,Lori Williams,4
6168,Susan Bishop,4
1498,Tina Adams,4
1822,Robert Ponce,4
4583,David Hill,4
5479,Melissa Jackson,4
4121,Amy Nunez,4
3637,Steven Anderson,4
2598,Brad Cruz,4
7353,Justin Maxwell,4
9341,Jesse Murphy,4
1796,Ronnie Hale,4
9797,John Rose,4
2280,Sean Villa,4
9664,Jasmine Cox,4
1340,Larry Green,4
4605,Scott Brown,4
7369,Caitlin Gomez,4
5135,Cesar Cross,4
9140,Eileen Morales,4
3277,Heather Sweeney,4
7691,Nicole Wright,4
2003,Barry Collins,4
315,Anthony Medina,4
4418,Stacy Frazier,4
7295,Heather Roberts,4
3872,Amy Day,4
2107,Stacy Crosby,4
7257,John Harris,4
4938,Elizabeth Johnson,4
9367,Tiffany Sweeney,4
6142,Paul Wade,4
3222,Monica Rose,4
4280,Jacob Bishop,4
5073,John Dominguez,4
7266,Chelsey Serrano,4
6700,Sarah Hall,4
8917,Daniel Parker,4
327,Lisa Martin,4
9067,Russell Potter,4
4845,Richard Brewer,4
2104,Lisa Day,4
7741,Melissa Singleton,4
5426,Melissa Montes,4
1487,Stephen Scott,4
2932,Sharon Jackson,4
3223,Nathan Johnston,4
329,Kimberly Romero,4
6358,Melvin Villegas,4
4758,Andrew Austin,4
6779,Katrina Rivera,4
2670,Tamara Norris,4
9956,Emily Stephens,4
5114,Christine Price,4
6642,Daniel Duncan,4
2627,Brandon Jones,4
2519,Jason Sampson,4
6548,Kevin Armstrong,4
2158,Jeffrey Ellis,4
927,Sally Hurst,4
3813,Michelle Baxter,4
3752,Dana Hanson DDS,4
7872,Robin Graham,4
6381,Caleb Allen,4
6341,Daniel Glover,4
6593,Allison Miles,4
6631,Travis Green,4
7930,Cheyenne Thompson,4
6619,Thomas Juarez,4
3397,Donna Smith,4
4584,Daniel Fowler,4
8652,Keith Williams,4
660,Gregory Walker,4
3611,Jamie Price,4
9358,Brianna Barr,4
7841,Jamie Bradley,4
9426,Amanda Hughes,4
592,Raven Williams,4
7518,Leah Schwartz,4
8365,Darren Wiley,4
617,Joshua Long,4
8802,Victoria Richardson,4
6190,Gwendolyn Garcia,4
7717,Megan Rocha,4
8012,Hayden Freeman,4
7964,Veronica Jones,4
885,Gregory Wiggins,4
6786,Cynthia Mueller,4
4060,William Gomez,4
5036,Ashley Byrd,4
5876,Timothy Simmons,4
8209,Brianna Henderson,4
7015,David Bennett,4
9434,Angelica Gonzalez,4
9690,Diana York,4
6497,Melissa Brady,4
7250,Jasmine Rogers,4
1441,Sandra Baker,4
9059,Donald Hunter,4
445,Dana Johnson,4
3587,Reginald Jones,4
4229,Christian Robertson,4
7051,Stephanie Duncan,4
2274,Anthony Parks,4
3570,Kimberly Sullivan,4
1716,Spencer Robinson,4
115,Joseph Jenkins,4
2511,Jamie Thompson,4
1538,Adrian Sanchez,4
4843,Jose Short,4
3826,Jamie Ramirez,4
992,Tyler Sullivan,4
2344,Sarah Sanchez,4
7751,Vincent Petersen,4
2401,Walter Stewart,4
3284,Ashley Nguyen,4
4137,Dawn Hale,4
3367,Deborah Garcia,4
5077,Calvin Ryan,4
1947,Todd Anderson,4
8609,Scott Gonzalez,4
9897,Erin Ward,4
6006,Drew Smith,4
9484,David Johnston,4
5389,Sara York,4
405,Corey Smith,4
6674,Emily Sexton,4
6687,Michael Hebert,4
1112,Melvin Smith,4
9445,Eric Miranda,4
7476,Lauren Lara,4
5650,Joshua Jackson,4
38,Julie Ortiz,4
4732,Jared Harris,4
7652,Carla Gregory,4
7800,Pamela Ford,4
4838,Mary Smith,4
792,Cindy Stanley MD,4
7311,Brandi Chaney,4
4786,Shawn Parsons,4
6745,Brandon Nelson,4
4025,Erica Peterson,4
6448,Patricia Fox,4
9605,Sabrina Pierce,4
3392,Nicholas Rogers,4
1951,Mary Hart,4
1203,Taylor Abbott,4
4170,Sarah Vaughan,4
9439,Caroline Flores,4
7027,Joel Shelton,4
7283,Hayden Ellis,4
4068,Christine Hampton,4
7734,Scott Smith,4
3619,Angela Woods,4
8967,Phillip Bond,4
43,Jessica Fox,4
3985,Joshua Sawyer,4
7439,Philip Miller,4
3469,Laura Herrera,4
1295,Elizabeth Deleon,4
6063,Deborah Pineda,4
1273,Antonio Woods,4
3007,Bianca Russell,4
1096,Jeffery Johnson,4
5906,Sarah Jackson,4
2877,Joshua Martinez,4
1573,Megan Morales,4
8371,Marissa Patel,4
3437,Laura Jones,4
1683,Jill Hughes,4
2676,Tonya Long,4
8656,Sarah Andersen,4
387,Randy Robbins,4
4353,Sean Silva,4
6855,Jill Lewis,4
6036,Tina Pineda,4
5437,Angela Shaffer,4
9994,Brandon Lee,4
7375,Holly Love,4
5992,Howard Hanson,4
492,John Hart,4
3305,Kevin Scott,4
6045,Brian Murray,4
4498,Troy Rose,4
7377,Elizabeth Burnett,4
1850,Catherine Rowe,4
8099,Penny Porter,4
9317,Matthew Patton,4
5410,Mary Wood,4
7404,Jessica Frost,4
3511,Jill Torres,4
3364,Tamara Smith,4
3916,Christopher Poole,4
6907,Dillon Torres,4
9521,Rachel Chandler,4
3567,Michael Walters,4
4595,Eric Tran,4
6657,Jon Weiss,4
4117,Lisa Coleman,4
2930,David Potts,4
1834,Debra Johnson,4
4730,Henry Kidd,4
2138,Christine Williamson,4
9237,Whitney Figueroa,4
3966,Julia Sanchez,4
4996,Peter Ruiz,4
4376,Kenneth Scott,4
4963,Sydney Phillips,4
5102,Kenneth Curry,4
2346,Joseph Gray,4
3449,Morgan Hensley,4
3971,Sharon Mullins,4
5160,Jessica Hernandez,4
7714,Joseph Chavez,4
3563,Donald Macdonald,4
1592,Samuel Phillips,4
9203,Richard White,4
5859,Elaine Miller,4
3427,Felicia Nelson,4
458,Joseph Campbell,4
3940,Kayla Jones,4
2628,Wesley Garcia,4
6596,Raven Ramos,4
621,Veronica Schmidt,4
6442,Jason Allen,4
3693,James Kemp,4
6603,Christina Robertson,4
4733,Clayton Barnes,4
643,Christopher Hunter MD,4
6177,Christian Navarro,4
7847,Miguel Chavez,4
9338,Allison Ryan,4
4325,Rebecca Boyer,4
2318,April Flowers,4
3259,Debra Serrano,4
8991,William Wilkins,4
4,Phillip Ryan,4
7912,Amy Patton MD,4
9112,April Martin,4
3243,Tyler Davis,4
6102,Evelyn Moore,4
3607,Kenneth Pope,4
4480,Christopher May,4
3893,Christina Nelson,4
3633,Stephanie Wood,4
6403,Joshua Dennis,4
5186,Eric Lee,4
9078,Jeff Faulkner,4
7282,Richard Schaefer,4
2961,Sabrina Nelson,4
7663,Sarah Hobbs,4
9117,Michael Hernandez,4
2807,Jennifer Alvarez,4
7019,Karen Walker,4
1978,Joseph Powers,4
9019,Tiffany Johnson,4
8390,Roberta Parker,4
5423,Kimberly Flowers,4
8507,Frederick Flynn,4
8332,Shelley Austin,4
4199,Michael Spears,4
6184,Matthew Lee,4
8490,Cindy Wilson,4
3571,Brandon Harris,4
118,Emily Ali,4
9889,Kimberly Moore,4
4322,Tara Lucero,4
1774,Larry Garza,4
2509,Jared Huffman,4
9049,Mario Ramirez,4
6237,Jamie Foley,4
6874,Steven Snyder,4
3646,Jessica Johnson,4
8863,Lynn Morgan,4
4347,Kevin Johnson,4
4849,George Hodges,4
2440,Jeffery Ruiz,4
5103,Eric Martin,4
4299,Carl Kaufman,4
5465,Paul Charles,4
2267,Joseph West,4
6382,Nicole Rojas,4
6231,Maria Hughes,4
9704,Theresa Rodriguez,4
2388,Brooke Williams,4
3823,Nicole Smith,4
8203,Jamie Hampton,4
5105,Kyle Walker,4
9316,Steven Barnes,4
4645,Dr. Valerie Snyder,4
7583,Alexa Greer,4
3998,Hannah Wright,4
3821,Shannon Miller,4
3573,Tyler Suarez,4
4658,Jessica Ayala,4
8506,Bailey Berry,4
1849,Steven Branch,4
7321,Dakota Koch,4
3269,Frederick Williams,4
1823,Brian Mclaughlin,4
9496,Michelle Medina,4
1523,Michele Hawkins,4
6156,Shaun Walsh,4
1779,Martin Clark,4
9809,Todd Rodriguez,4
3047,Christine Lee,4
6122,Teresa Medina,4
9054,Cynthia Moore,4
6234,Miss Tamara Smith,4
7437,Lisa Davis,4
7965,Linda Browning,4
9598,Daniel Novak,4
1078,Amanda Davis,4
3163,Phillip Taylor,4
699,Cynthia Henry,4
6153,Samantha Perez,4
2924,Meredith Valdez MD,4
8113,Riley Clayton,4
7582,Dustin Cruz,4
8060,Christian Ritter,4
4298,Christina Sutton,4
7189,Andrea Williams,4
5606,Robin Ferguson,4
2352,Mary Martinez,4
4222,Tara Fisher,4
1613,Gina Cooper,4
3093,Richard Jenkins,4
644,Philip Chambers,4
632,David Hudson,4
5350,Toni Hahn,4
9852,Juan Le,4
2038,Timothy Randolph,4
6563,Jerome Thomas,4
3152,Samantha Campbell,4
8834,Robert Alvarado,4
3036,Carlos Shannon,4
1869,Troy Burke,4
5590,Brandon Meyers,4
7190,Ashley Rangel,4
2537,Mary Johnson,4
7763,Chad Reilly,4
2699,Jamie Harris,4
7671,Matthew Rodriguez,4
8226,Adriana Ruiz,4
9685,Eric Casey,4
7977,Melissa Gonzalez,4
4420,Robert Oliver,4
2885,Angela Collins,4
5745,Catherine Reed,4
934,Andrew Johnson,4
669,Jeffrey Short,4
4777,Timothy Robertson,4
6552,John Cooper,4
616,Aaron Hernandez,4
3372,Russell Harris,4
2560,Michael Washington,4
2972,Anthony Baird,4
8922,Tabitha Erickson,4
4908,Thomas Wade,4
238,Bonnie Roberson,4
5358,Tina Hart,4
8691,Sara Smith,4
6806,Leah Cook,4
6651,Daniel Stone,4
1386,Elizabeth Jenkins,4
7006,William Thomas,4
8419,Cynthia Houston,4
8541,Melanie Singleton,4
8124,Teresa Mcpherson,4
5000,Whitney Bell,4
2239,Christine Vasquez,4
2247,Keith Howell,4
1011,Kimberly Johnson,4
6136,Mary Lopez,4
2483,Matthew Weaver,4
6317,David Castro,4
5309,David Brown,4
725,Carl Blanchard,4
2004,Kelly Reese,4
7048,Mrs. Nancy Lewis,4
5963,Helen Moore,4
8285,Megan Sanchez,4
9399,Alexandra Cabrera,4
2424,Elizabeth Petersen,4
636,Angela Nolan,4
2698,Mr. Brian Herrera DDS,4
6695,Matthew Taylor,4
9678,Cody Morales,4
3114,Christian Jones,4
705,Christopher Turner,4
9324,Monica Lewis,4
3278,Andrew Phillips,4
5654,Stacey Smith,4
2194,Nicole Hendrix,4
8803,Philip Williams,4
1761,Sean Nelson,4
5779,Steven Hampton,4
9465,Jason Burke,4
7237,Amy Norris,4
4372,Tracy Barry,4
1255,Cassidy Paul,4
4431,Russell Ortiz,4
5307,Evan Welch,4
4859,Morgan Bentley,4
939,Kelsey Fernandez,4
834,Cody Hoover,4
1123,Natalie Krueger,4
8907,Jennifer Wells,4
6395,Kylie Gilbert,4
9185,Allison Gillespie,4
1603,Jeremy Salas,4
4957,Tyler Parker,4
4035,John Vaughan,4
887,Mark Dennis,4
2341,Eric Fields,4
13,Daniel Cooper,4
612,Robert Hogan,4
1350,Ruth Hernandez,4
5886,Virginia Smith,4
5670,Michelle George,4
8599,Laura Thomas,4
1033,Justin Preston,4
9427,Katelyn Scott,4
9090,Brenda Price,4
260,Nicholas Miller,4
5476,Robert Myers,4
7382,April Hines,4
2616,Tasha Rhodes,4
6219,Monica Alexander,4
3381,Crystal Caldwell,4
4593,Tara Jacobs,4
4569,Daniel Mills,4
2898,Jeffrey Graves,4
3654,Roy May,4
8054,Patrick Hays,4
1677,Kevin Reese,4
8388,Donald Taylor,4
2328,Lauren Wilson,4
2793,Jennifer Gordon,4
8520,Matthew Reed,4
2753,Amber Andrews,4
5580,Mark Love,4
4932,Allen Hamilton,4
365,Johnny Anderson,4
9634,Mr. Nathaniel Anderson,4
8484,Cynthia Roman,4
4572,Kimberly Wood,4
3172,Tracey Lane,4
1562,David Joseph,4
9715,Margaret Stevenson,4
6232,Gary Reid,4
5613,Angie Martinez,4
313,Anita Serrano,4
1003,Linda Ball,4
1456,Aaron Olson,4
6011,Nicole White,4
3331,Lisa Henderson,4
9624,Matthew King,4
5145,Michelle Moore,4
5669,Matthew Ortiz,4
9546,James Briggs,4
1131,Paul Willis,4
1457,Larry Smith,4
9581,Julie Carey,4
1087,Kelsey Flores,4
9658,Samantha Graham,4
1158,Jared Haynes,4
3338,James Lee,4
3022,Donald Gonzalez,4
611,Curtis Krause,4
5947,Trevor Gonzales,4
6093,Bruce Thomas,4
9313,Howard Schultz,4
2229,William Mcclain,4
5748,Sara Greene,4
2059,Michael Saunders,4
9456,Amanda Valentine,4
3402,Christina Vaughn,4
852,Thomas Morales,4
7946,Wanda Boyle,4
6537,Russell Perez,4
2438,Laurie Stanley DVM,4
5903,Willie Ware,4
573,Mitchell Brown,4
2853,Jamie Vega,4
8978,Julie Rodriguez,4
8352,Marissa Martin,4
2735,Lisa Bond,4
5741,Mrs. Leslie Lewis,4
5113,James Thompson,4
5487,Sharon Thomas,4
6882,Ryan Salazar,4
8888,John Brewer,4
4704,Andrew Austin,4
1485,Teresa Kerr,4
5607,Ashley Morales,4
6389,Amy Brown,4
1235,Leah Thomas,4
9717,Ashley Clark,4
4339,Nancy Howard,4
8649,David Reed,4
6360,Laura Salazar,4
2394,Brandy Gregory,4
2434,Richard Fernandez,4
670,Miss Linda Cox DVM,4
3478,Lance Wood,4
7850,Tamara Brown,4
2870,Jason Duncan,4
5257,Peter Oneill,4
867,Trevor Burns,4
6212,Karen Klein,4
9509,Monica Wright,4
3179,Mary Wilson,4
5493,Michael Garcia,4
3443,John Mccall,4
2399,Jamie Terry,4
3643,Daniel Reid,4
5644,Jeffery Robbins,4
3746,Chelsea Brown,4
6689,Melissa Bates,4
3783,Jerry Stewart,4
6718,Kayla Jordan,4
3777,Kenneth Hill,4
2042,William Newman,4
9761,Christopher Williams,4
7540,Patrick Jordan,4
8292,Billy Park MD,4
4066,Ryan Bright,4
8913,Jessica Hughes,4
3140,Holly Velazquez,4
2764,Jodi Cook,4
3861,Jessica Wolfe,4
4417,Veronica Alvarado,4
5093,Kimberly Roth,4
2420,Tanya Thompson,4
6905,Jamie Rivera,4
940,Kurt Martinez,4
5054,William Martin,4
638,Adam Diaz,4
7504,Michael Whitaker,4
7301,Regina Conner,4
5752,Edward Silva,4
5472,Douglas Garrett MD,4
6113,Deborah Ruiz,4
2825,William Mcmahon,4
6648,Elizabeth Harris,4
6002,Tyler Edwards,4
596,Johnny Jenkins,4
5732,Brittany Cook,4
928,Crystal Abbott,4
1125,Mason Olson,4
3301,Rebecca Combs,4
9295,Patricia Church,4
764,Shawn Yu,4
3795,William Olsen,4
9529,Caitlin Preston DVM,4
6908,Jacob Carney,4
1867,Jeffery Robinson,4
4958,Linda Hogan,4
8860,Amanda Harrison,4
6145,Jason Knight,4
3283,Jacqueline Woods,4
1821,Belinda Ford,4
5706,Teresa May,4
4491,Dwayne Dalton,4
7635,Kenneth Hunter,4
3024,John Smith,4
222,Aaron Manning,4
9562,George Kidd,4
9833,Kimberly Lane,4
4630,William Cole,4
7785,Erin Contreras,4
7009,Laura Moore,4
7813,Marie Meza,4
3474,Kathryn Martinez,4
3921,Catherine Martinez,4
8619,William Hahn,4
3574,James Nguyen,4
6143,Vanessa Strong,4
8176,Matthew Clark,4
2409,Mark Gonzalez,4
5982,Michael Berger,4
8635,Wendy Lopez,4
563,Anthony Ayala,4
5556,Sandra Moore,4
3365,Jessica Orozco,4
7991,Aaron Long,4
737,Kimberly Brooks,4
2860,Adam Lawson,4
6042,Michael Walker,4
6555,Michael Walton,4
8968,Angela Larsen,4
5742,Amanda Ryan,4
1,Margaret Hawkins DDS,4
4699,Krystal Gordon,4
8473,Joshua Lloyd,4
1497,Robert Moore,4
3161,Andrea Adams,4
7667,Susan Anthony,4
6053,Doris Brandt,4
2030,Timothy Hudson,4
754,Sara Lawrence,4
4122,Dylan Wilson,4
6893,Anthony Phillips,4
2325,Lindsay Watts,4
9848,Lisa Aguilar,4
2873,Anne Lee,4
3889,Michael Mckenzie,4
3448,Amber Moody,4
4509,Kyle Rodriguez,4
4673,Victoria Clark,4
2406,Jacob Ramirez,4
9194,Adam Bailey,4
6805,Janice Martinez,4
7605,Anna Bennett,4
9385,Shannon Walker,4
3606,Jeffrey Price,4
2072,Kathy Heath,4
9322,Darlene Martinez,4
5477,Brandon Rosario,4
5057,Kathleen Morris,4
6979,Casey Scott,4
1537,James Little,4
6415,Ashley Murphy,4
336,Thomas Kelly,4
2955,Jordan Brennan,4
5956,Jeffrey Smith,4
5453,Gregory Johnson,4
9433,Melinda Kim,4
4720,Richard Harmon,4
5970,Samantha Cross,4
8501,Angela Smith,4
3209,Jennifer Cruz,4
1473,Corey David,4
4392,William Duarte,4
9730,Elizabeth Cox,4
5757,Ashley Dean,4
9549,Anthony Thornton,4
4465,Lisa Finley,4
3808,Kimberly Bennett,4
1221,Robert Whitaker,4
630,Daniel Lester,4
6943,Darlene Todd,4
9247,Susan Dixon,4
9702,James Perkins,4
513,Kristina English,4
6233,Richard Nguyen,4
74,Brenda Thornton,4
8163,Patricia Bell,4
8107,Adrian Hernandez,4
6131,Maria Lewis,4
9055,Christopher Watts,4
5152,Tony Kelley,4
416,William Cox,4
2710,Alan Russo,4
2101,Hayden Hampton,4
2856,Patrick Howard,4
2900,Patrick Brooks,4
7112,Kevin Jenkins,4
6551,Natalie Shelton,4
6485,James Barnes,4
4027,Heather Miles,4
2754,Melissa Stout,4
7114,Robert Nguyen,4
9875,Amy Russo,4
9228,Frank Jones,4
9094,Debra Griffin,4
3841,Katherine Fitzgerald,4
8205,Edward Robinson,4
1291,Jesse Martinez,4
4241,Brandon Mcguire,4
8235,Ashley Sullivan,4
9377,Ashley White,4
6934,Janet Ramsey,4
3860,Cynthia Hansen,4
9635,Dustin Allen,4
5327,Connor Pham,4
2854,Kyle Ramos,4
1846,Bernard Walton,4
7280,Sabrina Cherry,4
4755,Alicia King,4
7638,Mrs. Angela Conner,4
1622,Frank Delacruz,4
9665,Kim Burgess,4
4100,Dr. Jack Page,4
2524,Katelyn Carter,4
3572,Andrew Franklin,4
8094,Victoria Parker,4
1201,Nicholas Tapia,4
4425,David Huynh,4
7733,Paul Santiago,4
7475,Richard Wilkerson,4
8607,Linda Gray,4
502,Chloe Rodriguez,4
888,Christopher Martinez,4
6996,Marilyn Fisher,4
7786,Christopher Lindsey,4
4316,Ashley Barnes,4
4234,Allen Lawrence,4
1067,Greg Wright,4
4853,Jessica Robinson,4
6039,Kathleen Williams,4
6714,Eric Smith,4
5292,Richard White,4
554,Kelly Palmer,4
537,Kendra Snyder,4
9107,Courtney Roberts,4
2530,James Young,4
3656,Brett Martinez,4
7957,Rebecca Gonzalez,4
435,Anne Conley,4
1769,Allison Obrien,4
6960,John Hahn,4
5933,Lindsey Young,4
9302,Mr. Michael Allen,4
5773,Michael Taylor,4
2364,Shawn Brown,4
3624,Kathy Martinez,4
6137,Steven Wells,4
5187,Sandra Smith,4
1902,Austin Harrison,4
911,Beth Shaw,4
9368,Lisa Bruce,4
6470,Joseph Guzman,4
6524,Veronica Anderson,4
4378,Leah Jacobson,4
8975,Michael Taylor,4
9408,David Mckay,4
225,Misty Arias,4
1301,Kellie Mitchell,4
4146,James Washington,4
7922,Joe Brown,4
4830,Kevin Mcgee,4
780,Jennifer Rivera,4
5272,Brandon Wilson,4
6343,Katie Adams,4
9907,Amanda Fleming,4
180,Courtney Nichols,4
1132,Raymond Strong,4
2833,Jennifer Brown,4
8356,Brian Owen Jr.,4
9667,Robert Benton,4
4072,Kristin Osborne,4
8122,Mr. Robert Campbell DDS,4
7326,Angel Lee,4
7430,Suzanne Sims,4
6223,Justin Roberts,4
8081,Daniel Banks,4
2421,William King,4
8259,Alejandra Clark,4
8610,Mark Martinez,4
3028,Edwin Mcguire,4
4867,Richard Mack,4
9366,Sarah May,4
546,Mandy Henderson,4
444,William Jones,4
1247,Jesse Jones,4
3959,Scott Johnson,4
2032,Emily Brandt,4
7464,Michael Hernandez,4
3384,Samuel Hernandez,4
7066,Kerri Cox,4
3969,Jessica Dunlap,4
4319,Jesse Allen,4
7854,John Edwards,4
2580,Christopher Baker,4
4918,James Collier,4
1495,David Andrews,4
7598,John Dudley,4
3324,James Ray,4
2506,Marie Salazar,4
8350,David Meadows,4
8770,Diana Smith,4
8575,Jose Carter,4
7354,Melissa Mccarthy,4
1856,Brenda Horton,4
8251,Mary Hampton,4
6585,Bonnie Spencer,4
6748,Steven Henry,4
1961,John Stevens,4
495,Vanessa Strickland,4
2804,Thomas Garza,4
5704,Mary Smith,4
9323,Suzanne Harris,4
2106,Robert Olson,4
1296,Angela Brown,4
3525,Brittany Nelson,4
8969,Stacy Molina,4
690,Kimberly Williams,4
5009,Sara Watson,4
8772,Joanna Baldwin,4
5598,James Smith,4
9053,Jordan Rose,4
9583,Carol Guerrero,4
4494,Heidi Ruiz,4
6901,David Grant,4
4212,Ashley Moore,4
5760,Paul Patterson,4
2726,Carl Rubio,4
9559,Mary Lara,4
8870,Kelly Weaver,4
1126,Ryan Powell,4
1569,William Baker,4
1378,Scott Rivera,4
8413,Robert Wilson,4
7723,John Schneider,4
8876,Sharon Newton,4
6449,Megan Meyer,4
5039,Elizabeth Howard,4
1460,Benjamin Boyer,4
8584,Stephanie Nunez,4
814,Stacy Orozco,4
9425,Brian Blair,4
5775,Andrea Bernard,4
1900,Steven Miller,4
4414,Jennifer Martinez,4
8372,Lauren Fields,4
4204,Susan Vega,4
5050,Andrea Wise,4
1548,Michael Smith,4
5655,Isaiah Hill,4
5573,Laurie Livingston,4
2333,Mr. Nathan Howard,4
3794,Anna Mullins,4
7726,Mary Sherman,4
3207,Frank Cole,4
1786,Colton Anderson,4
4670,Marissa Walter MD,4
4774,Elijah Jones,4
1310,William Ware,4
5781,Denise Martinez,4
407,Savannah Ibarra,4
4323,David Robinson,4
8043,Jordan Warner,4
5665,Ernest Simmons,4
4342,Patrick Mendez,4
6417,Debra Mason,4
9765,James Haley,4
5811,Lauren Frazier,4
8500,Jeremy Hall,4
1368,Jane Frank,4
807,Brianna Price,4
4650,Heather Jones,4
8965,Ronald Anthony,4
8492,Kim Mcgrath,4
5684,Kathleen Thomas,4
5871,Clifford Clark,4
7431,Christina Martin,4
1263,Kevin Evans MD,4
7232,Jodi Allen,4
7654,Cassie Bryant,4
4320,Scott Huffman,4
434,Kyle Williams,4
5502,Jeffery Roman,4
8720,Corey Wood,4
7552,Samantha Scott,4
8612,Diane Berg,4
5504,Tanya Williams,4
8829,Adam Jones,4
490,Alisha Martin,4
3504,Jonathan Parker,4
4742,Thomas Trevino,4
9062,Heather Gamble,4
6583,Ryan Williams,4
6733,Michael Gonzalez,4
5035,Claudia Fernandez,4
7810,Cody White,4
1230,Theresa Johnson,4
8986,Mary Hawkins,4
6744,Susan Ortiz,4
5515,Katherine Ball,4
1396,Debbie Tanner,4
5174,David Blackwell,4
7093,Gina Blankenship,4
1657,Jacqueline Perkins,4
7853,Autumn Morgan,4
5406,Billy Harrington,4
1492,Tonya Holland,4
2929,Kelsey Garcia,4
1333,Hannah Riggs,4
1660,Justin Flores,4
7604,Amber Brown,4
8790,Thomas Thompson,4
5996,William Eaton,4
8296,Christina Erickson,4
1082,Carlos Ortiz,4
7164,Gina Adams,4
2287,Luis Smith,4
5391,Albert Rose,4
2041,Amy Reyes,4
8404,Robert Kelly,4
8933,Justin Medina,4
3112,Darrell Wilson,4
776,Madison Thomas,4
4240,Daniel Rodriguez DVM,4
7575,Cassie Atkins,4
5715,Keith Thomas,4
2940,Michael Shelton,4
786,Benjamin Townsend,4
9084,George Johnson,4
6861,Nathan Davis,4
251,Patrick Zamora,4
5425,Kelly Castro,4
1717,Jeffery Holt,4
6531,Debbie Williams,4
3203,Tina Rice,4
7627,Robert Brown,4
4928,Melody Ortiz,4
879,Daniel Ramos,4
7620,Susan Mack,4
5813,Sandra Ramsey,4
5703,Joseph Glass,4
7980,Barbara Hughes,4
5694,Tara Russell,4
423,Felicia Leonard,4
6004,Luke Rodriguez,4
3027,Danielle Martin,4
6499,Richard Klein,4
8395,Andrew Sanders,4
459,Charles Robinson,4
2886,Miss Angela Newman,4
1060,Daniel Johnson,4
7639,Brenda Alexander,4
8762,Jessica Martin,4
2901,Ryan Garcia,4
5,Carmen Rose,4
3431,Jennifer Santos,4
1959,Mark Johnson,4
820,Crystal Graves,4
6540,Dawn Wright,4
6643,Kimberly Gonzalez,4
4993,Jessica Castillo,4
5047,Kyle Schwartz,4
1968,Michelle Shelton,4
7916,Stephen Butler,4
6390,Christopher Zamora,4
7182,Keith Simmons,4
5339,Miss Victoria Solomon,4
2669,Stephanie Whitehead,4
8693,Frank Hubbard,4
8216,Derek Long,4
9,Carmen Smith,4
9373,John Vargas,4
3100,Melanie Johns,4
1912,Keith Woods,4
5518,Kelli Carter,4
5528,Jacob Richardson,4
2788,Jennifer Gonzalez,4
3733,Michael Johnson,4
