"hotel_id","revenue_month","revenue","prev_month_revenue","mom_growth_pct"
1,2021-01-01,23398.76,,
1,2021-02-01,2107.33,23398.76,-90.99
1,2021-03-01,9356.36,2107.33,343.99
1,2021-04-01,12854.10,9356.36,37.38
1,2021-05-01,11232.00,12854.10,-12.62
1,2021-06-01,7721.22,11232.00,-31.26
1,2021-07-01,12765.63,7721.22,65.33
1,2021-08-01,12066.53,12765.63,-5.48
1,2021-09-01,15771.92,12066.53,30.71
1,2021-10-01,8777.51,15771.92,-44.35
1,2021-11-01,10537.44,8777.51,20.05
1,2021-12-01,7305.23,10537.44,-30.67
1,2022-01-01,9986.89,7305.23,36.71
1,2022-02-01,13271.24,9986.89,32.89
1,2022-03-01,12790.32,13271.24,-3.62
1,2022-04-01,7765.10,12790.32,-39.29
1,2022-05-01,12225.12,7765.10,57.44
1,2022-06-01,14051.44,12225.12,14.94
1,2022-07-01,15361.69,14051.44,9.32
1,2022-08-01,5685.28,15361.69,-62.99
1,2022-09-01,8745.93,5685.28,53.83
1,2022-10-01,17861.29,8745.93,104.22
1,2022-11-01,12905.31,17861.29,-27.75
1,2022-12-01,11571.31,12905.31,-10.34
1,2023-01-01,9451.29,11571.31,-18.32
1,2023-02-01,8731.07,9451.29,-7.62
1,2023-03-01,19267.55,8731.07,120.68
1,2023-04-01,8382.33,19267.55,-56.50
1,2023-05-01,13313.83,8382.33,58.83
1,2023-06-01,12998.74,13313.83,-2.37
1,2023-07-01,9318.70,12998.74,-28.31
1,2023-08-01,14240.85,9318.70,52.82
1,2023-09-01,11576.41,14240.85,-18.71
1,2023-10-01,12289.91,11576.41,6.16
1,2023-11-01,13247.33,12289.91,7.79
1,2023-12-01,10211.18,13247.33,-22.92
1,2024-01-01,7604.83,10211.18,-25.52
1,2024-02-01,5745.60,7604.83,-24.45
1,2024-03-01,9724.73,5745.60,69.26
1,2024-04-01,10127.78,9724.73,4.14
1,2024-05-01,10816.64,10127.78,6.80
1,2024-06-01,6274.10,10816.64,-42.00
1,2024-07-01,16361.50,6274.10,160.78
1,2024-08-01,12719.95,16361.50,-22.26
1,2024-09-01,15126.40,12719.95,18.92
1,2024-10-01,11789.04,15126.40,-22.06
1,2024-11-01,12222.06,11789.04,3.67
1,2024-12-01,8801.60,12222.06,-27.99
1,2025-01-01,13653.31,8801.60,55.12
1,2025-02-01,12992.56,13653.31,-4.84
1,2025-03-01,3962.29,12992.56,-69.50
1,2025-04-01,9412.59,3962.29,137.55
1,2025-05-01,14682.43,9412.59,55.99
1,2025-06-01,15517.39,14682.43,5.69
1,2025-07-01,11609.33,15517.39,-25.19
1,2025-08-01,19980.85,11609.33,72.11
1,2025-09-01,12764.70,19980.85,-36.12
1,2025-10-01,6226.93,12764.70,-51.22
1,2025-11-01,9293.85,6226.93,49.25
1,2025-12-01,247.58,9293.85,-97.34
2,2021-01-01,18593.67,,
2,2021-02-01,5105.04,18593.67,-72.54
2,2021-03-01,10826.66,5105.04,112.08
2,2021-04-01,11531.40,10826.66,6.51
2,2021-05-01,11721.85,11531.40,1.65
2,2021-06-01,15440.33,11721.85,31.72
2,2021-07-01,10419.81,15440.33,-32.52
2,2021-08-01,8857.09,10419.81,-15.00
2,2021-09-01,12332.25,8857.09,39.24
2,2021-10-01,12137.69,12332.25,-1.58
2,2021-11-01,10375.96,12137.69,-14.51
2,2021-12-01,5466.10,10375.96,-47.32
2,2022-01-01,11967.41,5466.10,118.94
2,2022-02-01,7089.58,11967.41,-40.76
2,2022-03-01,6204.19,7089.58,-12.49
2,2022-04-01,8082.12,6204.19,30.27
2,2022-05-01,15791.67,8082.12,95.39
2,2022-06-01,7699.66,15791.67,-51.24
2,2022-07-01,6616.78,7699.66,-14.06
2,2022-08-01,6752.80,6616.78,2.06
2,2022-09-01,8763.46,6752.80,29.78
2,2022-10-01,9650.72,8763.46,10.12
2,2022-11-01,14443.23,9650.72,49.66
2,2022-12-01,7488.19,14443.23,-48.15
2,2023-01-01,11296.53,7488.19,50.86
2,2023-02-01,8655.81,11296.53,-23.38
2,2023-03-01,8025.42,8655.81,-7.28
2,2023-04-01,4393.12,8025.42,-45.26
2,2023-05-01,17127.36,4393.12,289.87
2,2023-06-01,4018.58,17127.36,-76.54
2,2023-07-01,8844.34,4018.58,120.09
2,2023-08-01,22710.23,8844.34,156.78
2,2023-09-01,9223.52,22710.23,-59.39
2,2023-10-01,14115.18,9223.52,53.03
2,2023-11-01,3804.89,14115.18,-73.04
2,2023-12-01,2236.33,3804.89,-41.22
2,2024-01-01,8953.26,2236.33,300.36
2,2024-02-01,5216.47,8953.26,-41.74
2,2024-03-01,15163.38,5216.47,190.68
2,2024-04-01,16818.22,15163.38,10.91
2,2024-05-01,13726.75,16818.22,-18.38
2,2024-06-01,17505.80,13726.75,27.53
2,2024-07-01,13490.84,17505.80,-22.94
2,2024-08-01,17483.38,13490.84,29.59
2,2024-09-01,9565.43,17483.38,-45.29
2,2024-10-01,7372.83,9565.43,-22.92
2,2024-11-01,12985.47,7372.83,76.13
2,2024-12-01,9130.07,12985.47,-29.69
2,2025-01-01,5053.10,9130.07,-44.65
2,2025-02-01,10901.79,5053.10,115.74
2,2025-03-01,11699.88,10901.79,7.32
2,2025-04-01,12871.28,11699.88,10.01
2,2025-05-01,15754.85,12871.28,22.40
2,2025-06-01,4904.10,15754.85,-68.87
2,2025-07-01,9203.89,4904.10,87.68
2,2025-08-01,7347.55,9203.89,-20.17
2,2025-09-01,11736.58,7347.55,59.73
2,2025-10-01,10267.15,11736.58,-12.52
2,2025-11-01,11153.10,10267.15,8.63
2,2025-12-01,1392.44,11153.10,-87.52
3,2021-01-01,32508.45,,
3,2021-02-01,11262.21,32508.45,-65.36
3,2021-03-01,24280.96,11262.21,115.60
3,2021-04-01,10198.14,24280.96,-58.00
3,2021-05-01,17771.51,10198.14,74.26
3,2021-06-01,10411.98,17771.51,-41.41
3,2021-07-01,11753.67,10411.98,12.89
3,2021-08-01,12627.56,11753.67,7.44
3,2021-09-01,10667.83,12627.56,-15.52
3,2021-10-01,7101.25,10667.83,-33.43
3,2021-11-01,13722.25,7101.25,93.24
3,2021-12-01,17775.62,13722.25,29.54
3,2022-01-01,11586.27,17775.62,-34.82
3,2022-02-01,8062.74,11586.27,-30.41
3,2022-03-01,11328.62,8062.74,40.51
3,2022-04-01,5577.52,11328.62,-50.77
3,2022-05-01,17016.23,5577.52,205.09
3,2022-06-01,10997.92,17016.23,-35.37
3,2022-07-01,14042.71,10997.92,27.69
3,2022-08-01,19976.57,14042.71,42.26
3,2022-09-01,22596.05,19976.57,13.11
3,2022-10-01,9782.06,22596.05,-56.71
3,2022-11-01,13283.28,9782.06,35.79
3,2022-12-01,26978.90,13283.28,103.10
3,2023-01-01,17614.36,26978.90,-34.71
3,2023-02-01,13031.85,17614.36,-26.02
3,2023-03-01,17997.66,13031.85,38.11
3,2023-04-01,21304.29,17997.66,18.37
3,2023-05-01,9900.70,21304.29,-53.53
3,2023-06-01,11624.00,9900.70,17.41
3,2023-07-01,9129.47,11624.00,-21.46
3,2023-08-01,15568.09,9129.47,70.53
3,2023-09-01,3310.13,15568.09,-78.74
3,2023-10-01,10138.73,3310.13,206.29
3,2023-11-01,4757.68,10138.73,-53.07
3,2023-12-01,5083.67,4757.68,6.85
3,2024-01-01,6456.88,5083.67,27.01
3,2024-02-01,13612.19,6456.88,110.82
3,2024-03-01,12749.52,13612.19,-6.34
3,2024-04-01,4936.10,12749.52,-61.28
3,2024-05-01,11362.73,4936.10,130.20
3,2024-06-01,14592.37,11362.73,28.42
3,2024-07-01,12806.45,14592.37,-12.24
3,2024-08-01,17073.75,12806.45,33.32
3,2024-09-01,10466.02,17073.75,-38.70
3,2024-10-01,9517.42,10466.02,-9.06
3,2024-11-01,10749.09,9517.42,12.94
3,2024-12-01,8858.62,10749.09,-17.59
3,2025-01-01,21280.39,8858.62,140.22
3,2025-02-01,5677.22,21280.39,-73.32
3,2025-03-01,15246.76,5677.22,168.56
3,2025-04-01,20143.25,15246.76,32.11
3,2025-05-01,13273.94,20143.25,-34.10
3,2025-06-01,15371.89,13273.94,15.81
3,2025-07-01,10512.45,15371.89,-31.61
3,2025-08-01,17411.96,10512.45,65.63
3,2025-09-01,22860.53,17411.96,31.29
3,2025-10-01,12281.94,22860.53,-46.27
3,2025-11-01,11294.26,12281.94,-8.04
4,2021-01-01,25267.19,,
4,2021-02-01,5679.93,25267.19,-77.52
4,2021-03-01,8924.37,5679.93,57.12
4,2021-04-01,13464.62,8924.37,50.87
4,2021-05-01,4191.90,13464.62,-68.87
4,2021-06-01,22144.98,4191.90,428.28
4,2021-07-01,18574.92,22144.98,-16.12
4,2021-08-01,10944.04,18574.92,-41.08
4,2021-09-01,18253.63,10944.04,66.79
4,2021-10-01,9895.11,18253.63,-45.79
4,2021-11-01,11400.66,9895.11,15.22
4,2021-12-01,10597.35,11400.66,-7.05
4,2022-01-01,15327.81,10597.35,44.64
4,2022-02-01,11215.19,15327.81,-26.83
4,2022-03-01,12745.48,11215.19,13.64
4,2022-04-01,14637.57,12745.48,14.85
4,2022-05-01,13061.71,14637.57,-10.77
4,2022-06-01,9822.10,13061.71,-24.80
4,2022-07-01,7328.41,9822.10,-25.39
4,2022-08-01,10094.55,7328.41,37.75
4,2022-09-01,15534.86,10094.55,53.89
4,2022-10-01,19920.77,15534.86,28.23
4,2022-11-01,15318.59,19920.77,-23.10
4,2022-12-01,4496.72,15318.59,-70.65
4,2023-01-01,6488.41,4496.72,44.29
4,2023-02-01,10558.38,6488.41,62.73
4,2023-03-01,15764.14,10558.38,49.30
4,2023-04-01,13558.55,15764.14,-13.99
4,2023-05-01,12631.25,13558.55,-6.84
4,2023-06-01,12664.53,12631.25,0.26
4,2023-07-01,17861.52,12664.53,41.04
4,2023-08-01,12645.23,17861.52,-29.20
4,2023-09-01,13085.23,12645.23,3.48
4,2023-10-01,10733.19,13085.23,-17.97
4,2023-11-01,9615.23,10733.19,-10.42
4,2023-12-01,9220.87,9615.23,-4.10
4,2024-01-01,13097.64,9220.87,42.04
4,2024-02-01,8638.63,13097.64,-34.04
4,2024-03-01,14543.26,8638.63,68.35
4,2024-04-01,6278.18,14543.26,-56.83
4,2024-05-01,11684.48,6278.18,86.11
4,2024-06-01,11389.30,11684.48,-2.53
4,2024-07-01,6676.48,11389.30,-41.38
4,2024-08-01,15608.67,6676.48,133.79
4,2024-09-01,12683.45,15608.67,-18.74
4,2024-10-01,2974.72,12683.45,-76.55
4,2024-11-01,16455.56,2974.72,453.18
4,2024-12-01,10675.30,16455.56,-35.13
4,2025-01-01,10271.29,10675.30,-3.78
4,2025-02-01,8723.04,10271.29,-15.07
4,2025-03-01,7806.83,8723.04,-10.50
4,2025-04-01,23446.96,7806.83,200.34
4,2025-05-01,8725.66,23446.96,-62.79
4,2025-06-01,11674.55,8725.66,33.80
4,2025-07-01,13428.03,11674.55,15.02
4,2025-08-01,8144.56,13428.03,-39.35
4,2025-09-01,12045.12,8144.56,47.89
4,2025-10-01,19519.22,12045.12,62.05
4,2025-11-01,8304.81,19519.22,-57.45
4,2025-12-01,7069.40,8304.81,-14.88
5,2021-01-01,13023.17,,
5,2021-02-01,24365.65,13023.17,87.09
5,2021-03-01,11525.03,24365.65,-52.70
5,2021-04-01,7704.88,11525.03,-33.15
5,2021-05-01,7721.03,7704.88,0.21
5,2021-06-01,19063.62,7721.03,146.91
5,2021-07-01,9499.35,19063.62,-50.17
5,2021-08-01,8138.73,9499.35,-14.32
5,2021-09-01,19458.99,8138.73,139.09
5,2021-10-01,6444.05,19458.99,-66.88
5,2021-11-01,9811.41,6444.05,52.26
5,2021-12-01,8082.44,9811.41,-17.62
5,2022-01-01,8626.95,8082.44,6.74
5,2022-02-01,23103.71,8626.95,167.81
5,2022-03-01,14302.59,23103.71,-38.09
5,2022-04-01,8179.25,14302.59,-42.81
5,2022-05-01,16090.33,8179.25,96.72
5,2022-06-01,18675.29,16090.33,16.07
5,2022-07-01,17276.19,18675.29,-7.49
5,2022-08-01,24208.32,17276.19,40.13
5,2022-09-01,8410.05,24208.32,-65.26
5,2022-10-01,19430.00,8410.05,131.03
5,2022-11-01,9410.46,19430.00,-51.57
5,2022-12-01,7164.83,9410.46,-23.86
5,2023-01-01,13293.67,7164.83,85.54
5,2023-02-01,8091.52,13293.67,-39.13
5,2023-03-01,10547.83,8091.52,30.36
5,2023-04-01,7804.69,10547.83,-26.01
5,2023-05-01,16522.84,7804.69,111.70
5,2023-06-01,12333.64,16522.84,-25.35
5,2023-07-01,22161.57,12333.64,79.68
5,2023-08-01,22328.62,22161.57,0.75
5,2023-09-01,9716.03,22328.62,-56.49
5,2023-10-01,4606.74,9716.03,-52.59
5,2023-11-01,13496.12,4606.74,192.96
5,2023-12-01,9843.75,13496.12,-27.06
5,2024-01-01,13934.29,9843.75,41.55
5,2024-02-01,30141.56,13934.29,116.31
5,2024-03-01,15540.03,30141.56,-48.44
5,2024-04-01,17619.14,15540.03,13.38
5,2024-05-01,13681.14,17619.14,-22.35
5,2024-06-01,18404.91,13681.14,34.53
5,2024-07-01,19992.06,18404.91,8.62
5,2024-08-01,10900.92,19992.06,-45.47
5,2024-09-01,23694.53,10900.92,117.36
5,2024-10-01,16546.33,23694.53,-30.17
5,2024-11-01,9023.68,16546.33,-45.46
5,2024-12-01,28292.92,9023.68,213.54
5,2025-01-01,4768.57,28292.92,-83.15
5,2025-02-01,14497.57,4768.57,204.02
5,2025-03-01,27747.15,14497.57,91.39
5,2025-04-01,8266.43,27747.15,-70.21
5,2025-05-01,15721.92,8266.43,90.19
5,2025-06-01,6831.56,15721.92,-56.55
5,2025-07-01,18930.30,6831.56,177.10
5,2025-08-01,24625.23,18930.30,30.08
5,2025-09-01,9983.71,24625.23,-59.46
5,2025-10-01,8837.38,9983.71,-11.48
5,2025-11-01,7859.29,8837.38,-11.07
5,2025-12-01,1997.45,7859.29,-74.58
6,2021-01-01,16806.87,,
6,2021-02-01,8744.64,16806.87,-47.97
6,2021-03-01,11626.14,8744.64,32.95
6,2021-04-01,6208.27,11626.14,-46.60
6,2021-05-01,6478.23,6208.27,4.35
6,2021-06-01,4887.12,6478.23,-24.56
6,2021-07-01,12431.30,4887.12,154.37
6,2021-08-01,3626.29,12431.30,-70.83
6,2021-09-01,12340.93,3626.29,240.32
6,2021-10-01,5318.98,12340.93,-56.90
6,2021-11-01,13326.10,5318.98,150.54
6,2021-12-01,5499.39,13326.10,-58.73
6,2022-01-01,11368.80,5499.39,106.73
6,2022-02-01,11577.23,11368.80,1.83
6,2022-03-01,8066.58,11577.23,-30.32
6,2022-04-01,13703.28,8066.58,69.88
6,2022-05-01,9172.12,13703.28,-33.07
6,2022-06-01,11546.82,9172.12,25.89
6,2022-07-01,6823.57,11546.82,-40.91
6,2022-08-01,8667.44,6823.57,27.02
6,2022-09-01,14986.26,8667.44,72.90
6,2022-10-01,5256.78,14986.26,-64.92
6,2022-11-01,8860.16,5256.78,68.55
6,2022-12-01,8216.61,8860.16,-7.26
6,2023-01-01,12553.84,8216.61,52.79
6,2023-02-01,9404.50,12553.84,-25.09
6,2023-03-01,13764.08,9404.50,46.36
6,2023-04-01,9937.91,13764.08,-27.80
6,2023-05-01,5239.50,9937.91,-47.28
6,2023-06-01,7131.03,5239.50,36.10
6,2023-07-01,17128.69,7131.03,140.20
6,2023-08-01,10625.71,17128.69,-37.97
6,2023-09-01,8800.00,10625.71,-17.18
6,2023-10-01,7968.27,8800.00,-9.45
6,2023-11-01,13840.11,7968.27,73.69
6,2023-12-01,8809.97,13840.11,-36.34
6,2024-01-01,8091.50,8809.97,-8.16
6,2024-02-01,10045.34,8091.50,24.15
6,2024-03-01,9519.99,10045.34,-5.23
6,2024-04-01,11232.50,9519.99,17.99
6,2024-05-01,11798.09,11232.50,5.04
6,2024-06-01,12165.40,11798.09,3.11
6,2024-07-01,6030.15,12165.40,-50.43
6,2024-08-01,9318.65,6030.15,54.53
6,2024-09-01,8007.15,9318.65,-14.07
6,2024-10-01,16481.42,8007.15,105.83
6,2024-11-01,9542.03,16481.42,-42.10
6,2024-12-01,5017.21,9542.03,-47.42
6,2025-01-01,10077.06,5017.21,100.85
6,2025-02-01,7876.09,10077.06,-21.84
6,2025-03-01,8016.39,7876.09,1.78
6,2025-04-01,11196.79,8016.39,39.67
6,2025-05-01,11910.01,11196.79,6.37
6,2025-06-01,6067.77,11910.01,-49.05
6,2025-07-01,7233.86,6067.77,19.22
6,2025-08-01,12457.64,7233.86,72.21
6,2025-09-01,4698.21,12457.64,-62.29
6,2025-10-01,12212.85,4698.21,159.95
6,2025-11-01,4887.74,12212.85,-59.98
6,2025-12-01,483.45,4887.74,-90.11
7,2021-01-01,25247.97,,
7,2021-02-01,9472.58,25247.97,-62.48
7,2021-03-01,18996.61,9472.58,100.54
7,2021-04-01,13809.91,18996.61,-27.30
7,2021-05-01,29490.54,13809.91,113.55
7,2021-06-01,12961.24,29490.54,-56.05
7,2021-07-01,9076.54,12961.24,-29.97
7,2021-08-01,18017.94,9076.54,98.51
7,2021-09-01,8508.61,18017.94,-52.78
7,2021-10-01,14469.40,8508.61,70.06
7,2021-11-01,12137.71,14469.40,-16.11
7,2021-12-01,5955.34,12137.71,-50.94
7,2022-01-01,4523.08,5955.34,-24.05
7,2022-02-01,18186.83,4523.08,302.09
7,2022-03-01,14116.28,18186.83,-22.38
7,2022-04-01,10173.64,14116.28,-27.93
7,2022-05-01,15474.25,10173.64,52.10
7,2022-06-01,18894.13,15474.25,22.10
7,2022-07-01,15138.92,18894.13,-19.88
7,2022-08-01,23974.64,15138.92,58.36
7,2022-09-01,11973.57,23974.64,-50.06
7,2022-10-01,12894.09,11973.57,7.69
7,2022-11-01,15142.19,12894.09,17.44
7,2022-12-01,14276.68,15142.19,-5.72
7,2023-01-01,14262.18,14276.68,-0.10
7,2023-02-01,12130.57,14262.18,-14.95
7,2023-03-01,11371.08,12130.57,-6.26
7,2023-04-01,16798.35,11371.08,47.73
7,2023-05-01,8593.15,16798.35,-48.85
7,2023-06-01,12575.57,8593.15,46.34
7,2023-07-01,12830.89,12575.57,2.03
7,2023-08-01,6466.97,12830.89,-49.60
7,2023-09-01,12959.55,6466.97,100.40
7,2023-10-01,10028.11,12959.55,-22.62
7,2023-11-01,11767.42,10028.11,17.34
7,2023-12-01,22710.35,11767.42,92.99
7,2024-01-01,16036.40,22710.35,-29.39
7,2024-02-01,17278.19,16036.40,7.74
7,2024-03-01,17341.08,17278.19,0.36
7,2024-04-01,11486.46,17341.08,-33.76
7,2024-05-01,16539.31,11486.46,43.99
7,2024-06-01,14274.28,16539.31,-13.69
7,2024-07-01,10821.73,14274.28,-24.19
7,2024-08-01,17615.11,10821.73,62.78
7,2024-09-01,20534.43,17615.11,16.57
7,2024-10-01,5237.35,20534.43,-74.49
7,2024-11-01,18740.23,5237.35,257.82
7,2024-12-01,6914.05,18740.23,-63.11
7,2025-01-01,7543.92,6914.05,9.11
7,2025-02-01,8830.73,7543.92,17.06
7,2025-03-01,11932.44,8830.73,35.12
7,2025-04-01,11513.09,11932.44,-3.51
7,2025-05-01,13766.59,11513.09,19.57
7,2025-06-01,15024.73,13766.59,9.14
7,2025-07-01,12596.86,15024.73,-16.16
7,2025-08-01,5528.21,12596.86,-56.11
7,2025-09-01,15964.94,5528.21,188.79
7,2025-10-01,6437.98,15964.94,-59.67
7,2025-11-01,9240.36,6437.98,43.53
7,2025-12-01,1178.91,9240.36,-87.24
8,2021-01-01,25613.31,,
8,2021-02-01,12966.24,25613.31,-49.38
8,2021-03-01,8336.50,12966.24,-35.71
8,2021-04-01,11305.89,8336.50,35.62
8,2021-05-01,7506.14,11305.89,-33.61
8,2021-06-01,14652.14,7506.14,95.20
8,2021-07-01,10483.81,14652.14,-28.45
8,2021-08-01,8949.86,10483.81,-14.63
8,2021-09-01,7631.44,8949.86,-14.73
8,2021-10-01,8181.67,7631.44,7.21
8,2021-11-01,11675.58,8181.67,42.70
8,2021-12-01,11013.39,11675.58,-5.67
8,2022-01-01,11251.92,11013.39,2.17
8,2022-02-01,10970.44,11251.92,-2.50
8,2022-03-01,9541.12,10970.44,-13.03
8,2022-04-01,7394.21,9541.12,-22.50
8,2022-05-01,13011.49,7394.21,75.97
8,2022-06-01,11241.29,13011.49,-13.60
8,2022-07-01,6718.60,11241.29,-40.23
8,2022-08-01,15311.81,6718.60,127.90
8,2022-09-01,10760.13,15311.81,-29.73
8,2022-10-01,9790.07,10760.13,-9.02
8,2022-11-01,8837.08,9790.07,-9.73
8,2022-12-01,6186.91,8837.08,-29.99
8,2023-01-01,9112.18,6186.91,47.28
8,2023-02-01,17863.18,9112.18,96.04
8,2023-03-01,16327.12,17863.18,-8.60
8,2023-04-01,10795.98,16327.12,-33.88
8,2023-05-01,13738.56,10795.98,27.26
8,2023-06-01,11496.76,13738.56,-16.32
8,2023-07-01,12675.58,11496.76,10.25
8,2023-08-01,9055.05,12675.58,-28.56
8,2023-09-01,5939.10,9055.05,-34.41
8,2023-10-01,9631.72,5939.10,62.17
8,2023-11-01,9226.90,9631.72,-4.20
8,2023-12-01,9679.59,9226.90,4.91
8,2024-01-01,8308.76,9679.59,-14.16
8,2024-02-01,12622.39,8308.76,51.92
8,2024-03-01,9121.13,12622.39,-27.74
8,2024-04-01,22926.03,9121.13,151.35
8,2024-05-01,7361.12,22926.03,-67.89
8,2024-06-01,8244.63,7361.12,12.00
8,2024-07-01,17035.61,8244.63,106.63
8,2024-08-01,8715.07,17035.61,-48.84
8,2024-09-01,7059.39,8715.07,-19.00
8,2024-10-01,4511.66,7059.39,-36.09
8,2024-11-01,7738.58,4511.66,71.52
8,2024-12-01,7426.28,7738.58,-4.04
8,2025-01-01,4698.72,7426.28,-36.73
8,2025-02-01,8965.09,4698.72,90.80
8,2025-03-01,6167.10,8965.09,-31.21
8,2025-04-01,5192.16,6167.10,-15.81
8,2025-05-01,9197.51,5192.16,77.14
8,2025-06-01,12034.23,9197.51,30.84
8,2025-07-01,5189.60,12034.23,-56.88
8,2025-08-01,14035.63,5189.60,170.46
8,2025-09-01,10152.44,14035.63,-27.67
8,2025-10-01,9070.12,10152.44,-10.66
8,2025-11-01,10140.89,9070.12,11.81
8,2025-12-01,2722.53,10140.89,-73.15
9,2021-01-01,31564.24,,
9,2021-02-01,14174.03,31564.24,-55.09
9,2021-03-01,16357.93,14174.03,15.41
9,2021-04-01,13682.63,16357.93,-16.35
9,2021-05-01,12633.08,13682.63,-7.67
9,2021-06-01,12622.35,12633.08,-0.08
9,2021-07-01,11426.56,12622.35,-9.47
9,2021-08-01,8836.13,11426.56,-22.67
9,2021-09-01,15611.22,8836.13,76.67
9,2021-10-01,15593.17,15611.22,-0.12
9,2021-11-01,11876.55,15593.17,-23.83
9,2021-12-01,8488.92,11876.55,-28.52
9,2022-01-01,7424.98,8488.92,-12.53
9,2022-02-01,12791.23,7424.98,72.27
9,2022-03-01,3404.65,12791.23,-73.38
9,2022-04-01,18765.00,3404.65,451.16
9,2022-05-01,10542.41,18765.00,-43.82
9,2022-06-01,5187.57,10542.41,-50.79
9,2022-07-01,8862.84,5187.57,70.85
9,2022-08-01,14386.59,8862.84,62.32
9,2022-09-01,13812.35,14386.59,-3.99
9,2022-10-01,7315.27,13812.35,-47.04
9,2022-11-01,15894.51,7315.27,117.28
9,2022-12-01,17405.30,15894.51,9.51
9,2023-01-01,13576.79,17405.30,-22.00
9,2023-02-01,4307.62,13576.79,-68.27
9,2023-03-01,8552.21,4307.62,98.54
9,2023-04-01,5463.22,8552.21,-36.12
9,2023-05-01,8254.19,5463.22,51.09
9,2023-06-01,7616.57,8254.19,-7.72
9,2023-07-01,4513.64,7616.57,-40.74
9,2023-08-01,13751.27,4513.64,204.66
9,2023-09-01,9771.43,13751.27,-28.94
9,2023-10-01,11786.33,9771.43,20.62
9,2023-11-01,7882.60,11786.33,-33.12
9,2023-12-01,12707.02,7882.60,61.20
9,2024-01-01,5903.50,12707.02,-53.54
9,2024-02-01,9137.41,5903.50,54.78
9,2024-03-01,13390.18,9137.41,46.54
9,2024-04-01,5510.68,13390.18,-58.85
9,2024-05-01,14813.55,5510.68,168.82
9,2024-06-01,15356.61,14813.55,3.67
9,2024-07-01,15314.20,15356.61,-0.28
9,2024-08-01,7287.66,15314.20,-52.41
9,2024-09-01,6821.29,7287.66,-6.40
9,2024-10-01,11639.81,6821.29,70.64
9,2024-11-01,12524.31,11639.81,7.60
9,2024-12-01,12307.61,12524.31,-1.73
9,2025-01-01,12506.74,12307.61,1.62
9,2025-02-01,4741.96,12506.74,-62.08
9,2025-03-01,15557.13,4741.96,228.07
9,2025-04-01,5168.96,15557.13,-66.77
9,2025-05-01,16813.07,5168.96,225.27
9,2025-06-01,10171.53,16813.07,-39.50
9,2025-07-01,16432.99,10171.53,61.56
9,2025-08-01,16947.10,16432.99,3.13
9,2025-09-01,17267.65,16947.10,1.89
9,2025-10-01,17977.27,17267.65,4.11
9,2025-11-01,14646.29,17977.27,-18.53
9,2025-12-01,577.33,14646.29,-96.06
10,2021-01-01,25751.55,,
10,2021-02-01,11539.25,25751.55,-55.19
10,2021-03-01,13940.81,11539.25,20.81
10,2021-04-01,8483.40,13940.81,-39.15
10,2021-05-01,7833.24,8483.40,-7.66
10,2021-06-01,9138.92,7833.24,16.67
10,2021-07-01,16831.81,9138.92,84.18
10,2021-08-01,9479.21,16831.81,-43.68
10,2021-09-01,6565.66,9479.21,-30.74
10,2021-10-01,5252.77,6565.66,-20.00
10,2021-11-01,8953.76,5252.77,70.46
10,2021-12-01,24849.04,8953.76,177.53
10,2022-01-01,8206.62,24849.04,-66.97
10,2022-02-01,12474.88,8206.62,52.01
10,2022-03-01,2892.96,12474.88,-76.81
10,2022-04-01,4588.88,2892.96,58.62
10,2022-05-01,8913.34,4588.88,94.24
10,2022-06-01,6242.87,8913.34,-29.96
10,2022-07-01,7072.41,6242.87,13.29
10,2022-08-01,8670.84,7072.41,22.60
10,2022-09-01,9530.93,8670.84,9.92
10,2022-10-01,13248.44,9530.93,39.00
10,2022-11-01,8799.51,13248.44,-33.58
10,2022-12-01,12239.19,8799.51,39.09
10,2023-01-01,11099.49,12239.19,-9.31
10,2023-02-01,6092.47,11099.49,-45.11
10,2023-03-01,8086.58,6092.47,32.73
10,2023-04-01,8113.06,8086.58,0.33
10,2023-05-01,12342.76,8113.06,52.13
10,2023-06-01,10170.06,12342.76,-17.60
10,2023-07-01,7204.78,10170.06,-29.16
10,2023-08-01,9126.49,7204.78,26.67
10,2023-09-01,7594.03,9126.49,-16.79
10,2023-10-01,8069.14,7594.03,6.26
10,2023-11-01,8500.24,8069.14,5.34
10,2023-12-01,8715.62,8500.24,2.53
10,2024-01-01,7222.96,8715.62,-17.13
10,2024-02-01,11983.96,7222.96,65.91
10,2024-03-01,4596.05,11983.96,-61.65
10,2024-04-01,10657.19,4596.05,131.88
10,2024-05-01,15495.84,10657.19,45.40
10,2024-06-01,16576.45,15495.84,6.97
10,2024-07-01,14298.85,16576.45,-13.74
10,2024-08-01,14151.10,14298.85,-1.03
10,2024-09-01,10904.20,14151.10,-22.94
10,2024-10-01,9802.69,10904.20,-10.10
10,2024-11-01,8097.46,9802.69,-17.40
10,2024-12-01,9872.65,8097.46,21.92
10,2025-01-01,7035.71,9872.65,-28.74
10,2025-02-01,8708.27,7035.71,23.77
10,2025-03-01,17808.45,8708.27,104.50
10,2025-04-01,12505.22,17808.45,-29.78
10,2025-05-01,25323.78,12505.22,102.51
10,2025-06-01,7479.23,25323.78,-70.47
10,2025-07-01,12322.10,7479.23,64.75
10,2025-08-01,8659.05,12322.10,-29.73
10,2025-09-01,7514.44,8659.05,-13.22
10,2025-10-01,9169.57,7514.44,22.03
10,2025-11-01,10360.15,9169.57,12.98
10,2025-12-01,490.10,10360.15,-95.27
11,2021-01-01,11783.88,,
11,2021-02-01,13225.17,11783.88,12.23
11,2021-03-01,23757.14,13225.17,79.64
11,2021-04-01,14746.07,23757.14,-37.93
11,2021-05-01,4434.87,14746.07,-69.93
11,2021-06-01,11637.85,4434.87,162.42
11,2021-07-01,9449.37,11637.85,-18.80
11,2021-08-01,1669.06,9449.37,-82.34
11,2021-09-01,14422.75,1669.06,764.12
11,2021-10-01,20756.08,14422.75,43.91
11,2021-11-01,7993.61,20756.08,-61.49
11,2021-12-01,10433.01,7993.61,30.52
11,2022-01-01,3838.83,10433.01,-63.20
11,2022-02-01,7214.02,3838.83,87.92
11,2022-03-01,12465.85,7214.02,72.80
11,2022-04-01,9584.24,12465.85,-23.12
11,2022-05-01,16638.08,9584.24,73.60
11,2022-06-01,1765.10,16638.08,-89.39
11,2022-07-01,11196.05,1765.10,534.30
11,2022-08-01,10965.97,11196.05,-2.06
11,2022-09-01,18412.45,10965.97,67.91
11,2022-10-01,24051.47,18412.45,30.63
11,2022-11-01,17273.04,24051.47,-28.18
11,2022-12-01,20819.02,17273.04,20.53
11,2023-01-01,12850.45,20819.02,-38.28
11,2023-02-01,6662.50,12850.45,-48.15
11,2023-03-01,7993.85,6662.50,19.98
11,2023-04-01,13002.82,7993.85,62.66
11,2023-05-01,7340.52,13002.82,-43.55
11,2023-06-01,11648.07,7340.52,58.68
11,2023-07-01,6882.31,11648.07,-40.91
11,2023-08-01,21579.51,6882.31,213.55
11,2023-09-01,10038.38,21579.51,-53.48
11,2023-10-01,7739.60,10038.38,-22.90
11,2023-11-01,13946.95,7739.60,80.20
11,2023-12-01,9168.80,13946.95,-34.26
11,2024-01-01,9729.51,9168.80,6.12
11,2024-02-01,5915.98,9729.51,-39.20
11,2024-03-01,10666.18,5915.98,80.29
11,2024-04-01,6262.29,10666.18,-41.29
11,2024-05-01,14963.18,6262.29,138.94
11,2024-06-01,8154.80,14963.18,-45.50
11,2024-07-01,5495.03,8154.80,-32.62
11,2024-08-01,12721.02,5495.03,131.50
11,2024-09-01,17830.65,12721.02,40.17
11,2024-10-01,11940.47,17830.65,-33.03
11,2024-11-01,16420.86,11940.47,37.52
11,2024-12-01,11380.01,16420.86,-30.70
11,2025-01-01,11806.04,11380.01,3.74
11,2025-02-01,11363.98,11806.04,-3.74
11,2025-03-01,10286.08,11363.98,-9.49
11,2025-04-01,14491.01,10286.08,40.88
11,2025-05-01,9574.80,14491.01,-33.93
11,2025-06-01,5433.58,9574.80,-43.25
11,2025-07-01,14971.91,5433.58,175.54
11,2025-08-01,7502.92,14971.91,-49.89
11,2025-09-01,5692.07,7502.92,-24.14
11,2025-10-01,10519.45,5692.07,84.81
11,2025-11-01,14336.09,10519.45,36.28
11,2025-12-01,1290.99,14336.09,-90.99
12,2021-01-01,28571.09,,
12,2021-02-01,17680.36,28571.09,-38.12
12,2021-03-01,12465.83,17680.36,-29.49
12,2021-04-01,13729.25,12465.83,10.14
12,2021-05-01,20608.60,13729.25,50.11
12,2021-06-01,13803.98,20608.60,-33.02
12,2021-07-01,31085.75,13803.98,125.19
12,2021-08-01,20012.95,31085.75,-35.62
12,2021-09-01,15027.26,20012.95,-24.91
12,2021-10-01,15257.34,15027.26,1.53
12,2021-11-01,8147.85,15257.34,-46.60
12,2021-12-01,4319.10,8147.85,-46.99
12,2022-01-01,15718.22,4319.10,263.92
12,2022-02-01,8841.34,15718.22,-43.75
12,2022-03-01,9070.62,8841.34,2.59
12,2022-04-01,17405.25,9070.62,91.89
12,2022-05-01,16534.15,17405.25,-5.00
12,2022-06-01,15219.17,16534.15,-7.95
12,2022-07-01,24810.69,15219.17,63.02
12,2022-08-01,24017.79,24810.69,-3.20
12,2022-09-01,16128.90,24017.79,-32.85
12,2022-10-01,8226.70,16128.90,-48.99
12,2022-11-01,10004.87,8226.70,21.61
12,2022-12-01,29831.30,10004.87,198.17
12,2023-01-01,17029.07,29831.30,-42.92
12,2023-02-01,17393.90,17029.07,2.14
12,2023-03-01,11724.29,17393.90,-32.60
12,2023-04-01,18389.77,11724.29,56.85
12,2023-05-01,20199.09,18389.77,9.84
12,2023-06-01,16784.52,20199.09,-16.90
12,2023-07-01,16838.29,16784.52,0.32
12,2023-08-01,17134.46,16838.29,1.76
12,2023-09-01,10520.42,17134.46,-38.60
12,2023-10-01,18734.22,10520.42,78.07
12,2023-11-01,12860.13,18734.22,-31.35
12,2023-12-01,4997.74,12860.13,-61.14
12,2024-01-01,5688.86,4997.74,13.83
12,2024-02-01,7665.51,5688.86,34.75
12,2024-03-01,22071.65,7665.51,187.93
12,2024-04-01,22282.95,22071.65,0.96
12,2024-05-01,10429.67,22282.95,-53.19
12,2024-06-01,16028.83,10429.67,53.68
12,2024-07-01,11247.42,16028.83,-29.83
12,2024-08-01,7574.59,11247.42,-32.65
12,2024-09-01,17643.62,7574.59,132.93
12,2024-10-01,21093.42,17643.62,19.55
12,2024-11-01,8002.08,21093.42,-62.06
12,2024-12-01,11721.93,8002.08,46.49
12,2025-01-01,13908.79,11721.93,18.66
12,2025-02-01,5766.74,13908.79,-58.54
12,2025-03-01,15307.60,5766.74,165.45
12,2025-04-01,14190.17,15307.60,-7.30
12,2025-05-01,6592.18,14190.17,-53.54
12,2025-06-01,5737.43,6592.18,-12.97
12,2025-07-01,26778.90,5737.43,366.74
12,2025-08-01,10229.97,26778.90,-61.80
12,2025-09-01,15367.50,10229.97,50.22
12,2025-10-01,16903.63,15367.50,10.00
12,2025-11-01,7184.30,16903.63,-57.50
13,2021-01-01,22662.58,,
13,2021-02-01,11287.60,22662.58,-50.19
13,2021-03-01,16691.49,11287.60,47.87
13,2021-04-01,11301.03,16691.49,-32.29
13,2021-05-01,5163.58,11301.03,-54.31
13,2021-06-01,12754.16,5163.58,147.00
13,2021-07-01,11340.25,12754.16,-11.09
13,2021-08-01,9721.46,11340.25,-14.27
13,2021-09-01,8387.92,9721.46,-13.72
13,2021-10-01,7368.20,8387.92,-12.16
13,2021-11-01,7024.28,7368.20,-4.67
13,2021-12-01,7804.22,7024.28,11.10
13,2022-01-01,10015.24,7804.22,28.33
13,2022-02-01,2124.63,10015.24,-78.79
13,2022-03-01,11127.66,2124.63,423.75
13,2022-04-01,10262.38,11127.66,-7.78
13,2022-05-01,6801.31,10262.38,-33.73
13,2022-06-01,5047.48,6801.31,-25.79
13,2022-07-01,11357.61,5047.48,125.02
13,2022-08-01,10256.87,11357.61,-9.69
13,2022-09-01,8212.06,10256.87,-19.94
13,2022-10-01,4601.41,8212.06,-43.97
13,2022-11-01,12341.15,4601.41,168.20
13,2022-12-01,9272.06,12341.15,-24.87
13,2023-01-01,19085.97,9272.06,105.84
13,2023-02-01,9662.34,19085.97,-49.37
13,2023-03-01,8452.04,9662.34,-12.53
13,2023-04-01,8307.30,8452.04,-1.71
13,2023-05-01,10088.89,8307.30,21.45
13,2023-06-01,9169.19,10088.89,-9.12
13,2023-07-01,4634.12,9169.19,-49.46
13,2023-08-01,10781.80,4634.12,132.66
13,2023-09-01,12802.96,10781.80,18.75
13,2023-10-01,17588.50,12802.96,37.38
13,2023-11-01,12371.61,17588.50,-29.66
13,2023-12-01,10594.75,12371.61,-14.36
13,2024-01-01,13573.46,10594.75,28.11
13,2024-02-01,6037.28,13573.46,-55.52
13,2024-03-01,18403.16,6037.28,204.83
13,2024-04-01,15817.47,18403.16,-14.05
13,2024-05-01,12318.46,15817.47,-22.12
13,2024-06-01,9330.15,12318.46,-24.26
13,2024-07-01,10129.61,9330.15,8.57
13,2024-08-01,10859.54,10129.61,7.21
13,2024-09-01,13738.29,10859.54,26.51
13,2024-10-01,5125.81,13738.29,-62.69
13,2024-11-01,7243.83,5125.81,41.32
13,2024-12-01,12795.08,7243.83,76.63
13,2025-01-01,6169.24,12795.08,-51.78
13,2025-02-01,12143.70,6169.24,96.84
13,2025-03-01,14033.80,12143.70,15.56
13,2025-04-01,15426.77,14033.80,9.93
13,2025-05-01,9345.75,15426.77,-39.42
13,2025-06-01,4187.07,9345.75,-55.20
13,2025-07-01,10613.95,4187.07,153.49
13,2025-08-01,8370.88,10613.95,-21.13
13,2025-09-01,8516.68,8370.88,1.74
13,2025-10-01,4705.52,8516.68,-44.75
13,2025-11-01,7306.80,4705.52,55.28
13,2025-12-01,4470.16,7306.80,-38.82
14,2021-01-01,14633.07,,
14,2021-02-01,7998.77,14633.07,-45.34
14,2021-03-01,14980.31,7998.77,87.28
14,2021-04-01,12912.53,14980.31,-13.80
14,2021-05-01,10304.42,12912.53,-20.20
14,2021-06-01,12507.83,10304.42,21.38
14,2021-07-01,8324.39,12507.83,-33.45
14,2021-08-01,6085.08,8324.39,-26.90
14,2021-09-01,8191.89,6085.08,34.62
14,2021-10-01,6418.65,8191.89,-21.65
14,2021-11-01,14455.18,6418.65,125.21
14,2021-12-01,16556.75,14455.18,14.54
14,2022-01-01,11779.44,16556.75,-28.85
14,2022-02-01,13549.57,11779.44,15.03
14,2022-03-01,23453.77,13549.57,73.10
14,2022-04-01,7697.16,23453.77,-67.18
14,2022-05-01,19174.85,7697.16,149.12
14,2022-06-01,5035.45,19174.85,-73.74
14,2022-07-01,11340.70,5035.45,125.22
14,2022-08-01,18151.58,11340.70,60.06
14,2022-09-01,13806.19,18151.58,-23.94
14,2022-10-01,16617.77,13806.19,20.36
14,2022-11-01,4725.35,16617.77,-71.56
14,2022-12-01,15067.72,4725.35,218.87
14,2023-01-01,19301.64,15067.72,28.10
14,2023-02-01,19547.36,19301.64,1.27
14,2023-03-01,5077.37,19547.36,-74.03
14,2023-04-01,14616.56,5077.37,187.88
14,2023-05-01,8663.95,14616.56,-40.73
14,2023-06-01,15316.59,8663.95,76.79
14,2023-07-01,13500.68,15316.59,-11.86
14,2023-08-01,13007.64,13500.68,-3.65
14,2023-09-01,17959.87,13007.64,38.07
14,2023-10-01,8479.32,17959.87,-52.79
14,2023-11-01,5816.29,8479.32,-31.41
14,2023-12-01,17122.95,5816.29,194.40
14,2024-01-01,8879.96,17122.95,-48.14
14,2024-02-01,10001.17,8879.96,12.63
14,2024-03-01,17530.53,10001.17,75.28
14,2024-04-01,14965.62,17530.53,-14.63
14,2024-05-01,5140.94,14965.62,-65.65
14,2024-06-01,14694.97,5140.94,185.84
14,2024-07-01,13752.31,14694.97,-6.41
14,2024-08-01,10100.07,13752.31,-26.56
14,2024-09-01,12519.57,10100.07,23.96
14,2024-10-01,14203.99,12519.57,13.45
14,2024-11-01,6584.47,14203.99,-53.64
14,2024-12-01,29070.86,6584.47,341.51
14,2025-01-01,11039.85,29070.86,-62.02
14,2025-02-01,7527.91,11039.85,-31.81
14,2025-03-01,24776.32,7527.91,229.13
14,2025-04-01,13869.98,24776.32,-44.02
14,2025-05-01,12273.94,13869.98,-11.51
14,2025-06-01,17134.56,12273.94,39.60
14,2025-07-01,20849.94,17134.56,21.68
14,2025-08-01,20654.04,20849.94,-0.94
14,2025-09-01,7313.15,20654.04,-64.59
14,2025-10-01,24211.53,7313.15,231.07
14,2025-11-01,14978.61,24211.53,-38.13
14,2025-12-01,563.08,14978.61,-96.24
14,2026-01-01,104.17,563.08,-81.50
15,2021-01-01,30760.04,,
15,2021-02-01,19362.95,30760.04,-37.05
15,2021-03-01,13730.37,19362.95,-29.09
15,2021-04-01,20046.96,13730.37,46.00
15,2021-05-01,16263.45,20046.96,-18.87
15,2021-06-01,22520.53,16263.45,38.47
15,2021-07-01,16391.25,22520.53,-27.22
15,2021-08-01,18206.30,16391.25,11.07
15,2021-09-01,30228.17,18206.30,66.03
15,2021-10-01,19483.11,30228.17,-35.55
15,2021-11-01,10462.52,19483.11,-46.30
15,2021-12-01,11156.00,10462.52,6.63
15,2022-01-01,17608.11,11156.00,57.84
15,2022-02-01,11794.14,17608.11,-33.02
15,2022-03-01,16169.89,11794.14,37.10
15,2022-04-01,13759.63,16169.89,-14.91
15,2022-05-01,15084.20,13759.63,9.63
15,2022-06-01,11371.96,15084.20,-24.61
15,2022-07-01,19059.24,11371.96,67.60
15,2022-08-01,17318.88,19059.24,-9.13
15,2022-09-01,12454.51,17318.88,-28.09
15,2022-10-01,20480.99,12454.51,64.45
15,2022-11-01,19136.06,20480.99,-6.57
15,2022-12-01,16532.52,19136.06,-13.61
15,2023-01-01,17762.41,16532.52,7.44
15,2023-02-01,8497.40,17762.41,-52.16
15,2023-03-01,11538.05,8497.40,35.78
15,2023-04-01,11477.64,11538.05,-0.52
15,2023-05-01,7719.33,11477.64,-32.74
15,2023-06-01,7023.08,7719.33,-9.02
15,2023-07-01,18257.56,7023.08,159.97
15,2023-08-01,16800.65,18257.56,-7.98
15,2023-09-01,17469.31,16800.65,3.98
15,2023-10-01,13316.08,17469.31,-23.77
15,2023-11-01,13668.12,13316.08,2.64
15,2023-12-01,8229.04,13668.12,-39.79
15,2024-01-01,12783.01,8229.04,55.34
15,2024-02-01,12146.00,12783.01,-4.98
15,2024-03-01,16307.71,12146.00,34.26
15,2024-04-01,11801.20,16307.71,-27.63
15,2024-05-01,20637.33,11801.20,74.87
15,2024-06-01,11145.65,20637.33,-45.99
15,2024-07-01,15807.04,11145.65,41.82
15,2024-08-01,13236.19,15807.04,-16.26
15,2024-09-01,20511.56,13236.19,54.97
15,2024-10-01,17833.12,20511.56,-13.06
15,2024-11-01,12568.72,17833.12,-29.52
15,2024-12-01,13854.16,12568.72,10.23
15,2025-01-01,13344.11,13854.16,-3.68
15,2025-02-01,6597.49,13344.11,-50.56
15,2025-03-01,17488.02,6597.49,165.07
15,2025-04-01,10634.13,17488.02,-39.19
15,2025-05-01,10077.60,10634.13,-5.23
15,2025-06-01,18116.35,10077.60,79.77
15,2025-07-01,24334.62,18116.35,34.32
15,2025-08-01,13508.08,24334.62,-44.49
15,2025-09-01,29632.78,13508.08,119.37
15,2025-10-01,8352.08,29632.78,-71.81
15,2025-11-01,11099.08,8352.08,32.89
15,2025-12-01,1306.20,11099.08,-88.23
16,2021-01-01,20126.74,,
16,2021-02-01,9026.81,20126.74,-55.15
16,2021-03-01,16405.54,9026.81,81.74
16,2021-04-01,11160.52,16405.54,-31.97
16,2021-05-01,11990.35,11160.52,7.44
16,2021-06-01,11373.07,11990.35,-5.15
16,2021-07-01,15670.72,11373.07,37.79
16,2021-08-01,6829.42,15670.72,-56.42
16,2021-09-01,8031.23,6829.42,17.60
16,2021-10-01,5629.97,8031.23,-29.90
16,2021-11-01,11142.69,5629.97,97.92
16,2021-12-01,8051.48,11142.69,-27.74
16,2022-01-01,9653.44,8051.48,19.90
16,2022-02-01,10196.17,9653.44,5.62
16,2022-03-01,10883.00,10196.17,6.74
16,2022-04-01,4391.21,10883.00,-59.65
16,2022-05-01,17260.33,4391.21,293.07
16,2022-06-01,8930.71,17260.33,-48.26
16,2022-07-01,8904.11,8930.71,-0.30
16,2022-08-01,22415.43,8904.11,151.74
16,2022-09-01,13557.87,22415.43,-39.52
16,2022-10-01,7127.72,13557.87,-47.43
16,2022-11-01,14506.60,7127.72,103.52
16,2022-12-01,13441.14,14506.60,-7.34
16,2023-01-01,5524.01,13441.14,-58.90
16,2023-02-01,11538.51,5524.01,108.88
16,2023-03-01,7563.61,11538.51,-34.45
16,2023-04-01,13884.12,7563.61,83.56
16,2023-05-01,7964.34,13884.12,-42.64
16,2023-06-01,5777.74,7964.34,-27.45
16,2023-07-01,6008.31,5777.74,3.99
16,2023-08-01,7684.05,6008.31,27.89
16,2023-09-01,9993.18,7684.05,30.05
16,2023-10-01,10636.07,9993.18,6.43
16,2023-11-01,14337.64,10636.07,34.80
16,2023-12-01,6240.37,14337.64,-56.48
16,2024-01-01,14907.86,6240.37,138.89
16,2024-02-01,18179.90,14907.86,21.95
16,2024-03-01,3449.98,18179.90,-81.02
16,2024-04-01,10313.18,3449.98,198.93
16,2024-05-01,15409.82,10313.18,49.42
16,2024-06-01,9895.32,15409.82,-35.79
16,2024-07-01,9923.98,9895.32,0.29
16,2024-08-01,21357.02,9923.98,115.21
16,2024-09-01,11622.26,21357.02,-45.58
16,2024-10-01,12247.36,11622.26,5.38
16,2024-11-01,8655.11,12247.36,-29.33
16,2024-12-01,6907.19,8655.11,-20.20
16,2025-01-01,9723.24,6907.19,40.77
16,2025-02-01,8732.50,9723.24,-10.19
16,2025-03-01,8511.11,8732.50,-2.54
16,2025-04-01,10289.38,8511.11,20.89
16,2025-05-01,14817.75,10289.38,44.01
16,2025-06-01,12083.04,14817.75,-18.46
16,2025-07-01,7415.83,12083.04,-38.63
16,2025-08-01,10425.03,7415.83,40.58
16,2025-09-01,9606.04,10425.03,-7.86
16,2025-10-01,19028.70,9606.04,98.09
16,2025-11-01,4328.38,19028.70,-77.25
16,2025-12-01,7946.53,4328.38,83.59
17,2021-01-01,18934.24,,
17,2021-02-01,6544.85,18934.24,-65.43
17,2021-03-01,4604.89,6544.85,-29.64
17,2021-04-01,12389.04,4604.89,169.04
17,2021-05-01,5958.09,12389.04,-51.91
17,2021-06-01,7833.10,5958.09,31.47
17,2021-07-01,7831.58,7833.10,-0.02
17,2021-08-01,10387.37,7831.58,32.63
17,2021-09-01,5880.15,10387.37,-43.39
17,2021-10-01,6272.45,5880.15,6.67
17,2021-11-01,14581.76,6272.45,132.47
17,2021-12-01,11382.11,14581.76,-21.94
17,2022-01-01,7296.77,11382.11,-35.89
17,2022-02-01,14656.29,7296.77,100.86
17,2022-03-01,9196.13,14656.29,-37.25
17,2022-04-01,5037.61,9196.13,-45.22
17,2022-05-01,10444.40,5037.61,107.33
17,2022-06-01,7810.71,10444.40,-25.22
17,2022-07-01,5638.48,7810.71,-27.81
17,2022-08-01,13815.94,5638.48,145.03
17,2022-09-01,8051.75,13815.94,-41.72
17,2022-10-01,15477.13,8051.75,92.22
17,2022-11-01,6737.26,15477.13,-56.47
17,2022-12-01,14975.76,6737.26,122.28
17,2023-01-01,4159.77,14975.76,-72.22
17,2023-02-01,4931.34,4159.77,18.55
17,2023-03-01,14587.45,4931.34,195.81
17,2023-04-01,8038.81,14587.45,-44.89
17,2023-05-01,12714.17,8038.81,58.16
17,2023-06-01,8618.00,12714.17,-32.22
17,2023-07-01,6412.15,8618.00,-25.60
17,2023-08-01,6905.80,6412.15,7.70
17,2023-09-01,3265.44,6905.80,-52.71
17,2023-10-01,12636.01,3265.44,286.96
17,2023-11-01,6238.26,12636.01,-50.63
17,2023-12-01,10869.34,6238.26,74.24
17,2024-01-01,9155.10,10869.34,-15.77
17,2024-02-01,13414.29,9155.10,46.52
17,2024-03-01,11976.22,13414.29,-10.72
17,2024-04-01,8309.41,11976.22,-30.62
17,2024-05-01,6818.44,8309.41,-17.94
17,2024-06-01,5780.85,6818.44,-15.22
17,2024-07-01,3498.13,5780.85,-39.49
17,2024-08-01,11261.80,3498.13,221.94
17,2024-09-01,8276.62,11261.80,-26.51
17,2024-10-01,6392.20,8276.62,-22.77
17,2024-11-01,4550.98,6392.20,-28.80
17,2024-12-01,8135.70,4550.98,78.77
17,2025-01-01,3397.27,8135.70,-58.24
17,2025-02-01,7690.45,3397.27,126.37
17,2025-03-01,11093.52,7690.45,44.25
17,2025-04-01,9213.53,11093.52,-16.95
17,2025-05-01,7186.95,9213.53,-22.00
17,2025-06-01,4538.90,7186.95,-36.85
17,2025-07-01,14279.66,4538.90,214.61
17,2025-08-01,7802.32,14279.66,-45.36
17,2025-09-01,3344.28,7802.32,-57.14
17,2025-10-01,7554.00,3344.28,125.88
17,2025-11-01,6859.86,7554.00,-9.19
17,2025-12-01,2123.57,6859.86,-69.04
18,2021-01-01,29849.21,,
18,2021-02-01,15514.46,29849.21,-48.02
18,2021-03-01,12117.12,15514.46,-21.90
18,2021-04-01,9440.33,12117.12,-22.09
18,2021-05-01,12604.38,9440.33,33.52
18,2021-06-01,16251.66,12604.38,28.94
18,2021-07-01,13114.27,16251.66,-19.31
18,2021-08-01,17889.04,13114.27,36.41
18,2021-09-01,15977.17,17889.04,-10.69
18,2021-10-01,27166.36,15977.17,70.03
18,2021-11-01,13771.87,27166.36,-49.31
18,2021-12-01,18766.78,13771.87,36.27
18,2022-01-01,9382.11,18766.78,-50.01
18,2022-02-01,18467.46,9382.11,96.84
18,2022-03-01,15558.30,18467.46,-15.75
18,2022-04-01,13858.54,15558.30,-10.93
18,2022-05-01,14157.31,13858.54,2.16
18,2022-06-01,23456.51,14157.31,65.68
18,2022-07-01,16222.08,23456.51,-30.84
18,2022-08-01,17202.86,16222.08,6.05
18,2022-09-01,11835.94,17202.86,-31.20
18,2022-10-01,14681.86,11835.94,24.04
18,2022-11-01,21284.07,14681.86,44.97
18,2022-12-01,20423.56,21284.07,-4.04
18,2023-01-01,19632.15,20423.56,-3.87
18,2023-02-01,16754.09,19632.15,-14.66
18,2023-03-01,12883.40,16754.09,-23.10
18,2023-04-01,10565.23,12883.40,-17.99
18,2023-05-01,20670.01,10565.23,95.64
18,2023-06-01,17337.42,20670.01,-16.12
18,2023-07-01,15566.74,17337.42,-10.21
18,2023-08-01,16875.60,15566.74,8.41
18,2023-09-01,17096.16,16875.60,1.31
18,2023-10-01,21584.04,17096.16,26.25
18,2023-11-01,15163.39,21584.04,-29.75
18,2023-12-01,12144.90,15163.39,-19.91
18,2024-01-01,13767.54,12144.90,13.36
18,2024-02-01,25447.89,13767.54,84.84
18,2024-03-01,4426.48,25447.89,-82.61
18,2024-04-01,8011.28,4426.48,80.99
18,2024-05-01,10590.92,8011.28,32.20
18,2024-06-01,28246.21,10590.92,166.70
18,2024-07-01,19902.34,28246.21,-29.54
18,2024-08-01,17462.26,19902.34,-12.26
18,2024-09-01,28157.96,17462.26,61.25
18,2024-10-01,23051.59,28157.96,-18.13
18,2024-11-01,15775.63,23051.59,-31.56
18,2024-12-01,6460.44,15775.63,-59.05
18,2025-01-01,10062.99,6460.44,55.76
18,2025-02-01,18307.55,10062.99,81.93
18,2025-03-01,22043.94,18307.55,20.41
18,2025-04-01,13502.67,22043.94,-38.75
18,2025-05-01,23128.66,13502.67,71.29
18,2025-06-01,13431.78,23128.66,-41.93
18,2025-07-01,28005.80,13431.78,108.50
18,2025-08-01,26127.44,28005.80,-6.71
18,2025-09-01,13014.90,26127.44,-50.19
18,2025-10-01,8234.10,13014.90,-36.73
18,2025-11-01,17646.02,8234.10,114.30
18,2025-12-01,1002.38,17646.02,-94.32
19,2021-01-01,28656.46,,
19,2021-02-01,13982.63,28656.46,-51.21
19,2021-03-01,11921.26,13982.63,-14.74
19,2021-04-01,11717.56,11921.26,-1.71
19,2021-05-01,8911.27,11717.56,-23.95
19,2021-06-01,11076.82,8911.27,24.30
19,2021-07-01,11981.99,11076.82,8.17
19,2021-08-01,6133.63,11981.99,-48.81
19,2021-09-01,9100.57,6133.63,48.37
19,2021-10-01,15976.59,9100.57,75.56
19,2021-11-01,18250.72,15976.59,14.23
19,2021-12-01,4979.95,18250.72,-72.71
19,2022-01-01,16509.51,4979.95,231.52
19,2022-02-01,15909.49,16509.51,-3.63
19,2022-03-01,21938.34,15909.49,37.89
19,2022-04-01,18085.92,21938.34,-17.56
19,2022-05-01,10765.97,18085.92,-40.47
19,2022-06-01,6513.16,10765.97,-39.50
19,2022-07-01,12339.65,6513.16,89.46
19,2022-08-01,13610.68,12339.65,10.30
19,2022-09-01,14936.76,13610.68,9.74
19,2022-10-01,18032.18,14936.76,20.72
19,2022-11-01,17975.82,18032.18,-0.31
19,2022-12-01,14223.46,17975.82,-20.87
19,2023-01-01,17570.51,14223.46,23.53
19,2023-02-01,7361.86,17570.51,-58.10
19,2023-03-01,13916.77,7361.86,89.04
19,2023-04-01,8087.49,13916.77,-41.89
19,2023-05-01,16554.77,8087.49,104.70
19,2023-06-01,16947.76,16554.77,2.37
19,2023-07-01,14646.59,16947.76,-13.58
19,2023-08-01,21258.18,14646.59,45.14
19,2023-09-01,8267.67,21258.18,-61.11
19,2023-10-01,16609.60,8267.67,100.90
19,2023-11-01,20710.57,16609.60,24.69
19,2023-12-01,8518.53,20710.57,-58.87
19,2024-01-01,18780.00,8518.53,120.46
19,2024-02-01,8144.91,18780.00,-56.63
19,2024-03-01,9837.08,8144.91,20.78
19,2024-04-01,11285.43,9837.08,14.72
19,2024-05-01,19315.05,11285.43,71.15
19,2024-06-01,11362.56,19315.05,-41.17
19,2024-07-01,20001.48,11362.56,76.03
19,2024-08-01,13624.42,20001.48,-31.88
19,2024-09-01,17430.73,13624.42,27.94
19,2024-10-01,7873.32,17430.73,-54.83
19,2024-11-01,15352.29,7873.32,94.99
19,2024-12-01,16345.29,15352.29,6.47
19,2025-01-01,15170.63,16345.29,-7.19
19,2025-02-01,18129.72,15170.63,19.51
19,2025-03-01,19949.50,18129.72,10.04
19,2025-04-01,11498.55,19949.50,-42.36
19,2025-05-01,16575.92,11498.55,44.16
19,2025-06-01,18712.79,16575.92,12.89
19,2025-07-01,8800.10,18712.79,-52.97
19,2025-08-01,17829.24,8800.10,102.60
19,2025-09-01,13998.56,17829.24,-21.49
19,2025-10-01,12612.33,13998.56,-9.90
19,2025-11-01,4270.35,12612.33,-66.14
19,2025-12-01,16149.70,4270.35,278.18
20,2021-01-01,20186.82,,
20,2021-02-01,7885.77,20186.82,-60.94
20,2021-03-01,16887.05,7885.77,114.15
20,2021-04-01,17720.44,16887.05,4.94
20,2021-05-01,9633.39,17720.44,-45.64
20,2021-06-01,7654.52,9633.39,-20.54
20,2021-07-01,13997.20,7654.52,82.86
20,2021-08-01,16964.99,13997.20,21.20
20,2021-09-01,13209.08,16964.99,-22.14
20,2021-10-01,8823.97,13209.08,-33.20
20,2021-11-01,20763.19,8823.97,135.30
20,2021-12-01,6239.17,20763.19,-69.95
20,2022-01-01,8206.67,6239.17,31.53
20,2022-02-01,14808.90,8206.67,80.45
20,2022-03-01,13218.07,14808.90,-10.74
20,2022-04-01,10308.62,13218.07,-22.01
20,2022-05-01,21694.86,10308.62,110.45
20,2022-06-01,12834.09,21694.86,-40.84
20,2022-07-01,21237.65,12834.09,65.48
20,2022-08-01,20257.86,21237.65,-4.61
20,2022-09-01,11724.73,20257.86,-42.12
20,2022-10-01,9565.05,11724.73,-18.42
20,2022-11-01,12924.54,9565.05,35.12
20,2022-12-01,23388.70,12924.54,80.96
20,2023-01-01,3847.57,23388.70,-83.55
20,2023-02-01,9771.11,3847.57,153.96
20,2023-03-01,5906.34,9771.11,-39.55
20,2023-04-01,16269.18,5906.34,175.45
20,2023-05-01,19471.91,16269.18,19.69
20,2023-06-01,12185.84,19471.91,-37.42
20,2023-07-01,18700.67,12185.84,53.46
20,2023-08-01,16134.26,18700.67,-13.72
20,2023-09-01,16113.19,16134.26,-0.13
20,2023-10-01,14749.54,16113.19,-8.46
20,2023-11-01,13097.90,14749.54,-11.20
20,2023-12-01,8483.87,13097.90,-35.23
20,2024-01-01,7713.14,8483.87,-9.08
20,2024-02-01,7755.37,7713.14,0.55
20,2024-03-01,13159.31,7755.37,69.68
20,2024-04-01,13237.53,13159.31,0.59
20,2024-05-01,17339.11,13237.53,30.98
20,2024-06-01,13829.85,17339.11,-20.24
20,2024-07-01,13768.82,13829.85,-0.44
20,2024-08-01,17548.85,13768.82,27.45
20,2024-09-01,13394.89,17548.85,-23.67
20,2024-10-01,14073.88,13394.89,5.07
20,2024-11-01,20716.14,14073.88,47.20
20,2024-12-01,8107.80,20716.14,-60.86
20,2025-01-01,10939.99,8107.80,34.93
20,2025-02-01,6549.23,10939.99,-40.13
20,2025-03-01,16699.60,6549.23,154.99
20,2025-04-01,9910.79,16699.60,-40.65
20,2025-05-01,23473.99,9910.79,136.85
20,2025-06-01,15549.91,23473.99,-33.76
20,2025-07-01,22026.34,15549.91,41.65
20,2025-08-01,7263.20,22026.34,-67.02
20,2025-09-01,8889.85,7263.20,22.40
20,2025-10-01,19960.88,8889.85,124.54
20,2025-11-01,12657.69,19960.88,-36.59
20,2025-12-01,5606.64,12657.69,-55.71
21,2021-01-01,16038.10,,
21,2021-02-01,9387.76,16038.10,-41.47
21,2021-03-01,9110.87,9387.76,-2.95
21,2021-04-01,6038.85,9110.87,-33.72
21,2021-05-01,12814.55,6038.85,112.20
21,2021-06-01,7332.57,12814.55,-42.78
21,2021-07-01,3781.52,7332.57,-48.43
21,2021-08-01,10431.92,3781.52,175.87
21,2021-09-01,10627.66,10431.92,1.88
21,2021-10-01,14318.43,10627.66,34.73
21,2021-11-01,8471.86,14318.43,-40.83
21,2021-12-01,8857.44,8471.86,4.55
21,2022-01-01,12563.31,8857.44,41.84
21,2022-02-01,7844.09,12563.31,-37.56
21,2022-03-01,9648.88,7844.09,23.01
21,2022-04-01,5740.18,9648.88,-40.51
21,2022-05-01,7710.49,5740.18,34.32
21,2022-06-01,7241.78,7710.49,-6.08
21,2022-07-01,6136.71,7241.78,-15.26
21,2022-08-01,4868.55,6136.71,-20.67
21,2022-09-01,8926.68,4868.55,83.35
21,2022-10-01,7454.32,8926.68,-16.49
21,2022-11-01,4337.11,7454.32,-41.82
21,2022-12-01,3805.07,4337.11,-12.27
21,2023-01-01,11874.54,3805.07,212.07
21,2023-02-01,6591.75,11874.54,-44.49
21,2023-03-01,8231.98,6591.75,24.88
21,2023-04-01,6124.78,8231.98,-25.60
21,2023-05-01,4175.60,6124.78,-31.82
21,2023-06-01,12109.29,4175.60,190.00
21,2023-07-01,9613.62,12109.29,-20.61
21,2023-08-01,7183.67,9613.62,-25.28
21,2023-09-01,8415.18,7183.67,17.14
21,2023-10-01,15271.07,8415.18,81.47
21,2023-11-01,6101.84,15271.07,-60.04
21,2023-12-01,4465.81,6101.84,-26.81
21,2024-01-01,7351.56,4465.81,64.62
21,2024-02-01,11474.00,7351.56,56.08
21,2024-03-01,8503.51,11474.00,-25.89
21,2024-04-01,4542.02,8503.51,-46.59
21,2024-05-01,6163.63,4542.02,35.70
21,2024-06-01,10638.32,6163.63,72.60
21,2024-07-01,12833.49,10638.32,20.63
21,2024-08-01,2737.05,12833.49,-78.67
21,2024-09-01,4966.14,2737.05,81.44
21,2024-10-01,5470.02,4966.14,10.15
21,2024-11-01,9843.46,5470.02,79.95
21,2024-12-01,11321.60,9843.46,15.02
21,2025-01-01,7546.76,11321.60,-33.34
21,2025-02-01,10985.16,7546.76,45.56
21,2025-03-01,5763.57,10985.16,-47.53
21,2025-04-01,11391.34,5763.57,97.64
21,2025-05-01,5956.70,11391.34,-47.71
21,2025-06-01,7960.30,5956.70,33.64
21,2025-07-01,6663.53,7960.30,-16.29
21,2025-08-01,10691.47,6663.53,60.45
21,2025-09-01,14266.04,10691.47,33.43
21,2025-10-01,10055.19,14266.04,-29.52
21,2025-11-01,5690.86,10055.19,-43.40
21,2025-12-01,841.04,5690.86,-85.22
22,2021-01-01,16715.83,,
22,2021-02-01,12169.45,16715.83,-27.20
22,2021-03-01,8144.71,12169.45,-33.07
22,2021-04-01,10361.73,8144.71,27.22
22,2021-05-01,10352.65,10361.73,-0.09
22,2021-06-01,11221.11,10352.65,8.39
22,2021-07-01,10376.28,11221.11,-7.53
22,2021-08-01,10212.18,10376.28,-1.58
22,2021-09-01,9145.12,10212.18,-10.45
22,2021-10-01,10190.39,9145.12,11.43
22,2021-11-01,5747.60,10190.39,-43.60
22,2021-12-01,18984.03,5747.60,230.29
22,2022-01-01,7166.47,18984.03,-62.25
22,2022-02-01,6170.13,7166.47,-13.90
22,2022-03-01,15180.00,6170.13,146.02
22,2022-04-01,13039.13,15180.00,-14.10
22,2022-05-01,9021.52,13039.13,-30.81
22,2022-06-01,8478.54,9021.52,-6.02
22,2022-07-01,6834.85,8478.54,-19.39
22,2022-08-01,4182.12,6834.85,-38.81
22,2022-09-01,12890.64,4182.12,208.23
22,2022-10-01,10570.18,12890.64,-18.00
22,2022-11-01,12997.50,10570.18,22.96
22,2022-12-01,8622.04,12997.50,-33.66
22,2023-01-01,8732.02,8622.04,1.28
22,2023-02-01,2384.97,8732.02,-72.69
22,2023-03-01,10032.21,2384.97,320.64
22,2023-04-01,12177.59,10032.21,21.38
22,2023-05-01,8115.17,12177.59,-33.36
22,2023-06-01,13440.15,8115.17,65.62
22,2023-07-01,12270.84,13440.15,-8.70
22,2023-08-01,13019.47,12270.84,6.10
22,2023-09-01,12255.02,13019.47,-5.87
22,2023-10-01,6837.00,12255.02,-44.21
22,2023-11-01,9102.73,6837.00,33.14
22,2023-12-01,3499.37,9102.73,-61.56
22,2024-01-01,6902.31,3499.37,97.24
22,2024-02-01,5583.78,6902.31,-19.10
22,2024-03-01,9795.88,5583.78,75.43
22,2024-04-01,10364.24,9795.88,5.80
22,2024-05-01,7857.72,10364.24,-24.18
22,2024-06-01,3828.45,7857.72,-51.28
22,2024-07-01,7570.58,3828.45,97.75
22,2024-08-01,16173.74,7570.58,113.64
22,2024-09-01,21518.86,16173.74,33.05
22,2024-10-01,9038.36,21518.86,-58.00
22,2024-11-01,11923.09,9038.36,31.92
22,2024-12-01,19831.65,11923.09,66.33
22,2025-01-01,4863.33,19831.65,-75.48
22,2025-02-01,5475.64,4863.33,12.59
22,2025-03-01,13810.73,5475.64,152.22
22,2025-04-01,9349.55,13810.73,-32.30
22,2025-05-01,17390.55,9349.55,86.00
22,2025-06-01,10112.10,17390.55,-41.85
22,2025-07-01,8565.89,10112.10,-15.29
22,2025-08-01,4434.23,8565.89,-48.23
22,2025-09-01,10262.66,4434.23,131.44
22,2025-10-01,14113.41,10262.66,37.52
22,2025-11-01,4313.24,14113.41,-69.44
22,2025-12-01,4755.22,4313.24,10.25
23,2021-01-01,38059.89,,
23,2021-02-01,19706.40,38059.89,-48.22
23,2021-03-01,28653.57,19706.40,45.40
23,2021-04-01,11148.93,28653.57,-61.09
23,2021-05-01,8817.47,11148.93,-20.91
23,2021-06-01,14207.13,8817.47,61.12
23,2021-07-01,19439.71,14207.13,36.83
23,2021-08-01,10390.08,19439.71,-46.55
23,2021-09-01,11924.02,10390.08,14.76
23,2021-10-01,15879.90,11924.02,33.18
23,2021-11-01,6469.13,15879.90,-59.26
23,2021-12-01,18779.78,6469.13,190.30
23,2022-01-01,20627.16,18779.78,9.84
23,2022-02-01,13631.82,20627.16,-33.91
23,2022-03-01,14310.57,13631.82,4.98
23,2022-04-01,14461.67,14310.57,1.06
23,2022-05-01,7400.55,14461.67,-48.83
23,2022-06-01,14835.41,7400.55,100.46
23,2022-07-01,29044.26,14835.41,95.78
23,2022-08-01,10346.17,29044.26,-64.38
23,2022-09-01,17312.84,10346.17,67.34
23,2022-10-01,14704.04,17312.84,-15.07
23,2022-11-01,5544.61,14704.04,-62.29
23,2022-12-01,34291.85,5544.61,518.47
23,2023-01-01,12657.95,34291.85,-63.09
23,2023-02-01,27457.52,12657.95,116.92
23,2023-03-01,20170.70,27457.52,-26.54
23,2023-04-01,11137.32,20170.70,-44.78
23,2023-05-01,16253.92,11137.32,45.94
23,2023-06-01,17831.88,16253.92,9.71
23,2023-07-01,11615.47,17831.88,-34.86
23,2023-08-01,19180.72,11615.47,65.13
23,2023-09-01,17617.69,19180.72,-8.15
23,2023-10-01,17882.88,17617.69,1.51
23,2023-11-01,19180.86,17882.88,7.26
23,2023-12-01,15777.05,19180.86,-17.75
23,2024-01-01,20767.92,15777.05,31.63
23,2024-02-01,4693.57,20767.92,-77.40
23,2024-03-01,17326.35,4693.57,269.15
23,2024-04-01,14693.22,17326.35,-15.20
23,2024-05-01,14586.25,14693.22,-0.73
23,2024-06-01,16688.90,14586.25,14.42
23,2024-07-01,15587.94,16688.90,-6.60
23,2024-08-01,15297.78,15587.94,-1.86
23,2024-09-01,9706.71,15297.78,-36.55
23,2024-10-01,14619.81,9706.71,50.62
23,2024-11-01,23128.78,14619.81,58.20
23,2024-12-01,10645.89,23128.78,-53.97
23,2025-01-01,29032.95,10645.89,172.72
23,2025-02-01,16230.95,29032.95,-44.09
23,2025-03-01,20744.02,16230.95,27.81
23,2025-04-01,27474.02,20744.02,32.44
23,2025-05-01,25608.30,27474.02,-6.79
23,2025-06-01,15340.66,25608.30,-40.09
23,2025-07-01,16982.47,15340.66,10.70
23,2025-08-01,18375.78,16982.47,8.20
23,2025-09-01,18831.91,18375.78,2.48
23,2025-10-01,13090.12,18831.91,-30.49
23,2025-11-01,8595.32,13090.12,-34.34
23,2025-12-01,13665.81,8595.32,58.99
24,2021-01-01,15642.61,,
24,2021-02-01,9572.65,15642.61,-38.80
24,2021-03-01,24450.57,9572.65,155.42
24,2021-04-01,13979.26,24450.57,-42.83
24,2021-05-01,19565.67,13979.26,39.96
24,2021-06-01,18387.92,19565.67,-6.02
24,2021-07-01,17051.21,18387.92,-7.27
24,2021-08-01,10702.19,17051.21,-37.24
24,2021-09-01,16196.49,10702.19,51.34
24,2021-10-01,10054.62,16196.49,-37.92
24,2021-11-01,17448.17,10054.62,73.53
24,2021-12-01,17709.16,17448.17,1.50
24,2022-01-01,19371.59,17709.16,9.39
24,2022-02-01,14599.39,19371.59,-24.64
24,2022-03-01,21940.35,14599.39,50.28
24,2022-04-01,12525.47,21940.35,-42.91
24,2022-05-01,5476.47,12525.47,-56.28
24,2022-06-01,23006.09,5476.47,320.09
24,2022-07-01,27253.09,23006.09,18.46
24,2022-08-01,14990.02,27253.09,-45.00
24,2022-09-01,14442.40,14990.02,-3.65
24,2022-10-01,27653.99,14442.40,91.48
24,2022-11-01,19244.37,27653.99,-30.41
24,2022-12-01,23470.77,19244.37,21.96
24,2023-01-01,13680.46,23470.77,-41.71
24,2023-02-01,17405.25,13680.46,27.23
24,2023-03-01,9380.96,17405.25,-46.10
24,2023-04-01,9993.65,9380.96,6.53
24,2023-05-01,18601.98,9993.65,86.14
24,2023-06-01,11451.70,18601.98,-38.44
24,2023-07-01,10124.94,11451.70,-11.59
24,2023-08-01,21649.88,10124.94,113.83
24,2023-09-01,18270.57,21649.88,-15.61
24,2023-10-01,23052.31,18270.57,26.17
24,2023-11-01,11943.95,23052.31,-48.19
24,2023-12-01,21912.30,11943.95,83.46
24,2024-01-01,19169.13,21912.30,-12.52
24,2024-02-01,7884.53,19169.13,-58.87
24,2024-03-01,9538.05,7884.53,20.97
24,2024-04-01,9282.30,9538.05,-2.68
24,2024-05-01,23147.64,9282.30,149.37
24,2024-06-01,13568.81,23147.64,-41.38
24,2024-07-01,23516.30,13568.81,73.31
24,2024-08-01,11959.72,23516.30,-49.14
24,2024-09-01,24784.95,11959.72,107.24
24,2024-10-01,14158.04,24784.95,-42.88
24,2024-11-01,17280.54,14158.04,22.05
24,2024-12-01,19302.49,17280.54,11.70
24,2025-01-01,18351.85,19302.49,-4.92
24,2025-02-01,18772.27,18351.85,2.29
24,2025-03-01,18902.28,18772.27,0.69
24,2025-04-01,16163.23,18902.28,-14.49
24,2025-05-01,13321.84,16163.23,-17.58
24,2025-06-01,18300.22,13321.84,37.37
24,2025-07-01,18596.20,18300.22,1.62
24,2025-08-01,13684.55,18596.20,-26.41
24,2025-09-01,24924.12,13684.55,82.13
24,2025-10-01,20393.01,24924.12,-18.18
24,2025-11-01,9670.70,20393.01,-52.58
24,2025-12-01,2145.67,9670.70,-77.81
25,2021-01-01,12542.50,,
25,2021-02-01,5736.93,12542.50,-54.26
25,2021-03-01,6320.64,5736.93,10.17
25,2021-04-01,12337.63,6320.64,95.20
25,2021-05-01,7737.52,12337.63,-37.29
25,2021-06-01,9586.75,7737.52,23.90
25,2021-07-01,5988.36,9586.75,-37.54
25,2021-08-01,3549.05,5988.36,-40.73
25,2021-09-01,12348.69,3549.05,247.94
25,2021-10-01,12262.37,12348.69,-0.70
25,2021-11-01,11440.42,12262.37,-6.70
25,2021-12-01,7804.99,11440.42,-31.78
25,2022-01-01,9130.27,7804.99,16.98
25,2022-02-01,11408.31,9130.27,24.95
25,2022-03-01,5367.96,11408.31,-52.95
25,2022-04-01,8408.49,5367.96,56.64
25,2022-05-01,13681.76,8408.49,62.71
25,2022-06-01,12637.33,13681.76,-7.63
25,2022-07-01,10504.76,12637.33,-16.88
25,2022-08-01,16277.69,10504.76,54.96
25,2022-09-01,5132.08,16277.69,-68.47
25,2022-10-01,12631.31,5132.08,146.12
25,2022-11-01,12612.89,12631.31,-0.15
25,2022-12-01,15918.97,12612.89,26.21
25,2023-01-01,10202.77,15918.97,-35.91
25,2023-02-01,6075.05,10202.77,-40.46
25,2023-03-01,7084.73,6075.05,16.62
25,2023-04-01,16380.15,7084.73,131.20
25,2023-05-01,13862.70,16380.15,-15.37
25,2023-06-01,8313.11,13862.70,-40.03
25,2023-07-01,5411.65,8313.11,-34.90
25,2023-08-01,9772.78,5411.65,80.59
25,2023-09-01,7403.71,9772.78,-24.24
25,2023-10-01,6028.61,7403.71,-18.57
25,2023-11-01,11630.90,6028.61,92.93
25,2023-12-01,8413.43,11630.90,-27.66
25,2024-01-01,9656.44,8413.43,14.77
25,2024-02-01,5489.53,9656.44,-43.15
25,2024-03-01,10967.51,5489.53,99.79
25,2024-04-01,11405.23,10967.51,3.99
25,2024-05-01,18054.70,11405.23,58.30
25,2024-06-01,8127.57,18054.70,-54.98
25,2024-07-01,13318.47,8127.57,63.87
25,2024-08-01,10313.36,13318.47,-22.56
25,2024-09-01,8086.60,10313.36,-21.59
25,2024-10-01,14436.36,8086.60,78.52
25,2024-11-01,13524.39,14436.36,-6.32
25,2024-12-01,8423.53,13524.39,-37.72
25,2025-01-01,9163.22,8423.53,8.78
25,2025-02-01,8492.80,9163.22,-7.32
25,2025-03-01,7871.51,8492.80,-7.32
25,2025-04-01,5515.74,7871.51,-29.93
25,2025-05-01,8183.50,5515.74,48.37
25,2025-06-01,13982.74,8183.50,70.87
25,2025-07-01,9286.88,13982.74,-33.58
25,2025-08-01,8028.34,9286.88,-13.55
25,2025-09-01,11051.08,8028.34,37.65
25,2025-10-01,13830.24,11051.08,25.15
25,2025-11-01,6282.78,13830.24,-54.57
25,2025-12-01,1825.12,6282.78,-70.95
26,2021-01-01,19664.34,,
26,2021-02-01,11542.16,19664.34,-41.30
26,2021-03-01,8774.46,11542.16,-23.98
26,2021-04-01,8137.40,8774.46,-7.26
26,2021-05-01,5709.34,8137.40,-29.84
26,2021-06-01,9858.89,5709.34,72.68
26,2021-07-01,9723.43,9858.89,-1.37
26,2021-08-01,3853.69,9723.43,-60.37
26,2021-09-01,10012.66,3853.69,159.82
26,2021-10-01,11825.35,10012.66,18.10
26,2021-11-01,16023.24,11825.35,35.50
26,2021-12-01,8770.80,16023.24,-45.26
26,2022-01-01,7718.26,8770.80,-12.00
26,2022-02-01,7060.81,7718.26,-8.52
26,2022-03-01,13210.21,7060.81,87.09
26,2022-04-01,13126.78,13210.21,-0.63
26,2022-05-01,6433.31,13126.78,-50.99
26,2022-06-01,7519.30,6433.31,16.88
26,2022-07-01,9897.00,7519.30,31.62
26,2022-08-01,12427.91,9897.00,25.57
26,2022-09-01,4970.84,12427.91,-60.00
26,2022-10-01,12117.67,4970.84,143.78
26,2022-11-01,10919.74,12117.67,-9.89
26,2022-12-01,8411.13,10919.74,-22.97
26,2023-01-01,11355.26,8411.13,35.00
26,2023-02-01,4163.60,11355.26,-63.33
26,2023-03-01,6546.02,4163.60,57.22
26,2023-04-01,6384.25,6546.02,-2.47
26,2023-05-01,10762.91,6384.25,68.59
26,2023-06-01,4505.28,10762.91,-58.14
26,2023-07-01,10542.93,4505.28,134.01
26,2023-08-01,16630.34,10542.93,57.74
26,2023-09-01,8171.70,16630.34,-50.86
26,2023-10-01,5659.73,8171.70,-30.74
26,2023-11-01,2789.95,5659.73,-50.71
26,2023-12-01,8678.60,2789.95,211.07
26,2024-01-01,4219.73,8678.60,-51.38
26,2024-02-01,8113.56,4219.73,92.28
26,2024-03-01,13761.89,8113.56,69.62
26,2024-04-01,6793.46,13761.89,-50.64
26,2024-05-01,4272.90,6793.46,-37.10
26,2024-06-01,5166.13,4272.90,20.90
26,2024-07-01,9099.28,5166.13,76.13
26,2024-08-01,9539.69,9099.28,4.84
26,2024-09-01,12304.17,9539.69,28.98
26,2024-10-01,5993.85,12304.17,-51.29
26,2024-11-01,8910.62,5993.85,48.66
26,2024-12-01,5829.12,8910.62,-34.58
26,2025-01-01,9630.27,5829.12,65.21
26,2025-02-01,7446.42,9630.27,-22.68
26,2025-03-01,10522.42,7446.42,41.31
26,2025-04-01,12130.98,10522.42,15.29
26,2025-05-01,6752.84,12130.98,-44.33
26,2025-06-01,9535.20,6752.84,41.20
26,2025-07-01,8481.59,9535.20,-11.05
26,2025-08-01,12511.69,8481.59,47.52
26,2025-09-01,6327.35,12511.69,-49.43
26,2025-10-01,8969.21,6327.35,41.75
26,2025-11-01,4127.38,8969.21,-53.98
26,2025-12-01,931.38,4127.38,-77.43
27,2021-01-01,22370.09,,
27,2021-02-01,13501.61,22370.09,-39.64
27,2021-03-01,10056.19,13501.61,-25.52
27,2021-04-01,6129.83,10056.19,-39.04
27,2021-05-01,10116.53,6129.83,65.04
27,2021-06-01,14768.62,10116.53,45.99
27,2021-07-01,12866.89,14768.62,-12.88
27,2021-08-01,6462.89,12866.89,-49.77
27,2021-09-01,14852.52,6462.89,129.81
27,2021-10-01,9940.94,14852.52,-33.07
27,2021-11-01,3484.70,9940.94,-64.95
27,2021-12-01,7056.05,3484.70,102.49
27,2022-01-01,9167.73,7056.05,29.93
27,2022-02-01,11340.51,9167.73,23.70
27,2022-03-01,13198.73,11340.51,16.39
27,2022-04-01,17554.70,13198.73,33.00
27,2022-05-01,14614.24,17554.70,-16.75
27,2022-06-01,4364.10,14614.24,-70.14
27,2022-07-01,10866.76,4364.10,149.00
27,2022-08-01,15177.42,10866.76,39.67
27,2022-09-01,9433.49,15177.42,-37.85
27,2022-10-01,10308.20,9433.49,9.27
27,2022-11-01,11703.97,10308.20,13.54
27,2022-12-01,4104.63,11703.97,-64.93
27,2023-01-01,5166.75,4104.63,25.88
27,2023-02-01,7859.02,5166.75,52.11
27,2023-03-01,15156.92,7859.02,92.86
27,2023-04-01,5808.15,15156.92,-61.68
27,2023-05-01,14562.36,5808.15,150.72
27,2023-06-01,5536.00,14562.36,-61.98
27,2023-07-01,4665.49,5536.00,-15.72
27,2023-08-01,7950.61,4665.49,70.41
27,2023-09-01,7923.27,7950.61,-0.34
27,2023-10-01,10535.16,7923.27,32.96
27,2023-11-01,5893.55,10535.16,-44.06
27,2023-12-01,3712.09,5893.55,-37.01
27,2024-01-01,12837.07,3712.09,245.82
27,2024-02-01,13436.72,12837.07,4.67
27,2024-03-01,7777.42,13436.72,-42.12
27,2024-04-01,11633.11,7777.42,49.58
27,2024-05-01,7876.42,11633.11,-32.29
27,2024-06-01,12256.01,7876.42,55.60
27,2024-07-01,9224.85,12256.01,-24.73
27,2024-08-01,13014.33,9224.85,41.08
27,2024-09-01,5266.91,13014.33,-59.53
27,2024-10-01,13321.06,5266.91,152.92
27,2024-11-01,8550.85,13321.06,-35.81
27,2024-12-01,12262.41,8550.85,43.41
27,2025-01-01,3677.08,12262.41,-70.01
27,2025-02-01,10365.52,3677.08,181.90
27,2025-03-01,7551.49,10365.52,-27.15
27,2025-04-01,8510.23,7551.49,12.70
27,2025-05-01,9229.45,8510.23,8.45
27,2025-06-01,8131.31,9229.45,-11.90
27,2025-07-01,13597.23,8131.31,67.22
27,2025-08-01,1424.53,13597.23,-89.52
27,2025-09-01,9963.96,1424.53,599.46
27,2025-10-01,9060.06,9963.96,-9.07
27,2025-11-01,3352.06,9060.06,-63.00
27,2025-12-01,1250.03,3352.06,-62.71
28,2021-01-01,9822.01,,
28,2021-02-01,8418.92,9822.01,-14.29
28,2021-03-01,9447.90,8418.92,12.22
28,2021-04-01,5591.69,9447.90,-40.82
28,2021-05-01,5298.83,5591.69,-5.24
28,2021-06-01,5039.28,5298.83,-4.90
28,2021-07-01,8285.76,5039.28,64.42
28,2021-08-01,5003.55,8285.76,-39.61
28,2021-09-01,6119.09,5003.55,22.29
28,2021-10-01,8426.42,6119.09,37.71
28,2021-11-01,4730.93,8426.42,-43.86
28,2021-12-01,9025.86,4730.93,90.78
28,2022-01-01,11739.73,9025.86,30.07
28,2022-02-01,7996.65,11739.73,-31.88
28,2022-03-01,6173.06,7996.65,-22.80
28,2022-04-01,9150.63,6173.06,48.23
28,2022-05-01,8277.19,9150.63,-9.55
28,2022-06-01,7550.42,8277.19,-8.78
28,2022-07-01,2928.39,7550.42,-61.22
28,2022-08-01,7786.86,2928.39,165.91
28,2022-09-01,4699.80,7786.86,-39.64
28,2022-10-01,7512.86,4699.80,59.85
28,2022-11-01,7472.18,7512.86,-0.54
28,2022-12-01,4460.69,7472.18,-40.30
28,2023-01-01,5126.79,4460.69,14.93
28,2023-02-01,8265.04,5126.79,61.21
28,2023-03-01,9570.77,8265.04,15.80
28,2023-04-01,8230.04,9570.77,-14.01
28,2023-05-01,6560.50,8230.04,-20.29
28,2023-06-01,5708.99,6560.50,-12.98
28,2023-07-01,4341.82,5708.99,-23.95
28,2023-08-01,5745.16,4341.82,32.32
28,2023-09-01,5677.52,5745.16,-1.18
28,2023-10-01,5969.60,5677.52,5.14
28,2023-11-01,1640.51,5969.60,-72.52
28,2023-12-01,8634.62,1640.51,426.34
28,2024-01-01,9052.41,8634.62,4.84
28,2024-02-01,2153.99,9052.41,-76.21
28,2024-03-01,7275.90,2153.99,237.79
28,2024-04-01,4616.00,7275.90,-36.56
28,2024-05-01,7481.68,4616.00,62.08
28,2024-06-01,5120.79,7481.68,-31.56
28,2024-07-01,5019.75,5120.79,-1.97
28,2024-08-01,8803.95,5019.75,75.39
28,2024-09-01,5119.14,8803.95,-41.85
28,2024-10-01,9662.42,5119.14,88.75
28,2024-11-01,9657.30,9662.42,-0.05
28,2024-12-01,7413.35,9657.30,-23.24
28,2025-01-01,6647.65,7413.35,-10.33
28,2025-02-01,9341.18,6647.65,40.52
28,2025-03-01,4385.09,9341.18,-53.06
28,2025-04-01,11469.16,4385.09,161.55
28,2025-05-01,3393.26,11469.16,-70.41
28,2025-06-01,4531.96,3393.26,33.56
28,2025-07-01,8156.36,4531.96,79.97
28,2025-08-01,8381.15,8156.36,2.76
28,2025-09-01,7373.49,8381.15,-12.02
28,2025-10-01,9788.86,7373.49,32.76
28,2025-11-01,4468.58,9788.86,-54.35
28,2025-12-01,1017.56,4468.58,-77.23
29,2021-01-01,14259.87,,
29,2021-02-01,15211.53,14259.87,6.67
29,2021-03-01,15338.85,15211.53,0.84
29,2021-04-01,18082.41,15338.85,17.89
29,2021-05-01,11172.10,18082.41,-38.22
29,2021-06-01,14602.21,11172.10,30.70
29,2021-07-01,6040.71,14602.21,-58.63
29,2021-08-01,6734.51,6040.71,11.49
29,2021-09-01,12600.26,6734.51,87.10
29,2021-10-01,11861.92,12600.26,-5.86
29,2021-11-01,8296.57,11861.92,-30.06
29,2021-12-01,16461.34,8296.57,98.41
29,2022-01-01,9546.57,16461.34,-42.01
29,2022-02-01,8624.58,9546.57,-9.66
29,2022-03-01,15095.89,8624.58,75.03
29,2022-04-01,15388.60,15095.89,1.94
29,2022-05-01,10463.36,15388.60,-32.01
29,2022-06-01,12247.97,10463.36,17.06
29,2022-07-01,12290.28,12247.97,0.35
29,2022-08-01,17203.37,12290.28,39.98
29,2022-09-01,15619.05,17203.37,-9.21
29,2022-10-01,10797.89,15619.05,-30.87
29,2022-11-01,21232.77,10797.89,96.64
29,2022-12-01,7317.14,21232.77,-65.54
29,2023-01-01,10051.23,7317.14,37.37
29,2023-02-01,13123.96,10051.23,30.57
29,2023-03-01,16640.08,13123.96,26.79
29,2023-04-01,6754.06,16640.08,-59.41
29,2023-05-01,6743.48,6754.06,-0.16
29,2023-06-01,3879.24,6743.48,-42.47
29,2023-07-01,12673.53,3879.24,226.70
29,2023-08-01,10782.35,12673.53,-14.92
29,2023-09-01,13664.93,10782.35,26.73
29,2023-10-01,12369.69,13664.93,-9.48
29,2023-11-01,6994.00,12369.69,-43.46
29,2023-12-01,19218.82,6994.00,174.79
29,2024-01-01,12361.27,19218.82,-35.68
29,2024-02-01,7937.96,12361.27,-35.78
29,2024-03-01,13459.80,7937.96,69.56
29,2024-04-01,14817.87,13459.80,10.09
29,2024-05-01,23818.51,14817.87,60.74
29,2024-06-01,14267.80,23818.51,-40.10
29,2024-07-01,4453.47,14267.80,-68.79
29,2024-08-01,12720.83,4453.47,185.64
29,2024-09-01,10936.61,12720.83,-14.03
29,2024-10-01,12996.50,10936.61,18.83
29,2024-11-01,7913.30,12996.50,-39.11
29,2024-12-01,11304.63,7913.30,42.86
29,2025-01-01,9559.43,11304.63,-15.44
29,2025-02-01,6780.48,9559.43,-29.07
29,2025-03-01,14132.18,6780.48,108.42
29,2025-04-01,13771.35,14132.18,-2.55
29,2025-05-01,16104.75,13771.35,16.94
29,2025-06-01,10480.53,16104.75,-34.92
29,2025-07-01,16616.86,10480.53,58.55
29,2025-08-01,19013.31,16616.86,14.42
29,2025-09-01,10540.44,19013.31,-44.56
29,2025-10-01,11600.57,10540.44,10.06
29,2025-11-01,3245.45,11600.57,-72.02
29,2025-12-01,907.21,3245.45,-72.05
30,2021-01-01,41113.63,,
30,2021-02-01,7637.68,41113.63,-81.42
30,2021-03-01,29478.08,7637.68,285.96
30,2021-04-01,7023.63,29478.08,-76.17
30,2021-05-01,23415.02,7023.63,233.37
30,2021-06-01,9279.58,23415.02,-60.37
30,2021-07-01,17244.92,9279.58,85.84
30,2021-08-01,8826.57,17244.92,-48.82
30,2021-09-01,14178.68,8826.57,60.64
30,2021-10-01,15727.77,14178.68,10.93
30,2021-11-01,14015.10,15727.77,-10.89
30,2021-12-01,10085.13,14015.10,-28.04
30,2022-01-01,17267.93,10085.13,71.22
30,2022-02-01,18232.13,17267.93,5.58
30,2022-03-01,13647.54,18232.13,-25.15
30,2022-04-01,20430.29,13647.54,49.70
30,2022-05-01,15443.73,20430.29,-24.41
30,2022-06-01,19610.33,15443.73,26.98
30,2022-07-01,3488.24,19610.33,-82.21
30,2022-08-01,16381.87,3488.24,369.63
30,2022-09-01,17172.79,16381.87,4.83
30,2022-10-01,21960.20,17172.79,27.88
30,2022-11-01,18529.58,21960.20,-15.62
30,2022-12-01,20053.39,18529.58,8.22
30,2023-01-01,17289.58,20053.39,-13.78
30,2023-02-01,15383.33,17289.58,-11.03
30,2023-03-01,18544.93,15383.33,20.55
30,2023-04-01,19467.19,18544.93,4.97
30,2023-05-01,11514.94,19467.19,-40.85
30,2023-06-01,15788.25,11514.94,37.11
30,2023-07-01,8454.79,15788.25,-46.45
30,2023-08-01,24139.44,8454.79,185.51
30,2023-09-01,14698.37,24139.44,-39.11
30,2023-10-01,13486.47,14698.37,-8.25
30,2023-11-01,11465.73,13486.47,-14.98
30,2023-12-01,16107.49,11465.73,40.48
30,2024-01-01,19687.96,16107.49,22.23
30,2024-02-01,22533.33,19687.96,14.45
30,2024-03-01,37249.96,22533.33,65.31
30,2024-04-01,12396.09,37249.96,-66.72
30,2024-05-01,8141.77,12396.09,-34.32
30,2024-06-01,10334.64,8141.77,26.93
30,2024-07-01,28628.83,10334.64,177.02
30,2024-08-01,16390.58,28628.83,-42.75
30,2024-09-01,24789.03,16390.58,51.24
30,2024-10-01,18059.95,24789.03,-27.15
30,2024-11-01,10551.62,18059.95,-41.57
30,2024-12-01,5359.83,10551.62,-49.20
30,2025-01-01,19931.52,5359.83,271.87
30,2025-02-01,7441.95,19931.52,-62.66
30,2025-03-01,20742.38,7441.95,178.72
30,2025-04-01,21112.12,20742.38,1.78
30,2025-05-01,16263.84,21112.12,-22.96
30,2025-06-01,19423.96,16263.84,19.43
30,2025-07-01,14906.20,19423.96,-23.26
30,2025-08-01,9012.55,14906.20,-39.54
30,2025-09-01,16813.52,9012.55,86.56
30,2025-10-01,21318.60,16813.52,26.79
30,2025-11-01,8879.42,21318.60,-58.35
30,2025-12-01,5618.40,8879.42,-36.73
31,2021-01-01,18895.13,,
31,2021-02-01,8510.02,18895.13,-54.96
31,2021-03-01,12966.93,8510.02,52.37
31,2021-04-01,14220.23,12966.93,9.67
31,2021-05-01,6666.83,14220.23,-53.12
31,2021-06-01,13563.71,6666.83,103.45
31,2021-07-01,14653.60,13563.71,8.04
31,2021-08-01,5451.39,14653.60,-62.80
31,2021-09-01,10787.48,5451.39,97.88
31,2021-10-01,12512.72,10787.48,15.99
31,2021-11-01,12973.32,12512.72,3.68
31,2021-12-01,16469.15,12973.32,26.95
31,2022-01-01,7942.20,16469.15,-51.78
31,2022-02-01,7835.75,7942.20,-1.34
31,2022-03-01,5833.53,7835.75,-25.55
31,2022-04-01,9838.99,5833.53,68.66
31,2022-05-01,11805.22,9838.99,19.98
31,2022-06-01,12401.73,11805.22,5.05
31,2022-07-01,10042.19,12401.73,-19.03
31,2022-08-01,11432.41,10042.19,13.84
31,2022-09-01,11285.63,11432.41,-1.28
31,2022-10-01,12592.74,11285.63,11.58
31,2022-11-01,15151.90,12592.74,20.32
31,2022-12-01,15181.01,15151.90,0.19
31,2023-01-01,16173.81,15181.01,6.54
31,2023-02-01,6994.03,16173.81,-56.76
31,2023-03-01,7884.10,6994.03,12.73
31,2023-04-01,6244.01,7884.10,-20.80
31,2023-05-01,9180.07,6244.01,47.02
31,2023-06-01,11787.06,9180.07,28.40
31,2023-07-01,8906.47,11787.06,-24.44
31,2023-08-01,15844.54,8906.47,77.90
31,2023-09-01,18787.26,15844.54,18.57
31,2023-10-01,14000.21,18787.26,-25.48
31,2023-11-01,6814.73,14000.21,-51.32
31,2023-12-01,5856.33,6814.73,-14.06
31,2024-01-01,9331.53,5856.33,59.34
31,2024-02-01,8748.58,9331.53,-6.25
31,2024-03-01,6261.88,8748.58,-28.42
31,2024-04-01,20173.00,6261.88,222.16
31,2024-05-01,12374.09,20173.00,-38.66
31,2024-06-01,7712.10,12374.09,-37.68
31,2024-07-01,13470.18,7712.10,74.66
31,2024-08-01,14404.85,13470.18,6.94
31,2024-09-01,10930.90,14404.85,-24.12
31,2024-10-01,12138.65,10930.90,11.05
31,2024-11-01,13446.26,12138.65,10.77
31,2024-12-01,7854.09,13446.26,-41.59
31,2025-01-01,9172.99,7854.09,16.79
31,2025-02-01,17249.31,9172.99,88.04
31,2025-03-01,12952.47,17249.31,-24.91
31,2025-04-01,10825.76,12952.47,-16.42
31,2025-05-01,12878.11,10825.76,18.96
31,2025-06-01,6583.01,12878.11,-48.88
31,2025-07-01,11288.57,6583.01,71.48
31,2025-08-01,11746.09,11288.57,4.05
31,2025-09-01,14610.00,11746.09,24.38
31,2025-10-01,11658.00,14610.00,-20.21
31,2025-11-01,6011.01,11658.00,-48.44
31,2025-12-01,1530.09,6011.01,-74.55
32,2021-01-01,18649.43,,
32,2021-02-01,8292.24,18649.43,-55.54
32,2021-03-01,16463.53,8292.24,98.54
32,2021-04-01,15042.04,16463.53,-8.63
32,2021-05-01,11930.08,15042.04,-20.69
32,2021-06-01,20583.42,11930.08,72.53
32,2021-07-01,10882.26,20583.42,-47.13
32,2021-08-01,6700.44,10882.26,-38.43
32,2021-09-01,9896.12,6700.44,47.69
32,2021-10-01,4627.78,9896.12,-53.24
32,2021-11-01,8024.80,4627.78,73.40
32,2021-12-01,17977.92,8024.80,124.03
32,2022-01-01,4255.85,17977.92,-76.33
32,2022-02-01,11124.35,4255.85,161.39
32,2022-03-01,9115.63,11124.35,-18.06
32,2022-04-01,15396.72,9115.63,68.90
32,2022-05-01,11235.42,15396.72,-27.03
32,2022-06-01,17046.14,11235.42,51.72
32,2022-07-01,7982.09,17046.14,-53.17
32,2022-08-01,5709.21,7982.09,-28.47
32,2022-09-01,7820.98,5709.21,36.99
32,2022-10-01,8679.96,7820.98,10.98
32,2022-11-01,4272.83,8679.96,-50.77
32,2022-12-01,11333.36,4272.83,165.24
32,2023-01-01,24049.14,11333.36,112.20
32,2023-02-01,10026.25,24049.14,-58.31
32,2023-03-01,8233.22,10026.25,-17.88
32,2023-04-01,15321.22,8233.22,86.09
32,2023-05-01,11032.59,15321.22,-27.99
32,2023-06-01,11676.46,11032.59,5.84
32,2023-07-01,6740.15,11676.46,-42.28
32,2023-08-01,13479.60,6740.15,99.99
32,2023-09-01,13820.35,13479.60,2.53
32,2023-10-01,11428.72,13820.35,-17.31
32,2023-11-01,7597.82,11428.72,-33.52
32,2023-12-01,13841.13,7597.82,82.17
32,2024-01-01,12610.82,13841.13,-8.89
32,2024-02-01,7261.44,12610.82,-42.42
32,2024-03-01,10134.54,7261.44,39.57
32,2024-04-01,14357.65,10134.54,41.67
32,2024-05-01,8180.83,14357.65,-43.02
32,2024-06-01,18538.15,8180.83,126.60
32,2024-07-01,8015.87,18538.15,-56.76
32,2024-08-01,7915.26,8015.87,-1.26
32,2024-09-01,10708.55,7915.26,35.29
32,2024-10-01,8807.79,10708.55,-17.75
32,2024-11-01,9033.42,8807.79,2.56
32,2024-12-01,1362.59,9033.42,-84.92
32,2025-01-01,2355.95,1362.59,72.90
32,2025-02-01,6927.27,2355.95,194.03
32,2025-03-01,16080.84,6927.27,132.14
32,2025-04-01,15599.57,16080.84,-2.99
32,2025-05-01,14188.43,15599.57,-9.05
32,2025-06-01,6080.71,14188.43,-57.14
32,2025-07-01,7924.99,6080.71,30.33
32,2025-08-01,12419.85,7924.99,56.72
32,2025-09-01,16118.07,12419.85,29.78
32,2025-10-01,16933.14,16118.07,5.06
32,2025-11-01,2855.03,16933.14,-83.14
32,2025-12-01,2301.45,2855.03,-19.39
33,2021-01-01,14245.65,,
33,2021-02-01,12296.47,14245.65,-13.68
33,2021-03-01,5880.65,12296.47,-52.18
33,2021-04-01,6920.18,5880.65,17.68
33,2021-05-01,12863.34,6920.18,85.88
33,2021-06-01,7606.07,12863.34,-40.87
33,2021-07-01,7008.61,7606.07,-7.86
33,2021-08-01,9035.81,7008.61,28.92
33,2021-09-01,6474.42,9035.81,-28.35
33,2021-10-01,10720.90,6474.42,65.59
33,2021-11-01,4715.77,10720.90,-56.01
33,2021-12-01,8506.60,4715.77,80.39
33,2022-01-01,6307.06,8506.60,-25.86
33,2022-02-01,6017.38,6307.06,-4.59
33,2022-03-01,9113.49,6017.38,51.45
33,2022-04-01,15316.84,9113.49,68.07
33,2022-05-01,14531.92,15316.84,-5.12
33,2022-06-01,9683.37,14531.92,-33.36
33,2022-07-01,5501.78,9683.37,-43.18
33,2022-08-01,10079.41,5501.78,83.20
33,2022-09-01,13933.74,10079.41,38.24
33,2022-10-01,7140.52,13933.74,-48.75
33,2022-11-01,4513.72,7140.52,-36.79
33,2022-12-01,7080.50,4513.72,56.87
33,2023-01-01,8246.79,7080.50,16.47
33,2023-02-01,8851.43,8246.79,7.33
33,2023-03-01,9537.52,8851.43,7.75
33,2023-04-01,4977.92,9537.52,-47.81
33,2023-05-01,9716.33,4977.92,95.19
33,2023-06-01,7880.47,9716.33,-18.89
33,2023-07-01,8142.83,7880.47,3.33
33,2023-08-01,11112.43,8142.83,36.47
33,2023-09-01,6000.72,11112.43,-46.00
33,2023-10-01,8737.79,6000.72,45.61
33,2023-11-01,4275.91,8737.79,-51.06
33,2023-12-01,9139.21,4275.91,113.74
33,2024-01-01,6672.89,9139.21,-26.99
33,2024-02-01,12517.14,6672.89,87.58
33,2024-03-01,18037.96,12517.14,44.11
33,2024-04-01,16018.95,18037.96,-11.19
33,2024-05-01,9746.89,16018.95,-39.15
33,2024-06-01,7693.63,9746.89,-21.07
33,2024-07-01,9963.82,7693.63,29.51
33,2024-08-01,7143.10,9963.82,-28.31
33,2024-09-01,3514.17,7143.10,-50.80
33,2024-10-01,9560.33,3514.17,172.05
33,2024-11-01,9987.45,9560.33,4.47
33,2024-12-01,11609.54,9987.45,16.24
33,2025-01-01,6991.29,11609.54,-39.78
33,2025-02-01,14023.63,6991.29,100.59
33,2025-03-01,7282.08,14023.63,-48.07
33,2025-04-01,5929.48,7282.08,-18.57
33,2025-05-01,12104.38,5929.48,104.14
33,2025-06-01,14207.28,12104.38,17.37
33,2025-07-01,7886.81,14207.28,-44.49
33,2025-08-01,10867.15,7886.81,37.79
33,2025-09-01,5686.80,10867.15,-47.67
33,2025-10-01,7230.27,5686.80,27.14
33,2025-11-01,4471.63,7230.27,-38.15
33,2025-12-01,229.11,4471.63,-94.88
34,2021-01-01,25973.71,,
34,2021-02-01,12374.71,25973.71,-52.36
34,2021-03-01,21396.85,12374.71,72.91
34,2021-04-01,12708.05,21396.85,-40.61
34,2021-05-01,9898.18,12708.05,-22.11
34,2021-06-01,13324.30,9898.18,34.61
34,2021-07-01,11833.29,13324.30,-11.19
34,2021-08-01,17295.24,11833.29,46.16
34,2021-09-01,7257.26,17295.24,-58.04
34,2021-10-01,18789.73,7257.26,158.91
34,2021-11-01,10597.05,18789.73,-43.60
34,2021-12-01,9510.35,10597.05,-10.25
34,2022-01-01,8003.78,9510.35,-15.84
34,2022-02-01,14604.37,8003.78,82.47
34,2022-03-01,5842.49,14604.37,-59.99
34,2022-04-01,7163.57,5842.49,22.61
34,2022-05-01,11785.71,7163.57,64.52
34,2022-06-01,14069.30,11785.71,19.38
34,2022-07-01,19877.19,14069.30,41.28
34,2022-08-01,11446.37,19877.19,-42.41
34,2022-09-01,11364.64,11446.37,-0.71
34,2022-10-01,10532.82,11364.64,-7.32
34,2022-11-01,4877.40,10532.82,-53.69
34,2022-12-01,10785.29,4877.40,121.13
34,2023-01-01,15610.29,10785.29,44.74
34,2023-02-01,9370.14,15610.29,-39.97
34,2023-03-01,10124.79,9370.14,8.05
34,2023-04-01,9779.12,10124.79,-3.41
34,2023-05-01,13370.46,9779.12,36.72
34,2023-06-01,8641.08,13370.46,-35.37
34,2023-07-01,6631.84,8641.08,-23.25
34,2023-08-01,13193.75,6631.84,98.95
34,2023-09-01,6829.58,13193.75,-48.24
34,2023-10-01,6845.27,6829.58,0.23
34,2023-11-01,4914.96,6845.27,-28.20
34,2023-12-01,14174.75,4914.96,188.40
34,2024-01-01,13914.48,14174.75,-1.84
34,2024-02-01,12667.34,13914.48,-8.96
34,2024-03-01,14632.99,12667.34,15.52
34,2024-04-01,6667.95,14632.99,-54.43
34,2024-05-01,16290.08,6667.95,144.30
34,2024-06-01,12796.86,16290.08,-21.44
34,2024-07-01,19016.91,12796.86,48.61
34,2024-08-01,11736.30,19016.91,-38.28
34,2024-09-01,13281.62,11736.30,13.17
34,2024-10-01,9385.53,13281.62,-29.33
34,2024-11-01,9456.87,9385.53,0.76
34,2024-12-01,7714.66,9456.87,-18.42
34,2025-01-01,18810.86,7714.66,143.83
34,2025-02-01,8265.99,18810.86,-56.06
34,2025-03-01,12336.63,8265.99,49.25
34,2025-04-01,6075.34,12336.63,-50.75
34,2025-05-01,14933.80,6075.34,145.81
34,2025-06-01,9091.62,14933.80,-39.12
34,2025-07-01,15160.04,9091.62,66.75
34,2025-08-01,10581.76,15160.04,-30.20
34,2025-09-01,11440.68,10581.76,8.12
34,2025-10-01,13372.09,11440.68,16.88
34,2025-11-01,9389.86,13372.09,-29.78
34,2025-12-01,2524.48,9389.86,-73.11
35,2021-01-01,21344.08,,
35,2021-02-01,9083.76,21344.08,-57.44
35,2021-03-01,4699.71,9083.76,-48.26
35,2021-04-01,9907.75,4699.71,110.82
35,2021-05-01,3791.82,9907.75,-61.73
35,2021-06-01,11216.64,3791.82,195.81
35,2021-07-01,9461.03,11216.64,-15.65
35,2021-08-01,8320.58,9461.03,-12.05
35,2021-09-01,7539.00,8320.58,-9.39
35,2021-10-01,10495.50,7539.00,39.22
35,2021-11-01,5115.12,10495.50,-51.26
35,2021-12-01,6842.69,5115.12,33.77
35,2022-01-01,13416.89,6842.69,96.08
35,2022-02-01,7222.19,13416.89,-46.17
35,2022-03-01,11690.81,7222.19,61.87
35,2022-04-01,7259.26,11690.81,-37.91
35,2022-05-01,22933.20,7259.26,215.92
35,2022-06-01,10753.27,22933.20,-53.11
35,2022-07-01,3801.78,10753.27,-64.65
35,2022-08-01,7758.86,3801.78,104.08
35,2022-09-01,5195.78,7758.86,-33.03
35,2022-10-01,11577.41,5195.78,122.82
35,2022-11-01,14856.14,11577.41,28.32
35,2022-12-01,7063.99,14856.14,-52.45
35,2023-01-01,10341.59,7063.99,46.40
35,2023-02-01,12915.71,10341.59,24.89
35,2023-03-01,5836.61,12915.71,-54.81
35,2023-04-01,8539.53,5836.61,46.31
35,2023-05-01,4626.89,8539.53,-45.82
35,2023-06-01,12004.52,4626.89,159.45
35,2023-07-01,13484.32,12004.52,12.33
35,2023-08-01,10320.21,13484.32,-23.47
35,2023-09-01,7238.40,10320.21,-29.86
35,2023-10-01,4229.91,7238.40,-41.56
35,2023-11-01,11910.35,4229.91,181.57
35,2023-12-01,23044.41,11910.35,93.48
35,2024-01-01,8240.96,23044.41,-64.24
35,2024-02-01,22092.92,8240.96,168.09
35,2024-03-01,6580.47,22092.92,-70.21
35,2024-04-01,9922.36,6580.47,50.78
35,2024-05-01,10329.47,9922.36,4.10
35,2024-06-01,17448.15,10329.47,68.92
35,2024-07-01,4628.19,17448.15,-73.47
35,2024-08-01,6458.29,4628.19,39.54
35,2024-09-01,13516.02,6458.29,109.28
35,2024-10-01,12126.80,13516.02,-10.28
35,2024-11-01,10700.10,12126.80,-11.76
35,2024-12-01,8232.05,10700.10,-23.07
35,2025-01-01,17020.22,8232.05,106.76
35,2025-02-01,6229.76,17020.22,-63.40
35,2025-03-01,13824.16,6229.76,121.91
35,2025-04-01,9625.30,13824.16,-30.37
35,2025-05-01,11939.00,9625.30,24.04
35,2025-06-01,18730.00,11939.00,56.88
35,2025-07-01,10807.38,18730.00,-42.30
35,2025-08-01,8001.78,10807.38,-25.96
35,2025-09-01,8512.60,8001.78,6.38
35,2025-10-01,6914.20,8512.60,-18.78
35,2025-11-01,2913.57,6914.20,-57.86
35,2025-12-01,679.00,2913.57,-76.70
36,2021-01-01,16607.58,,
36,2021-02-01,4815.39,16607.58,-71.00
36,2021-03-01,9905.77,4815.39,105.71
36,2021-04-01,19284.82,9905.77,94.68
36,2021-05-01,9526.49,19284.82,-50.60
36,2021-06-01,12029.24,9526.49,26.27
36,2021-07-01,7092.87,12029.24,-41.04
36,2021-08-01,13090.74,7092.87,84.56
36,2021-09-01,17061.19,13090.74,30.33
36,2021-10-01,10099.99,17061.19,-40.80
36,2021-11-01,20447.23,10099.99,102.45
36,2021-12-01,5367.63,20447.23,-73.75
36,2022-01-01,19342.57,5367.63,260.36
36,2022-02-01,7104.92,19342.57,-63.27
36,2022-03-01,23415.39,7104.92,229.57
36,2022-04-01,25890.25,23415.39,10.57
36,2022-05-01,7932.60,25890.25,-69.36
36,2022-06-01,15332.22,7932.60,93.28
36,2022-07-01,9670.88,15332.22,-36.92
36,2022-08-01,7837.13,9670.88,-18.96
36,2022-09-01,11767.23,7837.13,50.15
36,2022-10-01,14344.81,11767.23,21.90
36,2022-11-01,12672.28,14344.81,-11.66
36,2022-12-01,25072.49,12672.28,97.85
36,2023-01-01,10550.88,25072.49,-57.92
36,2023-02-01,20648.86,10550.88,95.71
36,2023-03-01,24860.43,20648.86,20.40
36,2023-04-01,14456.89,24860.43,-41.85
36,2023-05-01,17440.14,14456.89,20.64
36,2023-06-01,2090.70,17440.14,-88.01
36,2023-07-01,7686.95,2090.70,267.67
36,2023-08-01,13537.41,7686.95,76.11
36,2023-09-01,14293.82,13537.41,5.59
36,2023-10-01,8157.73,14293.82,-42.93
36,2023-11-01,9295.89,8157.73,13.95
36,2023-12-01,8530.25,9295.89,-8.24
36,2024-01-01,8329.01,8530.25,-2.36
36,2024-02-01,9554.40,8329.01,14.71
36,2024-03-01,21995.65,9554.40,130.21
36,2024-04-01,15962.56,21995.65,-27.43
36,2024-05-01,21983.87,15962.56,37.72
36,2024-06-01,17672.13,21983.87,-19.61
36,2024-07-01,9752.74,17672.13,-44.81
36,2024-08-01,11754.95,9752.74,20.53
36,2024-09-01,11890.20,11754.95,1.15
36,2024-10-01,12715.30,11890.20,6.94
36,2024-11-01,17847.83,12715.30,40.36
36,2024-12-01,11656.65,17847.83,-34.69
36,2025-01-01,24277.81,11656.65,108.27
36,2025-02-01,17615.26,24277.81,-27.44
36,2025-03-01,19314.34,17615.26,9.65
36,2025-04-01,16893.40,19314.34,-12.53
36,2025-05-01,13107.05,16893.40,-22.41
36,2025-06-01,14287.27,13107.05,9.00
36,2025-07-01,23983.21,14287.27,67.86
36,2025-08-01,11861.74,23983.21,-50.54
36,2025-09-01,15166.98,11861.74,27.86
36,2025-10-01,9582.64,15166.98,-36.82
36,2025-11-01,10323.93,9582.64,7.74
36,2025-12-01,1361.00,10323.93,-86.82
37,2021-01-01,20478.38,,
37,2021-02-01,8510.49,20478.38,-58.44
37,2021-03-01,20403.51,8510.49,139.75
37,2021-04-01,12933.80,20403.51,-36.61
37,2021-05-01,14761.13,12933.80,14.13
37,2021-06-01,12495.18,14761.13,-15.35
37,2021-07-01,13727.29,12495.18,9.86
37,2021-08-01,10279.66,13727.29,-25.12
37,2021-09-01,20377.86,10279.66,98.23
37,2021-10-01,14512.15,20377.86,-28.78
37,2021-11-01,15623.91,14512.15,7.66
37,2021-12-01,27339.45,15623.91,74.98
37,2022-01-01,16484.04,27339.45,-39.71
37,2022-02-01,7612.47,16484.04,-53.82
37,2022-03-01,5596.74,7612.47,-26.48
37,2022-04-01,14793.82,5596.74,164.33
37,2022-05-01,14169.55,14793.82,-4.22
37,2022-06-01,8608.42,14169.55,-39.25
37,2022-07-01,12589.89,8608.42,46.25
37,2022-08-01,11145.28,12589.89,-11.47
37,2022-09-01,8294.24,11145.28,-25.58
37,2022-10-01,7939.53,8294.24,-4.28
37,2022-11-01,11538.52,7939.53,45.33
37,2022-12-01,17214.10,11538.52,49.19
37,2023-01-01,6307.13,17214.10,-63.36
37,2023-02-01,30247.58,6307.13,379.58
37,2023-03-01,20554.82,30247.58,-32.04
37,2023-04-01,16122.39,20554.82,-21.56
37,2023-05-01,14707.43,16122.39,-8.78
37,2023-06-01,17180.19,14707.43,16.81
37,2023-07-01,8723.67,17180.19,-49.22
37,2023-08-01,20464.73,8723.67,134.59
37,2023-09-01,7795.83,20464.73,-61.91
37,2023-10-01,15081.95,7795.83,93.46
37,2023-11-01,5565.08,15081.95,-63.10
37,2023-12-01,10212.38,5565.08,83.51
37,2024-01-01,19048.42,10212.38,86.52
37,2024-02-01,15663.17,19048.42,-17.77
37,2024-03-01,12084.30,15663.17,-22.85
37,2024-04-01,15810.25,12084.30,30.83
37,2024-05-01,15743.94,15810.25,-0.42
37,2024-06-01,14908.43,15743.94,-5.31
37,2024-07-01,7016.41,14908.43,-52.94
37,2024-08-01,17046.43,7016.41,142.95
37,2024-09-01,7763.05,17046.43,-54.46
37,2024-10-01,11319.16,7763.05,45.81
37,2024-11-01,11237.88,11319.16,-0.72
37,2024-12-01,10795.28,11237.88,-3.94
37,2025-01-01,16738.39,10795.28,55.05
37,2025-02-01,10917.02,16738.39,-34.78
37,2025-03-01,7639.27,10917.02,-30.02
37,2025-04-01,12906.01,7639.27,68.94
37,2025-05-01,15864.67,12906.01,22.92
37,2025-06-01,7815.18,15864.67,-50.74
37,2025-07-01,5710.83,7815.18,-26.93
37,2025-08-01,21021.70,5710.83,268.10
37,2025-09-01,14051.53,21021.70,-33.16
37,2025-10-01,14322.02,14051.53,1.92
37,2025-11-01,15126.71,14322.02,5.62
37,2025-12-01,5026.26,15126.71,-66.77
38,2021-01-01,28998.67,,
38,2021-02-01,21643.84,28998.67,-25.36
38,2021-03-01,7814.97,21643.84,-63.89
38,2021-04-01,18460.12,7814.97,136.21
38,2021-05-01,17452.41,18460.12,-5.46
38,2021-06-01,11583.48,17452.41,-33.63
38,2021-07-01,6330.55,11583.48,-45.35
38,2021-08-01,21144.71,6330.55,234.01
38,2021-09-01,6535.31,21144.71,-69.09
38,2021-10-01,13140.32,6535.31,101.07
38,2021-11-01,12551.95,13140.32,-4.48
38,2021-12-01,7613.73,12551.95,-39.34
38,2022-01-01,12550.48,7613.73,64.84
38,2022-02-01,17876.11,12550.48,42.43
38,2022-03-01,23869.87,17876.11,33.53
38,2022-04-01,11069.30,23869.87,-53.63
38,2022-05-01,11107.74,11069.30,0.35
38,2022-06-01,6694.23,11107.74,-39.73
38,2022-07-01,13339.49,6694.23,99.27
38,2022-08-01,17609.66,13339.49,32.01
38,2022-09-01,17875.02,17609.66,1.51
38,2022-10-01,10674.01,17875.02,-40.29
38,2022-11-01,14274.03,10674.01,33.73
38,2022-12-01,17017.72,14274.03,19.22
38,2023-01-01,9388.98,17017.72,-44.83
38,2023-02-01,3537.37,9388.98,-62.32
38,2023-03-01,31507.34,3537.37,790.70
38,2023-04-01,3078.54,31507.34,-90.23
38,2023-05-01,30650.89,3078.54,895.63
38,2023-06-01,7043.16,30650.89,-77.02
38,2023-07-01,13672.85,7043.16,94.13
38,2023-08-01,16640.59,13672.85,21.71
38,2023-09-01,8568.01,16640.59,-48.51
38,2023-10-01,9788.33,8568.01,14.24
38,2023-11-01,14715.23,9788.33,50.33
38,2023-12-01,24089.72,14715.23,63.71
38,2024-01-01,10281.42,24089.72,-57.32
38,2024-02-01,12490.95,10281.42,21.49
38,2024-03-01,13096.63,12490.95,4.85
38,2024-04-01,10152.15,13096.63,-22.48
38,2024-05-01,13528.82,10152.15,33.26
38,2024-06-01,9696.84,13528.82,-28.32
38,2024-07-01,6788.71,9696.84,-29.99
38,2024-08-01,7392.96,6788.71,8.90
38,2024-09-01,8768.68,7392.96,18.61
38,2024-10-01,4871.71,8768.68,-44.44
38,2024-11-01,17236.36,4871.71,253.81
38,2024-12-01,14027.32,17236.36,-18.62
38,2025-01-01,16757.32,14027.32,19.46
38,2025-02-01,8553.15,16757.32,-48.96
38,2025-03-01,8934.83,8553.15,4.46
38,2025-04-01,10859.27,8934.83,21.54
38,2025-05-01,13231.32,10859.27,21.84
38,2025-06-01,20999.31,13231.32,58.71
38,2025-07-01,14514.28,20999.31,-30.88
38,2025-08-01,8485.96,14514.28,-41.53
38,2025-09-01,6540.94,8485.96,-22.92
38,2025-10-01,3265.78,6540.94,-50.07
38,2025-11-01,5311.03,3265.78,62.63
38,2025-12-01,1131.91,5311.03,-78.69
39,2021-01-01,26359.65,,
39,2021-02-01,12185.20,26359.65,-53.77
39,2021-03-01,12069.99,12185.20,-0.95
39,2021-04-01,9639.42,12069.99,-20.14
39,2021-05-01,8642.68,9639.42,-10.34
39,2021-06-01,12621.70,8642.68,46.04
39,2021-07-01,20678.92,12621.70,63.84
39,2021-08-01,20517.31,20678.92,-0.78
39,2021-09-01,11517.65,20517.31,-43.86
39,2021-10-01,9998.89,11517.65,-13.19
39,2021-11-01,8562.53,9998.89,-14.37
39,2021-12-01,4785.79,8562.53,-44.11
39,2022-01-01,4620.36,4785.79,-3.46
39,2022-02-01,15576.59,4620.36,237.13
39,2022-03-01,21557.39,15576.59,38.40
39,2022-04-01,10155.86,21557.39,-52.89
39,2022-05-01,27689.86,10155.86,172.65
39,2022-06-01,10062.12,27689.86,-63.66
39,2022-07-01,15205.31,10062.12,51.11
39,2022-08-01,12833.13,15205.31,-15.60
39,2022-09-01,21200.54,12833.13,65.20
39,2022-10-01,13389.50,21200.54,-36.84
39,2022-11-01,6304.95,13389.50,-52.91
39,2022-12-01,8458.22,6304.95,34.15
39,2023-01-01,11458.05,8458.22,35.47
39,2023-02-01,29499.53,11458.05,157.46
39,2023-03-01,26148.84,29499.53,-11.36
39,2023-04-01,23157.45,26148.84,-11.44
39,2023-05-01,11073.99,23157.45,-52.18
39,2023-06-01,26913.26,11073.99,143.03
39,2023-07-01,20655.25,26913.26,-23.25
39,2023-08-01,13115.39,20655.25,-36.50
39,2023-09-01,23286.88,13115.39,77.55
39,2023-10-01,14228.95,23286.88,-38.90
39,2023-11-01,10646.96,14228.95,-25.17
39,2023-12-01,10064.43,10646.96,-5.47
39,2024-01-01,12330.85,10064.43,22.52
39,2024-02-01,21577.27,12330.85,74.99
39,2024-03-01,9998.09,21577.27,-53.66
39,2024-04-01,19461.39,9998.09,94.65
39,2024-05-01,11977.32,19461.39,-38.46
39,2024-06-01,13270.19,11977.32,10.79
39,2024-07-01,30619.38,13270.19,130.74
39,2024-08-01,26209.77,30619.38,-14.40
39,2024-09-01,13543.66,26209.77,-48.33
39,2024-10-01,9511.92,13543.66,-29.77
39,2024-11-01,10390.36,9511.92,9.24
39,2024-12-01,7059.40,10390.36,-32.06
39,2025-01-01,12092.44,7059.40,71.30
39,2025-02-01,22116.44,12092.44,82.89
39,2025-03-01,14041.97,22116.44,-36.51
39,2025-04-01,22152.65,14041.97,57.76
39,2025-05-01,15096.87,22152.65,-31.85
39,2025-06-01,18059.62,15096.87,19.62
39,2025-07-01,18247.68,18059.62,1.04
39,2025-08-01,5768.13,18247.68,-68.39
39,2025-09-01,10690.76,5768.13,85.34
39,2025-10-01,8498.74,10690.76,-20.50
39,2025-11-01,11135.91,8498.74,31.03
39,2025-12-01,2594.31,11135.91,-76.70
40,2021-01-01,21076.65,,
40,2021-02-01,5279.11,21076.65,-74.95
40,2021-03-01,14262.40,5279.11,170.17
40,2021-04-01,10046.67,14262.40,-29.56
40,2021-05-01,9040.29,10046.67,-10.02
40,2021-06-01,7229.56,9040.29,-20.03
40,2021-07-01,17865.33,7229.56,147.12
40,2021-08-01,9027.37,17865.33,-49.47
40,2021-09-01,11033.88,9027.37,22.23
40,2021-10-01,5725.88,11033.88,-48.11
40,2021-11-01,9396.03,5725.88,64.10
40,2021-12-01,5322.78,9396.03,-43.35
40,2022-01-01,6221.42,5322.78,16.88
40,2022-02-01,11269.51,6221.42,81.14
40,2022-03-01,6184.14,11269.51,-45.13
40,2022-04-01,9116.53,6184.14,47.42
40,2022-05-01,18045.57,9116.53,97.94
40,2022-06-01,7735.70,18045.57,-57.13
40,2022-07-01,10526.76,7735.70,36.08
40,2022-08-01,12836.06,10526.76,21.94
40,2022-09-01,10212.25,12836.06,-20.44
40,2022-10-01,8810.70,10212.25,-13.72
40,2022-11-01,9004.39,8810.70,2.20
40,2022-12-01,13375.74,9004.39,48.55
40,2023-01-01,9404.83,13375.74,-29.69
40,2023-02-01,9859.91,9404.83,4.84
40,2023-03-01,11883.88,9859.91,20.53
40,2023-04-01,10243.58,11883.88,-13.80
40,2023-05-01,8830.89,10243.58,-13.79
40,2023-06-01,15726.36,8830.89,78.08
40,2023-07-01,12428.83,15726.36,-20.97
40,2023-08-01,5977.63,12428.83,-51.91
40,2023-09-01,10464.46,5977.63,75.06
40,2023-10-01,8016.71,10464.46,-23.39
40,2023-11-01,10027.17,8016.71,25.08
40,2023-12-01,7593.81,10027.17,-24.27
40,2024-01-01,8714.84,7593.81,14.76
40,2024-02-01,6201.66,8714.84,-28.84
40,2024-03-01,10223.09,6201.66,64.84
40,2024-04-01,7139.26,10223.09,-30.17
40,2024-05-01,9244.28,7139.26,29.49
40,2024-06-01,8499.78,9244.28,-8.05
40,2024-07-01,3982.53,8499.78,-53.15
40,2024-08-01,15030.01,3982.53,277.40
40,2024-09-01,9616.62,15030.01,-36.02
40,2024-10-01,6413.73,9616.62,-33.31
40,2024-11-01,5706.65,6413.73,-11.02
40,2024-12-01,8563.30,5706.65,50.06
40,2025-01-01,10743.82,8563.30,25.46
40,2025-02-01,5816.40,10743.82,-45.86
40,2025-03-01,6796.99,5816.40,16.86
40,2025-04-01,6088.54,6796.99,-10.42
40,2025-05-01,11456.05,6088.54,88.16
40,2025-06-01,4071.40,11456.05,-64.46
40,2025-07-01,5199.79,4071.40,27.72
40,2025-08-01,7755.68,5199.79,49.15
40,2025-09-01,9236.73,7755.68,19.10
40,2025-10-01,8776.64,9236.73,-4.98
40,2025-11-01,3261.58,8776.64,-62.84
40,2025-12-01,363.24,3261.58,-88.86
41,2021-01-01,17103.50,,
41,2021-02-01,9645.61,17103.50,-43.60
41,2021-03-01,5472.55,9645.61,-43.26
41,2021-04-01,9234.29,5472.55,68.74
41,2021-05-01,13881.67,9234.29,50.33
41,2021-06-01,18313.73,13881.67,31.93
41,2021-07-01,11563.88,18313.73,-36.86
41,2021-08-01,11718.68,11563.88,1.34
41,2021-09-01,12266.75,11718.68,4.68
41,2021-10-01,15339.63,12266.75,25.05
41,2021-11-01,10795.65,15339.63,-29.62
41,2021-12-01,14557.65,10795.65,34.85
41,2022-01-01,18003.14,14557.65,23.67
41,2022-02-01,8892.00,18003.14,-50.61
41,2022-03-01,14000.06,8892.00,57.45
41,2022-04-01,14527.97,14000.06,3.77
41,2022-05-01,11311.09,14527.97,-22.14
41,2022-06-01,11302.16,11311.09,-0.08
41,2022-07-01,13393.81,11302.16,18.51
41,2022-08-01,17724.19,13393.81,32.33
41,2022-09-01,17557.15,17724.19,-0.94
41,2022-10-01,15022.22,17557.15,-14.44
41,2022-11-01,7975.93,15022.22,-46.91
41,2022-12-01,13180.71,7975.93,65.26
41,2023-01-01,11740.17,13180.71,-10.93
41,2023-02-01,11457.70,11740.17,-2.41
41,2023-03-01,12706.62,11457.70,10.90
41,2023-04-01,20708.10,12706.62,62.97
41,2023-05-01,12762.99,20708.10,-38.37
41,2023-06-01,10748.73,12762.99,-15.78
41,2023-07-01,5618.03,10748.73,-47.73
41,2023-08-01,12266.89,5618.03,118.35
41,2023-09-01,8909.65,12266.89,-27.37
41,2023-10-01,9944.47,8909.65,11.61
41,2023-11-01,16832.97,9944.47,69.27
41,2023-12-01,22201.03,16832.97,31.89
41,2024-01-01,6339.05,22201.03,-71.45
41,2024-02-01,8534.21,6339.05,34.63
41,2024-03-01,8080.80,8534.21,-5.31
41,2024-04-01,15880.35,8080.80,96.52
41,2024-05-01,24917.75,15880.35,56.91
41,2024-06-01,9208.05,24917.75,-63.05
41,2024-07-01,7003.97,9208.05,-23.94
41,2024-08-01,10783.86,7003.97,53.97
41,2024-09-01,4818.85,10783.86,-55.31
41,2024-10-01,14377.78,4818.85,198.37
41,2024-11-01,7291.10,14377.78,-49.29
41,2024-12-01,5553.20,7291.10,-23.84
41,2025-01-01,12502.54,5553.20,125.14
41,2025-02-01,12005.94,12502.54,-3.97
41,2025-03-01,20542.86,12005.94,71.11
41,2025-04-01,14243.60,20542.86,-30.66
41,2025-05-01,9283.39,14243.60,-34.82
41,2025-06-01,14974.55,9283.39,61.30
41,2025-07-01,13551.31,14974.55,-9.50
41,2025-08-01,14645.30,13551.31,8.07
41,2025-09-01,20124.23,14645.30,37.41
41,2025-10-01,18353.69,20124.23,-8.80
41,2025-11-01,9655.00,18353.69,-47.39
41,2025-12-01,1257.51,9655.00,-86.98
42,2021-01-01,17407.10,,
42,2021-02-01,5857.84,17407.10,-66.35
42,2021-03-01,10956.83,5857.84,87.05
42,2021-04-01,7381.56,10956.83,-32.63
42,2021-05-01,11181.23,7381.56,51.48
42,2021-06-01,13898.66,11181.23,24.30
42,2021-07-01,13082.05,13898.66,-5.88
42,2021-08-01,8946.03,13082.05,-31.62
42,2021-09-01,9104.78,8946.03,1.77
42,2021-10-01,14758.05,9104.78,62.09
42,2021-11-01,2945.94,14758.05,-80.04
42,2021-12-01,7116.25,2945.94,141.56
42,2022-01-01,8790.63,7116.25,23.53
42,2022-02-01,10375.05,8790.63,18.02
42,2022-03-01,10751.61,10375.05,3.63
42,2022-04-01,11157.65,10751.61,3.78
42,2022-05-01,5609.75,11157.65,-49.72
42,2022-06-01,8735.59,5609.75,55.72
42,2022-07-01,15389.63,8735.59,76.17
42,2022-08-01,12500.86,15389.63,-18.77
42,2022-09-01,11142.58,12500.86,-10.87
42,2022-10-01,8725.66,11142.58,-21.69
42,2022-11-01,18175.86,8725.66,108.30
42,2022-12-01,2420.96,18175.86,-86.68
42,2023-01-01,13123.48,2420.96,442.08
42,2023-02-01,10729.94,13123.48,-18.24
42,2023-03-01,4081.45,10729.94,-61.96
42,2023-04-01,8667.89,4081.45,112.37
42,2023-05-01,16303.90,8667.89,88.10
42,2023-06-01,5967.66,16303.90,-63.40
42,2023-07-01,10904.98,5967.66,82.73
42,2023-08-01,10675.06,10904.98,-2.11
42,2023-09-01,7181.27,10675.06,-32.73
42,2023-10-01,10237.13,7181.27,42.55
42,2023-11-01,11643.57,10237.13,13.74
42,2023-12-01,13611.24,11643.57,16.90
42,2024-01-01,11656.19,13611.24,-14.36
42,2024-02-01,19611.24,11656.19,68.25
42,2024-03-01,13989.59,19611.24,-28.67
42,2024-04-01,5881.43,13989.59,-57.96
42,2024-05-01,9346.50,5881.43,58.92
42,2024-06-01,10677.59,9346.50,14.24
42,2024-07-01,4633.79,10677.59,-56.60
42,2024-08-01,7127.86,4633.79,53.82
42,2024-09-01,10258.76,7127.86,43.92
42,2024-10-01,18718.02,10258.76,82.46
42,2024-11-01,6513.39,18718.02,-65.20
42,2024-12-01,5645.08,6513.39,-13.33
42,2025-01-01,9442.20,5645.08,67.26
42,2025-02-01,12440.02,9442.20,31.75
42,2025-03-01,9500.20,12440.02,-23.63
42,2025-04-01,5144.69,9500.20,-45.85
42,2025-05-01,9022.44,5144.69,75.37
42,2025-06-01,8314.54,9022.44,-7.85
42,2025-07-01,12550.06,8314.54,50.94
42,2025-08-01,7781.13,12550.06,-38.00
42,2025-09-01,7526.97,7781.13,-3.27
42,2025-10-01,8313.50,7526.97,10.45
42,2025-11-01,7494.17,8313.50,-9.86
42,2025-12-01,2790.26,7494.17,-62.77
43,2021-01-01,25930.82,,
43,2021-02-01,11512.54,25930.82,-55.60
43,2021-03-01,15314.64,11512.54,33.03
43,2021-04-01,14348.98,15314.64,-6.31
43,2021-05-01,15031.20,14348.98,4.75
43,2021-06-01,36241.53,15031.20,141.11
43,2021-07-01,14532.18,36241.53,-59.90
43,2021-08-01,5806.49,14532.18,-60.04
43,2021-09-01,15843.88,5806.49,172.87
43,2021-10-01,27350.77,15843.88,72.63
43,2021-11-01,20880.64,27350.77,-23.66
43,2021-12-01,10317.73,20880.64,-50.59
43,2022-01-01,10768.90,10317.73,4.37
43,2022-02-01,7492.34,10768.90,-30.43
43,2022-03-01,16773.87,7492.34,123.88
43,2022-04-01,14189.30,16773.87,-15.41
43,2022-05-01,3984.29,14189.30,-71.92
43,2022-06-01,5839.83,3984.29,46.57
43,2022-07-01,11740.71,5839.83,101.05
43,2022-08-01,10479.13,11740.71,-10.75
43,2022-09-01,15450.58,10479.13,47.44
43,2022-10-01,12307.61,15450.58,-20.34
43,2022-11-01,2962.11,12307.61,-75.93
43,2022-12-01,13679.83,2962.11,361.83
43,2023-01-01,15632.99,13679.83,14.28
43,2023-02-01,17939.35,15632.99,14.75
43,2023-03-01,16609.80,17939.35,-7.41
43,2023-04-01,11654.25,16609.80,-29.84
43,2023-05-01,13979.12,11654.25,19.95
43,2023-06-01,17421.44,13979.12,24.62
43,2023-07-01,27834.34,17421.44,59.77
43,2023-08-01,16267.25,27834.34,-41.56
43,2023-09-01,6866.76,16267.25,-57.79
43,2023-10-01,9290.27,6866.76,35.29
43,2023-11-01,16455.04,9290.27,77.12
43,2023-12-01,9508.90,16455.04,-42.21
43,2024-01-01,10922.42,9508.90,14.87
43,2024-02-01,7895.68,10922.42,-27.71
43,2024-03-01,12107.37,7895.68,53.34
43,2024-04-01,14563.51,12107.37,20.29
43,2024-05-01,14600.40,14563.51,0.25
43,2024-06-01,20249.48,14600.40,38.69
43,2024-07-01,15639.55,20249.48,-22.77
43,2024-08-01,7384.59,15639.55,-52.78
43,2024-09-01,18237.35,7384.59,146.96
43,2024-10-01,16547.12,18237.35,-9.27
43,2024-11-01,8546.77,16547.12,-48.35
43,2024-12-01,11410.28,8546.77,33.50
43,2025-01-01,22282.64,11410.28,95.29
43,2025-02-01,6775.16,22282.64,-69.59
43,2025-03-01,5436.71,6775.16,-19.76
43,2025-04-01,8400.35,5436.71,54.51
43,2025-05-01,19809.42,8400.35,135.82
43,2025-06-01,15179.21,19809.42,-23.37
43,2025-07-01,25672.59,15179.21,69.13
43,2025-08-01,17930.37,25672.59,-30.16
43,2025-09-01,13176.53,17930.37,-26.51
43,2025-10-01,12724.86,13176.53,-3.43
43,2025-11-01,7549.15,12724.86,-40.67
44,2021-01-01,23876.29,,
44,2021-02-01,15028.28,23876.29,-37.06
44,2021-03-01,8788.43,15028.28,-41.52
44,2021-04-01,9750.93,8788.43,10.95
44,2021-05-01,15076.79,9750.93,54.62
44,2021-06-01,11354.34,15076.79,-24.69
44,2021-07-01,7970.59,11354.34,-29.80
44,2021-08-01,10226.62,7970.59,28.30
44,2021-09-01,7577.90,10226.62,-25.90
44,2021-10-01,14940.58,7577.90,97.16
44,2021-11-01,8976.46,14940.58,-39.92
44,2021-12-01,8445.06,8976.46,-5.92
44,2022-01-01,5642.16,8445.06,-33.19
44,2022-02-01,9676.02,5642.16,71.49
44,2022-03-01,10360.05,9676.02,7.07
44,2022-04-01,15436.40,10360.05,49.00
44,2022-05-01,4881.56,15436.40,-68.38
44,2022-06-01,8796.07,4881.56,80.19
44,2022-07-01,9785.39,8796.07,11.25
44,2022-08-01,9202.57,9785.39,-5.96
44,2022-09-01,12073.89,9202.57,31.20
44,2022-10-01,9898.51,12073.89,-18.02
44,2022-11-01,8212.54,9898.51,-17.03
44,2022-12-01,18154.30,8212.54,121.06
44,2023-01-01,13305.16,18154.30,-26.71
44,2023-02-01,9060.69,13305.16,-31.90
44,2023-03-01,10452.10,9060.69,15.36
44,2023-04-01,6940.96,10452.10,-33.59
44,2023-05-01,7500.17,6940.96,8.06
44,2023-06-01,3515.91,7500.17,-53.12
44,2023-07-01,7251.47,3515.91,106.25
44,2023-08-01,4234.96,7251.47,-41.60
44,2023-09-01,9359.69,4234.96,121.01
44,2023-10-01,10041.77,9359.69,7.29
44,2023-11-01,7035.65,10041.77,-29.94
44,2023-12-01,6940.23,7035.65,-1.36
44,2024-01-01,14614.67,6940.23,110.58
44,2024-02-01,5921.44,14614.67,-59.48
44,2024-03-01,7975.24,5921.44,34.68
44,2024-04-01,9894.92,7975.24,24.07
44,2024-05-01,7306.53,9894.92,-26.16
44,2024-06-01,11798.71,7306.53,61.48
44,2024-07-01,6808.76,11798.71,-42.29
44,2024-08-01,6633.84,6808.76,-2.57
44,2024-09-01,12604.91,6633.84,90.01
44,2024-10-01,13869.32,12604.91,10.03
44,2024-11-01,4572.87,13869.32,-67.03
44,2024-12-01,5496.83,4572.87,20.21
44,2025-01-01,8769.10,5496.83,59.53
44,2025-02-01,11533.31,8769.10,31.52
44,2025-03-01,7579.63,11533.31,-34.28
44,2025-04-01,13291.07,7579.63,75.35
44,2025-05-01,6679.86,13291.07,-49.74
44,2025-06-01,9804.24,6679.86,46.77
44,2025-07-01,6210.30,9804.24,-36.66
44,2025-08-01,8857.16,6210.30,42.62
44,2025-09-01,11489.07,8857.16,29.72
44,2025-10-01,6281.19,11489.07,-45.33
44,2025-11-01,7986.76,6281.19,27.15
44,2025-12-01,1208.89,7986.76,-84.86
45,2021-01-01,23191.36,,
45,2021-02-01,20008.65,23191.36,-13.72
45,2021-03-01,14366.99,20008.65,-28.20
45,2021-04-01,17917.25,14366.99,24.71
45,2021-05-01,11055.87,17917.25,-38.29
45,2021-06-01,11379.77,11055.87,2.93
45,2021-07-01,21710.45,11379.77,90.78
45,2021-08-01,16673.80,21710.45,-23.20
45,2021-09-01,4586.90,16673.80,-72.49
45,2021-10-01,14611.96,4586.90,218.56
45,2021-11-01,19745.56,14611.96,35.13
45,2021-12-01,15228.55,19745.56,-22.88
45,2022-01-01,14818.11,15228.55,-2.70
45,2022-02-01,12115.09,14818.11,-18.24
45,2022-03-01,22731.54,12115.09,87.63
45,2022-04-01,17690.34,22731.54,-22.18
45,2022-05-01,13257.11,17690.34,-25.06
45,2022-06-01,8644.96,13257.11,-34.79
45,2022-07-01,15020.96,8644.96,73.75
45,2022-08-01,13184.94,15020.96,-12.22
45,2022-09-01,8868.73,13184.94,-32.74
45,2022-10-01,12440.47,8868.73,40.27
45,2022-11-01,6825.60,12440.47,-45.13
45,2022-12-01,16145.15,6825.60,136.54
45,2023-01-01,14811.11,16145.15,-8.26
45,2023-02-01,9158.18,14811.11,-38.17
45,2023-03-01,25967.54,9158.18,183.54
45,2023-04-01,9194.19,25967.54,-64.59
45,2023-05-01,12987.38,9194.19,41.26
45,2023-06-01,19419.39,12987.38,49.53
45,2023-07-01,11904.86,19419.39,-38.70
45,2023-08-01,10722.22,11904.86,-9.93
45,2023-09-01,16660.63,10722.22,55.38
45,2023-10-01,14611.25,16660.63,-12.30
45,2023-11-01,16985.86,14611.25,16.25
45,2023-12-01,14748.98,16985.86,-13.17
45,2024-01-01,13146.65,14748.98,-10.86
45,2024-02-01,6210.65,13146.65,-52.76
45,2024-03-01,3781.03,6210.65,-39.12
45,2024-04-01,6831.34,3781.03,80.67
45,2024-05-01,8146.65,6831.34,19.25
45,2024-06-01,15545.83,8146.65,90.82
45,2024-07-01,14798.34,15545.83,-4.81
45,2024-08-01,8884.17,14798.34,-39.97
45,2024-09-01,13766.36,8884.17,54.95
45,2024-10-01,12871.37,13766.36,-6.50
45,2024-11-01,10021.47,12871.37,-22.14
45,2024-12-01,5288.20,10021.47,-47.23
45,2025-01-01,16119.49,5288.20,204.82
45,2025-02-01,18178.64,16119.49,12.77
45,2025-03-01,12855.68,18178.64,-29.28
45,2025-04-01,9759.23,12855.68,-24.09
45,2025-05-01,4569.52,9759.23,-53.18
45,2025-06-01,21226.67,4569.52,364.53
45,2025-07-01,8773.73,21226.67,-58.67
45,2025-08-01,26464.71,8773.73,201.64
45,2025-09-01,8621.42,26464.71,-67.42
45,2025-10-01,24918.04,8621.42,189.02
45,2025-11-01,8731.34,24918.04,-64.96
45,2025-12-01,1761.78,8731.34,-79.82
46,2021-01-01,12005.07,,
46,2021-02-01,4609.94,12005.07,-61.60
46,2021-03-01,13467.23,4609.94,192.13
46,2021-04-01,8026.44,13467.23,-40.40
46,2021-05-01,9344.67,8026.44,16.42
46,2021-06-01,5429.22,9344.67,-41.90
46,2021-07-01,5573.86,5429.22,2.66
46,2021-08-01,16442.49,5573.86,194.99
46,2021-09-01,8043.84,16442.49,-51.08
46,2021-10-01,8180.85,8043.84,1.70
46,2021-11-01,7042.23,8180.85,-13.92
46,2021-12-01,7371.91,7042.23,4.68
46,2022-01-01,8547.46,7371.91,15.95
46,2022-02-01,7082.51,8547.46,-17.14
46,2022-03-01,10163.48,7082.51,43.50
46,2022-04-01,3994.46,10163.48,-60.70
46,2022-05-01,9591.42,3994.46,140.12
46,2022-06-01,11037.55,9591.42,15.08
46,2022-07-01,6875.63,11037.55,-37.71
46,2022-08-01,12732.48,6875.63,85.18
46,2022-09-01,10770.54,12732.48,-15.41
46,2022-10-01,23566.90,10770.54,118.81
46,2022-11-01,8389.62,23566.90,-64.40
46,2022-12-01,11647.82,8389.62,38.84
46,2023-01-01,6422.70,11647.82,-44.86
46,2023-02-01,8706.65,6422.70,35.56
46,2023-03-01,7625.45,8706.65,-12.42
46,2023-04-01,12044.66,7625.45,57.95
46,2023-05-01,5522.78,12044.66,-54.15
46,2023-06-01,8715.09,5522.78,57.80
46,2023-07-01,11707.76,8715.09,34.34
46,2023-08-01,5563.27,11707.76,-52.48
46,2023-09-01,8548.18,5563.27,53.65
46,2023-10-01,8516.28,8548.18,-0.37
46,2023-11-01,7802.47,8516.28,-8.38
46,2023-12-01,11236.11,7802.47,44.01
46,2024-01-01,7695.12,11236.11,-31.51
46,2024-02-01,2548.88,7695.12,-66.88
46,2024-03-01,11330.08,2548.88,344.51
46,2024-04-01,4267.39,11330.08,-62.34
46,2024-05-01,5760.72,4267.39,34.99
46,2024-06-01,6625.69,5760.72,15.01
46,2024-07-01,4348.42,6625.69,-34.37
46,2024-08-01,7498.84,4348.42,72.45
46,2024-09-01,14348.22,7498.84,91.34
46,2024-10-01,6404.29,14348.22,-55.37
46,2024-11-01,7951.69,6404.29,24.16
46,2024-12-01,8884.08,7951.69,11.73
46,2025-01-01,11741.58,8884.08,32.16
46,2025-02-01,14554.77,11741.58,23.96
46,2025-03-01,9908.79,14554.77,-31.92
46,2025-04-01,5718.60,9908.79,-42.29
46,2025-05-01,7071.66,5718.60,23.66
46,2025-06-01,3158.13,7071.66,-55.34
46,2025-07-01,8114.04,3158.13,156.93
46,2025-08-01,19391.45,8114.04,138.99
46,2025-09-01,2812.80,19391.45,-85.49
46,2025-10-01,13084.16,2812.80,365.16
46,2025-11-01,8313.59,13084.16,-36.46
46,2025-12-01,6114.23,8313.59,-26.45
47,2021-01-01,11999.61,,
47,2021-02-01,5926.54,11999.61,-50.61
47,2021-03-01,3301.27,5926.54,-44.30
47,2021-04-01,4255.36,3301.27,28.90
47,2021-05-01,7311.02,4255.36,71.81
47,2021-06-01,9446.08,7311.02,29.20
47,2021-07-01,9231.17,9446.08,-2.28
47,2021-08-01,7861.01,9231.17,-14.84
47,2021-09-01,12734.42,7861.01,61.99
47,2021-10-01,5400.94,12734.42,-57.59
47,2021-11-01,6427.64,5400.94,19.01
47,2021-12-01,3465.26,6427.64,-46.09
47,2022-01-01,8101.12,3465.26,133.78
47,2022-02-01,8176.49,8101.12,0.93
47,2022-03-01,6390.48,8176.49,-21.84
47,2022-04-01,7886.28,6390.48,23.41
47,2022-05-01,10376.91,7886.28,31.58
47,2022-06-01,13190.22,10376.91,27.11
47,2022-07-01,8460.33,13190.22,-35.86
47,2022-08-01,6457.93,8460.33,-23.67
47,2022-09-01,1988.68,6457.93,-69.21
47,2022-10-01,14805.08,1988.68,644.47
47,2022-11-01,9528.48,14805.08,-35.64
47,2022-12-01,6578.59,9528.48,-30.96
47,2023-01-01,5332.90,6578.59,-18.94
47,2023-02-01,4912.04,5332.90,-7.89
47,2023-03-01,8927.86,4912.04,81.75
47,2023-04-01,16645.41,8927.86,86.44
47,2023-05-01,8941.38,16645.41,-46.28
47,2023-06-01,8128.40,8941.38,-9.09
47,2023-07-01,4912.70,8128.40,-39.56
47,2023-08-01,7690.26,4912.70,56.54
47,2023-09-01,9952.48,7690.26,29.42
47,2023-10-01,7515.64,9952.48,-24.48
47,2023-11-01,5947.20,7515.64,-20.87
47,2023-12-01,10082.32,5947.20,69.53
47,2024-01-01,7723.07,10082.32,-23.40
47,2024-02-01,6279.19,7723.07,-18.70
47,2024-03-01,4462.47,6279.19,-28.93
47,2024-04-01,12036.70,4462.47,169.73
47,2024-05-01,4597.29,12036.70,-61.81
47,2024-06-01,5111.32,4597.29,11.18
47,2024-07-01,5102.43,5111.32,-0.17
47,2024-08-01,17447.80,5102.43,241.95
47,2024-09-01,12548.62,17447.80,-28.08
47,2024-10-01,2485.49,12548.62,-80.19
47,2024-11-01,6005.65,2485.49,141.63
47,2024-12-01,5677.16,6005.65,-5.47
47,2025-01-01,9167.34,5677.16,61.48
47,2025-02-01,5266.97,9167.34,-42.55
47,2025-03-01,7910.61,5266.97,50.19
47,2025-04-01,14399.85,7910.61,82.03
47,2025-05-01,8768.59,14399.85,-39.11
47,2025-06-01,4316.80,8768.59,-50.77
47,2025-07-01,4101.62,4316.80,-4.98
47,2025-08-01,5352.50,4101.62,30.50
47,2025-09-01,9155.14,5352.50,71.04
47,2025-10-01,9708.87,9155.14,6.05
47,2025-11-01,8519.90,9708.87,-12.25
47,2025-12-01,1067.91,8519.90,-87.47
48,2021-01-01,23197.89,,
48,2021-02-01,13454.43,23197.89,-42.00
48,2021-03-01,15088.77,13454.43,12.15
48,2021-04-01,15027.69,15088.77,-0.40
48,2021-05-01,17337.15,15027.69,15.37
48,2021-06-01,17024.28,17337.15,-1.80
48,2021-07-01,15132.88,17024.28,-11.11
48,2021-08-01,23381.43,15132.88,54.51
48,2021-09-01,8926.56,23381.43,-61.82
48,2021-10-01,24366.76,8926.56,172.97
48,2021-11-01,25774.84,24366.76,5.78
48,2021-12-01,17330.55,25774.84,-32.76
48,2022-01-01,13716.97,17330.55,-20.85
48,2022-02-01,7249.88,13716.97,-47.15
48,2022-03-01,15948.12,7249.88,119.98
48,2022-04-01,16072.85,15948.12,0.78
48,2022-05-01,17671.22,16072.85,9.94
48,2022-06-01,12565.57,17671.22,-28.89
48,2022-07-01,14486.41,12565.57,15.29
48,2022-08-01,14411.73,14486.41,-0.52
48,2022-09-01,10566.69,14411.73,-26.68
48,2022-10-01,23007.10,10566.69,117.73
48,2022-11-01,21924.27,23007.10,-4.71
48,2022-12-01,4434.26,21924.27,-79.77
48,2023-01-01,11513.94,4434.26,159.66
48,2023-02-01,10371.45,11513.94,-9.92
48,2023-03-01,14873.84,10371.45,43.41
48,2023-04-01,9870.92,14873.84,-33.64
48,2023-05-01,9030.88,9870.92,-8.51
48,2023-06-01,12852.75,9030.88,42.32
48,2023-07-01,13372.31,12852.75,4.04
48,2023-08-01,18710.96,13372.31,39.92
48,2023-09-01,19690.23,18710.96,5.23
48,2023-10-01,15389.90,19690.23,-21.84
48,2023-11-01,25568.50,15389.90,66.14
48,2023-12-01,9923.10,25568.50,-61.19
48,2024-01-01,7459.96,9923.10,-24.82
48,2024-02-01,18062.53,7459.96,142.13
48,2024-03-01,17171.95,18062.53,-4.93
48,2024-04-01,17644.07,17171.95,2.75
48,2024-05-01,10234.54,17644.07,-41.99
48,2024-06-01,16433.62,10234.54,60.57
48,2024-07-01,7337.28,16433.62,-55.35
48,2024-08-01,18388.87,7337.28,150.62
48,2024-09-01,7929.43,18388.87,-56.88
48,2024-10-01,16322.06,7929.43,105.84
48,2024-11-01,21777.52,16322.06,33.42
48,2024-12-01,8679.71,21777.52,-60.14
48,2025-01-01,16207.39,8679.71,86.73
48,2025-02-01,12451.64,16207.39,-23.17
48,2025-03-01,17476.95,12451.64,40.36
48,2025-04-01,11962.00,17476.95,-31.56
48,2025-05-01,26574.47,11962.00,122.16
48,2025-06-01,13454.27,26574.47,-49.37
48,2025-07-01,10876.30,13454.27,-19.16
48,2025-08-01,18557.62,10876.30,70.62
48,2025-09-01,14742.27,18557.62,-20.56
48,2025-10-01,11266.18,14742.27,-23.58
48,2025-11-01,2113.02,11266.18,-81.24
48,2025-12-01,11098.31,2113.02,425.23
49,2021-01-01,17802.80,,
49,2021-02-01,5784.30,17802.80,-67.51
49,2021-03-01,6672.38,5784.30,15.35
49,2021-04-01,13407.32,6672.38,100.94
49,2021-05-01,11551.80,13407.32,-13.84
49,2021-06-01,3057.12,11551.80,-73.54
49,2021-07-01,13554.48,3057.12,343.37
49,2021-08-01,10148.15,13554.48,-25.13
49,2021-09-01,16025.80,10148.15,57.92
49,2021-10-01,8108.48,16025.80,-49.40
49,2021-11-01,8552.81,8108.48,5.48
49,2021-12-01,4386.86,8552.81,-48.71
49,2022-01-01,7466.13,4386.86,70.19
49,2022-02-01,6296.55,7466.13,-15.67
49,2022-03-01,9523.05,6296.55,51.24
49,2022-04-01,8656.86,9523.05,-9.10
49,2022-05-01,7431.26,8656.86,-14.16
49,2022-06-01,8120.05,7431.26,9.27
49,2022-07-01,11285.73,8120.05,38.99
49,2022-08-01,9178.48,11285.73,-18.67
49,2022-09-01,7805.66,9178.48,-14.96
49,2022-10-01,5506.61,7805.66,-29.45
49,2022-11-01,10506.06,5506.61,90.79
49,2022-12-01,5978.10,10506.06,-43.10
49,2023-01-01,13145.35,5978.10,119.89
49,2023-02-01,10921.43,13145.35,-16.92
49,2023-03-01,9701.99,10921.43,-11.17
49,2023-04-01,4083.19,9701.99,-57.91
49,2023-05-01,5202.74,4083.19,27.42
49,2023-06-01,9863.08,5202.74,89.57
49,2023-07-01,8204.20,9863.08,-16.82
49,2023-08-01,19826.92,8204.20,141.67
49,2023-09-01,3650.83,19826.92,-81.59
49,2023-10-01,9531.10,3650.83,161.07
49,2023-11-01,7300.95,9531.10,-23.40
49,2023-12-01,6883.21,7300.95,-5.72
49,2024-01-01,6844.88,6883.21,-0.56
49,2024-02-01,6651.34,6844.88,-2.83
49,2024-03-01,9083.69,6651.34,36.57
49,2024-04-01,4586.28,9083.69,-49.51
49,2024-05-01,13310.61,4586.28,190.23
49,2024-06-01,13372.89,13310.61,0.47
49,2024-07-01,6792.31,13372.89,-49.21
49,2024-08-01,3499.06,6792.31,-48.48
49,2024-09-01,8558.19,3499.06,144.59
49,2024-10-01,3599.97,8558.19,-57.94
49,2024-11-01,8170.76,3599.97,126.97
49,2024-12-01,5827.04,8170.76,-28.68
49,2025-01-01,4068.10,5827.04,-30.19
49,2025-02-01,10635.17,4068.10,161.43
49,2025-03-01,7359.65,10635.17,-30.80
49,2025-04-01,7810.75,7359.65,6.13
49,2025-05-01,5976.11,7810.75,-23.49
49,2025-06-01,5858.05,5976.11,-1.98
49,2025-07-01,6958.98,5858.05,18.79
49,2025-08-01,13564.13,6958.98,94.92
49,2025-09-01,8527.05,13564.13,-37.14
49,2025-10-01,12858.62,8527.05,50.80
49,2025-11-01,13087.34,12858.62,1.78
49,2025-12-01,3357.83,13087.34,-74.34
50,2021-01-01,35882.48,,
50,2021-02-01,10108.15,35882.48,-71.83
50,2021-03-01,6898.05,10108.15,-31.76
50,2021-04-01,9551.39,6898.05,38.47
50,2021-05-01,18251.71,9551.39,91.09
50,2021-06-01,13068.45,18251.71,-28.40
50,2021-07-01,19530.60,13068.45,49.45
50,2021-08-01,16694.58,19530.60,-14.52
50,2021-09-01,15166.52,16694.58,-9.15
50,2021-10-01,9905.92,15166.52,-34.69
50,2021-11-01,21357.48,9905.92,115.60
50,2021-12-01,14441.19,21357.48,-32.38
50,2022-01-01,17148.97,14441.19,18.75
50,2022-02-01,8613.06,17148.97,-49.78
50,2022-03-01,22033.22,8613.06,155.81
50,2022-04-01,18445.55,22033.22,-16.28
50,2022-05-01,15481.95,18445.55,-16.07
50,2022-06-01,10725.55,15481.95,-30.72
50,2022-07-01,21357.36,10725.55,99.13
50,2022-08-01,10507.94,21357.36,-50.80
50,2022-09-01,11417.13,10507.94,8.65
50,2022-10-01,13135.30,11417.13,15.05
50,2022-11-01,7155.61,13135.30,-45.52
50,2022-12-01,17474.37,7155.61,144.21
50,2023-01-01,20452.42,17474.37,17.04
50,2023-02-01,14591.94,20452.42,-28.65
50,2023-03-01,8792.38,14591.94,-39.74
50,2023-04-01,15280.27,8792.38,73.79
50,2023-05-01,17356.12,15280.27,13.59
50,2023-06-01,9821.58,17356.12,-43.41
50,2023-07-01,20290.77,9821.58,106.59
50,2023-08-01,14729.03,20290.77,-27.41
50,2023-09-01,14543.45,14729.03,-1.26
50,2023-10-01,17379.93,14543.45,19.50
50,2023-11-01,15666.74,17379.93,-9.86
50,2023-12-01,13370.69,15666.74,-14.66
50,2024-01-01,12420.84,13370.69,-7.10
50,2024-02-01,15170.59,12420.84,22.14
50,2024-03-01,21718.60,15170.59,43.16
50,2024-04-01,22933.22,21718.60,5.59
50,2024-05-01,10031.86,22933.22,-56.26
50,2024-06-01,18795.42,10031.86,87.36
50,2024-07-01,9650.87,18795.42,-48.65
50,2024-08-01,15445.09,9650.87,60.04
50,2024-09-01,14545.51,15445.09,-5.82
50,2024-10-01,19117.27,14545.51,31.43
50,2024-11-01,8526.67,19117.27,-55.40
50,2024-12-01,18803.79,8526.67,120.53
50,2025-01-01,13466.89,18803.79,-28.38
50,2025-02-01,16339.38,13466.89,21.33
50,2025-03-01,12581.86,16339.38,-23.00
50,2025-04-01,10142.11,12581.86,-19.39
50,2025-05-01,18448.21,10142.11,81.90
50,2025-06-01,11372.60,18448.21,-38.35
50,2025-07-01,14608.52,11372.60,28.45
50,2025-08-01,16600.47,14608.52,13.64
50,2025-09-01,9623.13,16600.47,-42.03
50,2025-10-01,18547.92,9623.13,92.74
50,2025-11-01,11918.17,18547.92,-35.74
50,2025-12-01,5091.45,11918.17,-57.28
51,2021-01-01,33200.45,,
51,2021-02-01,8320.96,33200.45,-74.94
51,2021-03-01,7172.56,8320.96,-13.80
51,2021-04-01,13693.00,7172.56,90.91
51,2021-05-01,8397.04,13693.00,-38.68
51,2021-06-01,21578.59,8397.04,156.98
51,2021-07-01,24350.61,21578.59,12.85
51,2021-08-01,14988.27,24350.61,-38.45
51,2021-09-01,7640.87,14988.27,-49.02
51,2021-10-01,13870.64,7640.87,81.53
51,2021-11-01,8275.31,13870.64,-40.34
51,2021-12-01,9950.85,8275.31,20.25
51,2022-01-01,16620.72,9950.85,67.03
51,2022-02-01,12303.02,16620.72,-25.98
51,2022-03-01,10391.77,12303.02,-15.53
51,2022-04-01,7913.24,10391.77,-23.85
51,2022-05-01,14977.88,7913.24,89.28
51,2022-06-01,14903.38,14977.88,-0.50
51,2022-07-01,14639.46,14903.38,-1.77
51,2022-08-01,7292.66,14639.46,-50.18
51,2022-09-01,14170.54,7292.66,94.31
51,2022-10-01,13395.95,14170.54,-5.47
51,2022-11-01,8222.56,13395.95,-38.62
51,2022-12-01,10813.65,8222.56,31.51
51,2023-01-01,11722.76,10813.65,8.41
51,2023-02-01,11976.51,11722.76,2.16
51,2023-03-01,18023.49,11976.51,50.49
51,2023-04-01,11076.47,18023.49,-38.54
51,2023-05-01,6210.44,11076.47,-43.93
51,2023-06-01,6429.44,6210.44,3.53
51,2023-07-01,14899.33,6429.44,131.74
51,2023-08-01,13788.37,14899.33,-7.46
51,2023-09-01,11029.41,13788.37,-20.01
51,2023-10-01,13035.36,11029.41,18.19
51,2023-11-01,12766.54,13035.36,-2.06
51,2023-12-01,10386.41,12766.54,-18.64
51,2024-01-01,11517.27,10386.41,10.89
51,2024-02-01,18526.11,11517.27,60.86
51,2024-03-01,20120.84,18526.11,8.61
51,2024-04-01,21244.09,20120.84,5.58
51,2024-05-01,13927.73,21244.09,-34.44
51,2024-06-01,16964.85,13927.73,21.81
51,2024-07-01,18967.21,16964.85,11.80
51,2024-08-01,11694.45,18967.21,-38.34
51,2024-09-01,18714.73,11694.45,60.03
51,2024-10-01,14263.39,18714.73,-23.79
51,2024-11-01,17598.62,14263.39,23.38
51,2024-12-01,23325.93,17598.62,32.54
51,2025-01-01,14459.03,23325.93,-38.01
51,2025-02-01,2418.19,14459.03,-83.28
51,2025-03-01,10741.38,2418.19,344.19
51,2025-04-01,14208.30,10741.38,32.28
51,2025-05-01,9642.35,14208.30,-32.14
51,2025-06-01,18915.21,9642.35,96.17
51,2025-07-01,11771.66,18915.21,-37.77
51,2025-08-01,19094.94,11771.66,62.21
51,2025-09-01,16941.18,19094.94,-11.28
51,2025-10-01,12549.39,16941.18,-25.92
51,2025-11-01,9663.28,12549.39,-23.00
51,2025-12-01,1122.10,9663.28,-88.39
52,2021-01-01,19372.76,,
52,2021-02-01,17381.74,19372.76,-10.28
52,2021-03-01,16019.01,17381.74,-7.84
52,2021-04-01,6651.42,16019.01,-58.48
52,2021-05-01,7926.21,6651.42,19.17
52,2021-06-01,10247.10,7926.21,29.28
52,2021-07-01,12061.64,10247.10,17.71
52,2021-08-01,12915.12,12061.64,7.08
52,2021-09-01,10411.84,12915.12,-19.38
52,2021-10-01,10546.49,10411.84,1.29
52,2021-11-01,15934.11,10546.49,51.08
52,2021-12-01,15859.41,15934.11,-0.47
52,2022-01-01,17789.34,15859.41,12.17
52,2022-02-01,15386.34,17789.34,-13.51
52,2022-03-01,13826.52,15386.34,-10.14
52,2022-04-01,10891.84,13826.52,-21.23
52,2022-05-01,9026.11,10891.84,-17.13
52,2022-06-01,13468.11,9026.11,49.21
52,2022-07-01,12999.58,13468.11,-3.48
52,2022-08-01,7878.64,12999.58,-39.39
52,2022-09-01,5493.30,7878.64,-30.28
52,2022-10-01,16963.63,5493.30,208.81
52,2022-11-01,8628.43,16963.63,-49.14
52,2022-12-01,18262.28,8628.43,111.65
52,2023-01-01,10767.95,18262.28,-41.04
52,2023-02-01,14695.14,10767.95,36.47
52,2023-03-01,15830.84,14695.14,7.73
52,2023-04-01,9761.11,15830.84,-38.34
52,2023-05-01,13960.48,9761.11,43.02
52,2023-06-01,9262.80,13960.48,-33.65
52,2023-07-01,11054.57,9262.80,19.34
52,2023-08-01,7843.84,11054.57,-29.04
52,2023-09-01,16715.89,7843.84,113.11
52,2023-10-01,8740.80,16715.89,-47.71
52,2023-11-01,16176.85,8740.80,85.07
52,2023-12-01,13618.23,16176.85,-15.82
52,2024-01-01,3422.84,13618.23,-74.87
52,2024-02-01,6360.10,3422.84,85.81
52,2024-03-01,19401.13,6360.10,205.04
52,2024-04-01,10644.11,19401.13,-45.14
52,2024-05-01,12675.05,10644.11,19.08
52,2024-06-01,13285.89,12675.05,4.82
52,2024-07-01,10124.22,13285.89,-23.80
52,2024-08-01,11553.25,10124.22,14.11
52,2024-09-01,13684.78,11553.25,18.45
52,2024-10-01,10187.78,13684.78,-25.55
52,2024-11-01,12450.54,10187.78,22.21
52,2024-12-01,9374.84,12450.54,-24.70
52,2025-01-01,12250.76,9374.84,30.68
52,2025-02-01,16390.93,12250.76,33.80
52,2025-03-01,8219.02,16390.93,-49.86
52,2025-04-01,16545.74,8219.02,101.31
52,2025-05-01,11487.84,16545.74,-30.57
52,2025-06-01,8602.41,11487.84,-25.12
52,2025-07-01,7677.61,8602.41,-10.75
52,2025-08-01,14967.02,7677.61,94.94
52,2025-09-01,13016.69,14967.02,-13.03
52,2025-10-01,10285.64,13016.69,-20.98
52,2025-11-01,15991.93,10285.64,55.48
52,2025-12-01,8214.59,15991.93,-48.63
53,2021-01-01,15524.23,,
53,2021-02-01,3264.73,15524.23,-78.97
53,2021-03-01,5495.13,3264.73,68.32
53,2021-04-01,11991.90,5495.13,118.23
53,2021-05-01,16989.78,11991.90,41.68
53,2021-06-01,8183.14,16989.78,-51.83
53,2021-07-01,4987.51,8183.14,-39.05
53,2021-08-01,12200.08,4987.51,144.61
53,2021-09-01,4989.57,12200.08,-59.10
53,2021-10-01,3127.10,4989.57,-37.33
53,2021-11-01,3379.80,3127.10,8.08
53,2021-12-01,8491.42,3379.80,151.24
53,2022-01-01,9392.49,8491.42,10.61
53,2022-02-01,13588.10,9392.49,44.67
53,2022-03-01,5149.35,13588.10,-62.10
53,2022-04-01,7235.81,5149.35,40.52
53,2022-05-01,10523.57,7235.81,45.44
53,2022-06-01,11117.27,10523.57,5.64
53,2022-07-01,7396.90,11117.27,-33.46
53,2022-08-01,9208.62,7396.90,24.49
53,2022-09-01,4100.07,9208.62,-55.48
53,2022-10-01,9452.56,4100.07,130.55
53,2022-11-01,6795.24,9452.56,-28.11
53,2022-12-01,11491.00,6795.24,69.10
53,2023-01-01,10231.43,11491.00,-10.96
53,2023-02-01,5420.15,10231.43,-47.02
53,2023-03-01,8805.69,5420.15,62.46
53,2023-04-01,6753.48,8805.69,-23.31
53,2023-05-01,11033.21,6753.48,63.37
53,2023-06-01,8979.94,11033.21,-18.61
53,2023-07-01,9989.48,8979.94,11.24
53,2023-08-01,6456.20,9989.48,-35.37
53,2023-09-01,3976.62,6456.20,-38.41
53,2023-10-01,10982.42,3976.62,176.17
53,2023-11-01,7432.97,10982.42,-32.32
53,2023-12-01,8030.28,7432.97,8.04
53,2024-01-01,9676.23,8030.28,20.50
53,2024-02-01,2117.49,9676.23,-78.12
53,2024-03-01,8856.27,2117.49,318.24
53,2024-04-01,6536.44,8856.27,-26.19
53,2024-05-01,8663.19,6536.44,32.54
53,2024-06-01,6561.69,8663.19,-24.26
53,2024-07-01,11474.11,6561.69,74.87
53,2024-08-01,7888.48,11474.11,-31.25
53,2024-09-01,6761.36,7888.48,-14.29
53,2024-10-01,4029.05,6761.36,-40.41
53,2024-11-01,5002.38,4029.05,24.16
53,2024-12-01,6429.74,5002.38,28.53
53,2025-01-01,8404.27,6429.74,30.71
53,2025-02-01,3842.15,8404.27,-54.28
53,2025-03-01,10037.25,3842.15,161.24
53,2025-04-01,6894.94,10037.25,-31.31
53,2025-05-01,9229.89,6894.94,33.86
53,2025-06-01,8516.50,9229.89,-7.73
53,2025-07-01,11735.29,8516.50,37.79
53,2025-08-01,11684.38,11735.29,-0.43
53,2025-09-01,1498.80,11684.38,-87.17
53,2025-10-01,8890.47,1498.80,493.17
53,2025-11-01,4378.49,8890.47,-50.75
53,2025-12-01,1267.45,4378.49,-71.05
54,2021-01-01,24432.54,,
54,2021-02-01,11612.40,24432.54,-52.47
54,2021-03-01,12362.26,11612.40,6.46
54,2021-04-01,13073.87,12362.26,5.76
54,2021-05-01,12025.55,13073.87,-8.02
54,2021-06-01,16405.02,12025.55,36.42
54,2021-07-01,10661.76,16405.02,-35.01
54,2021-08-01,3824.66,10661.76,-64.13
54,2021-09-01,17668.75,3824.66,361.97
54,2021-10-01,11029.18,17668.75,-37.58
54,2021-11-01,2912.48,11029.18,-73.59
54,2021-12-01,10362.51,2912.48,255.80
54,2022-01-01,7429.43,10362.51,-28.30
54,2022-02-01,7022.22,7429.43,-5.48
54,2022-03-01,6980.30,7022.22,-0.60
54,2022-04-01,5431.14,6980.30,-22.19
54,2022-05-01,5201.84,5431.14,-4.22
54,2022-06-01,7853.89,5201.84,50.98
54,2022-07-01,12846.00,7853.89,63.56
54,2022-08-01,4479.55,12846.00,-65.13
54,2022-09-01,5202.84,4479.55,16.15
54,2022-10-01,14331.37,5202.84,175.45
54,2022-11-01,11400.57,14331.37,-20.45
54,2022-12-01,10563.74,11400.57,-7.34
54,2023-01-01,5608.06,10563.74,-46.91
54,2023-02-01,9644.43,5608.06,71.97
54,2023-03-01,8611.01,9644.43,-10.72
54,2023-04-01,10578.96,8611.01,22.85
54,2023-05-01,6667.57,10578.96,-36.97
54,2023-06-01,14251.77,6667.57,113.75
54,2023-07-01,6055.79,14251.77,-57.51
54,2023-08-01,6960.21,6055.79,14.93
54,2023-09-01,6016.99,6960.21,-13.55
54,2023-10-01,4080.62,6016.99,-32.18
54,2023-11-01,8050.84,4080.62,97.29
54,2023-12-01,10946.44,8050.84,35.97
54,2024-01-01,6345.18,10946.44,-42.03
54,2024-02-01,5356.54,6345.18,-15.58
54,2024-03-01,8701.98,5356.54,62.46
54,2024-04-01,2147.25,8701.98,-75.32
54,2024-05-01,5496.98,2147.25,156.00
54,2024-06-01,14685.86,5496.98,167.16
54,2024-07-01,7788.75,14685.86,-46.96
54,2024-08-01,9661.98,7788.75,24.05
54,2024-09-01,2861.74,9661.98,-70.38
54,2024-10-01,5947.60,2861.74,107.83
54,2024-11-01,5392.72,5947.60,-9.33
54,2024-12-01,8912.11,5392.72,65.26
54,2025-01-01,4530.35,8912.11,-49.17
54,2025-02-01,10212.32,4530.35,125.42
54,2025-03-01,8950.51,10212.32,-12.36
54,2025-04-01,6222.62,8950.51,-30.48
54,2025-05-01,3856.46,6222.62,-38.03
54,2025-06-01,5606.82,3856.46,45.39
54,2025-07-01,7893.77,5606.82,40.79
54,2025-08-01,6036.22,7893.77,-23.53
54,2025-09-01,7155.25,6036.22,18.54
54,2025-10-01,10144.00,7155.25,41.77
54,2025-11-01,6394.58,10144.00,-36.96
54,2025-12-01,992.93,6394.58,-84.47
55,2021-01-01,18882.18,,
55,2021-02-01,10768.65,18882.18,-42.97
55,2021-03-01,17389.28,10768.65,61.48
55,2021-04-01,14399.11,17389.28,-17.20
55,2021-05-01,12952.58,14399.11,-10.05
55,2021-06-01,14550.56,12952.58,12.34
55,2021-07-01,15775.29,14550.56,8.42
55,2021-08-01,24592.77,15775.29,55.89
55,2021-09-01,18729.53,24592.77,-23.84
55,2021-10-01,23555.17,18729.53,25.76
55,2021-11-01,16131.67,23555.17,-31.52
55,2021-12-01,21086.30,16131.67,30.71
55,2022-01-01,8224.85,21086.30,-60.99
55,2022-02-01,9421.74,8224.85,14.55
55,2022-03-01,14633.27,9421.74,55.31
55,2022-04-01,13223.83,14633.27,-9.63
55,2022-05-01,18376.84,13223.83,38.97
55,2022-06-01,12344.11,18376.84,-32.83
55,2022-07-01,17266.44,12344.11,39.88
55,2022-08-01,6268.30,17266.44,-63.70
55,2022-09-01,7400.12,6268.30,18.06
55,2022-10-01,16463.88,7400.12,122.48
55,2022-11-01,11834.24,16463.88,-28.12
55,2022-12-01,14539.75,11834.24,22.86
55,2023-01-01,27980.28,14539.75,92.44
55,2023-02-01,20187.57,27980.28,-27.85
55,2023-03-01,28801.66,20187.57,42.67
55,2023-04-01,13967.38,28801.66,-51.50
55,2023-05-01,10825.76,13967.38,-22.49
55,2023-06-01,12726.15,10825.76,17.55
55,2023-07-01,21640.89,12726.15,70.05
55,2023-08-01,6917.64,21640.89,-68.03
55,2023-09-01,13005.94,6917.64,88.01
55,2023-10-01,8879.51,13005.94,-31.73
55,2023-11-01,10811.52,8879.51,21.76
55,2023-12-01,11275.55,10811.52,4.29
55,2024-01-01,8009.90,11275.55,-28.96
55,2024-02-01,8541.56,8009.90,6.64
55,2024-03-01,6652.98,8541.56,-22.11
55,2024-04-01,14817.86,6652.98,122.73
55,2024-05-01,13725.50,14817.86,-7.37
55,2024-06-01,16544.67,13725.50,20.54
55,2024-07-01,5766.14,16544.67,-65.15
55,2024-08-01,8448.14,5766.14,46.51
55,2024-09-01,12186.21,8448.14,44.25
55,2024-10-01,8256.95,12186.21,-32.24
55,2024-11-01,4822.60,8256.95,-41.59
55,2024-12-01,10246.06,4822.60,112.46
55,2025-01-01,10760.85,10246.06,5.02
55,2025-02-01,8320.88,10760.85,-22.67
55,2025-03-01,16406.65,8320.88,97.17
55,2025-04-01,9910.23,16406.65,-39.60
55,2025-05-01,15509.72,9910.23,56.50
55,2025-06-01,16413.86,15509.72,5.83
55,2025-07-01,17757.44,16413.86,8.19
55,2025-08-01,21258.50,17757.44,19.72
55,2025-09-01,14554.19,21258.50,-31.54
55,2025-10-01,15168.91,14554.19,4.22
55,2025-11-01,10581.79,15168.91,-30.24
55,2025-12-01,8179.18,10581.79,-22.71
56,2021-01-01,33839.93,,
56,2021-02-01,6355.41,33839.93,-81.22
56,2021-03-01,18373.47,6355.41,189.10
56,2021-04-01,6823.48,18373.47,-62.86
56,2021-05-01,22725.48,6823.48,233.05
56,2021-06-01,12638.34,22725.48,-44.39
56,2021-07-01,19449.55,12638.34,53.89
56,2021-08-01,19298.91,19449.55,-0.77
56,2021-09-01,8259.61,19298.91,-57.20
56,2021-10-01,6813.60,8259.61,-17.51
56,2021-11-01,11806.05,6813.60,73.27
56,2021-12-01,24215.53,11806.05,105.11
56,2022-01-01,7786.34,24215.53,-67.85
56,2022-02-01,11641.65,7786.34,49.51
56,2022-03-01,16894.35,11641.65,45.12
56,2022-04-01,30433.03,16894.35,80.14
56,2022-05-01,13403.55,30433.03,-55.96
56,2022-06-01,7575.02,13403.55,-43.48
56,2022-07-01,10088.32,7575.02,33.18
56,2022-08-01,19650.80,10088.32,94.79
56,2022-09-01,10182.73,19650.80,-48.18
56,2022-10-01,10717.63,10182.73,5.25
56,2022-11-01,18375.57,10717.63,71.45
56,2022-12-01,21984.70,18375.57,19.64
56,2023-01-01,14348.35,21984.70,-34.73
56,2023-02-01,10076.61,14348.35,-29.77
56,2023-03-01,19157.71,10076.61,90.12
56,2023-04-01,12355.75,19157.71,-35.51
56,2023-05-01,9423.89,12355.75,-23.73
56,2023-06-01,7359.48,9423.89,-21.91
56,2023-07-01,8413.89,7359.48,14.33
56,2023-08-01,7371.29,8413.89,-12.39
56,2023-09-01,8023.20,7371.29,8.84
56,2023-10-01,6315.61,8023.20,-21.28
56,2023-11-01,11876.28,6315.61,88.05
56,2023-12-01,19520.95,11876.28,64.37
56,2024-01-01,20421.98,19520.95,4.62
56,2024-02-01,16499.90,20421.98,-19.21
56,2024-03-01,10475.35,16499.90,-36.51
56,2024-04-01,17233.23,10475.35,64.51
56,2024-05-01,9848.86,17233.23,-42.85
56,2024-06-01,12461.81,9848.86,26.53
56,2024-07-01,11861.47,12461.81,-4.82
56,2024-08-01,31684.61,11861.47,167.12
56,2024-09-01,19076.73,31684.61,-39.79
56,2024-10-01,28462.24,19076.73,49.20
56,2024-11-01,22820.49,28462.24,-19.82
56,2024-12-01,21712.03,22820.49,-4.86
56,2025-01-01,28321.20,21712.03,30.44
56,2025-02-01,3445.55,28321.20,-87.83
56,2025-03-01,15099.50,3445.55,338.23
56,2025-04-01,17346.21,15099.50,14.88
56,2025-05-01,16612.52,17346.21,-4.23
56,2025-06-01,13960.29,16612.52,-15.97
56,2025-07-01,19749.42,13960.29,41.47
56,2025-08-01,19815.92,19749.42,0.34
56,2025-09-01,18250.28,19815.92,-7.90
56,2025-10-01,22260.00,18250.28,21.97
56,2025-11-01,13133.46,22260.00,-41.00
56,2025-12-01,3685.40,13133.46,-71.94
57,2021-01-01,11887.53,,
57,2021-02-01,4176.58,11887.53,-64.87
57,2021-03-01,4873.83,4176.58,16.69
57,2021-04-01,6710.16,4873.83,37.68
57,2021-05-01,2469.31,6710.16,-63.20
57,2021-06-01,13527.42,2469.31,447.82
57,2021-07-01,7070.51,13527.42,-47.73
57,2021-08-01,9644.04,7070.51,36.40
57,2021-09-01,7276.37,9644.04,-24.55
57,2021-10-01,15132.64,7276.37,107.97
57,2021-11-01,6161.84,15132.64,-59.28
57,2021-12-01,12375.37,6161.84,100.84
57,2022-01-01,7037.79,12375.37,-43.13
57,2022-02-01,16914.87,7037.79,140.34
57,2022-03-01,4291.15,16914.87,-74.63
57,2022-04-01,9155.35,4291.15,113.35
57,2022-05-01,13519.85,9155.35,47.67
57,2022-06-01,6830.39,13519.85,-49.48
57,2022-07-01,11704.83,6830.39,71.36
57,2022-08-01,9907.86,11704.83,-15.35
57,2022-09-01,12404.98,9907.86,25.20
57,2022-10-01,6861.72,12404.98,-44.69
57,2022-11-01,5558.21,6861.72,-19.00
57,2022-12-01,11784.31,5558.21,112.02
57,2023-01-01,13235.90,11784.31,12.32
57,2023-02-01,7225.72,13235.90,-45.41
57,2023-03-01,9631.16,7225.72,33.29
57,2023-04-01,5060.74,9631.16,-47.45
57,2023-05-01,2933.61,5060.74,-42.03
57,2023-06-01,12124.44,2933.61,313.29
57,2023-07-01,7967.27,12124.44,-34.29
57,2023-08-01,9514.85,7967.27,19.42
57,2023-09-01,5870.02,9514.85,-38.31
57,2023-10-01,10573.34,5870.02,80.12
57,2023-11-01,5804.27,10573.34,-45.10
57,2023-12-01,17710.08,5804.27,205.12
57,2024-01-01,12087.43,17710.08,-31.75
57,2024-02-01,10237.32,12087.43,-15.31
57,2024-03-01,13572.21,10237.32,32.58
57,2024-04-01,10622.78,13572.21,-21.73
57,2024-05-01,10556.37,10622.78,-0.63
57,2024-06-01,8623.92,10556.37,-18.31
57,2024-07-01,8875.94,8623.92,2.92
57,2024-08-01,5997.91,8875.94,-32.43
57,2024-09-01,6614.54,5997.91,10.28
57,2024-10-01,8674.38,6614.54,31.14
57,2024-11-01,10444.21,8674.38,20.40
57,2024-12-01,9874.66,10444.21,-5.45
57,2025-01-01,4741.72,9874.66,-51.98
57,2025-02-01,12619.69,4741.72,166.14
57,2025-03-01,7378.45,12619.69,-41.53
57,2025-04-01,11707.18,7378.45,58.67
57,2025-05-01,13823.08,11707.18,18.07
57,2025-06-01,10371.54,13823.08,-24.97
57,2025-07-01,11243.63,10371.54,8.41
57,2025-08-01,6128.84,11243.63,-45.49
57,2025-09-01,6901.52,6128.84,12.61
57,2025-10-01,8531.16,6901.52,23.61
57,2025-11-01,7751.25,8531.16,-9.14
57,2025-12-01,3875.60,7751.25,-50.00
58,2021-01-01,28934.73,,
58,2021-02-01,18710.80,28934.73,-35.33
58,2021-03-01,14702.85,18710.80,-21.42
58,2021-04-01,7745.40,14702.85,-47.32
58,2021-05-01,14801.76,7745.40,91.10
58,2021-06-01,18376.71,14801.76,24.15
58,2021-07-01,12814.46,18376.71,-30.27
58,2021-08-01,12742.79,12814.46,-0.56
58,2021-09-01,12084.43,12742.79,-5.17
58,2021-10-01,11908.31,12084.43,-1.46
58,2021-11-01,24888.31,11908.31,109.00
58,2021-12-01,16125.66,24888.31,-35.21
58,2022-01-01,19448.11,16125.66,20.60
58,2022-02-01,9759.71,19448.11,-49.82
58,2022-03-01,13308.35,9759.71,36.36
58,2022-04-01,9998.42,13308.35,-24.87
58,2022-05-01,21111.55,9998.42,111.15
58,2022-06-01,13288.07,21111.55,-37.06
58,2022-07-01,18592.72,13288.07,39.92
58,2022-08-01,18093.76,18592.72,-2.68
58,2022-09-01,6161.75,18093.76,-65.95
58,2022-10-01,14648.06,6161.75,137.73
58,2022-11-01,19394.32,14648.06,32.40
58,2022-12-01,13096.85,19394.32,-32.47
58,2023-01-01,6564.65,13096.85,-49.88
58,2023-02-01,13454.62,6564.65,104.96
58,2023-03-01,10733.80,13454.62,-20.22
58,2023-04-01,16863.45,10733.80,57.11
58,2023-05-01,10714.92,16863.45,-36.46
58,2023-06-01,3957.79,10714.92,-63.06
58,2023-07-01,10272.24,3957.79,159.54
58,2023-08-01,8996.08,10272.24,-12.42
58,2023-09-01,20513.07,8996.08,128.02
58,2023-10-01,7386.93,20513.07,-63.99
58,2023-11-01,27572.17,7386.93,273.26
58,2023-12-01,20669.86,27572.17,-25.03
58,2024-01-01,8868.18,20669.86,-57.10
58,2024-02-01,19933.40,8868.18,124.77
58,2024-03-01,22032.03,19933.40,10.53
58,2024-04-01,15193.48,22032.03,-31.04
58,2024-05-01,9668.05,15193.48,-36.37
58,2024-06-01,12294.34,9668.05,27.16
58,2024-07-01,16990.43,12294.34,38.20
58,2024-08-01,3362.05,16990.43,-80.21
58,2024-09-01,9618.93,3362.05,186.10
58,2024-10-01,19743.32,9618.93,105.25
58,2024-11-01,13107.46,19743.32,-33.61
58,2024-12-01,4235.53,13107.46,-67.69
58,2025-01-01,14295.34,4235.53,237.51
58,2025-02-01,16130.97,14295.34,12.84
58,2025-03-01,9733.56,16130.97,-39.66
58,2025-04-01,8548.81,9733.56,-12.17
58,2025-05-01,4989.98,8548.81,-41.63
58,2025-06-01,7456.20,4989.98,49.42
58,2025-07-01,13524.43,7456.20,81.39
58,2025-08-01,17844.99,13524.43,31.95
58,2025-09-01,13731.59,17844.99,-23.05
58,2025-10-01,7755.25,13731.59,-43.52
58,2025-11-01,10447.92,7755.25,34.72
58,2025-12-01,1483.92,10447.92,-85.80
59,2021-01-01,24216.02,,
59,2021-02-01,10873.06,24216.02,-55.10
59,2021-03-01,14586.28,10873.06,34.15
59,2021-04-01,12464.63,14586.28,-14.55
59,2021-05-01,12750.12,12464.63,2.29
59,2021-06-01,7516.59,12750.12,-41.05
59,2021-07-01,8725.03,7516.59,16.08
59,2021-08-01,16575.93,8725.03,89.98
59,2021-09-01,14234.97,16575.93,-14.12
59,2021-10-01,13216.64,14234.97,-7.15
59,2021-11-01,17654.34,13216.64,33.58
59,2021-12-01,7927.31,17654.34,-55.10
59,2022-01-01,14851.38,7927.31,87.34
59,2022-02-01,9092.65,14851.38,-38.78
59,2022-03-01,9721.82,9092.65,6.92
59,2022-04-01,12906.01,9721.82,32.75
59,2022-05-01,6779.59,12906.01,-47.47
59,2022-06-01,15463.70,6779.59,128.09
59,2022-07-01,15016.91,15463.70,-2.89
59,2022-08-01,7237.46,15016.91,-51.80
59,2022-09-01,10629.44,7237.46,46.87
59,2022-10-01,12117.59,10629.44,14.00
59,2022-11-01,9615.65,12117.59,-20.65
59,2022-12-01,11908.57,9615.65,23.85
59,2023-01-01,12050.63,11908.57,1.19
59,2023-02-01,4780.47,12050.63,-60.33
59,2023-03-01,15510.04,4780.47,224.45
59,2023-04-01,14451.53,15510.04,-6.82
59,2023-05-01,17320.46,14451.53,19.85
59,2023-06-01,6841.96,17320.46,-60.50
59,2023-07-01,14643.27,6841.96,114.02
59,2023-08-01,10784.47,14643.27,-26.35
59,2023-09-01,4131.28,10784.47,-61.69
59,2023-10-01,14219.69,4131.28,244.20
59,2023-11-01,5547.08,14219.69,-60.99
59,2023-12-01,7597.86,5547.08,36.97
59,2024-01-01,8410.71,7597.86,10.70
59,2024-02-01,9405.61,8410.71,11.83
59,2024-03-01,9992.65,9405.61,6.24
59,2024-04-01,9849.04,9992.65,-1.44
59,2024-05-01,7825.33,9849.04,-20.55
59,2024-06-01,6285.54,7825.33,-19.68
59,2024-07-01,6000.15,6285.54,-4.54
59,2024-08-01,11200.80,6000.15,86.68
59,2024-09-01,9338.70,11200.80,-16.62
59,2024-10-01,7303.75,9338.70,-21.79
59,2024-11-01,11900.54,7303.75,62.94
59,2024-12-01,10751.94,11900.54,-9.65
59,2025-01-01,11396.94,10751.94,6.00
59,2025-02-01,10711.55,11396.94,-6.01
59,2025-03-01,9792.76,10711.55,-8.58
59,2025-04-01,16279.32,9792.76,66.24
59,2025-05-01,13597.41,16279.32,-16.47
59,2025-06-01,17987.75,13597.41,32.29
59,2025-07-01,9990.53,17987.75,-44.46
59,2025-08-01,6918.30,9990.53,-30.75
59,2025-09-01,3537.13,6918.30,-48.87
59,2025-10-01,13892.84,3537.13,292.77
59,2025-11-01,6163.75,13892.84,-55.63
59,2025-12-01,1017.92,6163.75,-83.49
60,2021-01-01,16947.91,,
60,2021-02-01,6328.55,16947.91,-62.66
60,2021-03-01,13115.98,6328.55,107.25
60,2021-04-01,2915.65,13115.98,-77.77
60,2021-05-01,11704.25,2915.65,301.43
60,2021-06-01,5886.01,11704.25,-49.71
60,2021-07-01,5793.03,5886.01,-1.58
60,2021-08-01,7546.39,5793.03,30.27
60,2021-09-01,9821.68,7546.39,30.15
60,2021-10-01,5519.50,9821.68,-43.80
60,2021-11-01,12623.86,5519.50,128.71
60,2021-12-01,9166.41,12623.86,-27.39
60,2022-01-01,14423.14,9166.41,57.35
60,2022-02-01,6015.73,14423.14,-58.29
60,2022-03-01,9342.09,6015.73,55.29
60,2022-04-01,7733.76,9342.09,-17.22
60,2022-05-01,8055.94,7733.76,4.17
60,2022-06-01,11620.68,8055.94,44.25
60,2022-07-01,5831.91,11620.68,-49.81
60,2022-08-01,6306.17,5831.91,8.13
60,2022-09-01,8579.69,6306.17,36.05
60,2022-10-01,4284.14,8579.69,-50.07
60,2022-11-01,5190.64,4284.14,21.16
60,2022-12-01,8259.06,5190.64,59.11
60,2023-01-01,6219.51,8259.06,-24.69
60,2023-02-01,8623.32,6219.51,38.65
60,2023-03-01,8740.09,8623.32,1.35
60,2023-04-01,8038.26,8740.09,-8.03
60,2023-05-01,6630.63,8038.26,-17.51
60,2023-06-01,6756.73,6630.63,1.90
60,2023-07-01,7825.25,6756.73,15.81
60,2023-08-01,6024.39,7825.25,-23.01
60,2023-09-01,4927.61,6024.39,-18.21
60,2023-10-01,14756.07,4927.61,199.46
60,2023-11-01,9898.08,14756.07,-32.92
60,2023-12-01,17335.04,9898.08,75.14
60,2024-01-01,10565.34,17335.04,-39.05
60,2024-02-01,6170.88,10565.34,-41.59
60,2024-03-01,6942.80,6170.88,12.51
60,2024-04-01,12089.38,6942.80,74.13
60,2024-05-01,10251.67,12089.38,-15.20
60,2024-06-01,7132.26,10251.67,-30.43
60,2024-07-01,11682.23,7132.26,63.79
60,2024-08-01,13176.37,11682.23,12.79
60,2024-09-01,8738.49,13176.37,-33.68
60,2024-10-01,16591.12,8738.49,89.86
60,2024-11-01,9475.92,16591.12,-42.89
60,2024-12-01,8775.86,9475.92,-7.39
60,2025-01-01,10270.36,8775.86,17.03
60,2025-02-01,5361.30,10270.36,-47.80
60,2025-03-01,3877.32,5361.30,-27.68
60,2025-04-01,5876.26,3877.32,51.55
60,2025-05-01,9213.61,5876.26,56.79
60,2025-06-01,7944.35,9213.61,-13.78
60,2025-07-01,3986.53,7944.35,-49.82
60,2025-08-01,10465.43,3986.53,162.52
60,2025-09-01,9432.77,10465.43,-9.87
60,2025-10-01,7595.08,9432.77,-19.48
60,2025-11-01,11045.94,7595.08,45.44
60,2025-12-01,3114.41,11045.94,-71.80
