"hotel_id","check_in_date","bookings_that_day","running_total_2025"
1,2025-01-03,1,1
1,2025-01-05,1,2
1,2025-01-06,1,3
1,2025-01-10,1,4
1,2025-01-14,1,5
1,2025-01-15,1,6
1,2025-01-18,2,8
1,2025-01-29,2,10
1,2025-02-01,1,11
1,2025-02-05,3,14
1,2025-02-09,1,15
1,2025-02-10,1,16
1,2025-02-11,2,18
1,2025-02-15,2,20
1,2025-02-16,2,22
1,2025-02-19,1,23
1,2025-02-20,3,26
1,2025-02-26,1,27
1,2025-03-06,1,28
1,2025-03-07,2,30
1,2025-03-09,1,31
1,2025-03-13,1,32
1,2025-03-14,1,33
1,2025-03-17,1,34
1,2025-03-23,2,36
1,2025-03-24,1,37
1,2025-03-25,2,39
1,2025-03-27,1,40
1,2025-03-30,1,41
1,2025-03-31,1,42
1,2025-04-01,1,43
1,2025-04-02,2,45
1,2025-04-03,1,46
1,2025-04-04,1,47
1,2025-04-22,1,48
1,2025-04-23,1,49
1,2025-04-25,1,50
1,2025-04-26,2,52
1,2025-05-04,1,53
1,2025-05-07,1,54
1,2025-05-09,1,55
1,2025-05-14,1,56
1,2025-05-15,1,57
1,2025-05-17,1,58
1,2025-05-20,2,60
1,2025-05-21,1,61
1,2025-05-31,1,62
1,2025-06-01,1,63
1,2025-06-04,3,66
1,2025-06-10,1,67
1,2025-06-12,2,69
1,2025-06-13,1,70
1,2025-06-14,1,71
1,2025-06-15,1,72
1,2025-06-18,2,74
1,2025-06-22,1,75
1,2025-06-24,1,76
1,2025-06-26,2,78
1,2025-06-30,1,79
1,2025-07-03,1,80
1,2025-07-05,1,81
1,2025-07-06,1,82
1,2025-07-07,3,85
1,2025-07-14,1,86
1,2025-07-16,1,87
1,2025-07-20,1,88
1,2025-07-21,4,92
1,2025-07-23,2,94
1,2025-07-25,1,95
1,2025-07-26,1,96
1,2025-07-27,1,97
1,2025-07-29,1,98
1,2025-08-01,1,99
1,2025-08-03,1,100
1,2025-08-04,1,101
1,2025-08-06,1,102
1,2025-08-11,1,103
1,2025-08-13,2,105
1,2025-08-18,1,106
1,2025-08-20,2,108
1,2025-08-25,4,112
1,2025-08-30,1,113
1,2025-08-31,1,114
1,2025-09-04,1,115
1,2025-09-06,1,116
1,2025-09-08,1,117
1,2025-09-10,2,119
1,2025-09-11,1,120
1,2025-09-15,1,121
1,2025-09-20,1,122
1,2025-09-22,3,125
1,2025-09-24,2,127
1,2025-09-29,1,128
1,2025-09-30,1,129
1,2025-10-04,1,130
1,2025-10-05,1,131
1,2025-10-08,2,133
1,2025-10-09,2,135
1,2025-10-10,1,136
1,2025-10-11,4,140
1,2025-10-14,2,142
1,2025-10-15,1,143
1,2025-10-22,1,144
1,2025-10-24,1,145
1,2025-10-26,1,146
1,2025-10-27,1,147
1,2025-10-30,2,149
1,2025-11-01,1,150
1,2025-11-07,2,152
1,2025-11-08,2,154
1,2025-11-14,1,155
1,2025-11-15,2,157
1,2025-11-18,1,158
1,2025-11-19,1,159
1,2025-11-23,1,160
1,2025-11-24,1,161
1,2025-11-25,1,162
1,2025-11-27,2,164
1,2025-11-30,1,165
1,2025-12-01,2,167
1,2025-12-03,1,168
1,2025-12-06,2,170
1,2025-12-08,1,171
1,2025-12-12,1,172
1,2025-12-16,1,173
1,2025-12-18,1,174
1,2025-12-24,2,176
1,2025-12-25,2,178
1,2025-12-28,2,180
1,2025-12-29,1,181
2,2025-01-01,1,1
2,2025-01-03,1,2
2,2025-01-04,1,3
2,2025-01-06,1,4
2,2025-01-12,1,5
2,2025-01-13,1,6
2,2025-01-14,1,7
2,2025-01-16,1,8
2,2025-01-17,1,9
2,2025-01-21,1,10
2,2025-01-22,1,11
2,2025-01-23,1,12
2,2025-02-07,1,13
2,2025-02-09,1,14
2,2025-02-11,1,15
2,2025-02-13,1,16
2,2025-02-15,1,17
2,2025-02-24,2,19
2,2025-02-26,1,20
2,2025-02-27,2,22
2,2025-02-28,1,23
2,2025-03-06,1,24
2,2025-03-09,1,25
2,2025-03-11,1,26
2,2025-03-15,1,27
2,2025-03-17,1,28
2,2025-03-22,1,29
2,2025-03-24,1,30
2,2025-03-26,2,32
2,2025-03-30,1,33
2,2025-03-31,1,34
2,2025-04-01,1,35
2,2025-04-07,1,36
2,2025-04-10,1,37
2,2025-04-11,1,38
2,2025-04-12,1,39
2,2025-04-13,1,40
2,2025-04-14,1,41
2,2025-04-15,2,43
2,2025-04-18,2,45
2,2025-04-23,1,46
2,2025-04-26,1,47
2,2025-04-27,1,48
2,2025-04-29,2,50
2,2025-04-30,1,51
2,2025-05-01,1,52
2,2025-05-02,1,53
2,2025-05-04,1,54
2,2025-05-08,1,55
2,2025-05-13,1,56
2,2025-05-14,1,57
2,2025-05-15,3,60
2,2025-05-17,2,62
2,2025-05-18,1,63
2,2025-05-19,1,64
2,2025-05-22,1,65
2,2025-05-24,1,66
2,2025-05-25,1,67
2,2025-05-26,1,68
2,2025-05-27,1,69
2,2025-05-29,1,70
2,2025-06-02,1,71
2,2025-06-04,1,72
2,2025-06-07,1,73
2,2025-06-08,2,75
2,2025-06-10,2,77
2,2025-06-12,1,78
2,2025-06-13,1,79
2,2025-06-18,2,81
2,2025-06-21,1,82
2,2025-06-22,1,83
2,2025-06-24,2,85
2,2025-06-26,1,86
2,2025-07-01,1,87
2,2025-07-02,1,88
2,2025-07-03,2,90
2,2025-07-04,1,91
2,2025-07-05,1,92
2,2025-07-06,1,93
2,2025-07-08,1,94
2,2025-07-09,1,95
2,2025-07-11,1,96
2,2025-07-13,1,97
2,2025-07-17,1,98
2,2025-07-18,1,99
2,2025-07-20,1,100
2,2025-07-22,1,101
2,2025-07-26,1,102
2,2025-07-28,1,103
2,2025-07-29,1,104
2,2025-07-30,1,105
2,2025-07-31,1,106
2,2025-08-03,1,107
2,2025-08-07,1,108
2,2025-08-10,1,109
2,2025-08-12,1,110
2,2025-08-16,1,111
2,2025-08-22,1,112
2,2025-08-23,1,113
2,2025-08-26,1,114
2,2025-08-27,1,115
2,2025-08-30,2,117
2,2025-08-31,2,119
2,2025-09-02,1,120
2,2025-09-05,1,121
2,2025-09-09,1,122
2,2025-09-15,1,123
2,2025-09-16,1,124
2,2025-09-20,1,125
2,2025-09-24,2,127
2,2025-09-25,1,128
2,2025-09-26,1,129
2,2025-09-27,1,130
2,2025-09-29,1,131
2,2025-10-07,1,132
2,2025-10-13,2,134
2,2025-10-18,1,135
2,2025-10-21,1,136
2,2025-10-22,1,137
2,2025-10-23,2,139
2,2025-10-26,1,140
2,2025-10-27,2,142
2,2025-10-28,1,143
2,2025-10-29,1,144
2,2025-11-01,1,145
2,2025-11-04,1,146
2,2025-11-05,1,147
2,2025-11-17,3,150
2,2025-11-21,2,152
2,2025-11-25,1,153
2,2025-11-28,2,155
2,2025-11-30,1,156
2,2025-12-01,1,157
2,2025-12-03,1,158
2,2025-12-04,1,159
2,2025-12-06,1,160
2,2025-12-11,1,161
2,2025-12-12,1,162
2,2025-12-14,1,163
2,2025-12-19,2,165
2,2025-12-20,1,166
2,2025-12-21,1,167
2,2025-12-22,1,168
2,2025-12-23,1,169
2,2025-12-26,1,170
2,2025-12-28,1,171
3,2025-01-01,1,1
3,2025-01-08,1,2
3,2025-01-10,1,3
3,2025-01-11,1,4
3,2025-01-13,4,8
3,2025-01-14,2,10
3,2025-01-17,1,11
3,2025-01-20,1,12
3,2025-01-25,2,14
3,2025-01-27,1,15
3,2025-01-29,1,16
3,2025-01-30,1,17
3,2025-02-01,1,18
3,2025-02-05,2,20
3,2025-02-06,2,22
3,2025-02-15,1,23
3,2025-02-17,2,25
3,2025-02-19,1,26
3,2025-02-20,2,28
3,2025-02-21,2,30
3,2025-02-25,1,31
3,2025-02-26,1,32
3,2025-02-27,1,33
3,2025-03-02,1,34
3,2025-03-05,1,35
3,2025-03-06,1,36
3,2025-03-08,1,37
3,2025-03-12,1,38
3,2025-03-15,1,39
3,2025-03-16,1,40
3,2025-03-17,1,41
3,2025-03-25,1,42
3,2025-03-26,1,43
3,2025-03-27,1,44
3,2025-03-28,1,45
3,2025-03-29,1,46
3,2025-03-30,1,47
3,2025-04-04,1,48
3,2025-04-06,1,49
3,2025-04-07,1,50
3,2025-04-08,1,51
3,2025-04-09,2,53
3,2025-04-14,1,54
3,2025-04-15,1,55
3,2025-04-20,1,56
3,2025-04-22,2,58
3,2025-04-25,1,59
3,2025-04-28,1,60
3,2025-04-30,1,61
3,2025-05-03,1,62
3,2025-05-06,1,63
3,2025-05-13,1,64
3,2025-05-15,1,65
3,2025-05-19,1,66
3,2025-05-20,2,68
3,2025-05-21,2,70
3,2025-05-23,1,71
3,2025-05-25,1,72
3,2025-05-29,1,73
3,2025-05-30,1,74
3,2025-06-02,1,75
3,2025-06-03,2,77
3,2025-06-05,2,79
3,2025-06-07,1,80
3,2025-06-09,1,81
3,2025-06-13,1,82
3,2025-06-16,1,83
3,2025-06-17,1,84
3,2025-06-19,1,85
3,2025-06-20,1,86
3,2025-06-21,1,87
3,2025-06-22,1,88
3,2025-06-24,1,89
3,2025-06-27,1,90
3,2025-06-30,1,91
3,2025-07-02,1,92
3,2025-07-03,1,93
3,2025-07-05,1,94
3,2025-07-07,1,95
3,2025-07-09,1,96
3,2025-07-10,1,97
3,2025-07-11,1,98
3,2025-07-15,1,99
3,2025-07-18,2,101
3,2025-07-20,1,102
3,2025-07-24,1,103
3,2025-07-27,1,104
3,2025-07-28,3,107
3,2025-07-31,1,108
3,2025-08-04,1,109
3,2025-08-08,1,110
3,2025-08-10,1,111
3,2025-08-11,1,112
3,2025-08-12,2,114
3,2025-08-14,1,115
3,2025-08-16,1,116
3,2025-08-20,1,117
3,2025-08-21,1,118
3,2025-08-23,1,119
3,2025-08-31,1,120
3,2025-09-01,1,121
3,2025-09-03,1,122
3,2025-09-06,1,123
3,2025-09-07,1,124
3,2025-09-09,1,125
3,2025-09-13,1,126
3,2025-09-14,1,127
3,2025-09-19,1,128
3,2025-09-23,1,129
3,2025-09-24,3,132
3,2025-09-25,1,133
3,2025-09-27,1,134
3,2025-10-01,2,136
3,2025-10-02,3,139
3,2025-10-08,1,140
3,2025-10-09,2,142
3,2025-10-11,1,143
3,2025-10-12,1,144
3,2025-10-17,1,145
3,2025-10-18,1,146
3,2025-10-19,1,147
3,2025-10-20,1,148
3,2025-10-22,1,149
3,2025-10-23,1,150
3,2025-10-26,2,152
3,2025-10-27,2,154
3,2025-10-28,2,156
3,2025-10-29,2,158
3,2025-10-30,1,159
3,2025-10-31,3,162
3,2025-11-04,1,163
3,2025-11-07,1,164
3,2025-11-09,1,165
3,2025-11-10,1,166
3,2025-11-13,1,167
3,2025-11-16,1,168
3,2025-11-17,1,169
3,2025-11-19,1,170
3,2025-11-21,1,171
3,2025-11-22,1,172
3,2025-11-25,2,174
3,2025-11-26,2,176
3,2025-11-27,1,177
3,2025-12-01,1,178
3,2025-12-02,2,180
3,2025-12-04,1,181
3,2025-12-06,2,183
3,2025-12-07,1,184
3,2025-12-23,1,185
3,2025-12-24,1,186
3,2025-12-28,1,187
3,2025-12-29,1,188
4,2025-01-02,1,1
4,2025-01-03,1,2
4,2025-01-06,1,3
4,2025-01-07,1,4
4,2025-01-13,1,5
4,2025-01-14,1,6
4,2025-01-15,2,8
4,2025-01-17,1,9
4,2025-01-19,1,10
4,2025-01-20,1,11
4,2025-01-25,2,13
4,2025-01-28,1,14
4,2025-01-31,1,15
4,2025-02-02,1,16
4,2025-02-04,1,17
4,2025-02-07,1,18
4,2025-02-08,1,19
4,2025-02-11,2,21
4,2025-02-12,1,22
4,2025-02-13,1,23
4,2025-02-14,1,24
4,2025-02-16,1,25
4,2025-02-18,1,26
4,2025-02-20,2,28
4,2025-02-27,2,30
4,2025-02-28,2,32
4,2025-03-05,2,34
4,2025-03-12,1,35
4,2025-03-14,1,36
4,2025-03-16,1,37
4,2025-03-21,2,39
4,2025-04-01,1,40
4,2025-04-06,3,43
4,2025-04-08,1,44
4,2025-04-10,1,45
4,2025-04-15,1,46
4,2025-04-16,2,48
4,2025-04-18,1,49
4,2025-04-21,1,50
4,2025-04-24,1,51
4,2025-04-26,1,52
4,2025-04-27,1,53
4,2025-05-04,1,54
4,2025-05-07,1,55
4,2025-05-10,1,56
4,2025-05-11,1,57
4,2025-05-18,1,58
4,2025-05-19,1,59
4,2025-05-24,1,60
4,2025-05-25,1,61
4,2025-05-26,2,63
4,2025-05-30,1,64
4,2025-06-04,2,66
4,2025-06-05,2,68
4,2025-06-11,3,71
4,2025-06-14,1,72
4,2025-06-15,1,73
4,2025-06-20,2,75
4,2025-06-22,1,76
4,2025-06-23,1,77
4,2025-06-24,2,79
4,2025-06-27,1,80
4,2025-07-02,1,81
4,2025-07-03,1,82
4,2025-07-04,1,83
4,2025-07-09,1,84
4,2025-07-10,1,85
4,2025-07-18,1,86
4,2025-07-20,1,87
4,2025-07-21,1,88
4,2025-07-22,1,89
4,2025-07-23,1,90
4,2025-07-27,1,91
4,2025-07-29,1,92
4,2025-07-31,1,93
4,2025-08-05,1,94
4,2025-08-08,2,96
4,2025-08-09,1,97
4,2025-08-11,2,99
4,2025-08-15,1,100
4,2025-08-18,2,102
4,2025-08-20,1,103
4,2025-08-21,2,105
4,2025-08-28,1,106
4,2025-08-29,1,107
4,2025-08-30,1,108
4,2025-09-03,1,109
4,2025-09-06,2,111
4,2025-09-14,1,112
4,2025-09-15,2,114
4,2025-09-21,1,115
4,2025-09-22,1,116
4,2025-09-24,1,117
4,2025-09-27,1,118
4,2025-09-28,1,119
4,2025-09-30,1,120
4,2025-10-05,1,121
4,2025-10-06,1,122
4,2025-10-08,2,124
4,2025-10-10,1,125
4,2025-10-13,1,126
4,2025-10-20,2,128
4,2025-10-23,1,129
4,2025-10-25,2,131
4,2025-11-02,1,132
4,2025-11-04,1,133
4,2025-11-05,2,135
4,2025-11-06,2,137
4,2025-11-08,1,138
4,2025-11-09,1,139
4,2025-11-10,1,140
4,2025-11-11,1,141
4,2025-11-14,1,142
4,2025-11-16,2,144
4,2025-11-20,1,145
4,2025-11-22,1,146
4,2025-11-23,1,147
4,2025-11-27,1,148
4,2025-12-03,1,149
4,2025-12-04,1,150
4,2025-12-05,1,151
4,2025-12-13,1,152
4,2025-12-14,1,153
4,2025-12-17,2,155
4,2025-12-18,1,156
4,2025-12-22,1,157
4,2025-12-24,1,158
4,2025-12-25,1,159
4,2025-12-26,3,162
4,2025-12-29,2,164
5,2025-01-02,2,2
5,2025-01-08,1,3
5,2025-01-13,1,4
5,2025-01-14,1,5
5,2025-01-17,1,6
5,2025-01-19,1,7
5,2025-01-22,2,9
5,2025-01-23,1,10
5,2025-01-27,1,11
5,2025-01-28,1,12
5,2025-02-04,1,13
5,2025-02-05,2,15
5,2025-02-07,1,16
5,2025-02-15,1,17
5,2025-02-16,1,18
5,2025-02-22,1,19
5,2025-02-24,3,22
5,2025-02-27,1,23
5,2025-03-03,1,24
5,2025-03-06,1,25
5,2025-03-08,1,26
5,2025-03-12,1,27
5,2025-03-13,2,29
5,2025-03-16,1,30
5,2025-03-18,1,31
5,2025-03-21,2,33
5,2025-03-22,1,34
5,2025-03-25,1,35
5,2025-03-27,1,36
5,2025-03-30,1,37
5,2025-03-31,1,38
5,2025-04-01,1,39
5,2025-04-03,1,40
5,2025-04-05,2,42
5,2025-04-06,2,44
5,2025-04-08,2,46
5,2025-04-13,1,47
5,2025-04-20,1,48
5,2025-04-22,1,49
5,2025-04-23,1,50
5,2025-04-24,1,51
5,2025-04-27,1,52
5,2025-04-28,1,53
5,2025-05-01,4,57
5,2025-05-02,1,58
5,2025-05-05,3,61
5,2025-05-06,2,63
5,2025-05-11,1,64
5,2025-05-12,1,65
5,2025-05-13,1,66
5,2025-05-14,2,68
5,2025-05-15,1,69
5,2025-05-17,1,70
5,2025-05-18,1,71
5,2025-05-20,1,72
5,2025-05-21,2,74
5,2025-05-28,1,75
5,2025-06-02,1,76
5,2025-06-03,2,78
5,2025-06-04,1,79
5,2025-06-08,1,80
5,2025-06-17,1,81
5,2025-06-21,1,82
5,2025-06-26,1,83
5,2025-06-28,1,84
5,2025-06-29,1,85
5,2025-07-01,1,86
5,2025-07-02,1,87
5,2025-07-05,1,88
5,2025-07-09,1,89
5,2025-07-14,1,90
5,2025-07-15,1,91
5,2025-07-19,1,92
5,2025-07-23,1,93
5,2025-07-26,1,94
5,2025-07-27,1,95
5,2025-08-05,1,96
5,2025-08-09,2,98
5,2025-08-10,1,99
5,2025-08-11,2,101
5,2025-08-13,2,103
5,2025-08-14,1,104
5,2025-08-15,1,105
5,2025-08-16,1,106
5,2025-08-17,1,107
5,2025-08-18,2,109
5,2025-08-19,2,111
5,2025-08-23,1,112
5,2025-08-26,1,113
5,2025-08-28,2,115
5,2025-08-29,2,117
5,2025-08-30,1,118
5,2025-09-01,1,119
5,2025-09-03,2,121
5,2025-09-05,1,122
5,2025-09-07,1,123
5,2025-09-08,1,124
5,2025-09-10,1,125
5,2025-09-12,1,126
5,2025-09-13,1,127
5,2025-09-15,1,128
5,2025-09-17,1,129
5,2025-09-19,1,130
5,2025-09-20,1,131
5,2025-09-22,1,132
5,2025-09-24,1,133
5,2025-09-27,1,134
5,2025-10-02,1,135
5,2025-10-07,2,137
5,2025-10-10,1,138
5,2025-10-11,1,139
5,2025-10-17,1,140
5,2025-10-21,1,141
5,2025-10-25,1,142
5,2025-10-27,1,143
5,2025-11-02,1,144
5,2025-11-03,1,145
5,2025-11-07,1,146
5,2025-11-13,1,147
5,2025-11-14,1,148
5,2025-11-17,1,149
5,2025-11-18,1,150
5,2025-11-19,1,151
5,2025-11-20,1,152
5,2025-11-21,2,154
5,2025-11-24,1,155
5,2025-11-27,1,156
5,2025-11-28,1,157
5,2025-11-30,2,159
5,2025-12-15,1,160
5,2025-12-16,1,161
5,2025-12-17,2,163
5,2025-12-18,1,164
5,2025-12-19,1,165
5,2025-12-20,2,167
5,2025-12-23,1,168
5,2025-12-28,3,171
6,2025-01-01,1,1
6,2025-01-05,1,2
6,2025-01-06,2,4
6,2025-01-07,1,5
6,2025-01-09,1,6
6,2025-01-10,2,8
6,2025-01-11,1,9
6,2025-01-14,1,10
6,2025-01-16,1,11
6,2025-01-17,3,14
6,2025-01-21,1,15
6,2025-02-02,1,16
6,2025-02-08,3,19
6,2025-02-09,1,20
6,2025-02-11,1,21
6,2025-02-13,1,22
6,2025-02-19,1,23
6,2025-02-21,1,24
6,2025-02-22,1,25
6,2025-02-23,2,27
6,2025-02-24,1,28
6,2025-02-25,3,31
6,2025-03-01,1,32
6,2025-03-03,1,33
6,2025-03-05,1,34
6,2025-03-06,1,35
6,2025-03-07,1,36
6,2025-03-10,2,38
6,2025-03-11,3,41
6,2025-03-13,2,43
6,2025-03-23,1,44
6,2025-03-24,1,45
6,2025-03-30,1,46
6,2025-04-10,1,47
6,2025-04-12,1,48
6,2025-04-16,1,49
6,2025-04-22,1,50
6,2025-04-24,1,51
6,2025-04-27,3,54
6,2025-05-04,2,56
6,2025-05-05,1,57
6,2025-05-06,1,58
6,2025-05-07,1,59
6,2025-05-08,1,60
6,2025-05-11,1,61
6,2025-05-12,1,62
6,2025-05-14,1,63
6,2025-05-20,1,64
6,2025-05-23,1,65
6,2025-05-27,2,67
6,2025-05-28,1,68
6,2025-06-01,1,69
6,2025-06-03,1,70
6,2025-06-04,1,71
6,2025-06-05,1,72
6,2025-06-08,1,73
6,2025-06-09,1,74
6,2025-06-11,1,75
6,2025-06-12,1,76
6,2025-06-14,1,77
6,2025-06-15,2,79
6,2025-06-17,1,80
6,2025-06-18,1,81
6,2025-06-20,1,82
6,2025-06-24,1,83
6,2025-06-25,1,84
6,2025-06-27,1,85
6,2025-06-28,1,86
6,2025-06-29,1,87
6,2025-06-30,1,88
6,2025-07-01,1,89
6,2025-07-03,1,90
6,2025-07-05,2,92
6,2025-07-06,1,93
6,2025-07-08,1,94
6,2025-07-10,1,95
6,2025-07-11,1,96
6,2025-07-18,1,97
6,2025-07-21,1,98
6,2025-07-23,1,99
6,2025-07-26,1,100
6,2025-07-28,1,101
6,2025-08-04,1,102
6,2025-08-06,1,103
6,2025-08-18,1,104
6,2025-08-20,2,106
6,2025-08-22,2,108
6,2025-08-23,2,110
6,2025-08-24,1,111
6,2025-08-26,1,112
6,2025-08-27,1,113
6,2025-08-28,1,114
6,2025-08-31,1,115
6,2025-09-02,1,116
6,2025-09-06,2,118
6,2025-09-08,1,119
6,2025-09-12,1,120
6,2025-09-16,1,121
6,2025-09-17,1,122
6,2025-09-21,1,123
6,2025-09-22,1,124
6,2025-09-23,2,126
6,2025-09-25,2,128
6,2025-09-26,1,129
6,2025-09-27,1,130
6,2025-09-28,1,131
6,2025-09-29,2,133
6,2025-10-05,2,135
6,2025-10-07,1,136
6,2025-10-16,1,137
6,2025-10-20,1,138
6,2025-10-21,1,139
6,2025-10-23,1,140
6,2025-10-24,1,141
6,2025-10-26,1,142
6,2025-10-27,1,143
6,2025-10-28,1,144
6,2025-10-31,1,145
6,2025-11-07,1,146
6,2025-11-08,1,147
6,2025-11-10,1,148
6,2025-11-13,1,149
6,2025-11-15,1,150
6,2025-11-18,1,151
6,2025-11-21,1,152
6,2025-11-23,1,153
6,2025-11-26,1,154
6,2025-11-27,1,155
6,2025-12-02,1,156
6,2025-12-03,1,157
6,2025-12-06,1,158
6,2025-12-08,1,159
6,2025-12-13,1,160
6,2025-12-17,1,161
6,2025-12-20,1,162
6,2025-12-23,2,164
6,2025-12-30,1,165
7,2025-01-04,1,1
7,2025-01-05,1,2
7,2025-01-07,1,3
7,2025-01-12,1,4
7,2025-01-15,1,5
7,2025-01-16,1,6
7,2025-01-17,1,7
7,2025-01-20,1,8
7,2025-01-22,2,10
7,2025-01-23,2,12
7,2025-01-25,1,13
7,2025-01-27,1,14
7,2025-01-29,1,15
7,2025-01-30,2,17
7,2025-02-03,2,19
7,2025-02-04,1,20
7,2025-02-05,1,21
7,2025-02-06,1,22
7,2025-02-14,1,23
7,2025-02-21,2,25
7,2025-02-22,1,26
7,2025-02-23,1,27
7,2025-02-28,1,28
7,2025-03-01,1,29
7,2025-03-02,1,30
7,2025-03-05,1,31
7,2025-03-06,1,32
7,2025-03-17,1,33
7,2025-03-18,1,34
7,2025-03-20,2,36
7,2025-03-21,1,37
7,2025-03-24,1,38
7,2025-03-27,1,39
7,2025-03-29,3,42
7,2025-03-30,1,43
7,2025-03-31,3,46
7,2025-04-04,1,47
7,2025-04-08,2,49
7,2025-04-09,2,51
7,2025-04-10,1,52
7,2025-04-13,2,54
7,2025-04-15,1,55
7,2025-04-16,1,56
7,2025-04-18,1,57
7,2025-04-23,1,58
7,2025-04-25,1,59
7,2025-04-27,2,61
7,2025-05-02,2,63
7,2025-05-03,1,64
7,2025-05-04,1,65
7,2025-05-06,1,66
7,2025-05-07,3,69
7,2025-05-09,2,71
7,2025-05-13,1,72
7,2025-05-14,1,73
7,2025-05-15,1,74
7,2025-05-16,1,75
7,2025-05-17,1,76
7,2025-05-18,2,78
7,2025-05-20,1,79
7,2025-05-21,1,80
7,2025-05-25,1,81
7,2025-05-30,1,82
7,2025-05-31,1,83
7,2025-06-01,1,84
7,2025-06-02,1,85
7,2025-06-06,1,86
7,2025-06-09,1,87
7,2025-06-10,1,88
7,2025-06-11,1,89
7,2025-06-13,1,90
7,2025-06-14,1,91
7,2025-06-15,1,92
7,2025-06-16,1,93
7,2025-06-18,2,95
7,2025-06-19,3,98
7,2025-06-25,1,99
7,2025-06-28,1,100
7,2025-06-29,1,101
7,2025-06-30,1,102
7,2025-07-01,2,104
7,2025-07-06,2,106
7,2025-07-07,1,107
7,2025-07-13,1,108
7,2025-07-14,1,109
7,2025-07-15,2,111
7,2025-07-21,2,113
7,2025-07-22,1,114
7,2025-07-23,1,115
7,2025-07-25,1,116
7,2025-07-26,2,118
7,2025-07-27,1,119
7,2025-07-30,1,120
7,2025-07-31,2,122
7,2025-08-01,2,124
7,2025-08-02,1,125
7,2025-08-07,1,126
7,2025-08-11,1,127
7,2025-08-13,2,129
7,2025-08-16,2,131
7,2025-08-20,1,132
7,2025-08-24,1,133
7,2025-08-26,1,134
7,2025-08-28,1,135
7,2025-09-01,1,136
7,2025-09-07,1,137
7,2025-09-08,1,138
7,2025-09-09,1,139
7,2025-09-13,1,140
7,2025-09-17,1,141
7,2025-09-19,1,142
7,2025-09-21,1,143
7,2025-09-23,1,144
7,2025-09-24,1,145
7,2025-09-25,1,146
7,2025-09-26,1,147
7,2025-09-27,1,148
7,2025-09-29,1,149
7,2025-10-04,1,150
7,2025-10-08,1,151
7,2025-10-09,2,153
7,2025-10-10,1,154
7,2025-10-12,1,155
7,2025-10-13,1,156
7,2025-10-23,1,157
7,2025-10-28,1,158
7,2025-10-29,1,159
7,2025-10-30,1,160
7,2025-11-02,1,161
7,2025-11-03,1,162
7,2025-11-04,1,163
7,2025-11-12,1,164
7,2025-11-13,1,165
7,2025-11-14,1,166
7,2025-11-16,1,167
7,2025-11-19,1,168
7,2025-11-20,1,169
7,2025-11-22,1,170
7,2025-11-29,1,171
7,2025-12-03,1,172
7,2025-12-04,1,173
7,2025-12-10,1,174
7,2025-12-11,1,175
7,2025-12-15,1,176
7,2025-12-18,1,177
7,2025-12-19,2,179
7,2025-12-21,1,180
7,2025-12-22,1,181
7,2025-12-23,1,182
7,2025-12-30,1,183
8,2025-01-06,1,1
8,2025-01-07,1,2
8,2025-01-08,2,4
8,2025-01-12,1,5
8,2025-01-13,1,6
8,2025-01-15,1,7
8,2025-01-17,1,8
8,2025-01-22,1,9
8,2025-01-24,1,10
8,2025-01-26,1,11
8,2025-01-29,1,12
8,2025-01-30,1,13
8,2025-02-04,1,14
8,2025-02-06,1,15
8,2025-02-09,1,16
8,2025-02-16,1,17
8,2025-02-17,1,18
8,2025-02-19,1,19
8,2025-02-21,1,20
8,2025-02-25,1,21
8,2025-03-01,1,22
8,2025-03-02,1,23
8,2025-03-07,2,25
8,2025-03-12,1,26
8,2025-03-16,1,27
8,2025-03-17,1,28
8,2025-03-23,1,29
8,2025-03-26,1,30
8,2025-03-27,1,31
8,2025-04-05,2,33
8,2025-04-07,1,34
8,2025-04-08,1,35
8,2025-04-10,1,36
8,2025-04-14,1,37
8,2025-04-15,2,39
8,2025-04-19,2,41
8,2025-04-23,1,42
8,2025-04-26,1,43
8,2025-04-30,1,44
8,2025-05-02,1,45
8,2025-05-10,1,46
8,2025-05-11,1,47
8,2025-05-16,1,48
8,2025-05-17,1,49
8,2025-05-18,2,51
8,2025-05-19,2,53
8,2025-05-21,1,54
8,2025-05-23,1,55
8,2025-05-26,1,56
8,2025-05-28,1,57
8,2025-05-30,1,58
8,2025-06-05,2,60
8,2025-06-06,3,63
8,2025-06-18,1,64
8,2025-06-25,2,66
8,2025-06-28,2,68
8,2025-07-01,1,69
8,2025-07-02,1,70
8,2025-07-03,1,71
8,2025-07-04,1,72
8,2025-07-05,1,73
8,2025-07-06,1,74
8,2025-07-07,1,75
8,2025-07-08,2,77
8,2025-07-10,2,79
8,2025-07-11,1,80
8,2025-07-12,1,81
8,2025-07-14,1,82
8,2025-07-17,2,84
8,2025-07-19,1,85
8,2025-07-21,1,86
8,2025-07-27,1,87
8,2025-07-28,1,88
8,2025-07-30,1,89
8,2025-07-31,1,90
8,2025-08-04,3,93
8,2025-08-07,1,94
8,2025-08-10,1,95
8,2025-08-14,1,96
8,2025-08-16,1,97
8,2025-08-17,1,98
8,2025-08-18,1,99
8,2025-08-22,1,100
8,2025-08-24,1,101
8,2025-08-26,2,103
8,2025-08-28,1,104
8,2025-08-31,1,105
8,2025-09-01,1,106
8,2025-09-04,1,107
8,2025-09-05,1,108
8,2025-09-06,1,109
8,2025-09-09,1,110
8,2025-09-11,2,112
8,2025-09-13,1,113
8,2025-09-16,2,115
8,2025-09-19,1,116
8,2025-09-20,2,118
8,2025-09-24,1,119
8,2025-09-25,1,120
8,2025-09-26,1,121
8,2025-09-27,1,122
8,2025-10-06,1,123
8,2025-10-15,1,124
8,2025-10-17,1,125
8,2025-10-22,1,126
8,2025-10-26,2,128
8,2025-10-27,2,130
8,2025-10-29,1,131
8,2025-10-30,2,133
8,2025-11-03,1,134
8,2025-11-07,1,135
8,2025-11-08,2,137
8,2025-11-10,1,138
8,2025-11-12,1,139
8,2025-11-17,1,140
8,2025-11-19,1,141
8,2025-11-22,2,143
8,2025-11-23,2,145
8,2025-11-26,1,146
8,2025-11-29,1,147
8,2025-11-30,1,148
8,2025-12-01,1,149
8,2025-12-02,1,150
8,2025-12-10,1,151
8,2025-12-13,1,152
8,2025-12-14,1,153
8,2025-12-18,1,154
8,2025-12-24,4,158
8,2025-12-27,1,159
8,2025-12-28,3,162
8,2025-12-30,1,163
9,2025-01-01,1,1
9,2025-01-05,1,2
9,2025-01-09,1,3
9,2025-01-10,2,5
9,2025-01-11,2,7
9,2025-01-12,1,8
9,2025-01-13,2,10
9,2025-01-14,1,11
9,2025-01-18,3,14
9,2025-01-19,1,15
9,2025-01-26,1,16
9,2025-01-27,1,17
9,2025-01-30,1,18
9,2025-01-31,1,19
9,2025-02-08,1,20
9,2025-02-10,2,22
9,2025-02-11,3,25
9,2025-02-12,1,26
9,2025-02-13,1,27
9,2025-02-14,1,28
9,2025-02-15,1,29
9,2025-02-19,1,30
9,2025-02-22,1,31
9,2025-02-24,1,32
9,2025-02-26,1,33
9,2025-02-28,1,34
9,2025-03-01,1,35
9,2025-03-02,3,38
9,2025-03-08,2,40
9,2025-03-14,1,41
9,2025-03-18,2,43
9,2025-03-21,2,45
9,2025-03-22,2,47
9,2025-03-25,1,48
9,2025-03-27,1,49
9,2025-03-28,1,50
9,2025-03-29,1,51
9,2025-03-31,2,53
9,2025-04-03,1,54
9,2025-04-04,2,56
9,2025-04-10,2,58
9,2025-04-13,3,61
9,2025-04-14,2,63
9,2025-04-22,1,64
9,2025-04-23,1,65
9,2025-04-26,1,66
9,2025-04-28,1,67
9,2025-04-29,1,68
9,2025-05-02,1,69
9,2025-05-04,1,70
9,2025-05-05,1,71
9,2025-05-12,1,72
9,2025-05-13,3,75
9,2025-05-16,1,76
9,2025-05-17,2,78
9,2025-05-21,1,79
9,2025-05-23,1,80
9,2025-06-02,1,81
9,2025-06-07,1,82
9,2025-06-11,2,84
9,2025-06-12,1,85
9,2025-06-13,1,86
9,2025-06-16,1,87
9,2025-06-18,1,88
9,2025-06-19,1,89
9,2025-06-21,1,90
9,2025-06-23,2,92
9,2025-06-29,1,93
9,2025-07-01,1,94
9,2025-07-03,2,96
9,2025-07-04,2,98
9,2025-07-06,1,99
9,2025-07-13,1,100
9,2025-07-15,1,101
9,2025-07-22,3,104
9,2025-07-24,1,105
9,2025-07-28,1,106
9,2025-07-30,1,107
9,2025-07-31,1,108
9,2025-08-01,3,111
9,2025-08-02,1,112
9,2025-08-05,1,113
9,2025-08-06,1,114
9,2025-08-09,1,115
9,2025-08-10,2,117
9,2025-08-11,1,118
9,2025-08-13,1,119
9,2025-08-16,1,120
9,2025-08-23,1,121
9,2025-08-24,1,122
9,2025-08-25,1,123
9,2025-08-27,3,126
9,2025-09-01,1,127
9,2025-09-02,1,128
9,2025-09-03,1,129
9,2025-09-04,2,131
9,2025-09-07,1,132
9,2025-09-08,2,134
9,2025-09-14,1,135
9,2025-09-16,2,137
9,2025-09-17,1,138
9,2025-09-19,2,140
9,2025-09-20,2,142
9,2025-09-22,2,144
9,2025-09-23,2,146
9,2025-09-24,1,147
9,2025-09-26,1,148
9,2025-09-28,1,149
9,2025-09-30,1,150
9,2025-10-02,2,152
9,2025-10-04,1,153
9,2025-10-05,2,155
9,2025-10-06,1,156
9,2025-10-13,1,157
9,2025-10-18,2,159
9,2025-10-28,1,160
9,2025-10-29,2,162
9,2025-10-30,1,163
9,2025-10-31,1,164
9,2025-11-02,1,165
9,2025-11-03,1,166
9,2025-11-04,1,167
9,2025-11-07,2,169
9,2025-11-08,1,170
9,2025-11-10,1,171
9,2025-11-16,1,172
9,2025-11-18,1,173
9,2025-11-20,1,174
9,2025-11-22,1,175
9,2025-11-25,1,176
9,2025-11-27,2,178
9,2025-11-28,1,179
9,2025-11-29,1,180
9,2025-12-01,1,181
9,2025-12-03,1,182
9,2025-12-05,1,183
9,2025-12-09,1,184
9,2025-12-12,1,185
9,2025-12-14,1,186
9,2025-12-16,1,187
9,2025-12-19,2,189
9,2025-12-22,1,190
9,2025-12-23,3,193
9,2025-12-24,1,194
9,2025-12-25,1,195
9,2025-12-26,1,196
9,2025-12-28,2,198
10,2025-01-02,2,2
10,2025-01-07,1,3
10,2025-01-08,1,4
10,2025-01-09,2,6
10,2025-01-12,2,8
10,2025-01-14,2,10
10,2025-01-18,1,11
10,2025-01-21,1,12
10,2025-01-27,1,13
10,2025-01-29,1,14
10,2025-02-01,2,16
10,2025-02-04,1,17
10,2025-02-10,1,18
10,2025-02-11,2,20
10,2025-02-16,1,21
10,2025-02-18,2,23
10,2025-02-20,1,24
10,2025-02-21,1,25
10,2025-02-26,1,26
10,2025-03-01,3,29
10,2025-03-03,1,30
10,2025-03-10,1,31
10,2025-03-19,1,32
10,2025-03-20,1,33
10,2025-03-21,1,34
10,2025-03-22,1,35
10,2025-03-23,2,37
10,2025-03-25,1,38
10,2025-03-27,1,39
10,2025-03-28,1,40
10,2025-03-29,2,42
10,2025-03-30,1,43
10,2025-03-31,1,44
10,2025-04-02,2,46
10,2025-04-09,2,48
10,2025-04-13,1,49
10,2025-04-14,1,50
10,2025-04-15,1,51
10,2025-04-19,1,52
10,2025-04-22,1,53
10,2025-04-23,1,54
10,2025-04-25,1,55
10,2025-04-27,1,56
10,2025-05-01,1,57
10,2025-05-04,1,58
10,2025-05-05,1,59
10,2025-05-06,3,62
10,2025-05-07,1,63
10,2025-05-08,3,66
10,2025-05-09,1,67
10,2025-05-10,1,68
10,2025-05-11,1,69
10,2025-05-12,1,70
10,2025-05-14,1,71
10,2025-05-15,1,72
10,2025-05-18,1,73
10,2025-05-19,1,74
10,2025-05-20,1,75
10,2025-05-21,1,76
10,2025-05-22,1,77
10,2025-05-24,2,79
10,2025-05-25,1,80
10,2025-05-27,1,81
10,2025-05-29,2,83
10,2025-05-31,2,85
10,2025-06-02,1,86
10,2025-06-08,1,87
10,2025-06-09,1,88
10,2025-06-11,1,89
10,2025-06-13,2,91
10,2025-06-14,1,92
10,2025-06-15,1,93
10,2025-06-16,1,94
10,2025-06-21,1,95
10,2025-06-22,1,96
10,2025-06-23,1,97
10,2025-06-25,1,98
10,2025-06-26,1,99
10,2025-07-06,1,100
10,2025-07-08,1,101
10,2025-07-09,1,102
10,2025-07-10,1,103
10,2025-07-11,1,104
10,2025-07-12,1,105
10,2025-07-13,1,106
10,2025-07-14,1,107
10,2025-07-16,1,108
10,2025-07-17,2,110
10,2025-07-18,1,111
10,2025-07-19,1,112
10,2025-07-22,1,113
10,2025-07-24,2,115
10,2025-07-25,2,117
10,2025-07-27,1,118
10,2025-07-28,1,119
10,2025-07-30,1,120
10,2025-08-02,1,121
10,2025-08-03,1,122
10,2025-08-05,1,123
10,2025-08-09,1,124
10,2025-08-20,1,125
10,2025-08-23,1,126
10,2025-08-26,1,127
10,2025-08-27,2,129
10,2025-08-28,1,130
10,2025-08-31,1,131
10,2025-09-04,1,132
10,2025-09-05,2,134
10,2025-09-07,1,135
10,2025-09-10,1,136
10,2025-09-14,1,137
10,2025-09-16,1,138
10,2025-09-22,1,139
10,2025-09-27,1,140
10,2025-09-29,1,141
10,2025-09-30,1,142
10,2025-10-01,1,143
10,2025-10-05,3,146
10,2025-10-06,2,148
10,2025-10-07,1,149
10,2025-10-11,1,150
10,2025-10-18,1,151
10,2025-10-20,1,152
10,2025-10-21,1,153
10,2025-10-22,1,154
10,2025-10-23,1,155
10,2025-10-25,1,156
10,2025-10-28,1,157
10,2025-10-29,1,158
10,2025-10-30,1,159
10,2025-10-31,1,160
10,2025-11-01,1,161
10,2025-11-02,1,162
10,2025-11-05,2,164
10,2025-11-06,2,166
10,2025-11-07,2,168
10,2025-11-09,1,169
10,2025-11-11,1,170
10,2025-11-12,1,171
10,2025-11-17,1,172
10,2025-11-18,1,173
10,2025-11-19,1,174
10,2025-11-22,1,175
10,2025-11-29,1,176
10,2025-12-02,1,177
10,2025-12-06,1,178
10,2025-12-10,1,179
10,2025-12-11,1,180
10,2025-12-13,1,181
10,2025-12-18,1,182
10,2025-12-20,1,183
10,2025-12-21,2,185
10,2025-12-25,1,186
10,2025-12-26,1,187
10,2025-12-27,2,189
11,2025-01-01,2,2
11,2025-01-07,1,3
11,2025-01-08,1,4
11,2025-01-09,1,5
11,2025-01-17,1,6
11,2025-01-18,2,8
11,2025-01-20,1,9
11,2025-01-22,1,10
11,2025-01-25,1,11
11,2025-01-31,1,12
11,2025-02-02,1,13
11,2025-02-03,1,14
11,2025-02-07,1,15
11,2025-02-08,1,16
11,2025-02-14,1,17
11,2025-02-16,1,18
11,2025-02-17,1,19
11,2025-02-19,2,21
11,2025-02-22,2,23
11,2025-02-23,1,24
11,2025-02-25,2,26
11,2025-02-27,1,27
11,2025-03-01,1,28
11,2025-03-02,2,30
11,2025-03-03,1,31
11,2025-03-04,1,32
11,2025-03-05,1,33
11,2025-03-10,1,34
11,2025-03-12,1,35
11,2025-03-15,1,36
11,2025-03-16,1,37
11,2025-03-19,3,40
11,2025-03-21,1,41
11,2025-03-23,3,44
11,2025-03-24,2,46
11,2025-03-26,2,48
11,2025-03-27,2,50
11,2025-03-29,1,51
11,2025-03-30,1,52
11,2025-03-31,1,53
11,2025-04-01,1,54
11,2025-04-03,1,55
11,2025-04-06,1,56
11,2025-04-07,1,57
11,2025-04-10,2,59
11,2025-04-14,1,60
11,2025-04-17,1,61
11,2025-04-18,2,63
11,2025-04-19,1,64
11,2025-04-20,1,65
11,2025-04-26,1,66
11,2025-04-27,1,67
11,2025-05-04,1,68
11,2025-05-06,1,69
11,2025-05-07,1,70
11,2025-05-09,1,71
11,2025-05-11,3,74
11,2025-05-13,1,75
11,2025-05-17,1,76
11,2025-05-19,1,77
11,2025-05-26,1,78
11,2025-05-27,1,79
11,2025-05-28,2,81
11,2025-05-29,2,83
11,2025-05-31,2,85
11,2025-06-04,1,86
11,2025-06-07,1,87
11,2025-06-09,1,88
11,2025-06-15,2,90
11,2025-06-16,2,92
11,2025-06-19,2,94
11,2025-06-25,1,95
11,2025-06-26,3,98
11,2025-06-28,1,99
11,2025-06-29,1,100
11,2025-06-30,1,101
11,2025-07-03,1,102
11,2025-07-04,1,103
11,2025-07-06,2,105
11,2025-07-07,1,106
11,2025-07-11,2,108
11,2025-07-16,1,109
11,2025-07-17,1,110
11,2025-07-20,1,111
11,2025-07-21,1,112
11,2025-07-26,1,113
11,2025-07-27,1,114
11,2025-08-04,1,115
11,2025-08-09,1,116
11,2025-08-14,1,117
11,2025-08-16,1,118
11,2025-08-19,2,120
11,2025-08-21,2,122
11,2025-08-22,1,123
11,2025-08-23,1,124
11,2025-08-27,1,125
11,2025-08-30,1,126
11,2025-09-03,4,130
11,2025-09-06,1,131
11,2025-09-09,1,132
11,2025-09-10,1,133
11,2025-09-12,2,135
11,2025-09-15,1,136
11,2025-09-18,1,137
11,2025-09-22,1,138
11,2025-09-23,2,140
11,2025-09-24,1,141
11,2025-09-26,2,143
11,2025-09-27,1,144
11,2025-09-29,1,145
11,2025-10-05,1,146
11,2025-10-07,1,147
11,2025-10-13,1,148
11,2025-10-16,1,149
11,2025-10-17,1,150
11,2025-10-19,1,151
11,2025-10-21,1,152
11,2025-10-24,1,153
11,2025-10-25,1,154
11,2025-10-28,1,155
11,2025-10-30,1,156
11,2025-10-31,1,157
11,2025-11-01,1,158
11,2025-11-07,1,159
11,2025-11-11,2,161
11,2025-11-12,2,163
11,2025-11-17,1,164
11,2025-11-27,1,165
11,2025-11-28,1,166
11,2025-12-01,1,167
11,2025-12-02,1,168
11,2025-12-04,1,169
11,2025-12-05,2,171
11,2025-12-06,1,172
11,2025-12-08,1,173
11,2025-12-11,2,175
11,2025-12-16,1,176
11,2025-12-18,1,177
11,2025-12-21,1,178
11,2025-12-25,1,179
11,2025-12-27,1,180
11,2025-12-28,1,181
12,2025-01-05,2,2
12,2025-01-06,2,4
12,2025-01-07,1,5
12,2025-01-08,1,6
12,2025-01-09,1,7
12,2025-01-11,1,8
12,2025-01-12,2,10
12,2025-01-15,2,12
12,2025-01-16,1,13
12,2025-01-17,1,14
12,2025-01-20,1,15
12,2025-01-21,1,16
12,2025-01-22,2,18
12,2025-01-25,1,19
12,2025-01-26,1,20
12,2025-01-27,1,21
12,2025-01-30,1,22
12,2025-01-31,1,23
12,2025-02-04,2,25
12,2025-02-05,1,26
12,2025-02-06,2,28
12,2025-02-08,1,29
12,2025-02-13,1,30
12,2025-02-14,1,31
12,2025-02-15,1,32
12,2025-02-16,1,33
12,2025-02-19,1,34
12,2025-02-23,1,35
12,2025-02-24,2,37
12,2025-03-03,1,38
12,2025-03-06,1,39
12,2025-03-11,1,40
12,2025-03-16,1,41
12,2025-03-18,1,42
12,2025-03-20,2,44
12,2025-03-21,2,46
12,2025-03-25,1,47
12,2025-03-28,2,49
12,2025-03-29,1,50
12,2025-03-31,1,51
12,2025-04-01,1,52
12,2025-04-02,1,53
12,2025-04-04,1,54
12,2025-04-05,1,55
12,2025-04-07,3,58
12,2025-04-08,1,59
12,2025-04-09,1,60
12,2025-04-15,2,62
12,2025-04-18,1,63
12,2025-04-19,2,65
12,2025-04-22,2,67
12,2025-04-26,2,69
12,2025-04-27,1,70
12,2025-04-29,1,71
12,2025-04-30,1,72
12,2025-05-02,1,73
12,2025-05-03,1,74
12,2025-05-08,2,76
12,2025-05-11,2,78
12,2025-05-12,2,80
12,2025-05-13,1,81
12,2025-05-16,1,82
12,2025-05-23,1,83
12,2025-05-25,1,84
12,2025-05-26,1,85
12,2025-05-31,1,86
12,2025-06-01,1,87
12,2025-06-02,1,88
12,2025-06-03,1,89
12,2025-06-06,1,90
12,2025-06-07,2,92
12,2025-06-10,1,93
12,2025-06-11,1,94
12,2025-06-15,1,95
12,2025-06-17,3,98
12,2025-06-21,1,99
12,2025-06-22,1,100
12,2025-06-26,1,101
12,2025-06-27,1,102
12,2025-06-29,2,104
12,2025-07-03,1,105
12,2025-07-04,1,106
12,2025-07-09,1,107
12,2025-07-16,2,109
12,2025-07-20,2,111
12,2025-07-22,1,112
12,2025-07-24,1,113
12,2025-07-30,1,114
12,2025-08-03,1,115
12,2025-08-05,1,116
12,2025-08-09,1,117
12,2025-08-12,1,118
12,2025-08-14,2,120
12,2025-08-16,1,121
12,2025-08-20,1,122
12,2025-08-22,1,123
12,2025-08-24,2,125
12,2025-08-26,1,126
12,2025-09-01,1,127
12,2025-09-02,1,128
12,2025-09-05,1,129
12,2025-09-07,1,130
12,2025-09-11,1,131
12,2025-09-12,2,133
12,2025-09-14,1,134
12,2025-09-16,1,135
12,2025-09-18,1,136
12,2025-09-20,1,137
12,2025-09-21,1,138
12,2025-09-25,1,139
12,2025-09-26,1,140
12,2025-09-29,1,141
12,2025-10-01,1,142
12,2025-10-02,1,143
12,2025-10-08,1,144
12,2025-10-09,1,145
12,2025-10-10,1,146
12,2025-10-11,1,147
12,2025-10-13,2,149
12,2025-10-18,1,150
12,2025-10-23,1,151
12,2025-10-25,1,152
12,2025-10-28,2,154
12,2025-10-30,1,155
12,2025-10-31,1,156
12,2025-11-04,3,159
12,2025-11-06,1,160
12,2025-11-12,1,161
12,2025-11-13,1,162
12,2025-11-14,1,163
12,2025-11-16,1,164
12,2025-11-17,2,166
12,2025-11-20,1,167
12,2025-11-24,1,168
12,2025-11-25,1,169
12,2025-11-26,1,170
12,2025-11-28,1,171
12,2025-11-29,1,172
12,2025-12-02,1,173
12,2025-12-07,1,174
12,2025-12-10,1,175
12,2025-12-17,1,176
12,2025-12-19,1,177
12,2025-12-24,1,178
12,2025-12-25,1,179
12,2025-12-30,1,180
13,2025-01-01,2,2
13,2025-01-04,2,4
13,2025-01-05,2,6
13,2025-01-08,1,7
13,2025-01-12,1,8
13,2025-01-13,1,9
13,2025-01-14,1,10
13,2025-01-15,1,11
13,2025-01-16,2,13
13,2025-01-18,1,14
13,2025-01-21,1,15
13,2025-01-22,1,16
13,2025-01-28,1,17
13,2025-01-29,2,19
13,2025-01-31,1,20
13,2025-02-01,1,21
13,2025-02-04,1,22
13,2025-02-05,3,25
13,2025-02-06,1,26
13,2025-02-09,1,27
13,2025-02-12,1,28
13,2025-02-13,1,29
13,2025-02-15,1,30
13,2025-02-17,4,34
13,2025-02-20,1,35
13,2025-02-21,1,36
13,2025-02-22,1,37
13,2025-02-25,1,38
13,2025-02-28,2,40
13,2025-03-02,1,41
13,2025-03-03,1,42
13,2025-03-05,1,43
13,2025-03-07,2,45
13,2025-03-09,1,46
13,2025-03-11,2,48
13,2025-03-16,1,49
13,2025-03-17,2,51
13,2025-03-19,2,53
13,2025-03-21,1,54
13,2025-03-23,1,55
13,2025-03-25,1,56
13,2025-03-30,1,57
13,2025-04-04,1,58
13,2025-04-07,2,60
13,2025-04-08,1,61
13,2025-04-11,2,63
13,2025-04-15,2,65
13,2025-04-16,3,68
13,2025-04-17,1,69
13,2025-04-20,1,70
13,2025-04-21,1,71
13,2025-04-24,2,73
13,2025-04-25,1,74
13,2025-04-26,1,75
13,2025-04-29,1,76
13,2025-05-01,1,77
13,2025-05-05,1,78
13,2025-05-06,1,79
13,2025-05-07,1,80
13,2025-05-10,2,82
13,2025-05-11,3,85
13,2025-05-13,1,86
13,2025-05-15,2,88
13,2025-05-16,2,90
13,2025-05-19,4,94
13,2025-05-20,1,95
13,2025-05-22,1,96
13,2025-05-29,1,97
13,2025-05-31,1,98
13,2025-06-01,1,99
13,2025-06-03,1,100
13,2025-06-05,1,101
13,2025-06-09,1,102
13,2025-06-14,1,103
13,2025-06-16,2,105
13,2025-06-17,2,107
13,2025-06-19,1,108
13,2025-06-22,1,109
13,2025-06-23,1,110
13,2025-06-26,1,111
13,2025-06-30,2,113
13,2025-07-05,2,115
13,2025-07-07,1,116
13,2025-07-09,1,117
13,2025-07-10,1,118
13,2025-07-14,1,119
13,2025-07-16,1,120
13,2025-07-18,1,121
13,2025-07-19,1,122
13,2025-07-20,1,123
13,2025-07-29,1,124
13,2025-07-31,1,125
13,2025-08-02,1,126
13,2025-08-03,1,127
13,2025-08-09,1,128
13,2025-08-19,1,129
13,2025-08-25,1,130
13,2025-08-26,2,132
13,2025-08-27,1,133
13,2025-08-29,1,134
13,2025-09-02,1,135
13,2025-09-07,1,136
13,2025-09-09,1,137
13,2025-09-17,1,138
13,2025-09-20,1,139
13,2025-09-21,1,140
13,2025-09-22,1,141
13,2025-09-24,1,142
13,2025-09-25,1,143
13,2025-09-28,1,144
13,2025-09-29,1,145
13,2025-10-05,1,146
13,2025-10-07,1,147
13,2025-10-10,1,148
13,2025-10-12,1,149
13,2025-10-13,2,151
13,2025-10-14,2,153
13,2025-10-15,2,155
13,2025-10-16,2,157
13,2025-10-17,1,158
13,2025-10-18,2,160
13,2025-10-20,1,161
13,2025-10-22,2,163
13,2025-10-26,1,164
13,2025-11-03,1,165
13,2025-11-06,1,166
13,2025-11-09,1,167
13,2025-11-10,1,168
13,2025-11-12,1,169
13,2025-11-17,2,171
13,2025-11-18,1,172
13,2025-11-26,1,173
13,2025-12-02,1,174
13,2025-12-07,2,176
13,2025-12-10,1,177
13,2025-12-13,2,179
13,2025-12-14,1,180
13,2025-12-15,2,182
13,2025-12-16,1,183
13,2025-12-22,1,184
13,2025-12-23,1,185
13,2025-12-26,1,186
13,2025-12-27,2,188
13,2025-12-28,1,189
14,2025-01-01,1,1
14,2025-01-02,2,3
14,2025-01-03,1,4
14,2025-01-06,1,5
14,2025-01-07,1,6
14,2025-01-09,1,7
14,2025-01-12,1,8
14,2025-01-13,1,9
14,2025-01-16,1,10
14,2025-01-19,1,11
14,2025-01-21,2,13
14,2025-01-25,1,14
14,2025-01-28,2,16
14,2025-01-29,1,17
14,2025-02-02,2,19
14,2025-02-04,1,20
14,2025-02-05,1,21
14,2025-02-07,1,22
14,2025-02-09,2,24
14,2025-02-12,1,25
14,2025-02-14,2,27
14,2025-02-15,1,28
14,2025-02-16,2,30
14,2025-02-17,1,31
14,2025-02-24,2,33
14,2025-02-26,1,34
14,2025-03-07,2,36
14,2025-03-10,1,37
14,2025-03-18,1,38
14,2025-03-20,1,39
14,2025-03-22,1,40
14,2025-03-28,1,41
14,2025-03-29,1,42
14,2025-04-04,1,43
14,2025-04-05,1,44
14,2025-04-10,3,47
14,2025-04-11,2,49
14,2025-04-12,1,50
14,2025-04-15,1,51
14,2025-04-16,1,52
14,2025-04-17,1,53
14,2025-04-18,1,54
14,2025-04-25,1,55
14,2025-04-28,1,56
14,2025-04-29,1,57
14,2025-05-01,1,58
14,2025-05-02,1,59
14,2025-05-03,1,60
14,2025-05-06,1,61
14,2025-05-08,2,63
14,2025-05-09,1,64
14,2025-05-10,1,65
14,2025-05-11,1,66
14,2025-05-13,1,67
14,2025-05-15,1,68
14,2025-05-18,1,69
14,2025-05-19,1,70
14,2025-05-21,1,71
14,2025-05-22,1,72
14,2025-05-28,1,73
14,2025-05-29,3,76
14,2025-05-30,2,78
14,2025-06-03,1,79
14,2025-06-06,3,82
14,2025-06-09,1,83
14,2025-06-11,1,84
14,2025-06-12,1,85
14,2025-06-13,2,87
14,2025-06-16,1,88
14,2025-06-17,1,89
14,2025-06-18,1,90
14,2025-06-20,2,92
14,2025-06-22,1,93
14,2025-06-24,2,95
14,2025-06-28,2,97
14,2025-06-29,1,98
14,2025-07-02,1,99
14,2025-07-04,1,100
14,2025-07-06,1,101
14,2025-07-09,1,102
14,2025-07-11,1,103
14,2025-07-12,2,105
14,2025-07-13,1,106
14,2025-07-15,1,107
14,2025-07-16,1,108
14,2025-07-17,1,109
14,2025-07-19,1,110
14,2025-07-29,2,112
14,2025-07-31,1,113
14,2025-08-01,1,114
14,2025-08-03,1,115
14,2025-08-04,2,117
14,2025-08-05,1,118
14,2025-08-07,2,120
14,2025-08-08,2,122
14,2025-08-11,1,123
14,2025-08-13,2,125
14,2025-08-15,1,126
14,2025-08-17,1,127
14,2025-08-20,1,128
14,2025-08-22,1,129
14,2025-08-23,3,132
14,2025-08-27,2,134
14,2025-08-31,1,135
14,2025-09-01,1,136
14,2025-09-04,1,137
14,2025-09-10,1,138
14,2025-09-11,1,139
14,2025-09-12,3,142
14,2025-09-14,1,143
14,2025-09-15,2,145
14,2025-09-16,2,147
14,2025-09-17,1,148
14,2025-09-19,1,149
14,2025-09-20,1,150
14,2025-09-22,1,151
14,2025-09-24,1,152
14,2025-09-27,1,153
14,2025-10-05,1,154
14,2025-10-11,1,155
14,2025-10-14,3,158
14,2025-10-16,1,159
14,2025-10-17,1,160
14,2025-10-21,1,161
14,2025-10-24,1,162
14,2025-10-25,1,163
14,2025-10-29,2,165
14,2025-11-01,1,166
14,2025-11-03,2,168
14,2025-11-08,1,169
14,2025-11-11,1,170
14,2025-11-15,2,172
14,2025-11-17,1,173
14,2025-11-24,1,174
14,2025-11-28,1,175
14,2025-12-01,2,177
14,2025-12-02,3,180
14,2025-12-03,1,181
14,2025-12-05,1,182
14,2025-12-08,1,183
14,2025-12-10,1,184
14,2025-12-11,1,185
14,2025-12-14,3,188
14,2025-12-16,1,189
14,2025-12-18,1,190
14,2025-12-26,1,191
14,2025-12-28,1,192
14,2025-12-29,2,194
15,2025-01-02,1,1
15,2025-01-05,1,2
15,2025-01-08,1,3
15,2025-01-09,1,4
15,2025-01-11,2,6
15,2025-01-12,2,8
15,2025-01-16,1,9
15,2025-01-22,1,10
15,2025-01-25,1,11
15,2025-01-28,1,12
15,2025-01-30,1,13
15,2025-01-31,1,14
15,2025-02-03,1,15
15,2025-02-05,1,16
15,2025-02-06,1,17
15,2025-02-07,1,18
15,2025-02-17,1,19
15,2025-02-20,2,21
15,2025-03-01,2,23
15,2025-03-03,1,24
15,2025-03-08,2,26
15,2025-03-09,1,27
15,2025-03-18,1,28
15,2025-03-21,1,29
15,2025-03-23,1,30
15,2025-03-25,1,31
15,2025-03-26,1,32
15,2025-03-31,1,33
15,2025-04-03,1,34
15,2025-04-05,3,37
15,2025-04-06,2,39
15,2025-04-08,2,41
15,2025-04-10,2,43
15,2025-04-15,2,45
15,2025-04-18,1,46
15,2025-04-21,1,47
15,2025-04-22,1,48
15,2025-04-25,1,49
15,2025-04-26,1,50
15,2025-04-27,2,52
15,2025-04-29,1,53
15,2025-04-30,1,54
15,2025-05-01,1,55
15,2025-05-04,1,56
15,2025-05-05,1,57
15,2025-05-06,1,58
15,2025-05-07,1,59
15,2025-05-08,2,61
15,2025-05-11,1,62
15,2025-05-25,1,63
15,2025-05-26,1,64
15,2025-05-31,1,65
15,2025-06-03,1,66
15,2025-06-07,2,68
15,2025-06-09,1,69
15,2025-06-14,1,70
15,2025-06-15,1,71
15,2025-06-20,2,73
15,2025-06-22,1,74
15,2025-06-23,1,75
15,2025-06-25,1,76
15,2025-06-26,1,77
15,2025-06-30,1,78
15,2025-07-04,2,80
15,2025-07-06,1,81
15,2025-07-07,3,84
15,2025-07-10,1,85
15,2025-07-11,2,87
15,2025-07-16,1,88
15,2025-07-18,1,89
15,2025-07-19,1,90
15,2025-07-21,1,91
15,2025-07-23,1,92
15,2025-07-24,1,93
15,2025-07-25,1,94
15,2025-07-31,1,95
15,2025-08-01,2,97
15,2025-08-02,1,98
15,2025-08-03,1,99
15,2025-08-05,1,100
15,2025-08-06,1,101
15,2025-08-07,1,102
15,2025-08-08,2,104
15,2025-08-11,1,105
15,2025-08-13,1,106
15,2025-08-14,1,107
15,2025-08-16,1,108
15,2025-08-18,3,111
15,2025-08-19,1,112
15,2025-08-20,1,113
15,2025-08-22,1,114
15,2025-08-24,1,115
15,2025-08-26,1,116
15,2025-08-29,1,117
15,2025-09-03,2,119
15,2025-09-04,1,120
15,2025-09-10,1,121
15,2025-09-12,1,122
15,2025-09-13,1,123
15,2025-09-15,1,124
15,2025-09-16,1,125
15,2025-09-17,1,126
15,2025-09-20,2,128
15,2025-09-24,1,129
15,2025-09-26,1,130
15,2025-09-28,1,131
15,2025-10-02,1,132
15,2025-10-03,1,133
15,2025-10-04,1,134
15,2025-10-05,2,136
15,2025-10-06,1,137
15,2025-10-07,1,138
15,2025-10-10,1,139
15,2025-10-14,1,140
15,2025-10-15,1,141
15,2025-10-20,1,142
15,2025-10-22,1,143
15,2025-10-23,1,144
15,2025-10-25,1,145
15,2025-10-29,1,146
15,2025-11-01,2,148
15,2025-11-05,1,149
15,2025-11-09,1,150
15,2025-11-12,1,151
15,2025-11-14,1,152
15,2025-11-17,1,153
15,2025-11-18,1,154
15,2025-11-19,1,155
15,2025-11-26,1,156
15,2025-11-27,1,157
15,2025-12-01,1,158
15,2025-12-03,2,160
15,2025-12-05,1,161
15,2025-12-08,1,162
15,2025-12-10,2,164
15,2025-12-13,1,165
15,2025-12-15,1,166
15,2025-12-16,1,167
15,2025-12-18,1,168
15,2025-12-21,1,169
15,2025-12-22,1,170
16,2025-01-02,1,1
16,2025-01-03,1,2
16,2025-01-08,2,4
16,2025-01-09,1,5
16,2025-01-10,1,6
16,2025-01-13,1,7
16,2025-01-14,1,8
16,2025-01-15,1,9
16,2025-01-19,1,10
16,2025-01-25,2,12
16,2025-01-28,1,13
16,2025-01-30,1,14
16,2025-02-05,2,16
16,2025-02-15,2,18
16,2025-02-18,2,20
16,2025-02-21,1,21
16,2025-02-24,2,23
16,2025-02-25,1,24
16,2025-03-02,2,26
16,2025-03-03,1,27
16,2025-03-05,1,28
16,2025-03-07,1,29
16,2025-03-10,1,30
16,2025-03-13,2,32
16,2025-03-14,1,33
16,2025-03-15,1,34
16,2025-03-17,1,35
16,2025-03-26,2,37
16,2025-03-27,1,38
16,2025-03-28,1,39
16,2025-04-06,1,40
16,2025-04-08,1,41
16,2025-04-10,1,42
16,2025-04-14,1,43
16,2025-04-16,1,44
16,2025-04-19,2,46
16,2025-04-22,1,47
16,2025-04-23,1,48
16,2025-04-26,1,49
16,2025-04-27,1,50
16,2025-04-30,1,51
16,2025-05-07,2,53
16,2025-05-08,1,54
16,2025-05-10,1,55
16,2025-05-13,2,57
16,2025-05-14,2,59
16,2025-05-16,2,61
16,2025-05-17,1,62
16,2025-05-20,1,63
16,2025-05-21,1,64
16,2025-05-24,1,65
16,2025-05-26,1,66
16,2025-05-28,1,67
16,2025-05-31,1,68
16,2025-06-01,1,69
16,2025-06-03,1,70
16,2025-06-04,1,71
16,2025-06-05,1,72
16,2025-06-08,1,73
16,2025-06-09,1,74
16,2025-06-10,1,75
16,2025-06-13,1,76
16,2025-06-19,1,77
16,2025-06-20,1,78
16,2025-06-21,1,79
16,2025-06-22,1,80
16,2025-06-23,1,81
16,2025-06-25,1,82
16,2025-06-26,4,86
16,2025-06-30,1,87
16,2025-07-01,1,88
16,2025-07-03,1,89
16,2025-07-06,1,90
16,2025-07-07,1,91
16,2025-07-08,1,92
16,2025-07-12,1,93
16,2025-07-13,1,94
16,2025-07-15,1,95
16,2025-07-16,1,96
16,2025-07-18,2,98
16,2025-07-27,1,99
16,2025-07-29,3,102
16,2025-07-30,1,103
16,2025-07-31,1,104
16,2025-08-01,2,106
16,2025-08-03,1,107
16,2025-08-07,1,108
16,2025-08-10,1,109
16,2025-08-15,1,110
16,2025-08-16,1,111
16,2025-08-19,1,112
16,2025-08-22,1,113
16,2025-08-23,1,114
16,2025-08-28,2,116
16,2025-08-29,1,117
16,2025-08-30,1,118
16,2025-09-07,1,119
16,2025-09-09,1,120
16,2025-09-10,1,121
16,2025-09-11,1,122
16,2025-09-15,2,124
16,2025-09-19,1,125
16,2025-09-22,1,126
16,2025-09-24,2,128
16,2025-09-25,1,129
16,2025-09-27,1,130
16,2025-09-28,1,131
16,2025-09-29,2,133
16,2025-09-30,2,135
16,2025-10-01,2,137
16,2025-10-04,2,139
16,2025-10-07,1,140
16,2025-10-08,2,142
16,2025-10-12,1,143
16,2025-10-15,3,146
16,2025-10-18,1,147
16,2025-10-19,1,148
16,2025-10-21,1,149
16,2025-10-22,1,150
16,2025-10-23,1,151
16,2025-10-24,1,152
16,2025-10-25,1,153
16,2025-11-01,1,154
16,2025-11-02,1,155
16,2025-11-05,1,156
16,2025-11-07,2,158
16,2025-11-08,1,159
16,2025-11-10,1,160
16,2025-11-12,2,162
16,2025-11-16,1,163
16,2025-11-17,2,165
16,2025-11-18,2,167
16,2025-11-21,1,168
16,2025-11-23,1,169
16,2025-11-24,1,170
16,2025-11-29,1,171
16,2025-12-01,1,172
16,2025-12-07,2,174
16,2025-12-08,1,175
16,2025-12-09,1,176
16,2025-12-10,1,177
16,2025-12-11,1,178
16,2025-12-12,1,179
16,2025-12-14,1,180
16,2025-12-15,1,181
16,2025-12-17,1,182
16,2025-12-18,1,183
16,2025-12-20,2,185
16,2025-12-21,1,186
16,2025-12-25,1,187
16,2025-12-26,1,188
16,2025-12-28,1,189
16,2025-12-30,1,190
17,2025-01-04,1,1
17,2025-01-05,2,3
17,2025-01-07,1,4
17,2025-01-09,1,5
17,2025-01-13,1,6
17,2025-01-16,2,8
17,2025-01-24,1,9
17,2025-01-25,1,10
17,2025-01-26,1,11
17,2025-01-29,1,12
17,2025-02-03,1,13
17,2025-02-06,1,14
17,2025-02-08,1,15
17,2025-02-09,1,16
17,2025-02-13,3,19
17,2025-02-17,1,20
17,2025-02-19,1,21
17,2025-02-21,1,22
17,2025-02-24,1,23
17,2025-02-25,1,24
17,2025-02-26,1,25
17,2025-02-27,1,26
17,2025-03-03,1,27
17,2025-03-04,1,28
17,2025-03-05,1,29
17,2025-03-06,1,30
17,2025-03-11,1,31
17,2025-03-12,1,32
17,2025-03-14,1,33
17,2025-03-17,1,34
17,2025-03-18,1,35
17,2025-03-20,1,36
17,2025-03-21,2,38
17,2025-03-23,1,39
17,2025-03-25,1,40
17,2025-03-27,1,41
17,2025-04-01,1,42
17,2025-04-04,2,44
17,2025-04-05,1,45
17,2025-04-11,1,46
17,2025-04-12,1,47
17,2025-04-13,1,48
17,2025-04-14,1,49
17,2025-04-19,1,50
17,2025-04-20,1,51
17,2025-04-22,1,52
17,2025-04-24,1,53
17,2025-04-25,1,54
17,2025-04-26,2,56
17,2025-04-27,1,57
17,2025-04-29,2,59
17,2025-04-30,1,60
17,2025-05-02,1,61
17,2025-05-03,1,62
17,2025-05-04,1,63
17,2025-05-07,1,64
17,2025-05-08,1,65
17,2025-05-11,1,66
17,2025-05-13,1,67
17,2025-05-15,1,68
17,2025-05-18,1,69
17,2025-05-21,1,70
17,2025-05-26,1,71
17,2025-05-31,3,74
17,2025-06-01,1,75
17,2025-06-03,2,77
17,2025-06-04,1,78
17,2025-06-07,1,79
17,2025-06-18,1,80
17,2025-06-19,2,82
17,2025-06-24,2,84
17,2025-06-27,1,85
17,2025-07-02,1,86
17,2025-07-09,1,87
17,2025-07-13,1,88
17,2025-07-17,1,89
17,2025-07-18,1,90
17,2025-07-24,1,91
17,2025-07-26,1,92
17,2025-07-29,1,93
17,2025-07-30,1,94
17,2025-07-31,1,95
17,2025-08-02,1,96
17,2025-08-06,1,97
17,2025-08-07,1,98
17,2025-08-09,1,99
17,2025-08-11,4,103
17,2025-08-17,1,104
17,2025-08-18,1,105
17,2025-08-21,1,106
17,2025-08-22,1,107
17,2025-08-24,1,108
17,2025-08-25,1,109
17,2025-08-27,1,110
17,2025-08-29,1,111
17,2025-09-02,1,112
17,2025-09-04,1,113
17,2025-09-12,1,114
17,2025-09-15,1,115
17,2025-09-16,1,116
17,2025-09-17,1,117
17,2025-09-20,2,119
17,2025-09-26,1,120
17,2025-09-28,1,121
17,2025-10-02,1,122
17,2025-10-08,1,123
17,2025-10-09,2,125
17,2025-10-10,1,126
17,2025-10-11,2,128
17,2025-10-12,1,129
17,2025-10-14,1,130
17,2025-10-19,1,131
17,2025-10-20,1,132
17,2025-10-21,1,133
17,2025-10-30,1,134
17,2025-11-04,2,136
17,2025-11-08,1,137
17,2025-11-10,1,138
17,2025-11-11,1,139
17,2025-11-12,1,140
17,2025-11-13,1,141
17,2025-11-14,1,142
17,2025-11-15,1,143
17,2025-11-23,1,144
17,2025-11-25,1,145
17,2025-11-28,2,147
17,2025-11-29,1,148
17,2025-11-30,2,150
17,2025-12-01,1,151
17,2025-12-02,1,152
17,2025-12-10,1,153
17,2025-12-12,1,154
17,2025-12-17,1,155
17,2025-12-18,1,156
17,2025-12-21,1,157
17,2025-12-22,1,158
17,2025-12-23,1,159
17,2025-12-25,1,160
18,2025-01-02,1,1
18,2025-01-06,1,2
18,2025-01-09,1,3
18,2025-01-15,1,4
18,2025-01-20,1,5
18,2025-01-27,1,6
18,2025-01-29,1,7
18,2025-02-04,1,8
18,2025-02-08,1,9
18,2025-02-10,1,10
18,2025-02-15,1,11
18,2025-02-19,1,12
18,2025-02-22,2,14
18,2025-02-24,1,15
18,2025-02-25,3,18
18,2025-02-26,1,19
18,2025-02-28,3,22
18,2025-03-04,1,23
18,2025-03-07,1,24
18,2025-03-08,2,26
18,2025-03-09,1,27
18,2025-03-11,3,30
18,2025-03-16,1,31
18,2025-03-18,2,33
18,2025-03-19,1,34
18,2025-03-21,1,35
18,2025-03-22,2,37
18,2025-03-24,1,38
18,2025-03-26,1,39
18,2025-03-27,2,41
18,2025-03-28,1,42
18,2025-04-02,1,43
18,2025-04-04,2,45
18,2025-04-05,1,46
18,2025-04-10,1,47
18,2025-04-12,1,48
18,2025-04-13,2,50
18,2025-04-14,3,53
18,2025-04-16,2,55
18,2025-04-19,2,57
18,2025-04-20,1,58
18,2025-04-25,2,60
18,2025-05-01,1,61
18,2025-05-03,1,62
18,2025-05-04,2,64
18,2025-05-07,1,65
18,2025-05-08,1,66
18,2025-05-10,1,67
18,2025-05-14,1,68
18,2025-05-15,2,70
18,2025-05-18,1,71
18,2025-05-19,1,72
18,2025-05-21,1,73
18,2025-05-25,2,75
18,2025-05-26,2,77
18,2025-05-27,1,78
18,2025-05-29,3,81
18,2025-06-01,1,82
18,2025-06-03,1,83
18,2025-06-04,1,84
18,2025-06-05,1,85
18,2025-06-06,1,86
18,2025-06-13,1,87
18,2025-06-16,1,88
18,2025-06-19,1,89
18,2025-06-23,2,91
18,2025-07-01,1,92
18,2025-07-02,1,93
18,2025-07-06,1,94
18,2025-07-07,1,95
18,2025-07-08,1,96
18,2025-07-09,1,97
18,2025-07-10,1,98
18,2025-07-12,2,100
18,2025-07-13,2,102
18,2025-07-14,2,104
18,2025-07-15,1,105
18,2025-07-17,1,106
18,2025-07-18,1,107
18,2025-07-20,1,108
18,2025-07-22,1,109
18,2025-07-24,1,110
18,2025-07-26,1,111
18,2025-07-28,1,112
18,2025-07-31,2,114
18,2025-08-01,2,116
18,2025-08-07,1,117
18,2025-08-08,1,118
18,2025-08-09,1,119
18,2025-08-11,2,121
18,2025-08-15,1,122
18,2025-08-21,2,124
18,2025-08-23,2,126
18,2025-08-24,1,127
18,2025-08-25,1,128
18,2025-08-27,1,129
18,2025-08-31,1,130
18,2025-09-01,1,131
18,2025-09-05,2,133
18,2025-09-07,2,135
18,2025-09-08,1,136
18,2025-09-09,2,138
18,2025-09-10,2,140
18,2025-09-11,1,141
18,2025-09-16,1,142
18,2025-09-21,2,144
18,2025-09-22,1,145
18,2025-09-23,1,146
18,2025-09-24,1,147
18,2025-09-25,1,148
18,2025-09-27,1,149
18,2025-09-29,2,151
18,2025-10-02,1,152
18,2025-10-05,1,153
18,2025-10-07,1,154
18,2025-10-10,1,155
18,2025-10-11,1,156
18,2025-10-12,2,158
18,2025-10-17,2,160
18,2025-10-20,2,162
18,2025-10-21,1,163
18,2025-10-22,1,164
18,2025-10-24,1,165
18,2025-10-27,1,166
18,2025-10-30,1,167
18,2025-11-01,1,168
18,2025-11-04,2,170
18,2025-11-08,1,171
18,2025-11-09,2,173
18,2025-11-11,1,174
18,2025-11-16,1,175
18,2025-11-22,1,176
18,2025-11-24,2,178
18,2025-11-26,1,179
18,2025-11-27,1,180
18,2025-12-01,1,181
18,2025-12-10,1,182
18,2025-12-11,1,183
18,2025-12-12,1,184
18,2025-12-20,2,186
18,2025-12-22,1,187
18,2025-12-25,1,188
18,2025-12-27,2,190
18,2025-12-28,1,191
18,2025-12-30,1,192
19,2025-01-03,1,1
19,2025-01-04,1,2
19,2025-01-06,1,3
19,2025-01-07,3,6
19,2025-01-08,1,7
19,2025-01-09,1,8
19,2025-01-11,1,9
19,2025-01-12,2,11
19,2025-01-15,2,13
19,2025-01-16,2,15
19,2025-01-17,1,16
19,2025-01-21,1,17
19,2025-01-22,1,18
19,2025-01-26,1,19
19,2025-01-27,1,20
19,2025-01-28,2,22
19,2025-01-29,1,23
19,2025-01-31,2,25
19,2025-02-01,2,27
19,2025-02-03,1,28
19,2025-02-07,1,29
19,2025-02-10,1,30
19,2025-02-11,1,31
19,2025-02-12,1,32
19,2025-02-15,2,34
19,2025-02-17,1,35
19,2025-02-18,1,36
19,2025-02-19,1,37
19,2025-02-25,1,38
19,2025-02-26,1,39
19,2025-02-28,1,40
19,2025-03-01,1,41
19,2025-03-02,1,42
19,2025-03-03,1,43
19,2025-03-06,1,44
19,2025-03-07,1,45
19,2025-03-08,2,47
19,2025-03-09,1,48
19,2025-03-12,1,49
19,2025-03-15,1,50
19,2025-03-17,1,51
19,2025-03-18,1,52
19,2025-03-19,1,53
19,2025-03-21,1,54
19,2025-03-24,1,55
19,2025-03-27,2,57
19,2025-03-28,1,58
19,2025-03-30,1,59
19,2025-04-01,1,60
19,2025-04-02,1,61
19,2025-04-06,1,62
19,2025-04-07,1,63
19,2025-04-09,1,64
19,2025-04-11,1,65
19,2025-04-16,1,66
19,2025-04-17,2,68
19,2025-04-19,1,69
19,2025-04-24,1,70
19,2025-04-26,1,71
19,2025-04-29,1,72
19,2025-04-30,1,73
19,2025-05-01,1,74
19,2025-05-12,1,75
19,2025-05-13,1,76
19,2025-05-14,2,78
19,2025-05-15,1,79
19,2025-05-19,2,81
19,2025-05-20,1,82
19,2025-05-21,1,83
19,2025-05-23,1,84
19,2025-05-25,1,85
19,2025-05-26,1,86
19,2025-05-27,1,87
19,2025-06-01,2,89
19,2025-06-03,1,90
19,2025-06-06,2,92
19,2025-06-11,1,93
19,2025-06-13,1,94
19,2025-06-15,1,95
19,2025-06-16,2,97
19,2025-06-19,1,98
19,2025-06-20,2,100
19,2025-06-23,1,101
19,2025-06-24,1,102
19,2025-07-01,2,104
19,2025-07-02,1,105
19,2025-07-03,1,106
19,2025-07-04,1,107
19,2025-07-06,2,109
19,2025-07-12,2,111
19,2025-07-14,1,112
19,2025-07-15,1,113
19,2025-07-21,1,114
19,2025-07-22,1,115
19,2025-07-24,1,116
19,2025-07-26,1,117
19,2025-07-30,2,119
19,2025-08-01,2,121
19,2025-08-04,1,122
19,2025-08-08,2,124
19,2025-08-10,1,125
19,2025-08-14,1,126
19,2025-08-19,1,127
19,2025-08-25,2,129
19,2025-08-27,1,130
19,2025-08-29,2,132
19,2025-09-01,1,133
19,2025-09-02,1,134
19,2025-09-03,1,135
19,2025-09-09,1,136
19,2025-09-12,1,137
19,2025-09-13,1,138
19,2025-09-14,1,139
19,2025-09-18,1,140
19,2025-09-19,1,141
19,2025-09-21,1,142
19,2025-09-22,1,143
19,2025-09-23,1,144
19,2025-09-28,2,146
19,2025-09-29,1,147
19,2025-10-01,1,148
19,2025-10-02,2,150
19,2025-10-03,1,151
19,2025-10-04,1,152
19,2025-10-06,1,153
19,2025-10-07,1,154
19,2025-10-08,1,155
19,2025-10-09,2,157
19,2025-10-10,2,159
19,2025-10-11,1,160
19,2025-10-12,2,162
19,2025-10-17,1,163
19,2025-10-21,1,164
19,2025-10-22,1,165
19,2025-10-24,1,166
19,2025-10-26,1,167
19,2025-10-30,2,169
19,2025-11-04,1,170
19,2025-11-12,1,171
19,2025-11-15,1,172
19,2025-11-17,1,173
19,2025-11-20,1,174
19,2025-11-22,1,175
19,2025-11-23,1,176
19,2025-11-27,1,177
19,2025-12-02,1,178
19,2025-12-03,1,179
19,2025-12-04,1,180
19,2025-12-05,1,181
19,2025-12-07,1,182
19,2025-12-13,1,183
19,2025-12-15,1,184
19,2025-12-17,2,186
19,2025-12-19,2,188
19,2025-12-21,1,189
19,2025-12-22,1,190
19,2025-12-23,1,191
19,2025-12-25,1,192
19,2025-12-26,1,193
19,2025-12-27,1,194
19,2025-12-29,2,196
19,2025-12-30,1,197
20,2025-01-01,1,1
20,2025-01-02,1,2
20,2025-01-15,1,3
20,2025-01-19,1,4
20,2025-01-20,2,6
20,2025-01-24,2,8
20,2025-01-25,1,9
20,2025-02-08,1,10
20,2025-02-09,1,11
20,2025-02-14,2,13
20,2025-02-16,1,14
20,2025-02-17,1,15
20,2025-02-18,1,16
20,2025-02-22,1,17
20,2025-02-25,1,18
20,2025-02-27,2,20
20,2025-03-01,1,21
20,2025-03-07,1,22
20,2025-03-12,2,24
20,2025-03-13,3,27
20,2025-03-14,1,28
20,2025-03-16,1,29
20,2025-03-17,2,31
20,2025-03-18,1,32
20,2025-03-25,1,33
20,2025-03-29,2,35
20,2025-03-31,1,36
20,2025-04-03,1,37
20,2025-04-05,1,38
20,2025-04-10,2,40
20,2025-04-12,1,41
20,2025-04-16,3,44
20,2025-04-18,1,45
20,2025-04-19,1,46
20,2025-04-22,1,47
20,2025-04-23,1,48
20,2025-04-27,1,49
20,2025-05-01,1,50
20,2025-05-02,2,52
20,2025-05-09,1,53
20,2025-05-10,1,54
20,2025-05-12,1,55
20,2025-05-17,1,56
20,2025-05-18,1,57
20,2025-05-19,1,58
20,2025-05-21,1,59
20,2025-05-23,1,60
20,2025-05-24,1,61
20,2025-05-25,1,62
20,2025-05-27,1,63
20,2025-05-30,2,65
20,2025-06-01,1,66
20,2025-06-06,1,67
20,2025-06-10,2,69
20,2025-06-15,2,71
20,2025-06-17,2,73
20,2025-06-18,1,74
20,2025-06-19,1,75
20,2025-06-20,1,76
20,2025-06-22,1,77
20,2025-06-25,2,79
20,2025-06-29,2,81
20,2025-06-30,4,85
20,2025-07-01,1,86
20,2025-07-02,2,88
20,2025-07-06,2,90
20,2025-07-07,2,92
20,2025-07-08,1,93
20,2025-07-12,1,94
20,2025-07-18,2,96
20,2025-07-19,1,97
20,2025-07-21,1,98
20,2025-07-22,1,99
20,2025-07-26,1,100
20,2025-07-27,1,101
20,2025-07-31,1,102
20,2025-08-03,1,103
20,2025-08-05,2,105
20,2025-08-06,1,106
20,2025-08-07,2,108
20,2025-08-09,1,109
20,2025-08-12,3,112
20,2025-08-13,1,113
20,2025-08-14,2,115
20,2025-08-15,1,116
20,2025-08-16,1,117
20,2025-08-19,1,118
20,2025-08-21,1,119
20,2025-08-25,2,121
20,2025-08-27,1,122
20,2025-08-29,2,124
20,2025-09-01,1,125
20,2025-09-04,1,126
20,2025-09-07,3,129
20,2025-09-08,1,130
20,2025-09-10,1,131
20,2025-09-11,2,133
20,2025-09-14,1,134
20,2025-09-17,1,135
20,2025-09-19,1,136
20,2025-09-21,1,137
20,2025-09-23,1,138
20,2025-09-24,2,140
20,2025-09-25,1,141
20,2025-09-27,1,142
20,2025-10-06,1,143
20,2025-10-08,1,144
20,2025-10-10,1,145
20,2025-10-12,3,148
20,2025-10-15,1,149
20,2025-10-16,2,151
20,2025-10-18,1,152
20,2025-10-20,1,153
20,2025-10-21,1,154
20,2025-10-22,1,155
20,2025-10-24,1,156
20,2025-10-25,1,157
20,2025-10-26,2,159
20,2025-10-29,2,161
20,2025-10-30,1,162
20,2025-11-01,1,163
20,2025-11-03,1,164
20,2025-11-04,1,165
20,2025-11-05,2,167
20,2025-11-12,1,168
20,2025-11-14,2,170
20,2025-11-16,1,171
20,2025-11-20,1,172
20,2025-11-21,2,174
20,2025-11-23,1,175
20,2025-11-25,1,176
20,2025-11-26,1,177
20,2025-11-28,1,178
20,2025-11-29,1,179
20,2025-12-07,2,181
20,2025-12-08,1,182
20,2025-12-12,1,183
20,2025-12-13,1,184
20,2025-12-14,3,187
20,2025-12-15,1,188
20,2025-12-16,1,189
20,2025-12-17,2,191
20,2025-12-21,2,193
20,2025-12-24,1,194
20,2025-12-29,1,195
20,2025-12-30,1,196
21,2025-01-03,1,1
21,2025-01-06,1,2
21,2025-01-09,1,3
21,2025-01-11,1,4
21,2025-01-12,1,5
21,2025-01-13,2,7
21,2025-01-14,1,8
21,2025-01-17,2,10
21,2025-01-19,3,13
21,2025-01-21,1,14
21,2025-01-22,1,15
21,2025-01-25,1,16
21,2025-01-27,1,17
21,2025-01-28,1,18
21,2025-01-31,2,20
21,2025-02-10,1,21
21,2025-02-13,1,22
21,2025-02-14,1,23
21,2025-02-15,1,24
21,2025-02-16,1,25
21,2025-02-22,1,26
21,2025-02-24,1,27
21,2025-02-25,1,28
21,2025-02-28,1,29
21,2025-03-03,1,30
21,2025-03-05,1,31
21,2025-03-06,1,32
21,2025-03-08,1,33
21,2025-03-09,1,34
21,2025-03-10,2,36
21,2025-03-12,3,39
21,2025-03-15,2,41
21,2025-03-17,2,43
21,2025-03-20,1,44
21,2025-03-23,1,45
21,2025-03-24,2,47
21,2025-03-28,2,49
21,2025-04-04,1,50
21,2025-04-05,1,51
21,2025-04-06,2,53
21,2025-04-08,1,54
21,2025-04-11,1,55
21,2025-04-18,1,56
21,2025-04-19,1,57
21,2025-04-20,1,58
21,2025-04-22,2,60
21,2025-04-23,1,61
21,2025-04-24,1,62
21,2025-04-25,1,63
21,2025-04-26,2,65
21,2025-04-29,1,66
21,2025-05-02,1,67
21,2025-05-03,1,68
21,2025-05-04,2,70
21,2025-05-07,1,71
21,2025-05-09,1,72
21,2025-05-16,1,73
21,2025-05-19,1,74
21,2025-05-23,1,75
21,2025-05-28,2,77
21,2025-05-30,1,78
21,2025-05-31,1,79
21,2025-06-04,1,80
21,2025-06-07,1,81
21,2025-06-13,1,82
21,2025-06-14,1,83
21,2025-06-15,1,84
21,2025-06-17,1,85
21,2025-06-19,2,87
21,2025-06-20,1,88
21,2025-06-21,2,90
21,2025-06-25,2,92
21,2025-06-28,1,93
21,2025-06-29,1,94
21,2025-06-30,2,96
21,2025-07-06,1,97
21,2025-07-13,1,98
21,2025-07-19,1,99
21,2025-07-20,1,100
21,2025-07-21,1,101
21,2025-07-23,1,102
21,2025-07-28,1,103
21,2025-07-31,3,106
21,2025-08-03,1,107
21,2025-08-05,1,108
21,2025-08-08,1,109
21,2025-08-09,1,110
21,2025-08-10,2,112
21,2025-08-12,1,113
21,2025-08-13,1,114
21,2025-08-19,1,115
21,2025-08-21,1,116
21,2025-08-30,1,117
21,2025-09-01,1,118
21,2025-09-02,1,119
21,2025-09-04,1,120
21,2025-09-05,1,121
21,2025-09-06,2,123
21,2025-09-09,3,126
21,2025-09-10,2,128
21,2025-09-18,1,129
21,2025-09-19,2,131
21,2025-09-25,1,132
21,2025-09-26,1,133
21,2025-09-27,3,136
21,2025-09-29,1,137
21,2025-10-01,1,138
21,2025-10-03,1,139
21,2025-10-04,1,140
21,2025-10-08,1,141
21,2025-10-10,1,142
21,2025-10-14,1,143
21,2025-10-16,3,146
21,2025-10-19,1,147
21,2025-10-20,1,148
21,2025-10-21,2,150
21,2025-10-24,1,151
21,2025-10-25,1,152
21,2025-10-29,1,153
21,2025-11-03,1,154
21,2025-11-07,1,155
21,2025-11-08,1,156
21,2025-11-09,1,157
21,2025-11-10,1,158
21,2025-11-11,1,159
21,2025-11-13,1,160
21,2025-11-14,1,161
21,2025-11-15,1,162
21,2025-11-18,1,163
21,2025-11-23,1,164
21,2025-11-24,1,165
21,2025-11-28,1,166
21,2025-11-29,2,168
21,2025-11-30,1,169
21,2025-12-08,1,170
21,2025-12-10,1,171
21,2025-12-12,1,172
21,2025-12-15,1,173
21,2025-12-18,1,174
21,2025-12-21,1,175
21,2025-12-22,2,177
21,2025-12-24,1,178
21,2025-12-25,1,179
21,2025-12-29,2,181
21,2025-12-30,1,182
22,2025-01-02,1,1
22,2025-01-03,1,2
22,2025-01-04,1,3
22,2025-01-06,2,5
22,2025-01-15,2,7
22,2025-01-16,1,8
22,2025-01-18,1,9
22,2025-01-21,1,10
22,2025-01-23,1,11
22,2025-01-26,3,14
22,2025-01-28,1,15
22,2025-01-29,2,17
22,2025-01-30,1,18
22,2025-01-31,1,19
22,2025-02-01,1,20
22,2025-02-02,1,21
22,2025-02-03,1,22
22,2025-02-10,1,23
22,2025-02-12,1,24
22,2025-02-14,1,25
22,2025-02-16,1,26
22,2025-02-21,1,27
22,2025-02-25,1,28
22,2025-03-03,1,29
22,2025-03-07,1,30
22,2025-03-11,1,31
22,2025-03-12,1,32
22,2025-03-13,1,33
22,2025-03-14,2,35
22,2025-03-16,1,36
22,2025-03-18,1,37
22,2025-03-19,1,38
22,2025-03-20,1,39
22,2025-03-21,3,42
22,2025-03-23,1,43
22,2025-03-24,1,44
22,2025-03-26,2,46
22,2025-03-29,1,47
22,2025-03-30,1,48
22,2025-04-02,2,50
22,2025-04-03,1,51
22,2025-04-05,1,52
22,2025-04-09,1,53
22,2025-04-10,1,54
22,2025-04-11,1,55
22,2025-04-12,1,56
22,2025-04-15,1,57
22,2025-04-18,2,59
22,2025-04-30,2,61
22,2025-05-01,2,63
22,2025-05-05,2,65
22,2025-05-06,1,66
22,2025-05-07,1,67
22,2025-05-11,1,68
22,2025-05-14,1,69
22,2025-05-15,1,70
22,2025-05-16,1,71
22,2025-05-21,1,72
22,2025-05-24,3,75
22,2025-05-26,1,76
22,2025-05-27,1,77
22,2025-05-29,1,78
22,2025-05-30,1,79
22,2025-05-31,1,80
22,2025-06-01,2,82
22,2025-06-02,2,84
22,2025-06-03,3,87
22,2025-06-06,1,88
22,2025-06-16,2,90
22,2025-06-17,1,91
22,2025-06-19,2,93
22,2025-06-21,1,94
22,2025-06-22,2,96
22,2025-06-24,1,97
22,2025-06-25,1,98
22,2025-06-27,2,100
22,2025-06-28,1,101
22,2025-06-29,1,102
22,2025-06-30,2,104
22,2025-07-01,1,105
22,2025-07-03,1,106
22,2025-07-05,1,107
22,2025-07-06,1,108
22,2025-07-07,1,109
22,2025-07-09,1,110
22,2025-07-15,1,111
22,2025-07-16,2,113
22,2025-07-19,1,114
22,2025-07-20,1,115
22,2025-07-21,2,117
22,2025-07-23,1,118
22,2025-07-26,1,119
22,2025-07-27,1,120
22,2025-08-03,2,122
22,2025-08-04,1,123
22,2025-08-08,1,124
22,2025-08-11,1,125
22,2025-08-14,1,126
22,2025-08-15,1,127
22,2025-08-17,1,128
22,2025-08-19,1,129
22,2025-08-22,2,131
22,2025-08-23,1,132
22,2025-08-26,2,134
22,2025-09-05,1,135
22,2025-09-09,1,136
22,2025-09-11,1,137
22,2025-09-16,1,138
22,2025-09-18,1,139
22,2025-09-22,1,140
22,2025-09-24,1,141
22,2025-09-25,1,142
22,2025-09-26,3,145
22,2025-09-28,1,146
22,2025-09-30,1,147
22,2025-10-05,1,148
22,2025-10-06,1,149
22,2025-10-07,1,150
22,2025-10-09,1,151
22,2025-10-11,1,152
22,2025-10-13,1,153
22,2025-10-15,1,154
22,2025-10-17,3,157
22,2025-10-19,1,158
22,2025-10-20,1,159
22,2025-10-23,1,160
22,2025-10-26,1,161
22,2025-10-27,1,162
22,2025-11-02,1,163
22,2025-11-06,1,164
22,2025-11-07,3,167
22,2025-11-09,1,168
22,2025-11-10,1,169
22,2025-11-11,1,170
22,2025-11-13,1,171
22,2025-11-15,1,172
22,2025-11-20,1,173
22,2025-11-21,1,174
22,2025-11-27,1,175
22,2025-11-28,2,177
22,2025-11-29,2,179
22,2025-11-30,3,182
22,2025-12-05,2,184
22,2025-12-09,1,185
22,2025-12-11,1,186
22,2025-12-12,1,187
22,2025-12-13,1,188
22,2025-12-16,1,189
22,2025-12-18,2,191
22,2025-12-23,1,192
22,2025-12-24,1,193
22,2025-12-25,1,194
22,2025-12-30,1,195
23,2025-01-01,1,1
23,2025-01-02,1,2
23,2025-01-09,1,3
23,2025-01-10,2,5
23,2025-01-15,1,6
23,2025-01-17,2,8
23,2025-01-18,1,9
23,2025-01-20,1,10
23,2025-01-21,1,11
23,2025-01-22,1,12
23,2025-01-24,2,14
23,2025-01-26,1,15
23,2025-01-27,1,16
23,2025-01-31,1,17
23,2025-02-02,1,18
23,2025-02-03,1,19
23,2025-02-05,1,20
23,2025-02-06,1,21
23,2025-02-07,1,22
23,2025-02-14,1,23
23,2025-02-16,1,24
23,2025-02-17,1,25
23,2025-02-19,2,27
23,2025-02-22,1,28
23,2025-02-24,3,31
23,2025-02-25,2,33
23,2025-02-27,1,34
23,2025-03-02,2,36
23,2025-03-12,1,37
23,2025-03-15,1,38
23,2025-03-21,1,39
23,2025-03-22,1,40
23,2025-03-25,2,42
23,2025-03-27,2,44
23,2025-03-31,2,46
23,2025-04-04,1,47
23,2025-04-05,1,48
23,2025-04-08,1,49
23,2025-04-10,1,50
23,2025-04-13,2,52
23,2025-04-16,1,53
23,2025-04-18,2,55
23,2025-04-21,1,56
23,2025-04-23,1,57
23,2025-04-24,1,58
23,2025-04-25,1,59
23,2025-04-29,1,60
23,2025-05-01,1,61
23,2025-05-02,1,62
23,2025-05-03,2,64
23,2025-05-05,2,66
23,2025-05-13,1,67
23,2025-05-14,1,68
23,2025-05-15,1,69
23,2025-05-17,5,74
23,2025-05-18,1,75
23,2025-05-19,2,77
23,2025-05-20,1,78
23,2025-05-26,1,79
23,2025-05-28,1,80
23,2025-05-29,2,82
23,2025-06-02,1,83
23,2025-06-05,2,85
23,2025-06-08,1,86
23,2025-06-09,1,87
23,2025-06-10,1,88
23,2025-06-13,1,89
23,2025-06-14,1,90
23,2025-06-15,2,92
23,2025-06-16,3,95
23,2025-06-19,1,96
23,2025-06-22,1,97
23,2025-06-24,1,98
23,2025-06-25,1,99
23,2025-06-28,1,100
23,2025-06-30,1,101
23,2025-07-01,1,102
23,2025-07-03,3,105
23,2025-07-06,1,106
23,2025-07-10,2,108
23,2025-07-12,1,109
23,2025-07-16,1,110
23,2025-07-17,1,111
23,2025-07-21,2,113
23,2025-07-22,1,114
23,2025-07-27,2,116
23,2025-07-30,1,117
23,2025-07-31,1,118
23,2025-08-04,1,119
23,2025-08-06,1,120
23,2025-08-08,1,121
23,2025-08-09,1,122
23,2025-08-10,2,124
23,2025-08-11,1,125
23,2025-08-14,1,126
23,2025-08-21,1,127
23,2025-08-25,2,129
23,2025-08-28,1,130
23,2025-09-01,1,131
23,2025-09-06,2,133
23,2025-09-07,1,134
23,2025-09-08,2,136
23,2025-09-09,1,137
23,2025-09-11,1,138
23,2025-09-13,1,139
23,2025-09-18,1,140
23,2025-09-19,1,141
23,2025-09-20,1,142
23,2025-09-23,1,143
23,2025-09-26,1,144
23,2025-09-29,2,146
23,2025-09-30,1,147
23,2025-10-02,1,148
23,2025-10-04,1,149
23,2025-10-05,2,151
23,2025-10-11,1,152
23,2025-10-12,1,153
23,2025-10-14,2,155
23,2025-10-15,1,156
23,2025-10-18,2,158
23,2025-10-20,1,159
23,2025-10-24,1,160
23,2025-10-25,1,161
23,2025-10-28,1,162
23,2025-10-29,1,163
23,2025-10-31,2,165
23,2025-11-01,1,166
23,2025-11-04,1,167
23,2025-11-05,2,169
23,2025-11-06,1,170
23,2025-11-11,1,171
23,2025-11-18,2,173
23,2025-11-19,1,174
23,2025-11-21,2,176
23,2025-11-22,2,178
23,2025-11-29,1,179
23,2025-12-01,1,180
23,2025-12-10,2,182
23,2025-12-12,1,183
23,2025-12-14,1,184
23,2025-12-18,2,186
23,2025-12-21,2,188
23,2025-12-26,1,189
24,2025-01-01,1,1
24,2025-01-03,1,2
24,2025-01-06,2,4
24,2025-01-07,1,5
24,2025-01-08,1,6
24,2025-01-11,1,7
24,2025-01-13,1,8
24,2025-01-16,1,9
24,2025-01-23,1,10
24,2025-01-25,1,11
24,2025-01-27,2,13
24,2025-01-29,1,14
24,2025-01-30,1,15
24,2025-02-04,2,17
24,2025-02-06,1,18
24,2025-02-08,1,19
24,2025-02-09,1,20
24,2025-02-12,1,21
24,2025-02-13,1,22
24,2025-02-15,1,23
24,2025-02-18,1,24
24,2025-02-19,2,26
24,2025-02-28,2,28
24,2025-03-02,2,30
24,2025-03-03,1,31
24,2025-03-05,2,33
24,2025-03-08,1,34
24,2025-03-11,3,37
24,2025-03-13,1,38
24,2025-03-14,2,40
24,2025-03-16,1,41
24,2025-03-17,2,43
24,2025-03-18,2,45
24,2025-03-20,1,46
24,2025-03-25,1,47
24,2025-03-27,1,48
24,2025-03-29,1,49
24,2025-03-30,1,50
24,2025-03-31,2,52
24,2025-04-01,1,53
24,2025-04-06,1,54
24,2025-04-09,1,55
24,2025-04-10,1,56
24,2025-04-11,1,57
24,2025-04-14,1,58
24,2025-04-16,1,59
24,2025-04-19,1,60
24,2025-04-21,1,61
24,2025-04-25,1,62
24,2025-04-27,2,64
24,2025-05-01,2,66
24,2025-05-04,1,67
24,2025-05-09,1,68
24,2025-05-11,1,69
24,2025-05-12,1,70
24,2025-05-14,1,71
24,2025-05-19,1,72
24,2025-05-23,1,73
24,2025-05-26,1,74
24,2025-05-30,1,75
24,2025-05-31,1,76
24,2025-06-01,1,77
24,2025-06-03,1,78
24,2025-06-05,1,79
24,2025-06-07,1,80
24,2025-06-11,1,81
24,2025-06-16,1,82
24,2025-06-17,1,83
24,2025-06-27,2,85
24,2025-06-28,2,87
24,2025-06-30,1,88
24,2025-07-05,1,89
24,2025-07-07,3,92
24,2025-07-08,2,94
24,2025-07-10,2,96
24,2025-07-13,1,97
24,2025-07-15,3,100
24,2025-07-20,1,101
24,2025-07-21,2,103
24,2025-07-25,1,104
24,2025-07-27,1,105
24,2025-07-30,1,106
24,2025-08-01,1,107
24,2025-08-02,1,108
24,2025-08-08,1,109
24,2025-08-09,1,110
24,2025-08-11,1,111
24,2025-08-14,1,112
24,2025-08-17,1,113
24,2025-08-18,1,114
24,2025-08-19,1,115
24,2025-08-21,2,117
24,2025-08-22,1,118
24,2025-08-25,1,119
24,2025-08-26,1,120
24,2025-08-29,1,121
24,2025-08-30,1,122
24,2025-09-03,1,123
24,2025-09-08,1,124
24,2025-09-09,1,125
24,2025-09-14,1,126
24,2025-09-15,2,128
24,2025-09-16,1,129
24,2025-09-18,1,130
24,2025-09-19,2,132
24,2025-09-20,1,133
24,2025-09-28,1,134
24,2025-09-30,1,135
24,2025-10-03,1,136
24,2025-10-06,1,137
24,2025-10-08,1,138
24,2025-10-09,2,140
24,2025-10-11,1,141
24,2025-10-13,1,142
24,2025-10-14,2,144
24,2025-10-15,1,145
24,2025-10-17,1,146
24,2025-10-18,1,147
24,2025-10-19,1,148
24,2025-10-20,1,149
24,2025-10-22,1,150
24,2025-10-23,1,151
24,2025-10-24,2,153
24,2025-10-25,1,154
24,2025-10-27,1,155
24,2025-10-28,1,156
24,2025-10-30,2,158
24,2025-10-31,1,159
24,2025-11-01,1,160
24,2025-11-02,1,161
24,2025-11-03,1,162
24,2025-11-04,1,163
24,2025-11-05,1,164
24,2025-11-06,1,165
24,2025-11-07,1,166
24,2025-11-08,2,168
24,2025-11-09,1,169
24,2025-11-11,1,170
24,2025-11-13,1,171
24,2025-11-16,2,173
24,2025-11-20,1,174
24,2025-11-26,1,175
24,2025-11-27,1,176
24,2025-11-28,1,177
24,2025-12-02,2,179
24,2025-12-03,1,180
24,2025-12-04,1,181
24,2025-12-07,1,182
24,2025-12-08,2,184
24,2025-12-09,1,185
24,2025-12-15,1,186
24,2025-12-17,2,188
24,2025-12-22,3,191
24,2025-12-24,1,192
24,2025-12-26,1,193
24,2025-12-27,1,194
24,2025-12-28,2,196
24,2025-12-30,2,198
25,2025-01-03,1,1
25,2025-01-04,1,2
25,2025-01-07,2,4
25,2025-01-08,1,5
25,2025-01-11,2,7
25,2025-01-16,2,9
25,2025-01-20,1,10
25,2025-01-21,1,11
25,2025-01-22,1,12
25,2025-01-23,1,13
25,2025-01-24,1,14
25,2025-01-29,1,15
25,2025-02-01,1,16
25,2025-02-04,1,17
25,2025-02-05,1,18
25,2025-02-08,2,20
25,2025-02-11,1,21
25,2025-02-17,1,22
25,2025-02-21,1,23
25,2025-02-23,1,24
25,2025-02-26,1,25
25,2025-03-06,1,26
25,2025-03-07,1,27
25,2025-03-09,2,29
25,2025-03-13,1,30
25,2025-03-16,1,31
25,2025-03-20,2,33
25,2025-03-21,1,34
25,2025-03-22,1,35
25,2025-03-27,1,36
25,2025-03-29,1,37
25,2025-04-03,1,38
25,2025-04-05,1,39
25,2025-04-06,1,40
25,2025-04-12,3,43
25,2025-04-13,1,44
25,2025-04-17,1,45
25,2025-04-21,1,46
25,2025-04-23,1,47
25,2025-04-28,1,48
25,2025-04-29,1,49
25,2025-05-02,1,50
25,2025-05-03,1,51
25,2025-05-06,2,53
25,2025-05-08,1,54
25,2025-05-09,1,55
25,2025-05-10,1,56
25,2025-05-14,1,57
25,2025-05-19,1,58
25,2025-05-24,1,59
25,2025-05-25,1,60
25,2025-06-02,1,61
25,2025-06-04,1,62
25,2025-06-06,1,63
25,2025-06-07,1,64
25,2025-06-09,1,65
25,2025-06-12,1,66
25,2025-06-13,1,67
25,2025-06-19,1,68
25,2025-06-20,1,69
25,2025-06-21,1,70
25,2025-06-27,1,71
25,2025-06-28,1,72
25,2025-06-29,1,73
25,2025-07-01,1,74
25,2025-07-02,1,75
25,2025-07-03,2,77
25,2025-07-07,1,78
25,2025-07-09,3,81
25,2025-07-14,1,82
25,2025-07-16,1,83
25,2025-07-18,1,84
25,2025-07-23,1,85
25,2025-07-25,2,87
25,2025-07-26,1,88
25,2025-07-31,1,89
25,2025-08-03,1,90
25,2025-08-05,1,91
25,2025-08-11,2,93
25,2025-08-14,1,94
25,2025-08-15,1,95
25,2025-08-16,1,96
25,2025-08-18,1,97
25,2025-08-23,1,98
25,2025-08-24,1,99
25,2025-08-27,1,100
25,2025-08-28,2,102
25,2025-08-31,1,103
25,2025-09-01,1,104
25,2025-09-06,1,105
25,2025-09-09,1,106
25,2025-09-11,1,107
25,2025-09-13,1,108
25,2025-09-15,1,109
25,2025-09-25,2,111
25,2025-09-26,3,114
25,2025-09-30,1,115
25,2025-10-02,3,118
25,2025-10-03,1,119
25,2025-10-05,1,120
25,2025-10-06,1,121
25,2025-10-10,2,123
25,2025-10-11,3,126
25,2025-10-15,2,128
25,2025-10-16,2,130
25,2025-10-17,1,131
25,2025-10-19,1,132
25,2025-10-21,1,133
25,2025-10-27,2,135
25,2025-10-28,1,136
25,2025-10-29,1,137
25,2025-10-30,1,138
25,2025-10-31,1,139
25,2025-11-01,1,140
25,2025-11-02,1,141
25,2025-11-03,1,142
25,2025-11-04,2,144
25,2025-11-10,1,145
25,2025-11-14,1,146
25,2025-11-18,1,147
25,2025-11-19,1,148
25,2025-11-20,1,149
25,2025-11-21,1,150
25,2025-11-27,1,151
25,2025-11-29,2,153
25,2025-12-07,1,154
25,2025-12-08,2,156
25,2025-12-09,1,157
25,2025-12-12,2,159
25,2025-12-16,1,160
25,2025-12-17,1,161
25,2025-12-20,1,162
25,2025-12-24,2,164
25,2025-12-26,1,165
25,2025-12-29,1,166
26,2025-01-05,1,1
26,2025-01-10,1,2
26,2025-01-11,1,3
26,2025-01-17,1,4
26,2025-01-20,1,5
26,2025-01-24,2,7
26,2025-01-26,1,8
26,2025-01-27,1,9
26,2025-01-29,1,10
26,2025-01-30,1,11
26,2025-02-05,1,12
26,2025-02-11,1,13
26,2025-02-12,1,14
26,2025-02-14,1,15
26,2025-02-17,1,16
26,2025-02-18,1,17
26,2025-02-19,2,19
26,2025-02-22,1,20
26,2025-02-23,1,21
26,2025-02-25,1,22
26,2025-02-26,2,24
26,2025-02-28,1,25
26,2025-03-03,1,26
26,2025-03-07,1,27
26,2025-03-10,1,28
26,2025-03-16,1,29
26,2025-03-19,1,30
26,2025-03-21,1,31
26,2025-03-22,1,32
26,2025-03-31,1,33
26,2025-04-01,1,34
26,2025-04-07,2,36
26,2025-04-08,3,39
26,2025-04-09,3,42
26,2025-04-11,1,43
26,2025-04-13,1,44
26,2025-04-15,1,45
26,2025-04-17,1,46
26,2025-04-21,3,49
26,2025-04-22,2,51
26,2025-04-24,1,52
26,2025-04-26,1,53
26,2025-05-01,1,54
26,2025-05-02,1,55
26,2025-05-03,1,56
26,2025-05-05,1,57
26,2025-05-06,1,58
26,2025-05-11,2,60
26,2025-05-14,1,61
26,2025-05-16,2,63
26,2025-05-20,1,64
26,2025-05-22,1,65
26,2025-05-23,2,67
26,2025-05-24,1,68
26,2025-05-25,1,69
26,2025-05-26,1,70
26,2025-05-31,1,71
26,2025-06-02,1,72
26,2025-06-04,1,73
26,2025-06-06,1,74
26,2025-06-07,1,75
26,2025-06-08,1,76
26,2025-06-12,1,77
26,2025-06-14,1,78
26,2025-06-19,1,79
26,2025-06-21,1,80
26,2025-06-25,2,82
26,2025-06-26,1,83
26,2025-06-27,2,85
26,2025-07-02,1,86
26,2025-07-07,1,87
26,2025-07-09,2,89
26,2025-07-13,1,90
26,2025-07-16,1,91
26,2025-07-17,3,94
26,2025-07-18,1,95
26,2025-07-22,1,96
26,2025-07-24,1,97
26,2025-07-26,1,98
26,2025-07-27,1,99
26,2025-07-30,1,100
26,2025-07-31,2,102
26,2025-08-01,1,103
26,2025-08-02,1,104
26,2025-08-03,1,105
26,2025-08-05,1,106
26,2025-08-06,2,108
26,2025-08-07,1,109
26,2025-08-08,2,111
26,2025-08-10,1,112
26,2025-08-13,2,114
26,2025-08-14,1,115
26,2025-08-18,1,116
26,2025-08-20,1,117
26,2025-08-22,1,118
26,2025-08-23,1,119
26,2025-09-05,1,120
26,2025-09-06,1,121
26,2025-09-08,1,122
26,2025-09-12,1,123
26,2025-09-13,1,124
26,2025-09-17,1,125
26,2025-09-18,1,126
26,2025-09-22,1,127
26,2025-09-24,1,128
26,2025-09-27,1,129
26,2025-09-29,1,130
26,2025-10-02,1,131
26,2025-10-05,1,132
26,2025-10-06,1,133
26,2025-10-11,1,134
26,2025-10-19,1,135
26,2025-10-20,1,136
26,2025-10-21,1,137
26,2025-10-22,1,138
26,2025-10-25,1,139
26,2025-10-26,1,140
26,2025-10-29,1,141
26,2025-11-01,1,142
26,2025-11-02,1,143
26,2025-11-04,1,144
26,2025-11-05,1,145
26,2025-11-07,1,146
26,2025-11-10,2,148
26,2025-11-13,1,149
26,2025-11-17,1,150
26,2025-11-19,1,151
26,2025-11-20,1,152
26,2025-11-21,3,155
26,2025-11-24,1,156
26,2025-11-25,1,157
26,2025-11-26,1,158
26,2025-12-01,1,159
26,2025-12-04,1,160
26,2025-12-07,1,161
26,2025-12-10,1,162
26,2025-12-11,1,163
26,2025-12-20,1,164
26,2025-12-22,1,165
26,2025-12-23,1,166
26,2025-12-29,1,167
26,2025-12-30,2,169
27,2025-01-01,1,1
27,2025-01-04,1,2
27,2025-01-05,1,3
27,2025-01-10,1,4
27,2025-01-13,2,6
27,2025-01-22,2,8
27,2025-01-23,1,9
27,2025-01-26,1,10
27,2025-01-27,1,11
27,2025-01-29,1,12
27,2025-02-02,1,13
27,2025-02-03,1,14
27,2025-02-07,2,16
27,2025-02-08,1,17
27,2025-02-14,1,18
27,2025-02-17,1,19
27,2025-02-20,2,21
27,2025-02-23,1,22
27,2025-02-26,1,23
27,2025-02-28,1,24
27,2025-03-04,1,25
27,2025-03-09,2,27
27,2025-03-14,1,28
27,2025-03-17,1,29
27,2025-03-25,1,30
27,2025-03-27,1,31
27,2025-03-28,1,32
27,2025-03-30,1,33
27,2025-04-01,2,35
27,2025-04-06,2,37
27,2025-04-07,2,39
27,2025-04-09,2,41
27,2025-04-11,1,42
27,2025-04-13,1,43
27,2025-04-20,1,44
27,2025-04-21,2,46
27,2025-04-24,2,48
27,2025-04-27,1,49
27,2025-04-30,1,50
27,2025-05-01,1,51
27,2025-05-05,1,52
27,2025-05-09,1,53
27,2025-05-10,1,54
27,2025-05-19,1,55
27,2025-05-21,2,57
27,2025-05-22,1,58
27,2025-05-26,1,59
27,2025-06-02,1,60
27,2025-06-04,1,61
27,2025-06-05,1,62
27,2025-06-06,1,63
27,2025-06-10,1,64
27,2025-06-12,3,67
27,2025-06-14,1,68
27,2025-06-17,1,69
27,2025-06-18,1,70
27,2025-06-20,1,71
27,2025-06-22,1,72
27,2025-06-23,2,74
27,2025-06-26,2,76
27,2025-06-27,1,77
27,2025-06-30,1,78
27,2025-07-03,1,79
27,2025-07-05,1,80
27,2025-07-07,1,81
27,2025-07-10,1,82
27,2025-07-12,1,83
27,2025-07-13,1,84
27,2025-07-15,2,86
27,2025-07-16,1,87
27,2025-07-18,1,88
27,2025-07-19,2,90
27,2025-07-22,1,91
27,2025-07-29,1,92
27,2025-07-30,1,93
27,2025-07-31,2,95
27,2025-08-07,1,96
27,2025-08-11,3,99
27,2025-08-12,1,100
27,2025-08-14,2,102
27,2025-08-16,1,103
27,2025-08-17,1,104
27,2025-08-18,1,105
27,2025-08-20,1,106
27,2025-08-28,1,107
27,2025-08-29,1,108
27,2025-08-31,1,109
27,2025-09-01,2,111
27,2025-09-09,2,113
27,2025-09-10,1,114
27,2025-09-12,1,115
27,2025-09-14,1,116
27,2025-09-15,1,117
27,2025-09-18,2,119
27,2025-09-21,1,120
27,2025-09-27,2,122
27,2025-09-28,1,123
27,2025-09-29,1,124
27,2025-10-04,2,126
27,2025-10-05,1,127
27,2025-10-06,2,129
27,2025-10-09,1,130
27,2025-10-16,1,131
27,2025-10-18,2,133
27,2025-10-20,1,134
27,2025-10-22,1,135
27,2025-10-23,1,136
27,2025-10-27,1,137
27,2025-10-31,1,138
27,2025-11-03,1,139
27,2025-11-04,2,141
27,2025-11-05,1,142
27,2025-11-06,1,143
27,2025-11-11,1,144
27,2025-11-12,1,145
27,2025-11-14,1,146
27,2025-11-16,1,147
27,2025-11-20,1,148
27,2025-11-30,1,149
27,2025-12-03,2,151
27,2025-12-07,1,152
27,2025-12-15,3,155
27,2025-12-17,1,156
27,2025-12-20,1,157
27,2025-12-21,2,159
27,2025-12-22,1,160
27,2025-12-23,1,161
27,2025-12-26,1,162
28,2025-01-02,1,1
28,2025-01-03,1,2
28,2025-01-04,1,3
28,2025-01-08,1,4
28,2025-01-11,1,5
28,2025-01-18,1,6
28,2025-01-27,2,8
28,2025-01-31,1,9
28,2025-02-02,1,10
28,2025-02-04,1,11
28,2025-02-05,3,14
28,2025-02-09,1,15
28,2025-02-14,1,16
28,2025-02-16,1,17
28,2025-02-17,2,19
28,2025-02-18,1,20
28,2025-02-19,1,21
28,2025-02-20,2,23
28,2025-02-21,1,24
28,2025-02-22,1,25
28,2025-03-08,2,27
28,2025-03-09,1,28
28,2025-03-10,1,29
28,2025-03-13,1,30
28,2025-03-18,1,31
28,2025-03-19,1,32
28,2025-03-21,1,33
28,2025-03-22,1,34
28,2025-03-28,3,37
28,2025-03-31,1,38
28,2025-04-04,1,39
28,2025-04-06,1,40
28,2025-04-08,2,42
28,2025-04-10,1,43
28,2025-04-11,1,44
28,2025-04-15,2,46
28,2025-04-22,1,47
28,2025-04-25,1,48
28,2025-04-26,1,49
28,2025-04-28,1,50
28,2025-05-03,1,51
28,2025-05-04,1,52
28,2025-05-12,1,53
28,2025-05-13,2,55
28,2025-05-15,1,56
28,2025-05-20,2,58
28,2025-05-21,1,59
28,2025-05-22,1,60
28,2025-05-25,3,63
28,2025-05-26,1,64
28,2025-05-27,1,65
28,2025-05-29,2,67
28,2025-05-30,2,69
28,2025-06-01,2,71
28,2025-06-05,1,72
28,2025-06-07,1,73
28,2025-06-11,1,74
28,2025-06-13,1,75
28,2025-06-14,1,76
28,2025-06-18,1,77
28,2025-06-21,1,78
28,2025-06-23,2,80
28,2025-06-24,2,82
28,2025-07-04,2,84
28,2025-07-07,1,85
28,2025-07-08,1,86
28,2025-07-13,2,88
28,2025-07-15,1,89
28,2025-07-25,2,91
28,2025-07-26,1,92
28,2025-07-27,1,93
28,2025-07-29,1,94
28,2025-08-05,1,95
28,2025-08-08,1,96
28,2025-08-10,1,97
28,2025-08-12,2,99
28,2025-08-21,1,100
28,2025-08-25,1,101
28,2025-08-26,1,102
28,2025-08-31,1,103
28,2025-09-01,1,104
28,2025-09-03,1,105
28,2025-09-05,1,106
28,2025-09-08,1,107
28,2025-09-09,1,108
28,2025-09-10,1,109
28,2025-09-11,3,112
28,2025-09-13,3,115
28,2025-09-14,1,116
28,2025-09-16,1,117
28,2025-09-20,1,118
28,2025-09-23,2,120
28,2025-09-24,1,121
28,2025-09-29,1,122
28,2025-10-01,3,125
28,2025-10-04,1,126
28,2025-10-06,1,127
28,2025-10-07,1,128
28,2025-10-09,1,129
28,2025-10-10,2,131
28,2025-10-16,1,132
28,2025-10-18,1,133
28,2025-10-22,1,134
28,2025-10-23,1,135
28,2025-10-27,1,136
28,2025-10-28,1,137
28,2025-10-30,2,139
28,2025-10-31,2,141
28,2025-11-02,2,143
28,2025-11-03,1,144
28,2025-11-04,1,145
28,2025-11-05,1,146
28,2025-11-09,1,147
28,2025-11-13,2,149
28,2025-11-15,1,150
28,2025-11-17,1,151
28,2025-11-19,1,152
28,2025-11-20,1,153
28,2025-11-25,1,154
28,2025-11-28,2,156
28,2025-11-29,1,157
28,2025-12-05,1,158
28,2025-12-06,2,160
28,2025-12-07,1,161
28,2025-12-09,1,162
28,2025-12-14,1,163
28,2025-12-16,1,164
28,2025-12-19,1,165
28,2025-12-24,1,166
28,2025-12-27,3,169
28,2025-12-28,1,170
28,2025-12-30,1,171
29,2025-01-02,4,4
29,2025-01-03,1,5
29,2025-01-06,1,6
29,2025-01-08,1,7
29,2025-01-10,1,8
29,2025-01-14,2,10
29,2025-01-16,1,11
29,2025-01-28,2,13
29,2025-01-29,2,15
29,2025-02-05,1,16
29,2025-02-18,1,17
29,2025-02-20,1,18
29,2025-02-28,1,19
29,2025-03-03,1,20
29,2025-03-06,3,23
29,2025-03-08,1,24
29,2025-03-10,2,26
29,2025-03-12,1,27
29,2025-03-15,2,29
29,2025-03-16,1,30
29,2025-03-17,1,31
29,2025-03-18,1,32
29,2025-03-19,1,33
29,2025-03-21,1,34
29,2025-03-22,2,36
29,2025-03-23,1,37
29,2025-03-31,1,38
29,2025-04-04,1,39
29,2025-04-06,1,40
29,2025-04-08,1,41
29,2025-04-10,1,42
29,2025-04-18,1,43
29,2025-04-22,1,44
29,2025-04-25,1,45
29,2025-04-26,3,48
29,2025-04-28,1,49
29,2025-04-29,1,50
29,2025-05-04,1,51
29,2025-05-05,1,52
29,2025-05-06,1,53
29,2025-05-07,1,54
29,2025-05-08,1,55
29,2025-05-09,1,56
29,2025-05-11,1,57
29,2025-05-14,1,58
29,2025-05-17,1,59
29,2025-05-20,1,60
29,2025-05-21,2,62
29,2025-05-22,2,64
29,2025-05-23,1,65
29,2025-05-25,1,66
29,2025-05-26,1,67
29,2025-05-28,1,68
29,2025-06-01,1,69
29,2025-06-03,1,70
29,2025-06-04,1,71
29,2025-06-05,1,72
29,2025-06-06,1,73
29,2025-06-08,1,74
29,2025-06-12,2,76
29,2025-06-13,1,77
29,2025-06-17,2,79
29,2025-06-21,3,82
29,2025-06-24,1,83
29,2025-06-26,1,84
29,2025-06-29,1,85
29,2025-07-02,1,86
29,2025-07-03,1,87
29,2025-07-05,1,88
29,2025-07-07,2,90
29,2025-07-08,1,91
29,2025-07-09,1,92
29,2025-07-11,2,94
29,2025-07-12,2,96
29,2025-07-20,1,97
29,2025-07-24,1,98
29,2025-07-25,1,99
29,2025-07-28,1,100
29,2025-07-29,1,101
29,2025-08-02,1,102
29,2025-08-07,1,103
29,2025-08-10,3,106
29,2025-08-11,1,107
29,2025-08-16,1,108
29,2025-08-17,1,109
29,2025-08-19,2,111
29,2025-08-21,1,112
29,2025-08-23,1,113
29,2025-08-26,3,116
29,2025-08-28,2,118
29,2025-08-29,1,119
29,2025-09-03,1,120
29,2025-09-04,1,121
29,2025-09-05,1,122
29,2025-09-07,1,123
29,2025-09-09,1,124
29,2025-09-12,2,126
29,2025-09-14,2,128
29,2025-09-18,2,130
29,2025-09-19,1,131
29,2025-09-20,1,132
29,2025-09-21,2,134
29,2025-09-22,1,135
29,2025-09-23,1,136
29,2025-09-24,2,138
29,2025-09-25,1,139
29,2025-09-27,1,140
29,2025-09-28,2,142
29,2025-10-04,1,143
29,2025-10-10,2,145
29,2025-10-11,1,146
29,2025-10-16,1,147
29,2025-10-19,2,149
29,2025-10-20,1,150
29,2025-10-25,1,151
29,2025-10-26,2,153
29,2025-10-28,1,154
29,2025-11-05,1,155
29,2025-11-06,1,156
29,2025-11-07,1,157
29,2025-11-13,1,158
29,2025-11-16,1,159
29,2025-11-18,1,160
29,2025-11-19,1,161
29,2025-11-21,1,162
29,2025-11-24,1,163
29,2025-11-25,2,165
29,2025-11-29,1,166
29,2025-11-30,1,167
29,2025-12-02,1,168
29,2025-12-05,1,169
29,2025-12-06,1,170
29,2025-12-09,1,171
29,2025-12-10,1,172
29,2025-12-14,1,173
29,2025-12-21,1,174
29,2025-12-24,1,175
29,2025-12-28,1,176
29,2025-12-29,1,177
29,2025-12-30,1,178
30,2025-01-04,1,1
30,2025-01-05,1,2
30,2025-01-17,1,3
30,2025-01-21,2,5
30,2025-01-22,2,7
30,2025-01-27,1,8
30,2025-02-01,2,10
30,2025-02-03,1,11
30,2025-02-06,1,12
30,2025-02-09,2,14
30,2025-02-10,1,15
30,2025-02-11,1,16
30,2025-02-12,1,17
30,2025-02-15,2,19
30,2025-02-18,1,20
30,2025-02-26,1,21
30,2025-02-27,1,22
30,2025-02-28,1,23
30,2025-03-01,1,24
30,2025-03-04,1,25
30,2025-03-07,1,26
30,2025-03-09,1,27
30,2025-03-10,1,28
30,2025-03-14,1,29
30,2025-03-15,1,30
30,2025-03-17,1,31
30,2025-03-20,1,32
30,2025-03-21,1,33
30,2025-03-26,1,34
30,2025-03-31,2,36
30,2025-04-02,1,37
30,2025-04-06,1,38
30,2025-04-08,1,39
30,2025-04-12,2,41
30,2025-04-17,1,42
30,2025-04-21,1,43
30,2025-04-24,1,44
30,2025-04-28,1,45
30,2025-04-29,1,46
30,2025-05-01,1,47
30,2025-05-04,1,48
30,2025-05-08,2,50
30,2025-05-09,1,51
30,2025-05-12,1,52
30,2025-05-15,1,53
30,2025-05-16,1,54
30,2025-05-17,1,55
30,2025-05-18,1,56
30,2025-05-19,1,57
30,2025-05-20,2,59
30,2025-05-22,1,60
30,2025-05-24,1,61
30,2025-05-25,2,63
30,2025-06-01,1,64
30,2025-06-02,1,65
30,2025-06-04,2,67
30,2025-06-07,1,68
30,2025-06-13,1,69
30,2025-06-15,2,71
30,2025-06-16,2,73
30,2025-06-17,1,74
30,2025-06-18,1,75
30,2025-06-20,1,76
30,2025-06-22,1,77
30,2025-06-27,1,78
30,2025-06-28,3,81
30,2025-06-30,1,82
30,2025-07-06,1,83
30,2025-07-07,1,84
30,2025-07-09,1,85
30,2025-07-11,1,86
30,2025-07-13,1,87
30,2025-07-14,1,88
30,2025-07-16,4,92
30,2025-07-17,1,93
30,2025-07-18,3,96
30,2025-07-20,1,97
30,2025-07-23,2,99
30,2025-07-24,2,101
30,2025-07-26,2,103
30,2025-07-27,1,104
30,2025-07-28,1,105
30,2025-07-29,2,107
30,2025-07-30,1,108
30,2025-07-31,1,109
30,2025-08-03,1,110
30,2025-08-04,1,111
30,2025-08-11,2,113
30,2025-08-14,1,114
30,2025-08-18,1,115
30,2025-08-19,1,116
30,2025-08-21,1,117
30,2025-08-22,1,118
30,2025-08-25,1,119
30,2025-08-27,1,120
30,2025-09-01,2,122
30,2025-09-02,1,123
30,2025-09-03,3,126
30,2025-09-04,1,127
30,2025-09-10,3,130
30,2025-09-12,1,131
30,2025-09-14,2,133
30,2025-09-18,1,134
30,2025-09-20,1,135
30,2025-09-24,1,136
30,2025-09-25,1,137
30,2025-09-27,1,138
30,2025-10-01,1,139
30,2025-10-05,1,140
30,2025-10-06,1,141
30,2025-10-07,1,142
30,2025-10-10,1,143
30,2025-10-13,2,145
30,2025-10-16,1,146
30,2025-10-29,1,147
30,2025-10-30,1,148
30,2025-10-31,2,150
30,2025-11-01,2,152
30,2025-11-02,1,153
30,2025-11-09,2,155
30,2025-11-11,1,156
30,2025-11-12,1,157
30,2025-11-17,1,158
30,2025-11-22,1,159
30,2025-11-24,2,161
30,2025-11-26,3,164
30,2025-11-27,2,166
30,2025-11-29,1,167
30,2025-11-30,1,168
30,2025-12-01,3,171
30,2025-12-03,1,172
30,2025-12-08,2,174
30,2025-12-10,1,175
30,2025-12-14,1,176
30,2025-12-16,1,177
30,2025-12-21,3,180
30,2025-12-25,1,181
30,2025-12-27,2,183
31,2025-01-03,1,1
31,2025-01-06,1,2
31,2025-01-08,1,3
31,2025-01-09,1,4
31,2025-01-10,1,5
31,2025-01-11,2,7
31,2025-01-12,1,8
31,2025-01-15,1,9
31,2025-01-16,1,10
31,2025-01-18,2,12
31,2025-01-19,1,13
31,2025-01-28,1,14
31,2025-01-31,1,15
31,2025-02-02,1,16
31,2025-02-03,1,17
31,2025-02-04,1,18
31,2025-02-06,2,20
31,2025-02-07,1,21
31,2025-02-09,1,22
31,2025-02-11,1,23
31,2025-02-12,2,25
31,2025-02-14,1,26
31,2025-02-16,1,27
31,2025-02-19,1,28
31,2025-02-20,2,30
31,2025-02-22,3,33
31,2025-02-27,3,36
31,2025-02-28,1,37
31,2025-03-01,1,38
31,2025-03-02,1,39
31,2025-03-08,1,40
31,2025-03-10,1,41
31,2025-03-15,1,42
31,2025-03-16,1,43
31,2025-03-20,1,44
31,2025-03-24,2,46
31,2025-03-29,3,49
31,2025-03-31,2,51
31,2025-04-01,1,52
31,2025-04-03,1,53
31,2025-04-06,1,54
31,2025-04-09,1,55
31,2025-04-14,1,56
31,2025-04-18,2,58
31,2025-04-20,1,59
31,2025-04-21,2,61
31,2025-04-23,1,62
31,2025-04-24,1,63
31,2025-04-25,1,64
31,2025-04-27,2,66
31,2025-04-30,1,67
31,2025-05-04,1,68
31,2025-05-07,1,69
31,2025-05-08,2,71
31,2025-05-11,3,74
31,2025-05-15,2,76
31,2025-05-18,1,77
31,2025-05-19,3,80
31,2025-05-20,2,82
31,2025-05-23,1,83
31,2025-05-25,1,84
31,2025-05-28,1,85
31,2025-05-29,1,86
31,2025-05-31,1,87
31,2025-06-01,1,88
31,2025-06-03,1,89
31,2025-06-08,1,90
31,2025-06-11,1,91
31,2025-06-14,1,92
31,2025-06-16,2,94
31,2025-06-22,1,95
31,2025-06-24,1,96
31,2025-06-30,1,97
31,2025-07-03,1,98
31,2025-07-05,1,99
31,2025-07-06,1,100
31,2025-07-10,1,101
31,2025-07-12,1,102
31,2025-07-13,1,103
31,2025-07-23,2,105
31,2025-07-25,1,106
31,2025-07-26,1,107
31,2025-07-27,1,108
31,2025-07-29,1,109
31,2025-07-30,2,111
31,2025-08-02,1,112
31,2025-08-04,1,113
31,2025-08-05,1,114
31,2025-08-11,1,115
31,2025-08-12,2,117
31,2025-08-16,1,118
31,2025-08-20,1,119
31,2025-08-23,1,120
31,2025-08-26,1,121
31,2025-08-30,1,122
31,2025-08-31,2,124
31,2025-09-02,1,125
31,2025-09-03,1,126
31,2025-09-04,1,127
31,2025-09-05,1,128
31,2025-09-06,1,129
31,2025-09-07,1,130
31,2025-09-10,1,131
31,2025-09-11,1,132
31,2025-09-14,1,133
31,2025-09-16,1,134
31,2025-09-17,1,135
31,2025-09-18,1,136
31,2025-09-20,3,139
31,2025-09-21,2,141
31,2025-09-22,1,142
31,2025-09-23,3,145
31,2025-09-30,1,146
31,2025-10-02,2,148
31,2025-10-04,1,149
31,2025-10-14,1,150
31,2025-10-17,1,151
31,2025-10-18,2,153
31,2025-10-19,2,155
31,2025-10-20,1,156
31,2025-10-22,1,157
31,2025-10-23,1,158
31,2025-10-24,1,159
31,2025-10-28,1,160
31,2025-11-01,1,161
31,2025-11-02,1,162
31,2025-11-06,1,163
31,2025-11-08,1,164
31,2025-11-09,1,165
31,2025-11-10,1,166
31,2025-11-11,1,167
31,2025-11-13,2,169
31,2025-11-17,1,170
31,2025-11-21,1,171
31,2025-11-22,1,172
31,2025-11-24,1,173
31,2025-11-26,1,174
31,2025-11-29,2,176
31,2025-12-01,2,178
31,2025-12-04,1,179
31,2025-12-05,1,180
31,2025-12-07,1,181
31,2025-12-09,1,182
31,2025-12-11,1,183
31,2025-12-12,2,185
31,2025-12-16,1,186
31,2025-12-22,1,187
31,2025-12-23,1,188
31,2025-12-28,1,189
32,2025-01-02,1,1
32,2025-01-07,1,2
32,2025-01-10,1,3
32,2025-01-11,1,4
32,2025-01-13,1,5
32,2025-01-18,2,7
32,2025-01-20,1,8
32,2025-01-27,1,9
32,2025-02-06,1,10
32,2025-02-12,1,11
32,2025-02-17,1,12
32,2025-02-20,1,13
32,2025-03-03,1,14
32,2025-03-10,1,15
32,2025-03-11,1,16
32,2025-03-16,1,17
32,2025-03-17,1,18
32,2025-03-20,1,19
32,2025-03-21,2,21
32,2025-03-24,1,22
32,2025-03-27,1,23
32,2025-03-28,1,24
32,2025-03-30,1,25
32,2025-03-31,1,26
32,2025-04-03,1,27
32,2025-04-05,2,29
32,2025-04-08,1,30
32,2025-04-10,2,32
32,2025-04-11,1,33
32,2025-04-12,1,34
32,2025-04-17,1,35
32,2025-04-21,1,36
32,2025-04-23,2,38
32,2025-04-26,1,39
32,2025-04-28,1,40
32,2025-04-29,3,43
32,2025-05-01,1,44
32,2025-05-02,2,46
32,2025-05-03,1,47
32,2025-05-04,1,48
32,2025-05-05,1,49
32,2025-05-09,1,50
32,2025-05-12,1,51
32,2025-05-22,1,52
32,2025-05-23,1,53
32,2025-05-24,1,54
32,2025-05-25,1,55
32,2025-05-26,2,57
32,2025-05-27,2,59
32,2025-05-31,1,60
32,2025-06-02,1,61
32,2025-06-03,1,62
32,2025-06-07,1,63
32,2025-06-08,1,64
32,2025-06-09,1,65
32,2025-06-10,2,67
32,2025-06-13,1,68
32,2025-06-19,1,69
32,2025-06-21,1,70
32,2025-06-22,1,71
32,2025-06-25,1,72
32,2025-06-26,1,73
32,2025-06-28,1,74
32,2025-06-30,2,76
32,2025-07-04,1,77
32,2025-07-07,1,78
32,2025-07-09,1,79
32,2025-07-10,1,80
32,2025-07-11,1,81
32,2025-07-12,1,82
32,2025-07-16,1,83
32,2025-07-17,1,84
32,2025-07-18,1,85
32,2025-07-20,1,86
32,2025-07-21,1,87
32,2025-07-22,1,88
32,2025-07-23,1,89
32,2025-07-24,1,90
32,2025-07-27,3,93
32,2025-07-28,1,94
32,2025-08-01,1,95
32,2025-08-03,1,96
32,2025-08-04,1,97
32,2025-08-05,1,98
32,2025-08-07,1,99
32,2025-08-13,2,101
32,2025-08-17,1,102
32,2025-08-19,1,103
32,2025-08-22,1,104
32,2025-08-23,2,106
32,2025-08-24,1,107
32,2025-08-29,1,108
32,2025-09-01,3,111
32,2025-09-04,1,112
32,2025-09-08,1,113
32,2025-09-09,1,114
32,2025-09-10,2,116
32,2025-09-11,1,117
32,2025-09-12,2,119
32,2025-09-15,2,121
32,2025-09-16,1,122
32,2025-09-21,1,123
32,2025-09-22,1,124
32,2025-09-27,1,125
32,2025-09-28,1,126
32,2025-09-30,1,127
32,2025-10-02,2,129
32,2025-10-04,1,130
32,2025-10-07,1,131
32,2025-10-12,2,133
32,2025-10-14,2,135
32,2025-10-17,1,136
32,2025-10-18,1,137
32,2025-10-21,1,138
32,2025-10-24,2,140
32,2025-10-27,1,141
32,2025-10-28,2,143
32,2025-10-30,2,145
32,2025-11-03,1,146
32,2025-11-05,1,147
32,2025-11-10,1,148
32,2025-11-11,1,149
32,2025-11-12,1,150
32,2025-11-14,1,151
32,2025-11-15,1,152
32,2025-11-18,2,154
32,2025-11-19,1,155
32,2025-11-23,1,156
32,2025-11-28,2,158
32,2025-11-30,1,159
32,2025-12-04,2,161
32,2025-12-06,1,162
32,2025-12-08,1,163
32,2025-12-09,1,164
32,2025-12-10,1,165
32,2025-12-11,1,166
32,2025-12-13,1,167
32,2025-12-15,1,168
32,2025-12-16,1,169
32,2025-12-19,1,170
32,2025-12-22,1,171
32,2025-12-26,1,172
33,2025-01-01,1,1
33,2025-01-03,1,2
33,2025-01-07,1,3
33,2025-01-08,1,4
33,2025-01-09,1,5
33,2025-01-11,1,6
33,2025-01-12,1,7
33,2025-01-13,2,9
33,2025-01-15,1,10
33,2025-01-17,1,11
33,2025-01-22,1,12
33,2025-01-25,1,13
33,2025-01-26,1,14
33,2025-01-31,4,18
33,2025-02-05,2,20
33,2025-02-08,1,21
33,2025-02-10,1,22
33,2025-02-15,2,24
33,2025-02-18,1,25
33,2025-02-21,1,26
33,2025-02-23,2,28
33,2025-02-25,1,29
33,2025-02-27,1,30
33,2025-03-01,1,31
33,2025-03-04,1,32
33,2025-03-06,1,33
33,2025-03-09,1,34
33,2025-03-11,1,35
33,2025-03-15,1,36
33,2025-03-17,1,37
33,2025-03-18,1,38
33,2025-03-19,1,39
33,2025-03-22,2,41
33,2025-03-23,4,45
33,2025-03-26,1,46
33,2025-03-29,1,47
33,2025-03-30,2,49
33,2025-04-04,2,51
33,2025-04-06,1,52
33,2025-04-07,1,53
33,2025-04-08,1,54
33,2025-04-10,1,55
33,2025-04-11,1,56
33,2025-04-12,1,57
33,2025-04-14,1,58
33,2025-04-15,2,60
33,2025-04-18,1,61
33,2025-04-21,1,62
33,2025-04-22,1,63
33,2025-04-28,1,64
33,2025-04-29,1,65
33,2025-04-30,1,66
33,2025-05-01,1,67
33,2025-05-05,1,68
33,2025-05-06,1,69
33,2025-05-08,1,70
33,2025-05-09,1,71
33,2025-05-11,2,73
33,2025-05-12,1,74
33,2025-05-13,1,75
33,2025-05-14,1,76
33,2025-05-18,1,77
33,2025-05-23,1,78
33,2025-05-26,1,79
33,2025-05-27,1,80
33,2025-05-28,1,81
33,2025-05-30,1,82
33,2025-05-31,1,83
33,2025-06-01,1,84
33,2025-06-11,1,85
33,2025-06-12,1,86
33,2025-06-13,1,87
33,2025-06-14,1,88
33,2025-06-18,1,89
33,2025-06-20,1,90
33,2025-06-21,1,91
33,2025-06-22,1,92
33,2025-06-23,1,93
33,2025-06-24,1,94
33,2025-06-25,1,95
33,2025-06-28,2,97
33,2025-07-02,2,99
33,2025-07-06,1,100
33,2025-07-07,1,101
33,2025-07-08,1,102
33,2025-07-09,1,103
33,2025-07-11,1,104
33,2025-07-14,1,105
33,2025-07-15,1,106
33,2025-07-23,1,107
33,2025-07-25,1,108
33,2025-07-27,1,109
33,2025-07-28,1,110
33,2025-07-30,1,111
33,2025-08-03,1,112
33,2025-08-05,1,113
33,2025-08-07,3,116
33,2025-08-08,1,117
33,2025-08-09,1,118
33,2025-08-10,1,119
33,2025-08-16,1,120
33,2025-08-17,2,122
33,2025-08-18,1,123
33,2025-08-22,1,124
33,2025-08-27,1,125
33,2025-08-28,1,126
33,2025-08-30,1,127
33,2025-09-01,1,128
33,2025-09-03,1,129
33,2025-09-04,1,130
33,2025-09-06,1,131
33,2025-09-07,1,132
33,2025-09-08,1,133
33,2025-09-09,1,134
33,2025-09-11,1,135
33,2025-09-12,2,137
33,2025-09-15,1,138
33,2025-09-17,1,139
33,2025-09-20,1,140
33,2025-09-21,1,141
33,2025-09-23,1,142
33,2025-09-24,3,145
33,2025-09-25,1,146
33,2025-09-26,1,147
33,2025-09-27,1,148
33,2025-09-29,1,149
33,2025-09-30,1,150
33,2025-10-01,1,151
33,2025-10-04,3,154
33,2025-10-05,1,155
33,2025-10-08,2,157
33,2025-10-13,1,158
33,2025-10-15,1,159
33,2025-10-21,1,160
33,2025-10-29,1,161
33,2025-11-04,1,162
33,2025-11-06,2,164
33,2025-11-11,1,165
33,2025-11-14,1,166
33,2025-11-19,1,167
33,2025-11-20,1,168
33,2025-11-25,1,169
33,2025-11-27,2,171
33,2025-11-28,1,172
33,2025-11-30,1,173
33,2025-12-04,1,174
33,2025-12-06,1,175
33,2025-12-12,1,176
33,2025-12-13,1,177
33,2025-12-19,2,179
33,2025-12-20,1,180
33,2025-12-21,1,181
34,2025-01-03,1,1
34,2025-01-08,1,2
34,2025-01-12,1,3
34,2025-01-13,1,4
34,2025-01-14,1,5
34,2025-01-17,1,6
34,2025-01-19,1,7
34,2025-01-20,1,8
34,2025-01-21,1,9
34,2025-01-22,1,10
34,2025-01-23,1,11
34,2025-01-25,1,12
34,2025-01-26,1,13
34,2025-01-28,1,14
34,2025-01-29,3,17
34,2025-02-01,2,19
34,2025-02-02,1,20
34,2025-02-03,1,21
34,2025-02-05,1,22
34,2025-02-06,1,23
34,2025-02-07,1,24
34,2025-02-10,1,25
34,2025-02-13,1,26
34,2025-02-22,2,28
34,2025-02-23,1,29
34,2025-02-25,1,30
34,2025-03-06,1,31
34,2025-03-07,1,32
34,2025-03-09,1,33
34,2025-03-12,1,34
34,2025-03-13,1,35
34,2025-03-15,3,38
34,2025-03-18,1,39
34,2025-03-19,1,40
34,2025-03-22,1,41
34,2025-03-23,1,42
34,2025-03-24,1,43
34,2025-03-25,1,44
34,2025-04-04,1,45
34,2025-04-05,1,46
34,2025-04-09,1,47
34,2025-04-11,1,48
34,2025-04-12,1,49
34,2025-04-14,1,50
34,2025-04-15,1,51
34,2025-04-16,1,52
34,2025-04-17,1,53
34,2025-04-18,1,54
34,2025-04-19,1,55
34,2025-04-23,1,56
34,2025-04-25,1,57
34,2025-04-26,1,58
34,2025-05-06,1,59
34,2025-05-09,1,60
34,2025-05-10,1,61
34,2025-05-11,1,62
34,2025-05-12,1,63
34,2025-05-13,1,64
34,2025-05-14,3,67
34,2025-05-16,1,68
34,2025-05-17,1,69
34,2025-05-21,2,71
34,2025-05-29,1,72
34,2025-05-30,3,75
34,2025-05-31,1,76
34,2025-06-01,1,77
34,2025-06-03,1,78
34,2025-06-04,1,79
34,2025-06-06,1,80
34,2025-06-07,1,81
34,2025-06-10,1,82
34,2025-06-13,1,83
34,2025-06-14,1,84
34,2025-06-17,1,85
34,2025-06-18,1,86
34,2025-06-24,1,87
34,2025-06-26,1,88
34,2025-06-27,1,89
34,2025-06-29,1,90
34,2025-07-01,3,93
34,2025-07-02,1,94
34,2025-07-04,1,95
34,2025-07-09,1,96
34,2025-07-14,1,97
34,2025-07-15,1,98
34,2025-07-23,1,99
34,2025-07-24,1,100
34,2025-07-25,1,101
34,2025-07-26,1,102
34,2025-07-31,1,103
34,2025-08-03,1,104
34,2025-08-05,1,105
34,2025-08-06,2,107
34,2025-08-07,1,108
34,2025-08-08,1,109
34,2025-08-09,2,111
34,2025-08-10,1,112
34,2025-08-12,1,113
34,2025-08-13,2,115
34,2025-08-15,1,116
34,2025-08-21,1,117
34,2025-08-22,1,118
34,2025-08-24,1,119
34,2025-08-25,1,120
34,2025-08-29,1,121
34,2025-08-30,1,122
34,2025-08-31,1,123
34,2025-09-02,1,124
34,2025-09-05,2,126
34,2025-09-09,1,127
34,2025-09-10,1,128
34,2025-09-12,3,131
34,2025-09-18,1,132
34,2025-09-20,1,133
34,2025-09-21,1,134
34,2025-09-23,1,135
34,2025-09-28,1,136
34,2025-10-01,2,138
34,2025-10-05,1,139
34,2025-10-08,1,140
34,2025-10-09,1,141
34,2025-10-11,1,142
34,2025-10-12,1,143
34,2025-10-14,1,144
34,2025-10-15,2,146
34,2025-10-17,1,147
34,2025-10-21,1,148
34,2025-10-23,2,150
34,2025-10-24,3,153
34,2025-10-26,1,154
34,2025-10-28,2,156
34,2025-10-31,2,158
34,2025-11-02,1,159
34,2025-11-04,1,160
34,2025-11-05,2,162
34,2025-11-08,2,164
34,2025-11-09,1,165
34,2025-11-11,1,166
34,2025-11-13,2,168
34,2025-11-17,3,171
34,2025-11-21,1,172
34,2025-11-23,1,173
34,2025-11-25,1,174
34,2025-11-26,1,175
34,2025-11-28,1,176
34,2025-11-30,1,177
34,2025-12-01,1,178
34,2025-12-03,1,179
34,2025-12-05,1,180
34,2025-12-09,1,181
34,2025-12-12,2,183
34,2025-12-18,1,184
34,2025-12-25,1,185
34,2025-12-26,1,186
34,2025-12-27,1,187
34,2025-12-29,1,188
34,2025-12-30,1,189
35,2025-01-02,1,1
35,2025-01-17,2,3
35,2025-01-22,2,5
35,2025-01-24,1,6
35,2025-01-25,1,7
35,2025-02-01,2,9
35,2025-02-04,1,10
35,2025-02-06,1,11
35,2025-02-08,2,13
35,2025-02-10,1,14
35,2025-02-13,1,15
35,2025-02-15,1,16
35,2025-02-16,1,17
35,2025-02-17,1,18
35,2025-02-18,1,19
35,2025-02-20,1,20
35,2025-02-23,2,22
35,2025-02-27,1,23
35,2025-03-04,1,24
35,2025-03-05,1,25
35,2025-03-06,1,26
35,2025-03-09,1,27
35,2025-03-10,1,28
35,2025-03-14,1,29
35,2025-03-18,2,31
35,2025-03-19,2,33
35,2025-03-21,1,34
35,2025-03-22,3,37
35,2025-03-23,1,38
35,2025-03-28,2,40
35,2025-03-29,2,42
35,2025-03-30,1,43
35,2025-03-31,1,44
35,2025-04-01,2,46
35,2025-04-03,1,47
35,2025-04-05,1,48
35,2025-04-07,2,50
35,2025-04-09,1,51
35,2025-04-11,1,52
35,2025-04-12,1,53
35,2025-04-14,1,54
35,2025-04-17,1,55
35,2025-04-18,1,56
35,2025-04-19,2,58
35,2025-04-23,1,59
35,2025-04-29,1,60
35,2025-05-04,2,62
35,2025-05-09,1,63
35,2025-05-12,1,64
35,2025-05-14,1,65
35,2025-05-17,1,66
35,2025-05-18,1,67
35,2025-05-19,3,70
35,2025-05-21,1,71
35,2025-05-22,4,75
35,2025-05-24,1,76
35,2025-05-27,1,77
35,2025-06-02,1,78
35,2025-06-03,2,80
35,2025-06-04,1,81
35,2025-06-05,1,82
35,2025-06-06,1,83
35,2025-06-07,3,86
35,2025-06-08,1,87
35,2025-06-10,1,88
35,2025-06-11,1,89
35,2025-06-12,1,90
35,2025-06-14,1,91
35,2025-06-19,1,92
35,2025-06-24,1,93
35,2025-06-25,1,94
35,2025-06-26,1,95
35,2025-06-27,1,96
35,2025-06-30,1,97
35,2025-07-02,1,98
35,2025-07-05,1,99
35,2025-07-14,2,101
35,2025-07-16,1,102
35,2025-07-17,1,103
35,2025-07-18,1,104
35,2025-07-21,2,106
35,2025-07-23,1,107
35,2025-07-25,2,109
35,2025-07-26,1,110
35,2025-07-27,1,111
35,2025-07-31,2,113
35,2025-08-02,1,114
35,2025-08-04,1,115
35,2025-08-05,3,118
35,2025-08-07,1,119
35,2025-08-08,1,120
35,2025-08-11,1,121
35,2025-08-12,1,122
35,2025-08-13,2,124
35,2025-08-15,1,125
35,2025-08-16,1,126
35,2025-08-19,1,127
35,2025-08-20,1,128
35,2025-08-21,1,129
35,2025-08-23,1,130
35,2025-08-25,2,132
35,2025-08-26,1,133
35,2025-08-30,1,134
35,2025-09-09,2,136
35,2025-09-10,1,137
35,2025-09-12,1,138
35,2025-09-16,2,140
35,2025-09-18,2,142
35,2025-09-23,1,143
35,2025-09-27,1,144
35,2025-09-30,1,145
35,2025-10-03,1,146
35,2025-10-04,1,147
35,2025-10-05,2,149
35,2025-10-07,1,150
35,2025-10-10,1,151
35,2025-10-11,1,152
35,2025-10-12,1,153
35,2025-10-14,1,154
35,2025-10-15,2,156
35,2025-10-18,1,157
35,2025-10-19,1,158
35,2025-10-25,1,159
35,2025-10-27,2,161
35,2025-10-28,1,162
35,2025-10-30,1,163
35,2025-11-02,1,164
35,2025-11-04,1,165
35,2025-11-10,1,166
35,2025-11-12,1,167
35,2025-11-13,1,168
35,2025-11-14,1,169
35,2025-11-15,1,170
35,2025-11-16,1,171
35,2025-11-20,1,172
35,2025-11-29,1,173
35,2025-11-30,1,174
35,2025-12-01,1,175
35,2025-12-02,1,176
35,2025-12-04,1,177
35,2025-12-05,2,179
35,2025-12-06,1,180
35,2025-12-12,1,181
35,2025-12-24,1,182
35,2025-12-25,1,183
35,2025-12-28,3,186
35,2025-12-29,1,187
36,2025-01-01,1,1
36,2025-01-03,1,2
36,2025-01-04,1,3
36,2025-01-05,1,4
36,2025-01-07,1,5
36,2025-01-08,4,9
36,2025-01-10,1,10
36,2025-01-13,1,11
36,2025-01-15,1,12
36,2025-01-17,1,13
36,2025-01-22,2,15
36,2025-01-23,1,16
36,2025-01-26,1,17
36,2025-01-27,2,19
36,2025-01-29,1,20
36,2025-02-02,2,22
36,2025-02-04,1,23
36,2025-02-09,1,24
36,2025-02-13,3,27
36,2025-02-15,1,28
36,2025-02-23,1,29
36,2025-02-24,3,32
36,2025-02-26,1,33
36,2025-03-01,1,34
36,2025-03-04,2,36
36,2025-03-17,1,37
36,2025-03-18,1,38
36,2025-03-21,1,39
36,2025-03-23,1,40
36,2025-03-24,1,41
36,2025-03-25,1,42
36,2025-03-28,1,43
36,2025-03-30,1,44
36,2025-04-01,3,47
36,2025-04-03,2,49
36,2025-04-05,1,50
36,2025-04-08,2,52
36,2025-04-12,1,53
36,2025-04-13,2,55
36,2025-04-16,1,56
36,2025-04-17,2,58
36,2025-04-20,1,59
36,2025-04-21,1,60
36,2025-04-23,1,61
36,2025-04-24,1,62
36,2025-04-26,2,64
36,2025-04-30,2,66
36,2025-05-07,1,67
36,2025-05-13,1,68
36,2025-05-14,2,70
36,2025-05-15,1,71
36,2025-05-16,1,72
36,2025-05-21,1,73
36,2025-05-22,1,74
36,2025-05-23,2,76
36,2025-05-24,1,77
36,2025-05-25,1,78
36,2025-05-27,1,79
36,2025-05-28,3,82
36,2025-06-02,3,85
36,2025-06-05,1,86
36,2025-06-07,1,87
36,2025-06-11,1,88
36,2025-06-12,1,89
36,2025-06-14,2,91
36,2025-06-16,1,92
36,2025-06-17,1,93
36,2025-06-19,1,94
36,2025-06-20,1,95
36,2025-06-22,1,96
36,2025-06-27,1,97
36,2025-06-30,1,98
36,2025-07-01,1,99
36,2025-07-02,2,101
36,2025-07-08,1,102
36,2025-07-09,1,103
36,2025-07-13,2,105
36,2025-07-17,1,106
36,2025-07-18,1,107
36,2025-07-22,1,108
36,2025-07-23,1,109
36,2025-07-27,1,110
36,2025-07-28,1,111
36,2025-07-29,1,112
36,2025-07-30,1,113
36,2025-07-31,1,114
36,2025-08-05,1,115
36,2025-08-11,1,116
36,2025-08-12,1,117
36,2025-08-14,1,118
36,2025-08-15,1,119
36,2025-08-21,1,120
36,2025-08-23,1,121
36,2025-08-24,1,122
36,2025-08-25,1,123
36,2025-08-26,1,124
36,2025-08-29,1,125
36,2025-09-01,1,126
36,2025-09-03,1,127
36,2025-09-04,1,128
36,2025-09-05,2,130
36,2025-09-09,1,131
36,2025-09-10,1,132
36,2025-09-13,1,133
36,2025-09-16,2,135
36,2025-09-19,1,136
36,2025-09-21,2,138
36,2025-09-24,1,139
36,2025-09-27,1,140
36,2025-09-28,1,141
36,2025-09-29,1,142
36,2025-10-11,1,143
36,2025-10-13,1,144
36,2025-10-14,2,146
36,2025-10-15,3,149
36,2025-10-24,1,150
36,2025-10-25,1,151
36,2025-10-28,3,154
36,2025-10-30,1,155
36,2025-11-04,1,156
36,2025-11-06,1,157
36,2025-11-07,2,159
36,2025-11-14,1,160
36,2025-11-21,1,161
36,2025-11-24,1,162
36,2025-11-27,1,163
36,2025-11-28,1,164
36,2025-11-30,1,165
36,2025-12-05,1,166
36,2025-12-07,2,168
36,2025-12-09,1,169
36,2025-12-10,1,170
36,2025-12-12,2,172
36,2025-12-15,2,174
36,2025-12-17,1,175
36,2025-12-19,1,176
36,2025-12-23,3,179
36,2025-12-24,1,180
36,2025-12-29,1,181
37,2025-01-01,1,1
37,2025-01-02,1,2
37,2025-01-04,1,3
37,2025-01-05,2,5
37,2025-01-10,1,6
37,2025-01-11,3,9
37,2025-01-14,1,10
37,2025-01-15,1,11
37,2025-01-16,2,13
37,2025-01-17,1,14
37,2025-01-19,2,16
37,2025-01-22,1,17
37,2025-01-26,2,19
37,2025-02-01,1,20
37,2025-02-04,2,22
37,2025-02-05,1,23
37,2025-02-08,3,26
37,2025-02-10,3,29
37,2025-02-11,1,30
37,2025-02-16,2,32
37,2025-02-18,2,34
37,2025-02-23,1,35
37,2025-02-25,1,36
37,2025-02-26,2,38
37,2025-03-02,1,39
37,2025-03-05,2,41
37,2025-03-06,1,42
37,2025-03-07,1,43
37,2025-03-09,1,44
37,2025-03-14,1,45
37,2025-03-18,2,47
37,2025-03-28,1,48
37,2025-03-31,1,49
37,2025-04-02,1,50
37,2025-04-03,2,52
37,2025-04-04,1,53
37,2025-04-06,1,54
37,2025-04-07,2,56
37,2025-04-09,1,57
37,2025-04-10,1,58
37,2025-04-11,1,59
37,2025-04-13,1,60
37,2025-04-14,2,62
37,2025-04-16,1,63
37,2025-04-18,1,64
37,2025-04-20,1,65
37,2025-04-23,1,66
37,2025-04-27,1,67
37,2025-05-01,1,68
37,2025-05-02,1,69
37,2025-05-04,1,70
37,2025-05-06,3,73
37,2025-05-13,1,74
37,2025-05-15,1,75
37,2025-05-22,2,77
37,2025-05-25,1,78
37,2025-05-26,2,80
37,2025-05-27,1,81
37,2025-05-30,1,82
37,2025-06-01,1,83
37,2025-06-02,2,85
37,2025-06-03,2,87
37,2025-06-05,1,88
37,2025-06-06,1,89
37,2025-06-07,1,90
37,2025-06-09,2,92
37,2025-06-11,2,94
37,2025-06-12,1,95
37,2025-06-14,1,96
37,2025-06-16,1,97
37,2025-06-24,1,98
37,2025-06-25,1,99
37,2025-06-26,1,100
37,2025-06-27,1,101
37,2025-06-29,1,102
37,2025-07-02,1,103
37,2025-07-04,1,104
37,2025-07-06,1,105
37,2025-07-16,3,108
37,2025-07-20,1,109
37,2025-07-24,1,110
37,2025-07-25,1,111
37,2025-08-02,1,112
37,2025-08-07,1,113
37,2025-08-09,1,114
37,2025-08-10,1,115
37,2025-08-12,1,116
37,2025-08-16,2,118
37,2025-08-19,2,120
37,2025-08-20,1,121
37,2025-08-21,1,122
37,2025-08-22,1,123
37,2025-08-24,1,124
37,2025-08-26,1,125
37,2025-08-29,1,126
37,2025-08-31,1,127
37,2025-09-01,1,128
37,2025-09-06,1,129
37,2025-09-08,1,130
37,2025-09-10,1,131
37,2025-09-12,1,132
37,2025-09-13,2,134
37,2025-09-15,2,136
37,2025-09-18,1,137
37,2025-09-22,1,138
37,2025-09-23,1,139
37,2025-09-25,1,140
37,2025-09-26,3,143
37,2025-09-28,1,144
37,2025-09-29,1,145
37,2025-09-30,1,146
37,2025-10-01,1,147
37,2025-10-04,1,148
37,2025-10-07,1,149
37,2025-10-09,1,150
37,2025-10-10,2,152
37,2025-10-11,1,153
37,2025-10-12,1,154
37,2025-10-18,2,156
37,2025-10-20,2,158
37,2025-10-22,1,159
37,2025-10-27,1,160
37,2025-10-28,1,161
37,2025-11-01,2,163
37,2025-11-02,1,164
37,2025-11-04,1,165
37,2025-11-09,1,166
37,2025-11-12,2,168
37,2025-11-13,2,170
37,2025-11-17,1,171
37,2025-11-20,1,172
37,2025-11-24,1,173
37,2025-11-27,1,174
37,2025-12-01,1,175
37,2025-12-02,1,176
37,2025-12-03,1,177
37,2025-12-04,2,179
37,2025-12-05,2,181
37,2025-12-06,1,182
37,2025-12-11,2,184
37,2025-12-13,2,186
37,2025-12-14,1,187
37,2025-12-19,1,188
37,2025-12-23,1,189
37,2025-12-24,1,190
37,2025-12-25,1,191
37,2025-12-27,1,192
37,2025-12-29,2,194
37,2025-12-30,1,195
38,2025-01-01,3,3
38,2025-01-04,1,4
38,2025-01-12,1,5
38,2025-01-13,1,6
38,2025-01-15,1,7
38,2025-01-17,1,8
38,2025-01-18,1,9
38,2025-01-19,1,10
38,2025-01-20,2,12
38,2025-01-22,1,13
38,2025-01-23,1,14
38,2025-01-26,1,15
38,2025-01-30,1,16
38,2025-01-31,1,17
38,2025-02-05,1,18
38,2025-02-08,1,19
38,2025-02-10,2,21
38,2025-02-11,1,22
38,2025-02-12,1,23
38,2025-02-13,1,24
38,2025-02-15,1,25
38,2025-02-17,1,26
38,2025-02-18,1,27
38,2025-02-20,1,28
38,2025-02-21,2,30
38,2025-02-22,1,31
38,2025-02-23,1,32
38,2025-02-25,1,33
38,2025-02-27,2,35
38,2025-03-01,1,36
38,2025-03-02,1,37
38,2025-03-03,1,38
38,2025-03-06,1,39
38,2025-03-08,1,40
38,2025-03-09,1,41
38,2025-03-10,2,43
38,2025-03-12,1,44
38,2025-03-13,1,45
38,2025-03-16,1,46
38,2025-03-19,1,47
38,2025-03-21,1,48
38,2025-03-23,2,50
38,2025-03-25,1,51
38,2025-03-28,1,52
38,2025-04-10,1,53
38,2025-04-18,1,54
38,2025-04-19,2,56
38,2025-04-20,3,59
38,2025-04-21,1,60
38,2025-04-22,2,62
38,2025-04-26,1,63
38,2025-04-27,1,64
38,2025-05-02,1,65
38,2025-05-04,1,66
38,2025-05-07,1,67
38,2025-05-08,2,69
38,2025-05-11,1,70
38,2025-05-13,1,71
38,2025-05-14,1,72
38,2025-05-16,1,73
38,2025-05-17,1,74
38,2025-05-19,1,75
38,2025-05-22,1,76
38,2025-05-24,1,77
38,2025-05-28,1,78
38,2025-06-01,1,79
38,2025-06-12,1,80
38,2025-06-13,1,81
38,2025-06-14,1,82
38,2025-06-19,1,83
38,2025-06-22,1,84
38,2025-06-24,2,86
38,2025-06-26,1,87
38,2025-06-27,1,88
38,2025-06-28,1,89
38,2025-06-29,1,90
38,2025-07-02,1,91
38,2025-07-05,1,92
38,2025-07-08,1,93
38,2025-07-09,2,95
38,2025-07-14,1,96
38,2025-07-15,1,97
38,2025-07-21,1,98
38,2025-07-22,1,99
38,2025-07-25,2,101
38,2025-07-26,1,102
38,2025-07-28,2,104
38,2025-07-29,1,105
38,2025-07-30,1,106
38,2025-07-31,1,107
38,2025-08-01,1,108
38,2025-08-03,2,110
38,2025-08-04,1,111
38,2025-08-06,1,112
38,2025-08-07,1,113
38,2025-08-08,1,114
38,2025-08-09,1,115
38,2025-08-11,1,116
38,2025-08-12,1,117
38,2025-08-14,2,119
38,2025-08-15,2,121
38,2025-08-16,1,122
38,2025-08-18,3,125
38,2025-08-28,3,128
38,2025-08-31,1,129
38,2025-09-01,1,130
38,2025-09-02,1,131
38,2025-09-04,1,132
38,2025-09-05,1,133
38,2025-09-09,1,134
38,2025-09-11,1,135
38,2025-09-15,1,136
38,2025-09-18,1,137
38,2025-09-20,1,138
38,2025-09-22,2,140
38,2025-09-23,1,141
38,2025-09-24,1,142
38,2025-09-25,1,143
38,2025-09-28,1,144
38,2025-09-30,1,145
38,2025-10-02,1,146
38,2025-10-04,1,147
38,2025-10-05,1,148
38,2025-10-07,2,150
38,2025-10-08,1,151
38,2025-10-12,1,152
38,2025-10-13,1,153
38,2025-10-16,1,154
38,2025-10-17,1,155
38,2025-10-18,1,156
38,2025-10-22,1,157
38,2025-10-26,2,159
38,2025-10-28,2,161
38,2025-11-01,1,162
38,2025-11-02,1,163
38,2025-11-11,1,164
38,2025-11-12,1,165
38,2025-11-14,2,167
38,2025-11-17,1,168
38,2025-11-18,1,169
38,2025-11-21,2,171
38,2025-11-23,1,172
38,2025-11-25,2,174
38,2025-11-28,1,175
38,2025-12-03,2,177
38,2025-12-09,1,178
38,2025-12-15,1,179
38,2025-12-20,1,180
38,2025-12-21,1,181
38,2025-12-27,1,182
39,2025-01-01,2,2
39,2025-01-02,2,4
39,2025-01-06,1,5
39,2025-01-10,1,6
39,2025-01-11,2,8
39,2025-01-13,1,9
39,2025-01-14,1,10
39,2025-01-16,1,11
39,2025-01-19,1,12
39,2025-01-21,1,13
39,2025-01-22,1,14
39,2025-01-25,1,15
39,2025-01-26,1,16
39,2025-01-27,1,17
39,2025-01-30,2,19
39,2025-02-02,1,20
39,2025-02-06,1,21
39,2025-02-08,1,22
39,2025-02-10,1,23
39,2025-02-11,1,24
39,2025-02-13,1,25
39,2025-02-14,2,27
39,2025-02-19,1,28
39,2025-02-24,1,29
39,2025-02-25,2,31
39,2025-02-26,2,33
39,2025-03-01,1,34
39,2025-03-02,1,35
39,2025-03-03,1,36
39,2025-03-07,1,37
39,2025-03-10,1,38
39,2025-03-12,1,39
39,2025-03-14,3,42
39,2025-03-16,1,43
39,2025-03-24,1,44
39,2025-03-25,2,46
39,2025-03-26,1,47
39,2025-03-28,1,48
39,2025-03-29,1,49
39,2025-04-01,1,50
39,2025-04-07,2,52
39,2025-04-23,2,54
39,2025-04-25,2,56
39,2025-04-26,2,58
39,2025-04-29,2,60
39,2025-05-04,2,62
39,2025-05-05,1,63
39,2025-05-07,1,64
39,2025-05-10,1,65
39,2025-05-13,1,66
39,2025-05-15,1,67
39,2025-05-17,1,68
39,2025-05-20,2,70
39,2025-05-21,2,72
39,2025-05-24,1,73
39,2025-05-28,1,74
39,2025-05-30,2,76
39,2025-05-31,1,77
39,2025-06-03,1,78
39,2025-06-04,1,79
39,2025-06-05,2,81
39,2025-06-07,1,82
39,2025-06-13,1,83
39,2025-06-16,1,84
39,2025-06-19,2,86
39,2025-06-21,1,87
39,2025-06-23,1,88
39,2025-06-26,2,90
39,2025-06-27,2,92
39,2025-07-01,1,93
39,2025-07-04,3,96
39,2025-07-06,1,97
39,2025-07-11,1,98
39,2025-07-12,1,99
39,2025-07-13,2,101
39,2025-07-15,1,102
39,2025-07-20,1,103
39,2025-07-21,1,104
39,2025-07-22,1,105
39,2025-07-26,2,107
39,2025-07-27,1,108
39,2025-07-28,1,109
39,2025-07-29,2,111
39,2025-08-05,3,114
39,2025-08-06,1,115
39,2025-08-07,1,116
39,2025-08-12,1,117
39,2025-08-14,1,118
39,2025-08-16,3,121
39,2025-08-18,2,123
39,2025-08-19,1,124
39,2025-08-20,1,125
39,2025-08-21,1,126
39,2025-08-26,1,127
39,2025-08-27,2,129
39,2025-09-02,1,130
39,2025-09-03,2,132
39,2025-09-05,1,133
39,2025-09-06,1,134
39,2025-09-08,1,135
39,2025-09-10,2,137
39,2025-09-11,1,138
39,2025-09-16,1,139
39,2025-09-19,1,140
39,2025-09-21,2,142
39,2025-09-22,1,143
39,2025-09-24,1,144
39,2025-09-25,2,146
39,2025-09-27,1,147
39,2025-09-29,1,148
39,2025-09-30,1,149
39,2025-10-03,2,151
39,2025-10-04,1,152
39,2025-10-06,1,153
39,2025-10-08,1,154
39,2025-10-09,1,155
39,2025-10-11,1,156
39,2025-10-12,2,158
39,2025-10-18,1,159
39,2025-10-23,1,160
39,2025-10-26,1,161
39,2025-10-28,1,162
39,2025-11-01,2,164
39,2025-11-02,2,166
39,2025-11-05,1,167
39,2025-11-15,1,168
39,2025-11-18,1,169
39,2025-11-23,1,170
39,2025-11-25,1,171
39,2025-11-27,1,172
39,2025-11-30,1,173
39,2025-12-01,1,174
39,2025-12-02,1,175
39,2025-12-05,2,177
39,2025-12-06,1,178
39,2025-12-07,2,180
39,2025-12-08,1,181
39,2025-12-11,1,182
39,2025-12-12,1,183
39,2025-12-13,1,184
39,2025-12-14,2,186
39,2025-12-15,2,188
39,2025-12-18,1,189
39,2025-12-19,3,192
39,2025-12-20,1,193
39,2025-12-22,1,194
39,2025-12-25,2,196
39,2025-12-26,1,197
39,2025-12-30,1,198
40,2025-01-01,1,1
40,2025-01-06,1,2
40,2025-01-08,1,3
40,2025-01-10,2,5
40,2025-01-17,1,6
40,2025-01-20,1,7
40,2025-01-21,2,9
40,2025-01-23,1,10
40,2025-01-24,2,12
40,2025-01-28,1,13
40,2025-01-31,1,14
40,2025-02-05,2,16
40,2025-02-08,1,17
40,2025-02-09,1,18
40,2025-02-13,1,19
40,2025-02-14,1,20
40,2025-02-15,1,21
40,2025-02-19,1,22
40,2025-02-25,1,23
40,2025-02-27,1,24
40,2025-03-01,1,25
40,2025-03-02,1,26
40,2025-03-03,1,27
40,2025-03-04,2,29
40,2025-03-09,1,30
40,2025-03-14,1,31
40,2025-03-15,3,34
40,2025-03-20,1,35
40,2025-03-21,1,36
40,2025-03-22,1,37
40,2025-03-24,1,38
40,2025-03-25,2,40
40,2025-03-26,2,42
40,2025-03-27,1,43
40,2025-03-30,1,44
40,2025-04-02,1,45
40,2025-04-05,1,46
40,2025-04-15,1,47
40,2025-04-19,1,48
40,2025-04-21,1,49
40,2025-04-25,1,50
40,2025-04-28,1,51
40,2025-05-04,1,52
40,2025-05-05,1,53
40,2025-05-07,1,54
40,2025-05-10,1,55
40,2025-05-11,1,56
40,2025-05-13,3,59
40,2025-05-14,1,60
40,2025-05-16,2,62
40,2025-05-17,1,63
40,2025-05-20,1,64
40,2025-05-24,2,66
40,2025-05-27,1,67
40,2025-05-31,1,68
40,2025-06-07,2,70
40,2025-06-13,1,71
40,2025-06-14,1,72
40,2025-06-16,1,73
40,2025-06-17,2,75
40,2025-06-18,2,77
40,2025-06-20,1,78
40,2025-06-21,1,79
40,2025-06-23,3,82
40,2025-06-26,1,83
40,2025-07-02,1,84
40,2025-07-03,1,85
40,2025-07-04,2,87
40,2025-07-18,1,88
40,2025-07-19,1,89
40,2025-07-24,1,90
40,2025-07-26,1,91
40,2025-07-29,1,92
40,2025-07-31,1,93
40,2025-08-02,1,94
40,2025-08-06,1,95
40,2025-08-07,1,96
40,2025-08-09,1,97
40,2025-08-10,1,98
40,2025-08-12,1,99
40,2025-08-15,1,100
40,2025-08-20,1,101
40,2025-08-22,1,102
40,2025-08-23,1,103
40,2025-08-24,1,104
40,2025-08-28,2,106
40,2025-08-30,1,107
40,2025-09-01,1,108
40,2025-09-08,3,111
40,2025-09-09,1,112
40,2025-09-10,1,113
40,2025-09-14,1,114
40,2025-09-15,1,115
40,2025-09-19,1,116
40,2025-09-28,1,117
40,2025-09-29,2,119
40,2025-10-07,1,120
40,2025-10-08,1,121
40,2025-10-11,1,122
40,2025-10-16,2,124
40,2025-10-17,1,125
40,2025-10-27,1,126
40,2025-10-29,1,127
40,2025-10-31,3,130
40,2025-11-02,1,131
40,2025-11-03,1,132
40,2025-11-08,1,133
40,2025-11-09,1,134
40,2025-11-12,1,135
40,2025-11-13,1,136
40,2025-11-15,1,137
40,2025-11-17,1,138
40,2025-11-18,1,139
40,2025-11-19,1,140
40,2025-11-21,1,141
40,2025-11-22,1,142
40,2025-11-28,1,143
40,2025-11-29,1,144
40,2025-11-30,1,145
40,2025-12-03,1,146
40,2025-12-04,1,147
40,2025-12-09,1,148
40,2025-12-11,1,149
40,2025-12-12,2,151
40,2025-12-13,1,152
40,2025-12-14,1,153
40,2025-12-18,1,154
40,2025-12-19,1,155
40,2025-12-30,1,156
41,2025-01-03,1,1
41,2025-01-13,1,2
41,2025-01-14,1,3
41,2025-01-15,2,5
41,2025-01-17,1,6
41,2025-01-20,1,7
41,2025-01-24,1,8
41,2025-01-27,2,10
41,2025-01-29,1,11
41,2025-01-30,1,12
41,2025-02-02,2,14
41,2025-02-08,3,17
41,2025-02-10,1,18
41,2025-02-12,1,19
41,2025-02-17,1,20
41,2025-02-18,1,21
41,2025-02-22,1,22
41,2025-02-24,2,24
41,2025-02-27,1,25
41,2025-03-01,1,26
41,2025-03-09,2,28
41,2025-03-10,1,29
41,2025-03-12,2,31
41,2025-03-13,1,32
41,2025-03-14,2,34
41,2025-03-20,1,35
41,2025-03-21,1,36
41,2025-03-24,1,37
41,2025-03-26,2,39
41,2025-03-28,1,40
41,2025-03-29,2,42
41,2025-03-30,1,43
41,2025-03-31,1,44
41,2025-04-01,1,45
41,2025-04-06,1,46
41,2025-04-07,1,47
41,2025-04-10,1,48
41,2025-04-12,1,49
41,2025-04-13,1,50
41,2025-04-14,1,51
41,2025-04-18,1,52
41,2025-04-20,1,53
41,2025-04-21,1,54
41,2025-04-23,2,56
41,2025-04-25,1,57
41,2025-04-26,2,59
41,2025-05-05,1,60
41,2025-05-06,3,63
41,2025-05-07,1,64
41,2025-05-23,2,66
41,2025-05-27,1,67
41,2025-05-29,1,68
41,2025-05-30,1,69
41,2025-06-01,2,71
41,2025-06-02,1,72
41,2025-06-03,1,73
41,2025-06-05,1,74
41,2025-06-09,1,75
41,2025-06-10,2,77
41,2025-06-14,1,78
41,2025-06-19,1,79
41,2025-06-25,1,80
41,2025-06-27,1,81
41,2025-06-30,1,82
41,2025-07-01,1,83
41,2025-07-03,2,85
41,2025-07-04,1,86
41,2025-07-07,1,87
41,2025-07-09,3,90
41,2025-07-12,1,91
41,2025-07-15,1,92
41,2025-07-16,1,93
41,2025-07-17,2,95
41,2025-07-19,2,97
41,2025-07-21,1,98
41,2025-07-22,1,99
41,2025-07-23,1,100
41,2025-07-24,1,101
41,2025-07-29,2,103
41,2025-07-30,1,104
41,2025-08-06,1,105
41,2025-08-07,1,106
41,2025-08-09,1,107
41,2025-08-11,1,108
41,2025-08-12,1,109
41,2025-08-17,3,112
41,2025-08-21,1,113
41,2025-08-28,1,114
41,2025-08-30,1,115
41,2025-09-02,1,116
41,2025-09-07,1,117
41,2025-09-09,1,118
41,2025-09-11,1,119
41,2025-09-12,1,120
41,2025-09-18,2,122
41,2025-09-22,1,123
41,2025-09-23,1,124
41,2025-09-25,1,125
41,2025-09-26,1,126
41,2025-09-27,1,127
41,2025-09-29,1,128
41,2025-09-30,1,129
41,2025-10-02,1,130
41,2025-10-04,1,131
41,2025-10-07,2,133
41,2025-10-08,3,136
41,2025-10-11,1,137
41,2025-10-12,1,138
41,2025-10-13,1,139
41,2025-10-15,1,140
41,2025-10-17,1,141
41,2025-10-20,1,142
41,2025-10-23,1,143
41,2025-10-25,1,144
41,2025-10-26,1,145
41,2025-10-27,1,146
41,2025-10-28,1,147
41,2025-10-29,1,148
41,2025-10-31,2,150
41,2025-11-01,1,151
41,2025-11-04,1,152
41,2025-11-05,1,153
41,2025-11-08,1,154
41,2025-11-09,2,156
41,2025-11-11,1,157
41,2025-11-15,1,158
41,2025-11-16,1,159
41,2025-11-17,2,161
41,2025-11-19,1,162
41,2025-11-21,2,164
41,2025-11-22,1,165
41,2025-11-23,1,166
41,2025-11-25,1,167
41,2025-11-26,1,168
41,2025-11-28,1,169
41,2025-12-01,3,172
41,2025-12-05,1,173
41,2025-12-06,1,174
41,2025-12-09,1,175
41,2025-12-14,1,176
41,2025-12-15,1,177
41,2025-12-18,1,178
41,2025-12-20,1,179
41,2025-12-24,1,180
41,2025-12-25,1,181
41,2025-12-27,2,183
42,2025-01-01,1,1
42,2025-01-02,1,2
42,2025-01-08,1,3
42,2025-01-11,1,4
42,2025-01-12,1,5
42,2025-01-14,1,6
42,2025-01-17,1,7
42,2025-01-19,1,8
42,2025-01-24,1,9
42,2025-01-26,1,10
42,2025-02-01,1,11
42,2025-02-05,1,12
42,2025-02-06,1,13
42,2025-02-15,2,15
42,2025-02-20,1,16
42,2025-02-21,1,17
42,2025-03-02,1,18
42,2025-03-04,1,19
42,2025-03-05,1,20
42,2025-03-07,1,21
42,2025-03-09,1,22
42,2025-03-11,2,24
42,2025-03-13,1,25
42,2025-03-15,1,26
42,2025-03-16,1,27
42,2025-03-18,2,29
42,2025-03-20,2,31
42,2025-03-21,1,32
42,2025-03-22,1,33
42,2025-03-27,1,34
42,2025-03-28,2,36
42,2025-03-29,1,37
42,2025-03-30,1,38
42,2025-04-02,1,39
42,2025-04-05,1,40
42,2025-04-06,1,41
42,2025-04-07,1,42
42,2025-04-14,1,43
42,2025-04-16,1,44
42,2025-04-19,3,47
42,2025-04-21,2,49
42,2025-04-22,1,50
42,2025-04-25,1,51
42,2025-04-29,1,52
42,2025-04-30,3,55
42,2025-05-02,1,56
42,2025-05-10,1,57
42,2025-05-13,1,58
42,2025-05-18,1,59
42,2025-05-20,1,60
42,2025-05-24,1,61
42,2025-05-26,1,62
42,2025-05-28,1,63
42,2025-05-31,1,64
42,2025-06-04,1,65
42,2025-06-06,1,66
42,2025-06-07,2,68
42,2025-06-08,1,69
42,2025-06-09,1,70
42,2025-06-10,2,72
42,2025-06-17,1,73
42,2025-06-21,1,74
42,2025-06-23,4,78
42,2025-06-24,1,79
42,2025-06-25,1,80
42,2025-06-26,1,81
42,2025-06-27,1,82
42,2025-06-30,1,83
42,2025-07-05,1,84
42,2025-07-09,1,85
42,2025-07-10,1,86
42,2025-07-12,1,87
42,2025-07-13,1,88
42,2025-07-17,1,89
42,2025-07-18,1,90
42,2025-07-30,1,91
42,2025-08-03,3,94
42,2025-08-05,1,95
42,2025-08-06,2,97
42,2025-08-08,1,98
42,2025-08-09,1,99
42,2025-08-10,2,101
42,2025-08-13,1,102
42,2025-08-16,3,105
42,2025-08-17,3,108
42,2025-08-21,1,109
42,2025-08-23,1,110
42,2025-08-24,1,111
42,2025-08-25,1,112
42,2025-08-26,2,114
42,2025-08-28,1,115
42,2025-08-30,1,116
42,2025-09-02,1,117
42,2025-09-10,2,119
42,2025-09-15,1,120
42,2025-09-18,1,121
42,2025-09-20,1,122
42,2025-09-21,1,123
42,2025-09-23,2,125
42,2025-09-24,2,127
42,2025-09-28,3,130
42,2025-10-02,1,131
42,2025-10-03,2,133
42,2025-10-04,1,134
42,2025-10-08,2,136
42,2025-10-09,1,137
42,2025-10-13,2,139
42,2025-10-17,2,141
42,2025-10-20,2,143
42,2025-10-22,1,144
42,2025-10-26,1,145
42,2025-10-29,1,146
42,2025-10-31,1,147
42,2025-11-08,2,149
42,2025-11-09,1,150
42,2025-11-13,2,152
42,2025-11-14,1,153
42,2025-11-16,1,154
42,2025-11-20,2,156
42,2025-11-22,1,157
42,2025-11-23,2,159
42,2025-11-24,1,160
42,2025-11-28,1,161
42,2025-11-29,1,162
42,2025-11-30,1,163
42,2025-12-01,2,165
42,2025-12-06,1,166
42,2025-12-16,1,167
42,2025-12-19,1,168
42,2025-12-20,2,170
42,2025-12-22,1,171
42,2025-12-23,1,172
42,2025-12-25,4,176
42,2025-12-28,1,177
42,2025-12-29,1,178
43,2025-01-03,1,1
43,2025-01-04,2,3
43,2025-01-05,1,4
43,2025-01-12,2,6
43,2025-01-15,1,7
43,2025-01-16,1,8
43,2025-01-19,1,9
43,2025-01-20,1,10
43,2025-01-22,1,11
43,2025-01-23,1,12
43,2025-01-27,1,13
43,2025-01-30,1,14
43,2025-02-01,1,15
43,2025-02-03,1,16
43,2025-02-04,2,18
43,2025-02-05,1,19
43,2025-02-06,3,22
43,2025-02-07,1,23
43,2025-02-11,1,24
43,2025-02-13,2,26
43,2025-02-14,1,27
43,2025-02-17,1,28
43,2025-02-19,1,29
43,2025-02-20,1,30
43,2025-02-22,1,31
43,2025-03-01,1,32
43,2025-03-05,1,33
43,2025-03-07,1,34
43,2025-03-10,1,35
43,2025-03-11,1,36
43,2025-03-15,1,37
43,2025-03-16,1,38
43,2025-03-21,1,39
43,2025-03-24,1,40
43,2025-04-05,1,41
43,2025-04-06,1,42
43,2025-04-07,1,43
43,2025-04-10,3,46
43,2025-04-14,2,48
43,2025-04-26,1,49
43,2025-04-29,1,50
43,2025-05-01,1,51
43,2025-05-02,1,52
43,2025-05-03,1,53
43,2025-05-05,1,54
43,2025-05-11,1,55
43,2025-05-13,1,56
43,2025-05-15,1,57
43,2025-05-19,1,58
43,2025-05-20,1,59
43,2025-05-24,2,61
43,2025-05-25,1,62
43,2025-05-27,1,63
43,2025-05-29,2,65
43,2025-05-31,1,66
43,2025-06-01,1,67
43,2025-06-02,2,69
43,2025-06-08,1,70
43,2025-06-09,1,71
43,2025-06-10,1,72
43,2025-06-11,1,73
43,2025-06-12,1,74
43,2025-06-15,3,77
43,2025-06-18,1,78
43,2025-06-19,1,79
43,2025-06-21,1,80
43,2025-06-22,1,81
43,2025-06-23,1,82
43,2025-06-24,1,83
43,2025-06-25,1,84
43,2025-06-28,2,86
43,2025-06-29,1,87
43,2025-07-01,1,88
43,2025-07-02,2,90
43,2025-07-04,2,92
43,2025-07-05,2,94
43,2025-07-07,3,97
43,2025-07-08,2,99
43,2025-07-11,1,100
43,2025-07-12,1,101
43,2025-07-14,1,102
43,2025-07-18,1,103
43,2025-07-22,2,105
43,2025-07-23,1,106
43,2025-07-24,1,107
43,2025-07-25,1,108
43,2025-07-26,1,109
43,2025-07-29,1,110
43,2025-07-31,1,111
43,2025-08-03,1,112
43,2025-08-04,1,113
43,2025-08-06,2,115
43,2025-08-13,2,117
43,2025-08-15,2,119
43,2025-08-16,1,120
43,2025-08-18,2,122
43,2025-08-19,1,123
43,2025-08-20,1,124
43,2025-08-22,1,125
43,2025-08-23,2,127
43,2025-08-24,1,128
43,2025-08-29,1,129
43,2025-09-01,1,130
43,2025-09-03,3,133
43,2025-09-07,3,136
43,2025-09-08,1,137
43,2025-09-09,1,138
43,2025-09-11,1,139
43,2025-09-12,2,141
43,2025-09-13,1,142
43,2025-09-19,1,143
43,2025-09-26,1,144
43,2025-09-28,1,145
43,2025-09-29,1,146
43,2025-10-02,3,149
43,2025-10-05,1,150
43,2025-10-07,1,151
43,2025-10-08,4,155
43,2025-10-10,1,156
43,2025-10-12,2,158
43,2025-10-13,1,159
43,2025-10-15,1,160
43,2025-10-16,1,161
43,2025-10-19,2,163
43,2025-10-20,1,164
43,2025-10-21,3,167
43,2025-10-22,1,168
43,2025-10-23,1,169
43,2025-10-24,1,170
43,2025-10-30,2,172
43,2025-10-31,1,173
43,2025-11-01,1,174
43,2025-11-04,1,175
43,2025-11-05,1,176
43,2025-11-11,1,177
43,2025-11-13,1,178
43,2025-11-17,1,179
43,2025-11-18,1,180
43,2025-11-19,3,183
43,2025-11-20,1,184
43,2025-11-23,2,186
43,2025-11-24,1,187
43,2025-11-26,2,189
43,2025-11-27,1,190
43,2025-11-28,1,191
43,2025-11-30,1,192
43,2025-12-02,1,193
43,2025-12-04,1,194
43,2025-12-10,1,195
43,2025-12-15,1,196
43,2025-12-24,1,197
43,2025-12-26,1,198
43,2025-12-28,2,200
44,2025-01-02,1,1
44,2025-01-08,1,2
44,2025-01-09,1,3
44,2025-01-10,1,4
44,2025-01-14,1,5
44,2025-01-17,1,6
44,2025-01-19,1,7
44,2025-01-21,1,8
44,2025-01-26,1,9
44,2025-01-29,2,11
44,2025-01-31,1,12
44,2025-02-02,1,13
44,2025-02-04,2,15
44,2025-02-07,2,17
44,2025-02-08,1,18
44,2025-02-10,1,19
44,2025-02-11,1,20
44,2025-02-14,1,21
44,2025-02-17,1,22
44,2025-02-18,1,23
44,2025-02-20,1,24
44,2025-02-23,1,25
44,2025-02-26,1,26
44,2025-02-27,1,27
44,2025-03-01,1,28
44,2025-03-04,1,29
44,2025-03-08,1,30
44,2025-03-10,1,31
44,2025-03-12,1,32
44,2025-03-13,1,33
44,2025-03-17,1,34
44,2025-03-22,1,35
44,2025-03-23,1,36
44,2025-03-26,1,37
44,2025-03-29,2,39
44,2025-03-30,1,40
44,2025-04-02,2,42
44,2025-04-04,1,43
44,2025-04-08,1,44
44,2025-04-09,1,45
44,2025-04-11,1,46
44,2025-04-13,1,47
44,2025-04-15,1,48
44,2025-04-16,2,50
44,2025-04-18,1,51
44,2025-04-21,1,52
44,2025-04-22,1,53
44,2025-04-27,1,54
44,2025-04-29,1,55
44,2025-04-30,1,56
44,2025-05-04,1,57
44,2025-05-06,1,58
44,2025-05-09,1,59
44,2025-05-11,1,60
44,2025-05-17,1,61
44,2025-05-20,1,62
44,2025-05-21,2,64
44,2025-05-24,1,65
44,2025-05-26,1,66
44,2025-05-27,1,67
44,2025-05-28,1,68
44,2025-05-30,2,70
44,2025-06-04,1,71
44,2025-06-06,1,72
44,2025-06-09,1,73
44,2025-06-15,1,74
44,2025-06-16,2,76
44,2025-06-19,1,77
44,2025-06-22,1,78
44,2025-06-27,1,79
44,2025-06-28,1,80
44,2025-06-30,1,81
44,2025-07-06,1,82
44,2025-07-12,2,84
44,2025-07-13,3,87
44,2025-07-14,2,89
44,2025-07-15,1,90
44,2025-07-17,3,93
44,2025-07-18,2,95
44,2025-07-21,1,96
44,2025-07-26,1,97
44,2025-07-28,1,98
44,2025-07-29,1,99
44,2025-07-31,1,100
44,2025-08-02,1,101
44,2025-08-11,1,102
44,2025-08-14,1,103
44,2025-08-15,1,104
44,2025-08-22,1,105
44,2025-08-23,1,106
44,2025-08-24,1,107
44,2025-08-26,1,108
44,2025-08-27,1,109
44,2025-08-29,2,111
44,2025-08-31,1,112
44,2025-09-04,1,113
44,2025-09-05,1,114
44,2025-09-07,2,116
44,2025-09-11,1,117
44,2025-09-13,1,118
44,2025-09-14,1,119
44,2025-09-20,1,120
44,2025-09-21,1,121
44,2025-09-24,1,122
44,2025-09-25,1,123
44,2025-09-28,1,124
44,2025-09-29,2,126
44,2025-10-01,1,127
44,2025-10-04,1,128
44,2025-10-05,1,129
44,2025-10-06,1,130
44,2025-10-09,1,131
44,2025-10-10,1,132
44,2025-10-11,1,133
44,2025-10-19,2,135
44,2025-10-20,2,137
44,2025-10-21,2,139
44,2025-10-22,1,140
44,2025-10-25,1,141
44,2025-10-26,1,142
44,2025-10-30,2,144
44,2025-11-03,2,146
44,2025-11-04,2,148
44,2025-11-05,1,149
44,2025-11-08,2,151
44,2025-11-09,1,152
44,2025-11-17,1,153
44,2025-11-20,1,154
44,2025-11-21,1,155
44,2025-11-22,1,156
44,2025-11-25,1,157
44,2025-11-27,1,158
44,2025-12-02,1,159
44,2025-12-03,3,162
44,2025-12-04,1,163
44,2025-12-08,1,164
44,2025-12-09,3,167
44,2025-12-11,2,169
44,2025-12-12,1,170
44,2025-12-13,2,172
44,2025-12-14,2,174
44,2025-12-17,2,176
44,2025-12-18,1,177
44,2025-12-21,1,178
44,2025-12-22,1,179
44,2025-12-28,2,181
45,2025-01-03,1,1
45,2025-01-08,1,2
45,2025-01-09,1,3
45,2025-01-10,1,4
45,2025-01-11,1,5
45,2025-01-14,1,6
45,2025-01-19,2,8
45,2025-01-24,2,10
45,2025-02-03,1,11
45,2025-02-04,1,12
45,2025-02-05,1,13
45,2025-02-09,1,14
45,2025-02-10,1,15
45,2025-02-15,1,16
45,2025-02-17,1,17
45,2025-02-18,1,18
45,2025-02-20,1,19
45,2025-02-22,1,20
45,2025-02-23,2,22
45,2025-02-25,2,24
45,2025-02-28,1,25
45,2025-03-02,1,26
45,2025-03-03,2,28
45,2025-03-07,2,30
45,2025-03-13,1,31
45,2025-03-17,3,34
45,2025-03-23,1,35
45,2025-03-26,1,36
45,2025-03-30,2,38
45,2025-04-02,1,39
45,2025-04-03,1,40
45,2025-04-09,1,41
45,2025-04-11,1,42
45,2025-04-13,2,44
45,2025-04-17,1,45
45,2025-04-18,2,47
45,2025-04-20,1,48
45,2025-04-22,1,49
45,2025-04-23,1,50
45,2025-04-26,1,51
45,2025-04-30,1,52
45,2025-05-03,2,54
45,2025-05-04,1,55
45,2025-05-07,1,56
45,2025-05-15,2,58
45,2025-05-18,1,59
45,2025-05-20,1,60
45,2025-05-21,1,61
45,2025-05-24,1,62
45,2025-05-31,2,64
45,2025-06-04,1,65
45,2025-06-10,1,66
45,2025-06-12,1,67
45,2025-06-13,1,68
45,2025-06-14,1,69
45,2025-06-16,1,70
45,2025-06-18,2,72
45,2025-06-27,1,73
45,2025-07-04,2,75
45,2025-07-05,1,76
45,2025-07-09,1,77
45,2025-07-10,1,78
45,2025-07-12,1,79
45,2025-07-15,1,80
45,2025-07-18,1,81
45,2025-07-21,2,83
45,2025-07-24,2,85
45,2025-07-26,2,87
45,2025-07-28,1,88
45,2025-07-30,1,89
45,2025-07-31,1,90
45,2025-08-01,1,91
45,2025-08-05,2,93
45,2025-08-08,2,95
45,2025-08-09,1,96
45,2025-08-10,1,97
45,2025-08-12,1,98
45,2025-08-17,1,99
45,2025-08-21,1,100
45,2025-08-25,1,101
45,2025-08-27,5,106
45,2025-08-28,1,107
45,2025-08-29,3,110
45,2025-08-30,1,111
45,2025-09-08,1,112
45,2025-09-10,1,113
45,2025-09-14,2,115
45,2025-09-15,1,116
45,2025-09-17,1,117
45,2025-09-19,1,118
45,2025-09-21,1,119
45,2025-09-22,3,122
45,2025-09-28,1,123
45,2025-09-30,4,127
45,2025-10-03,1,128
45,2025-10-06,1,129
45,2025-10-07,1,130
45,2025-10-09,2,132
45,2025-10-12,1,133
45,2025-10-13,1,134
45,2025-10-15,3,137
45,2025-10-20,2,139
45,2025-10-21,1,140
45,2025-10-25,2,142
45,2025-10-26,1,143
45,2025-10-28,1,144
45,2025-10-29,1,145
45,2025-11-01,1,146
45,2025-11-03,1,147
45,2025-11-05,1,148
45,2025-11-08,1,149
45,2025-11-09,1,150
45,2025-11-11,3,153
45,2025-11-13,1,154
45,2025-11-22,3,157
45,2025-11-24,1,158
45,2025-11-25,1,159
45,2025-11-29,1,160
45,2025-11-30,2,162
45,2025-12-03,1,163
45,2025-12-04,1,164
45,2025-12-05,1,165
45,2025-12-06,1,166
45,2025-12-12,1,167
45,2025-12-15,1,168
45,2025-12-17,2,170
45,2025-12-20,1,171
45,2025-12-23,1,172
45,2025-12-24,1,173
45,2025-12-25,2,175
45,2025-12-27,1,176
46,2025-01-02,1,1
46,2025-01-08,1,2
46,2025-01-11,1,3
46,2025-01-16,1,4
46,2025-01-19,1,5
46,2025-01-20,1,6
46,2025-01-23,1,7
46,2025-01-24,1,8
46,2025-01-27,3,11
46,2025-01-28,1,12
46,2025-02-03,2,14
46,2025-02-04,2,16
46,2025-02-06,2,18
46,2025-02-07,1,19
46,2025-02-08,1,20
46,2025-02-09,1,21
46,2025-02-10,2,23
46,2025-02-13,1,24
46,2025-02-18,1,25
46,2025-02-22,2,27
46,2025-02-27,2,29
46,2025-02-28,4,33
46,2025-03-01,1,34
46,2025-03-03,2,36
46,2025-03-04,1,37
46,2025-03-08,2,39
46,2025-03-09,1,40
46,2025-03-10,2,42
46,2025-03-11,4,46
46,2025-03-12,1,47
46,2025-03-15,1,48
46,2025-03-21,1,49
46,2025-03-23,2,51
46,2025-03-24,2,53
46,2025-03-26,1,54
46,2025-03-29,3,57
46,2025-04-01,2,59
46,2025-04-02,1,60
46,2025-04-04,1,61
46,2025-04-08,1,62
46,2025-04-09,1,63
46,2025-04-11,1,64
46,2025-04-13,1,65
46,2025-04-14,1,66
46,2025-04-16,1,67
46,2025-04-17,1,68
46,2025-04-18,1,69
46,2025-04-25,1,70
46,2025-04-26,1,71
46,2025-05-01,4,75
46,2025-05-04,2,77
46,2025-05-05,1,78
46,2025-05-09,1,79
46,2025-05-11,1,80
46,2025-05-12,1,81
46,2025-05-13,1,82
46,2025-05-14,1,83
46,2025-05-21,1,84
46,2025-05-22,2,86
46,2025-05-23,1,87
46,2025-05-24,1,88
46,2025-05-26,1,89
46,2025-05-27,1,90
46,2025-05-29,2,92
46,2025-05-30,2,94
46,2025-05-31,1,95
46,2025-06-10,1,96
46,2025-06-11,2,98
46,2025-06-14,2,100
46,2025-06-26,1,101
46,2025-06-27,3,104
46,2025-06-30,1,105
46,2025-07-03,1,106
46,2025-07-05,1,107
46,2025-07-08,1,108
46,2025-07-11,1,109
46,2025-07-13,1,110
46,2025-07-18,1,111
46,2025-07-20,1,112
46,2025-07-21,1,113
46,2025-07-22,1,114
46,2025-07-23,1,115
46,2025-07-26,1,116
46,2025-07-27,1,117
46,2025-07-29,1,118
46,2025-07-31,1,119
46,2025-08-03,1,120
46,2025-08-06,1,121
46,2025-08-08,1,122
46,2025-08-14,1,123
46,2025-08-18,2,125
46,2025-08-19,2,127
46,2025-08-20,2,129
46,2025-08-21,1,130
46,2025-08-22,1,131
46,2025-08-23,2,133
46,2025-08-27,1,134
46,2025-08-30,1,135
46,2025-08-31,1,136
46,2025-09-03,1,137
46,2025-09-04,1,138
46,2025-09-09,2,140
46,2025-09-10,1,141
46,2025-09-11,1,142
46,2025-09-14,1,143
46,2025-09-16,1,144
46,2025-09-17,1,145
46,2025-09-21,2,147
46,2025-09-28,1,148
46,2025-09-29,2,150
46,2025-10-01,1,151
46,2025-10-02,1,152
46,2025-10-06,2,154
46,2025-10-09,1,155
46,2025-10-11,2,157
46,2025-10-13,1,158
46,2025-10-17,1,159
46,2025-10-18,1,160
46,2025-10-22,1,161
46,2025-10-24,2,163
46,2025-10-26,1,164
46,2025-10-27,1,165
46,2025-10-30,1,166
46,2025-11-06,1,167
46,2025-11-08,2,169
46,2025-11-09,1,170
46,2025-11-10,1,171
46,2025-11-15,1,172
46,2025-11-18,1,173
46,2025-11-20,1,174
46,2025-11-24,1,175
46,2025-11-25,2,177
46,2025-11-26,1,178
46,2025-11-30,1,179
46,2025-12-02,1,180
46,2025-12-03,1,181
46,2025-12-06,1,182
46,2025-12-08,1,183
46,2025-12-10,1,184
46,2025-12-12,2,186
46,2025-12-15,1,187
46,2025-12-16,1,188
46,2025-12-17,1,189
46,2025-12-18,1,190
46,2025-12-21,1,191
46,2025-12-22,1,192
46,2025-12-23,2,194
46,2025-12-24,1,195
46,2025-12-25,1,196
46,2025-12-29,1,197
47,2025-01-01,3,3
47,2025-01-04,1,4
47,2025-01-06,1,5
47,2025-01-07,1,6
47,2025-01-08,1,7
47,2025-01-10,1,8
47,2025-01-15,1,9
47,2025-01-16,1,10
47,2025-01-18,1,11
47,2025-01-21,2,13
47,2025-01-22,1,14
47,2025-01-23,2,16
47,2025-01-26,1,17
47,2025-01-29,1,18
47,2025-02-05,1,19
47,2025-02-08,1,20
47,2025-02-09,1,21
47,2025-02-11,1,22
47,2025-02-13,1,23
47,2025-02-15,1,24
47,2025-02-26,2,26
47,2025-03-01,1,27
47,2025-03-02,1,28
47,2025-03-04,1,29
47,2025-03-05,1,30
47,2025-03-06,1,31
47,2025-03-07,1,32
47,2025-03-08,2,34
47,2025-03-11,2,36
47,2025-03-12,1,37
47,2025-03-14,1,38
47,2025-03-15,1,39
47,2025-03-20,1,40
47,2025-03-22,4,44
47,2025-03-23,1,45
47,2025-03-24,1,46
47,2025-03-27,1,47
47,2025-03-30,2,49
47,2025-04-01,1,50
47,2025-04-04,1,51
47,2025-04-07,1,52
47,2025-04-09,1,53
47,2025-04-10,1,54
47,2025-04-11,1,55
47,2025-04-12,1,56
47,2025-04-15,1,57
47,2025-04-17,1,58
47,2025-04-20,1,59
47,2025-04-28,1,60
47,2025-04-29,2,62
47,2025-05-01,1,63
47,2025-05-03,1,64
47,2025-05-04,1,65
47,2025-05-05,2,67
47,2025-05-06,1,68
47,2025-05-07,1,69
47,2025-05-08,1,70
47,2025-05-09,1,71
47,2025-05-10,1,72
47,2025-05-12,1,73
47,2025-05-13,2,75
47,2025-05-15,1,76
47,2025-05-17,1,77
47,2025-05-20,2,79
47,2025-05-21,3,82
47,2025-05-22,1,83
47,2025-05-23,1,84
47,2025-05-24,1,85
47,2025-05-30,1,86
47,2025-05-31,1,87
47,2025-06-01,1,88
47,2025-06-02,1,89
47,2025-06-03,1,90
47,2025-06-04,1,91
47,2025-06-10,1,92
47,2025-06-11,1,93
47,2025-06-12,1,94
47,2025-06-13,2,96
47,2025-06-14,1,97
47,2025-06-17,1,98
47,2025-06-21,4,102
47,2025-06-22,1,103
47,2025-06-25,1,104
47,2025-06-29,1,105
47,2025-07-01,1,106
47,2025-07-02,1,107
47,2025-07-09,1,108
47,2025-07-11,1,109
47,2025-07-13,1,110
47,2025-07-15,1,111
47,2025-07-17,1,112
47,2025-07-19,1,113
47,2025-07-22,1,114
47,2025-07-24,1,115
47,2025-07-25,1,116
47,2025-07-26,1,117
47,2025-07-30,1,118
47,2025-07-31,1,119
47,2025-08-05,1,120
47,2025-08-07,3,123
47,2025-08-15,1,124
47,2025-08-18,1,125
47,2025-08-19,1,126
47,2025-08-20,3,129
47,2025-08-21,1,130
47,2025-08-23,1,131
47,2025-08-25,1,132
47,2025-08-26,2,134
47,2025-09-01,2,136
47,2025-09-05,1,137
47,2025-09-07,1,138
47,2025-09-08,1,139
47,2025-09-10,1,140
47,2025-09-14,1,141
47,2025-09-16,1,142
47,2025-09-17,1,143
47,2025-09-18,1,144
47,2025-09-19,1,145
47,2025-09-22,1,146
47,2025-09-25,1,147
47,2025-09-26,1,148
47,2025-10-02,2,150
47,2025-10-03,1,151
47,2025-10-05,1,152
47,2025-10-07,1,153
47,2025-10-08,2,155
47,2025-10-18,2,157
47,2025-10-19,1,158
47,2025-10-21,1,159
47,2025-10-24,1,160
47,2025-10-26,1,161
47,2025-10-28,1,162
47,2025-10-29,1,163
47,2025-10-30,1,164
47,2025-10-31,3,167
47,2025-11-01,1,168
47,2025-11-02,2,170
47,2025-11-10,1,171
47,2025-11-11,2,173
47,2025-11-13,1,174
47,2025-11-14,2,176
47,2025-11-17,1,177
47,2025-11-18,1,178
47,2025-11-19,1,179
47,2025-11-20,1,180
47,2025-11-21,1,181
47,2025-11-22,2,183
47,2025-11-23,1,184
47,2025-11-26,1,185
47,2025-11-29,1,186
47,2025-12-03,1,187
47,2025-12-04,1,188
47,2025-12-05,1,189
47,2025-12-08,1,190
47,2025-12-09,1,191
47,2025-12-10,1,192
47,2025-12-12,1,193
47,2025-12-15,1,194
47,2025-12-16,1,195
47,2025-12-17,3,198
47,2025-12-18,1,199
47,2025-12-19,1,200
47,2025-12-21,1,201
47,2025-12-22,1,202
47,2025-12-24,1,203
47,2025-12-25,1,204
47,2025-12-26,1,205
47,2025-12-30,1,206
48,2025-01-01,1,1
48,2025-01-04,1,2
48,2025-01-05,1,3
48,2025-01-08,2,5
48,2025-01-11,1,6
48,2025-01-12,2,8
48,2025-01-14,1,9
48,2025-01-16,3,12
48,2025-01-17,1,13
48,2025-01-19,1,14
48,2025-01-25,1,15
48,2025-02-01,1,16
48,2025-02-02,1,17
48,2025-02-03,1,18
48,2025-02-09,2,20
48,2025-02-10,1,21
48,2025-02-12,2,23
48,2025-02-16,1,24
48,2025-02-18,1,25
48,2025-02-20,1,26
48,2025-02-22,2,28
48,2025-02-23,2,30
48,2025-02-24,1,31
48,2025-02-26,1,32
48,2025-02-27,2,34
48,2025-03-01,1,35
48,2025-03-03,1,36
48,2025-03-04,2,38
48,2025-03-06,3,41
48,2025-03-07,1,42
48,2025-03-09,3,45
48,2025-03-10,1,46
48,2025-03-14,1,47
48,2025-03-15,1,48
48,2025-03-16,2,50
48,2025-03-17,1,51
48,2025-03-18,1,52
48,2025-03-21,1,53
48,2025-03-23,1,54
48,2025-03-24,1,55
48,2025-03-28,1,56
48,2025-03-30,1,57
48,2025-03-31,1,58
48,2025-04-05,1,59
48,2025-04-07,1,60
48,2025-04-09,1,61
48,2025-04-12,1,62
48,2025-04-15,2,64
48,2025-04-17,1,65
48,2025-04-20,1,66
48,2025-04-22,1,67
48,2025-05-02,1,68
48,2025-05-03,3,71
48,2025-05-06,1,72
48,2025-05-08,1,73
48,2025-05-11,1,74
48,2025-05-13,1,75
48,2025-05-14,2,77
48,2025-05-17,2,79
48,2025-05-18,1,80
48,2025-05-19,1,81
48,2025-05-20,1,82
48,2025-05-25,2,84
48,2025-05-26,1,85
48,2025-05-30,3,88
48,2025-06-01,3,91
48,2025-06-05,1,92
48,2025-06-07,2,94
48,2025-06-09,2,96
48,2025-06-17,1,97
48,2025-06-19,1,98
48,2025-06-20,1,99
48,2025-06-23,3,102
48,2025-06-25,1,103
48,2025-06-26,2,105
48,2025-06-27,2,107
48,2025-07-03,2,109
48,2025-07-07,2,111
48,2025-07-09,1,112
48,2025-07-11,1,113
48,2025-07-14,1,114
48,2025-07-15,2,116
48,2025-07-16,1,117
48,2025-07-18,2,119
48,2025-07-19,2,121
48,2025-07-26,1,122
48,2025-07-28,1,123
48,2025-07-30,1,124
48,2025-08-01,1,125
48,2025-08-02,1,126
48,2025-08-06,1,127
48,2025-08-09,1,128
48,2025-08-10,1,129
48,2025-08-13,2,131
48,2025-08-14,1,132
48,2025-08-15,1,133
48,2025-08-17,1,134
48,2025-08-19,1,135
48,2025-08-21,1,136
48,2025-08-23,1,137
48,2025-08-24,1,138
48,2025-08-28,1,139
48,2025-08-29,1,140
48,2025-09-03,1,141
48,2025-09-05,1,142
48,2025-09-06,1,143
48,2025-09-15,2,145
48,2025-09-17,2,147
48,2025-09-20,2,149
48,2025-09-22,1,150
48,2025-09-23,1,151
48,2025-09-27,1,152
48,2025-09-30,1,153
48,2025-10-01,2,155
48,2025-10-02,1,156
48,2025-10-03,1,157
48,2025-10-04,1,158
48,2025-10-05,1,159
48,2025-10-06,1,160
48,2025-10-07,1,161
48,2025-10-08,1,162
48,2025-10-09,1,163
48,2025-10-28,1,164
48,2025-10-29,1,165
48,2025-11-01,2,167
48,2025-11-02,1,168
48,2025-11-07,1,169
48,2025-11-08,2,171
48,2025-11-09,1,172
48,2025-11-17,2,174
48,2025-11-21,1,175
48,2025-11-23,1,176
48,2025-11-27,1,177
48,2025-11-30,1,178
48,2025-12-01,1,179
48,2025-12-04,1,180
48,2025-12-08,1,181
48,2025-12-11,1,182
48,2025-12-15,1,183
48,2025-12-18,1,184
48,2025-12-20,1,185
48,2025-12-22,2,187
48,2025-12-23,1,188
48,2025-12-27,1,189
48,2025-12-29,1,190
49,2025-01-02,1,1
49,2025-01-03,1,2
49,2025-01-06,1,3
49,2025-01-11,3,6
49,2025-01-14,1,7
49,2025-01-15,1,8
49,2025-01-21,1,9
49,2025-01-27,1,10
49,2025-01-29,1,11
49,2025-01-31,1,12
49,2025-02-02,1,13
49,2025-02-04,1,14
49,2025-02-09,1,15
49,2025-02-15,1,16
49,2025-02-16,1,17
49,2025-02-17,1,18
49,2025-02-18,1,19
49,2025-02-20,1,20
49,2025-02-21,1,21
49,2025-02-23,2,23
49,2025-02-26,1,24
49,2025-03-02,1,25
49,2025-03-04,1,26
49,2025-03-05,2,28
49,2025-03-07,1,29
49,2025-03-13,2,31
49,2025-03-16,1,32
49,2025-03-27,2,34
49,2025-03-28,1,35
49,2025-03-29,1,36
49,2025-03-30,1,37
49,2025-03-31,1,38
49,2025-04-03,1,39
49,2025-04-06,2,41
49,2025-04-07,1,42
49,2025-04-09,1,43
49,2025-04-11,1,44
49,2025-04-14,1,45
49,2025-04-16,1,46
49,2025-04-18,1,47
49,2025-04-23,1,48
49,2025-04-24,1,49
49,2025-04-26,1,50
49,2025-04-29,1,51
49,2025-04-30,1,52
49,2025-05-01,1,53
49,2025-05-03,1,54
49,2025-05-05,2,56
49,2025-05-08,1,57
49,2025-05-10,1,58
49,2025-05-11,2,60
49,2025-05-12,1,61
49,2025-05-17,1,62
49,2025-05-22,1,63
49,2025-05-23,1,64
49,2025-05-24,1,65
49,2025-05-31,1,66
49,2025-06-10,1,67
49,2025-06-14,2,69
49,2025-06-15,1,70
49,2025-06-19,1,71
49,2025-06-20,1,72
49,2025-06-21,1,73
49,2025-06-22,1,74
49,2025-06-23,2,76
49,2025-06-25,1,77
49,2025-07-01,1,78
49,2025-07-06,1,79
49,2025-07-10,1,80
49,2025-07-15,1,81
49,2025-07-21,1,82
49,2025-07-24,1,83
49,2025-07-25,1,84
49,2025-07-27,1,85
49,2025-07-29,1,86
49,2025-07-31,1,87
49,2025-08-03,3,90
49,2025-08-06,1,91
49,2025-08-09,1,92
49,2025-08-10,1,93
49,2025-08-11,1,94
49,2025-08-12,1,95
49,2025-08-14,1,96
49,2025-08-19,1,97
49,2025-08-20,1,98
49,2025-08-31,2,100
49,2025-09-02,1,101
49,2025-09-05,2,103
49,2025-09-06,1,104
49,2025-09-09,2,106
49,2025-09-12,1,107
49,2025-09-14,1,108
49,2025-09-15,2,110
49,2025-09-17,1,111
49,2025-09-18,2,113
49,2025-09-23,1,114
49,2025-09-28,1,115
49,2025-09-29,1,116
49,2025-10-01,1,117
49,2025-10-02,1,118
49,2025-10-03,1,119
49,2025-10-04,2,121
49,2025-10-05,1,122
49,2025-10-07,1,123
49,2025-10-10,1,124
49,2025-10-12,1,125
49,2025-10-13,1,126
49,2025-10-14,1,127
49,2025-10-16,2,129
49,2025-10-17,1,130
49,2025-10-18,1,131
49,2025-10-19,1,132
49,2025-10-22,1,133
49,2025-10-25,2,135
49,2025-10-26,1,136
49,2025-10-27,1,137
49,2025-10-28,1,138
49,2025-10-31,1,139
49,2025-11-02,1,140
49,2025-11-03,1,141
49,2025-11-04,1,142
49,2025-11-06,1,143
49,2025-11-08,1,144
49,2025-11-09,1,145
49,2025-11-12,1,146
49,2025-11-13,2,148
49,2025-11-15,1,149
49,2025-11-18,1,150
49,2025-11-19,2,152
49,2025-11-23,1,153
49,2025-11-24,1,154
49,2025-11-28,1,155
49,2025-11-29,1,156
49,2025-12-05,2,158
49,2025-12-06,1,159
49,2025-12-07,1,160
49,2025-12-08,1,161
49,2025-12-09,1,162
49,2025-12-11,1,163
49,2025-12-12,1,164
49,2025-12-21,1,165
49,2025-12-22,1,166
49,2025-12-23,1,167
49,2025-12-26,1,168
49,2025-12-28,2,170
49,2025-12-29,1,171
50,2025-01-01,2,2
50,2025-01-02,1,3
50,2025-01-03,1,4
50,2025-01-06,1,5
50,2025-01-07,1,6
50,2025-01-10,1,7
50,2025-01-13,1,8
50,2025-01-17,2,10
50,2025-01-18,1,11
50,2025-01-22,1,12
50,2025-01-23,1,13
50,2025-01-29,1,14
50,2025-02-02,1,15
50,2025-02-04,2,17
50,2025-02-05,1,18
50,2025-02-07,2,20
50,2025-02-09,1,21
50,2025-02-14,1,22
50,2025-02-15,1,23
50,2025-02-17,1,24
50,2025-02-19,1,25
50,2025-02-21,1,26
50,2025-02-24,1,27
50,2025-02-27,1,28
50,2025-02-28,1,29
50,2025-03-02,1,30
50,2025-03-03,2,32
50,2025-03-04,5,37
50,2025-03-05,2,39
50,2025-03-06,1,40
50,2025-03-08,1,41
50,2025-03-10,1,42
50,2025-03-13,1,43
50,2025-03-20,1,44
50,2025-03-21,1,45
50,2025-03-25,1,46
50,2025-03-26,2,48
50,2025-03-31,1,49
50,2025-04-07,1,50
50,2025-04-10,2,52
50,2025-04-11,1,53
50,2025-04-14,2,55
50,2025-04-17,1,56
50,2025-04-24,1,57
50,2025-04-25,1,58
50,2025-04-26,1,59
50,2025-04-29,1,60
50,2025-05-08,1,61
50,2025-05-09,1,62
50,2025-05-14,1,63
50,2025-05-16,1,64
50,2025-05-18,1,65
50,2025-05-19,1,66
50,2025-05-21,1,67
50,2025-05-22,1,68
50,2025-05-27,2,70
50,2025-05-29,1,71
50,2025-05-30,3,74
50,2025-05-31,1,75
50,2025-06-02,1,76
50,2025-06-05,1,77
50,2025-06-06,1,78
50,2025-06-07,1,79
50,2025-06-11,1,80
50,2025-06-20,2,82
50,2025-06-23,1,83
50,2025-06-25,2,85
50,2025-06-27,2,87
50,2025-06-28,2,89
50,2025-06-29,1,90
50,2025-07-05,1,91
50,2025-07-10,2,93
50,2025-07-15,1,94
50,2025-07-17,1,95
50,2025-07-21,1,96
50,2025-07-24,2,98
50,2025-07-30,1,99
50,2025-07-31,1,100
50,2025-08-01,3,103
50,2025-08-09,1,104
50,2025-08-14,1,105
50,2025-08-16,1,106
50,2025-08-23,1,107
50,2025-08-24,2,109
50,2025-08-29,1,110
50,2025-08-30,3,113
50,2025-09-02,1,114
50,2025-09-03,1,115
50,2025-09-04,1,116
50,2025-09-05,1,117
50,2025-09-08,1,118
50,2025-09-12,2,120
50,2025-09-16,1,121
50,2025-09-17,1,122
50,2025-09-18,1,123
50,2025-09-20,2,125
50,2025-09-24,1,126
50,2025-09-26,1,127
50,2025-09-29,1,128
50,2025-10-03,1,129
50,2025-10-04,1,130
50,2025-10-08,1,131
50,2025-10-09,1,132
50,2025-10-12,1,133
50,2025-10-16,1,134
50,2025-10-22,1,135
50,2025-10-24,2,137
50,2025-10-29,1,138
50,2025-10-30,1,139
50,2025-11-01,1,140
50,2025-11-03,1,141
50,2025-11-05,1,142
50,2025-11-06,1,143
50,2025-11-09,1,144
50,2025-11-13,1,145
50,2025-11-18,2,147
50,2025-11-20,2,149
50,2025-11-21,2,151
50,2025-11-22,1,152
50,2025-11-27,1,153
50,2025-11-29,1,154
50,2025-12-01,1,155
50,2025-12-02,2,157
50,2025-12-07,1,158
50,2025-12-09,1,159
50,2025-12-10,2,161
50,2025-12-11,4,165
50,2025-12-12,1,166
50,2025-12-14,1,167
50,2025-12-15,2,169
50,2025-12-17,1,170
50,2025-12-18,1,171
50,2025-12-20,1,172
50,2025-12-22,1,173
50,2025-12-23,1,174
50,2025-12-27,1,175
50,2025-12-30,1,176
51,2025-01-01,1,1
51,2025-01-02,1,2
51,2025-01-03,1,3
51,2025-01-04,3,6
51,2025-01-05,1,7
51,2025-01-07,1,8
51,2025-01-09,2,10
51,2025-01-11,1,11
51,2025-01-13,2,13
51,2025-01-16,2,15
51,2025-01-20,1,16
51,2025-01-22,2,18
51,2025-01-24,1,19
51,2025-01-27,1,20
51,2025-01-28,1,21
51,2025-01-29,2,23
51,2025-02-01,2,25
51,2025-02-02,1,26
51,2025-02-06,2,28
51,2025-02-08,2,30
51,2025-02-09,1,31
51,2025-02-14,1,32
51,2025-02-16,2,34
51,2025-02-22,1,35
51,2025-02-25,1,36
51,2025-02-28,1,37
51,2025-03-02,1,38
51,2025-03-07,1,39
51,2025-03-08,2,41
51,2025-03-16,1,42
51,2025-03-18,1,43
51,2025-03-19,1,44
51,2025-03-21,1,45
51,2025-03-26,1,46
51,2025-03-27,1,47
51,2025-04-06,1,48
51,2025-04-07,1,49
51,2025-04-09,1,50
51,2025-04-11,1,51
51,2025-04-13,2,53
51,2025-04-16,1,54
51,2025-04-17,1,55
51,2025-04-18,1,56
51,2025-04-23,1,57
51,2025-04-24,1,58
51,2025-04-25,1,59
51,2025-04-29,1,60
51,2025-05-02,1,61
51,2025-05-08,1,62
51,2025-05-11,1,63
51,2025-05-14,1,64
51,2025-05-17,1,65
51,2025-05-18,1,66
51,2025-05-20,1,67
51,2025-05-25,2,69
51,2025-05-27,1,70
51,2025-05-28,1,71
51,2025-05-30,2,73
51,2025-05-31,2,75
51,2025-06-02,1,76
51,2025-06-05,1,77
51,2025-06-06,2,79
51,2025-06-12,1,80
51,2025-06-16,3,83
51,2025-06-17,1,84
51,2025-06-19,1,85
51,2025-06-24,1,86
51,2025-06-25,1,87
51,2025-06-26,1,88
51,2025-06-28,2,90
51,2025-06-30,3,93
51,2025-07-01,1,94
51,2025-07-10,1,95
51,2025-07-15,1,96
51,2025-07-17,1,97
51,2025-07-18,1,98
51,2025-07-19,1,99
51,2025-07-22,1,100
51,2025-07-23,3,103
51,2025-07-24,1,104
51,2025-07-25,1,105
51,2025-07-26,1,106
51,2025-07-27,1,107
51,2025-08-04,2,109
51,2025-08-05,1,110
51,2025-08-06,2,112
51,2025-08-09,2,114
51,2025-08-14,1,115
51,2025-08-19,1,116
51,2025-08-20,1,117
51,2025-08-21,1,118
51,2025-08-23,1,119
51,2025-08-24,1,120
51,2025-08-31,1,121
51,2025-09-02,1,122
51,2025-09-03,1,123
51,2025-09-04,1,124
51,2025-09-06,1,125
51,2025-09-11,1,126
51,2025-09-13,1,127
51,2025-09-15,1,128
51,2025-09-19,1,129
51,2025-09-21,1,130
51,2025-09-23,3,133
51,2025-09-25,1,134
51,2025-09-26,1,135
51,2025-09-27,2,137
51,2025-09-28,1,138
51,2025-10-01,2,140
51,2025-10-02,1,141
51,2025-10-05,1,142
51,2025-10-06,1,143
51,2025-10-07,1,144
51,2025-10-08,1,145
51,2025-10-09,1,146
51,2025-10-12,1,147
51,2025-10-20,1,148
51,2025-10-21,1,149
51,2025-10-23,1,150
51,2025-10-24,1,151
51,2025-10-25,1,152
51,2025-10-27,3,155
51,2025-10-28,1,156
51,2025-10-30,1,157
51,2025-10-31,3,160
51,2025-11-01,1,161
51,2025-11-04,1,162
51,2025-11-06,1,163
51,2025-11-09,1,164
51,2025-11-10,1,165
51,2025-11-11,1,166
51,2025-11-13,3,169
51,2025-11-14,1,170
51,2025-11-15,1,171
51,2025-11-18,1,172
51,2025-11-19,1,173
51,2025-11-21,2,175
51,2025-11-22,1,176
51,2025-11-23,1,177
51,2025-11-24,1,178
51,2025-11-28,1,179
51,2025-12-01,1,180
51,2025-12-05,2,182
51,2025-12-08,2,184
51,2025-12-10,1,185
51,2025-12-14,2,187
51,2025-12-18,2,189
51,2025-12-19,1,190
51,2025-12-28,1,191
51,2025-12-29,1,192
52,2025-01-01,1,1
52,2025-01-02,2,3
52,2025-01-05,1,4
52,2025-01-07,1,5
52,2025-01-08,1,6
52,2025-01-09,1,7
52,2025-01-10,1,8
52,2025-01-11,1,9
52,2025-01-18,1,10
52,2025-01-19,2,12
52,2025-01-20,1,13
52,2025-01-31,1,14
52,2025-02-02,1,15
52,2025-02-03,1,16
52,2025-02-08,4,20
52,2025-02-11,1,21
52,2025-02-12,1,22
52,2025-02-14,1,23
52,2025-02-18,1,24
52,2025-02-24,1,25
52,2025-02-26,1,26
52,2025-02-27,2,28
52,2025-02-28,1,29
52,2025-03-01,1,30
52,2025-03-05,1,31
52,2025-03-06,1,32
52,2025-03-08,1,33
52,2025-03-11,1,34
52,2025-03-14,1,35
52,2025-03-15,2,37
52,2025-03-16,2,39
52,2025-03-17,1,40
52,2025-03-18,1,41
52,2025-03-21,1,42
52,2025-03-22,1,43
52,2025-03-23,1,44
52,2025-03-24,1,45
52,2025-03-29,1,46
52,2025-04-04,1,47
52,2025-04-11,1,48
52,2025-04-12,1,49
52,2025-04-14,1,50
52,2025-04-16,1,51
52,2025-04-17,1,52
52,2025-04-22,1,53
52,2025-04-24,1,54
52,2025-04-26,1,55
52,2025-04-30,2,57
52,2025-05-01,1,58
52,2025-05-05,1,59
52,2025-05-09,1,60
52,2025-05-14,1,61
52,2025-05-15,1,62
52,2025-05-16,3,65
52,2025-05-19,1,66
52,2025-05-22,1,67
52,2025-05-23,3,70
52,2025-05-24,2,72
52,2025-05-25,3,75
52,2025-05-31,1,76
52,2025-06-01,1,77
52,2025-06-02,1,78
52,2025-06-03,1,79
52,2025-06-05,1,80
52,2025-06-09,2,82
52,2025-06-13,1,83
52,2025-06-17,1,84
52,2025-06-22,2,86
52,2025-06-27,1,87
52,2025-06-30,1,88
52,2025-07-01,1,89
52,2025-07-05,1,90
52,2025-07-07,1,91
52,2025-07-11,2,93
52,2025-07-16,1,94
52,2025-07-17,1,95
52,2025-07-18,1,96
52,2025-07-21,2,98
52,2025-07-24,1,99
52,2025-07-28,1,100
52,2025-07-30,1,101
52,2025-07-31,1,102
52,2025-08-03,2,104
52,2025-08-11,2,106
52,2025-08-13,2,108
52,2025-08-16,1,109
52,2025-08-19,2,111
52,2025-08-20,3,114
52,2025-08-29,2,116
52,2025-09-02,1,117
52,2025-09-03,1,118
52,2025-09-04,1,119
52,2025-09-10,1,120
52,2025-09-12,1,121
52,2025-09-15,1,122
52,2025-09-20,1,123
52,2025-09-21,2,125
52,2025-09-24,1,126
52,2025-09-25,1,127
52,2025-09-27,1,128
52,2025-09-30,1,129
52,2025-10-03,1,130
52,2025-10-07,1,131
52,2025-10-08,2,133
52,2025-10-09,1,134
52,2025-10-11,1,135
52,2025-10-15,1,136
52,2025-10-16,1,137
52,2025-10-17,1,138
52,2025-10-18,1,139
52,2025-10-19,1,140
52,2025-10-23,1,141
52,2025-10-24,2,143
52,2025-10-26,1,144
52,2025-10-29,1,145
52,2025-10-31,1,146
52,2025-11-04,1,147
52,2025-11-05,1,148
52,2025-11-11,2,150
52,2025-11-14,1,151
52,2025-11-16,1,152
52,2025-11-18,1,153
52,2025-11-20,3,156
52,2025-11-22,1,157
52,2025-11-25,2,159
52,2025-11-26,1,160
52,2025-11-27,1,161
52,2025-11-28,1,162
52,2025-11-29,1,163
52,2025-11-30,2,165
52,2025-12-01,1,166
52,2025-12-05,1,167
52,2025-12-07,1,168
52,2025-12-08,1,169
52,2025-12-09,1,170
52,2025-12-15,1,171
52,2025-12-17,1,172
52,2025-12-20,1,173
52,2025-12-22,1,174
52,2025-12-23,1,175
52,2025-12-28,1,176
52,2025-12-29,2,178
53,2025-01-01,1,1
53,2025-01-02,1,2
53,2025-01-05,2,4
53,2025-01-07,2,6
53,2025-01-09,1,7
53,2025-01-11,2,9
53,2025-01-12,1,10
53,2025-01-13,1,11
53,2025-01-15,1,12
53,2025-01-20,1,13
53,2025-01-27,1,14
53,2025-01-30,1,15
53,2025-02-07,1,16
53,2025-02-09,3,19
53,2025-02-11,1,20
53,2025-02-13,2,22
53,2025-02-16,1,23
53,2025-02-18,1,24
53,2025-02-19,1,25
53,2025-02-20,2,27
53,2025-02-27,1,28
53,2025-03-01,1,29
53,2025-03-06,1,30
53,2025-03-07,1,31
53,2025-03-09,1,32
53,2025-03-12,1,33
53,2025-03-18,1,34
53,2025-03-19,1,35
53,2025-03-20,1,36
53,2025-03-21,1,37
53,2025-03-23,1,38
53,2025-03-25,2,40
53,2025-03-27,2,42
53,2025-03-28,1,43
53,2025-04-02,1,44
53,2025-04-03,3,47
53,2025-04-05,1,48
53,2025-04-09,1,49
53,2025-04-11,1,50
53,2025-04-13,1,51
53,2025-04-14,2,53
53,2025-04-18,1,54
53,2025-04-20,1,55
53,2025-04-21,2,57
53,2025-04-25,1,58
53,2025-04-27,1,59
53,2025-04-29,2,61
53,2025-04-30,2,63
53,2025-05-03,1,64
53,2025-05-04,1,65
53,2025-05-05,1,66
53,2025-05-06,2,68
53,2025-05-09,1,69
53,2025-05-10,1,70
53,2025-05-13,2,72
53,2025-05-20,4,76
53,2025-05-23,1,77
53,2025-05-30,1,78
53,2025-06-01,1,79
53,2025-06-02,1,80
53,2025-06-03,1,81
53,2025-06-05,1,82
53,2025-06-08,1,83
53,2025-06-09,1,84
53,2025-06-12,1,85
53,2025-06-16,1,86
53,2025-06-18,2,88
53,2025-06-20,2,90
53,2025-06-23,1,91
53,2025-06-24,2,93
53,2025-06-28,1,94
53,2025-06-30,1,95
53,2025-07-02,1,96
53,2025-07-05,1,97
53,2025-07-06,1,98
53,2025-07-09,2,100
53,2025-07-11,1,101
53,2025-07-12,1,102
53,2025-07-14,1,103
53,2025-07-20,1,104
53,2025-07-28,2,106
53,2025-07-29,1,107
53,2025-07-30,1,108
53,2025-07-31,2,110
53,2025-08-02,1,111
53,2025-08-03,1,112
53,2025-08-04,1,113
53,2025-08-08,1,114
53,2025-08-10,2,116
53,2025-08-12,1,117
53,2025-08-19,1,118
53,2025-08-20,2,120
53,2025-08-21,1,121
53,2025-08-23,1,122
53,2025-08-28,1,123
53,2025-08-30,2,125
53,2025-09-01,1,126
53,2025-09-03,1,127
53,2025-09-04,1,128
53,2025-09-05,1,129
53,2025-09-11,1,130
53,2025-09-12,2,132
53,2025-09-13,1,133
53,2025-09-14,1,134
53,2025-09-16,1,135
53,2025-09-21,1,136
53,2025-09-24,1,137
53,2025-09-27,1,138
53,2025-09-28,2,140
53,2025-10-03,1,141
53,2025-10-04,1,142
53,2025-10-05,1,143
53,2025-10-10,1,144
53,2025-10-11,2,146
53,2025-10-13,1,147
53,2025-10-19,2,149
53,2025-10-21,2,151
53,2025-10-27,2,153
53,2025-10-28,1,154
53,2025-10-29,1,155
53,2025-10-30,2,157
53,2025-11-03,1,158
53,2025-11-05,2,160
53,2025-11-06,1,161
53,2025-11-11,1,162
53,2025-11-13,1,163
53,2025-11-17,2,165
53,2025-11-18,1,166
53,2025-11-23,1,167
53,2025-11-24,1,168
53,2025-11-28,1,169
53,2025-11-29,1,170
53,2025-12-02,1,171
53,2025-12-03,1,172
53,2025-12-08,2,174
53,2025-12-09,1,175
53,2025-12-10,1,176
53,2025-12-11,1,177
53,2025-12-12,2,179
53,2025-12-13,1,180
53,2025-12-14,1,181
53,2025-12-16,3,184
53,2025-12-19,1,185
53,2025-12-24,3,188
53,2025-12-25,1,189
53,2025-12-29,1,190
54,2025-01-05,2,2
54,2025-01-06,1,3
54,2025-01-07,2,5
54,2025-01-10,1,6
54,2025-01-11,2,8
54,2025-01-15,1,9
54,2025-01-17,2,11
54,2025-01-21,1,12
54,2025-01-25,1,13
54,2025-01-27,1,14
54,2025-01-28,1,15
54,2025-02-02,1,16
54,2025-02-04,1,17
54,2025-02-05,1,18
54,2025-02-08,1,19
54,2025-02-15,1,20
54,2025-02-17,1,21
54,2025-02-19,2,23
54,2025-02-20,1,24
54,2025-02-22,1,25
54,2025-02-25,1,26
54,2025-02-26,1,27
54,2025-02-28,1,28
54,2025-03-02,1,29
54,2025-03-03,1,30
54,2025-03-05,1,31
54,2025-03-08,1,32
54,2025-03-10,1,33
54,2025-03-11,2,35
54,2025-03-12,1,36
54,2025-03-15,3,39
54,2025-03-17,1,40
54,2025-03-22,1,41
54,2025-03-24,1,42
54,2025-03-27,1,43
54,2025-03-29,1,44
54,2025-04-01,1,45
54,2025-04-03,1,46
54,2025-04-04,1,47
54,2025-04-08,1,48
54,2025-04-11,1,49
54,2025-04-15,2,51
54,2025-04-16,1,52
54,2025-04-18,1,53
54,2025-04-20,1,54
54,2025-04-21,1,55
54,2025-04-22,1,56
54,2025-04-26,1,57
54,2025-04-29,1,58
54,2025-05-03,1,59
54,2025-05-08,1,60
54,2025-05-13,2,62
54,2025-05-14,1,63
54,2025-05-15,1,64
54,2025-05-18,1,65
54,2025-05-19,1,66
54,2025-05-20,1,67
54,2025-05-25,1,68
54,2025-05-27,1,69
54,2025-05-28,1,70
54,2025-05-30,1,71
54,2025-06-01,1,72
54,2025-06-05,1,73
54,2025-06-10,1,74
54,2025-06-12,2,76
54,2025-06-13,1,77
54,2025-06-17,1,78
54,2025-06-20,1,79
54,2025-06-23,1,80
54,2025-06-25,1,81
54,2025-06-28,2,83
54,2025-07-01,1,84
54,2025-07-02,2,86
54,2025-07-12,1,87
54,2025-07-13,1,88
54,2025-07-18,1,89
54,2025-07-20,1,90
54,2025-07-23,1,91
54,2025-07-26,1,92
54,2025-07-27,1,93
54,2025-07-29,2,95
54,2025-07-30,1,96
54,2025-08-01,2,98
54,2025-08-03,1,99
54,2025-08-07,1,100
54,2025-08-08,2,102
54,2025-08-13,1,103
54,2025-08-15,1,104
54,2025-08-16,1,105
54,2025-08-17,1,106
54,2025-08-18,1,107
54,2025-08-20,1,108
54,2025-08-21,1,109
54,2025-08-22,2,111
54,2025-08-30,1,112
54,2025-08-31,2,114
54,2025-09-04,1,115
54,2025-09-07,1,116
54,2025-09-08,1,117
54,2025-09-10,2,119
54,2025-09-11,1,120
54,2025-09-17,1,121
54,2025-09-20,1,122
54,2025-09-25,1,123
54,2025-09-28,1,124
54,2025-09-30,1,125
54,2025-10-03,1,126
54,2025-10-10,1,127
54,2025-10-12,1,128
54,2025-10-13,1,129
54,2025-10-14,1,130
54,2025-10-16,2,132
54,2025-10-17,2,134
54,2025-10-18,1,135
54,2025-10-20,1,136
54,2025-10-21,1,137
54,2025-10-23,1,138
54,2025-10-24,1,139
54,2025-10-26,1,140
54,2025-10-29,2,142
54,2025-11-01,1,143
54,2025-11-04,1,144
54,2025-11-05,1,145
54,2025-11-06,2,147
54,2025-11-08,1,148
54,2025-11-11,1,149
54,2025-11-13,1,150
54,2025-11-18,1,151
54,2025-11-21,2,153
54,2025-11-22,1,154
54,2025-11-26,1,155
54,2025-11-27,1,156
54,2025-11-29,1,157
54,2025-12-02,1,158
54,2025-12-05,2,160
54,2025-12-07,1,161
54,2025-12-10,1,162
54,2025-12-14,1,163
54,2025-12-17,1,164
54,2025-12-21,1,165
54,2025-12-22,2,167
54,2025-12-24,1,168
54,2025-12-26,1,169
54,2025-12-27,2,171
54,2025-12-30,1,172
55,2025-01-01,2,2
55,2025-01-03,1,3
55,2025-01-06,1,4
55,2025-01-09,2,6
55,2025-01-19,1,7
55,2025-01-25,1,8
55,2025-01-26,1,9
55,2025-01-27,1,10
55,2025-01-28,1,11
55,2025-01-30,1,12
55,2025-02-02,1,13
55,2025-02-03,2,15
55,2025-02-09,1,16
55,2025-02-11,2,18
55,2025-02-15,1,19
55,2025-02-18,2,21
55,2025-03-05,1,22
55,2025-03-09,3,25
55,2025-03-10,2,27
55,2025-03-13,1,28
55,2025-03-16,2,30
55,2025-03-17,1,31
55,2025-03-18,1,32
55,2025-03-19,1,33
55,2025-03-22,1,34
55,2025-03-25,1,35
55,2025-03-27,1,36
55,2025-03-31,1,37
55,2025-04-02,3,40
55,2025-04-03,2,42
55,2025-04-06,1,43
55,2025-04-10,2,45
55,2025-04-12,1,46
55,2025-04-13,3,49
55,2025-04-16,2,51
55,2025-04-19,1,52
55,2025-04-23,1,53
55,2025-04-24,1,54
55,2025-04-26,2,56
55,2025-05-02,1,57
55,2025-05-06,1,58
55,2025-05-19,2,60
55,2025-05-22,1,61
55,2025-05-23,1,62
55,2025-05-26,1,63
55,2025-05-29,1,64
55,2025-05-30,1,65
55,2025-06-03,1,66
55,2025-06-06,1,67
55,2025-06-08,2,69
55,2025-06-11,1,70
55,2025-06-12,1,71
55,2025-06-13,1,72
55,2025-06-17,3,75
55,2025-06-18,1,76
55,2025-06-20,1,77
55,2025-06-21,1,78
55,2025-06-24,1,79
55,2025-06-25,1,80
55,2025-06-26,2,82
55,2025-06-28,1,83
55,2025-07-01,3,86
55,2025-07-07,2,88
55,2025-07-09,1,89
55,2025-07-10,1,90
55,2025-07-12,1,91
55,2025-07-13,1,92
55,2025-07-14,1,93
55,2025-07-19,2,95
55,2025-07-21,1,96
55,2025-07-22,1,97
55,2025-07-23,1,98
55,2025-07-26,1,99
55,2025-07-29,1,100
55,2025-07-30,1,101
55,2025-08-02,1,102
55,2025-08-03,1,103
55,2025-08-08,1,104
55,2025-08-09,1,105
55,2025-08-11,1,106
55,2025-08-19,2,108
55,2025-08-25,1,109
55,2025-08-26,1,110
55,2025-08-27,1,111
55,2025-08-30,1,112
55,2025-09-01,1,113
55,2025-09-05,1,114
55,2025-09-06,1,115
55,2025-09-07,1,116
55,2025-09-08,2,118
55,2025-09-11,1,119
55,2025-09-15,1,120
55,2025-09-17,1,121
55,2025-09-19,1,122
55,2025-09-20,1,123
55,2025-09-21,1,124
55,2025-09-25,1,125
55,2025-09-28,1,126
55,2025-09-29,1,127
55,2025-09-30,1,128
55,2025-10-01,1,129
55,2025-10-05,1,130
55,2025-10-06,1,131
55,2025-10-08,1,132
55,2025-10-09,2,134
55,2025-10-10,2,136
55,2025-10-12,1,137
55,2025-10-14,1,138
55,2025-10-17,1,139
55,2025-10-18,1,140
55,2025-10-19,2,142
55,2025-10-21,1,143
55,2025-10-24,1,144
55,2025-10-26,1,145
55,2025-10-30,1,146
55,2025-11-01,1,147
55,2025-11-03,1,148
55,2025-11-05,3,151
55,2025-11-07,1,152
55,2025-11-09,2,154
55,2025-11-11,1,155
55,2025-11-14,1,156
55,2025-11-16,2,158
55,2025-11-17,1,159
55,2025-11-18,1,160
55,2025-11-20,1,161
55,2025-11-21,1,162
55,2025-11-24,1,163
55,2025-11-27,1,164
55,2025-11-30,2,166
55,2025-12-04,3,169
55,2025-12-06,1,170
55,2025-12-07,1,171
55,2025-12-12,1,172
55,2025-12-13,1,173
55,2025-12-19,1,174
55,2025-12-21,1,175
55,2025-12-22,1,176
55,2025-12-23,1,177
55,2025-12-25,1,178
55,2025-12-26,1,179
55,2025-12-27,1,180
55,2025-12-28,1,181
56,2025-01-01,1,1
56,2025-01-03,1,2
56,2025-01-05,2,4
56,2025-01-06,2,6
56,2025-01-07,1,7
56,2025-01-08,1,8
56,2025-01-09,1,9
56,2025-01-10,1,10
56,2025-01-11,1,11
56,2025-01-13,1,12
56,2025-01-18,1,13
56,2025-01-22,1,14
56,2025-01-24,1,15
56,2025-01-26,1,16
56,2025-01-28,2,18
56,2025-01-30,1,19
56,2025-02-01,1,20
56,2025-02-02,2,22
56,2025-02-04,1,23
56,2025-02-06,1,24
56,2025-02-09,1,25
56,2025-02-10,2,27
56,2025-02-14,2,29
56,2025-02-15,1,30
56,2025-02-17,2,32
56,2025-02-20,1,33
56,2025-02-22,1,34
56,2025-02-24,1,35
56,2025-03-04,1,36
56,2025-03-06,1,37
56,2025-03-07,1,38
56,2025-03-08,2,40
56,2025-03-11,1,41
56,2025-03-12,1,42
56,2025-03-13,1,43
56,2025-03-16,1,44
56,2025-03-17,1,45
56,2025-03-18,3,48
56,2025-03-21,1,49
56,2025-03-26,1,50
56,2025-03-27,1,51
56,2025-04-03,1,52
56,2025-04-04,1,53
56,2025-04-05,1,54
56,2025-04-07,2,56
56,2025-04-10,2,58
56,2025-04-18,1,59
56,2025-04-20,1,60
56,2025-04-21,3,63
56,2025-04-22,1,64
56,2025-04-23,1,65
56,2025-04-27,1,66
56,2025-04-30,1,67
56,2025-05-06,3,70
56,2025-05-07,1,71
56,2025-05-08,1,72
56,2025-05-11,1,73
56,2025-05-12,2,75
56,2025-05-14,4,79
56,2025-05-17,3,82
56,2025-05-19,1,83
56,2025-05-22,1,84
56,2025-05-25,1,85
56,2025-05-29,1,86
56,2025-05-30,1,87
56,2025-05-31,1,88
56,2025-06-01,1,89
56,2025-06-05,1,90
56,2025-06-09,2,92
56,2025-06-10,1,93
56,2025-06-11,2,95
56,2025-06-12,2,97
56,2025-06-15,2,99
56,2025-06-17,2,101
56,2025-06-18,1,102
56,2025-06-19,1,103
56,2025-06-21,1,104
56,2025-06-25,1,105
56,2025-06-26,3,108
56,2025-06-30,1,109
56,2025-07-04,1,110
56,2025-07-08,1,111
56,2025-07-11,1,112
56,2025-07-20,1,113
56,2025-07-21,1,114
56,2025-07-22,1,115
56,2025-07-27,1,116
56,2025-07-29,1,117
56,2025-08-01,1,118
56,2025-08-02,1,119
56,2025-08-06,1,120
56,2025-08-08,1,121
56,2025-08-09,2,123
56,2025-08-16,1,124
56,2025-08-17,1,125
56,2025-08-24,1,126
56,2025-08-25,1,127
56,2025-08-29,1,128
56,2025-08-30,1,129
56,2025-09-02,1,130
56,2025-09-03,1,131
56,2025-09-05,1,132
56,2025-09-08,2,134
56,2025-09-09,2,136
56,2025-09-11,1,137
56,2025-09-12,1,138
56,2025-09-16,2,140
56,2025-09-18,2,142
56,2025-09-22,2,144
56,2025-09-23,2,146
56,2025-09-24,1,147
56,2025-09-26,4,151
56,2025-09-27,1,152
56,2025-09-28,1,153
56,2025-09-29,1,154
56,2025-09-30,1,155
56,2025-10-02,1,156
56,2025-10-04,2,158
56,2025-10-05,3,161
56,2025-10-06,1,162
56,2025-10-09,2,164
56,2025-10-10,2,166
56,2025-10-11,1,167
56,2025-10-14,1,168
56,2025-10-20,1,169
56,2025-10-23,1,170
56,2025-10-24,1,171
56,2025-10-26,1,172
56,2025-10-28,1,173
56,2025-11-01,2,175
56,2025-11-02,1,176
56,2025-11-03,1,177
56,2025-11-04,1,178
56,2025-11-06,1,179
56,2025-11-08,1,180
56,2025-11-12,1,181
56,2025-11-14,1,182
56,2025-11-16,1,183
56,2025-11-19,1,184
56,2025-11-25,1,185
56,2025-11-26,1,186
56,2025-11-27,1,187
56,2025-11-28,3,190
56,2025-11-30,1,191
56,2025-12-05,1,192
56,2025-12-07,1,193
56,2025-12-08,1,194
56,2025-12-13,1,195
56,2025-12-14,1,196
56,2025-12-15,1,197
56,2025-12-19,1,198
56,2025-12-20,1,199
56,2025-12-23,1,200
56,2025-12-26,2,202
56,2025-12-27,1,203
56,2025-12-28,1,204
56,2025-12-30,1,205
57,2025-01-02,1,1
57,2025-01-03,1,2
57,2025-01-05,3,5
57,2025-01-13,1,6
57,2025-01-15,1,7
57,2025-01-16,1,8
57,2025-01-20,3,11
57,2025-01-22,1,12
57,2025-01-23,1,13
57,2025-01-24,1,14
57,2025-01-25,1,15
57,2025-01-27,2,17
57,2025-01-30,1,18
57,2025-01-31,1,19
57,2025-02-02,1,20
57,2025-02-03,2,22
57,2025-02-11,1,23
57,2025-02-12,1,24
57,2025-02-13,1,25
57,2025-02-18,1,26
57,2025-02-19,1,27
57,2025-02-22,1,28
57,2025-02-28,1,29
57,2025-03-02,2,31
57,2025-03-04,1,32
57,2025-03-05,1,33
57,2025-03-06,1,34
57,2025-03-19,1,35
57,2025-03-20,1,36
57,2025-03-21,3,39
57,2025-03-24,2,41
57,2025-03-27,1,42
57,2025-03-29,1,43
57,2025-04-03,2,45
57,2025-04-04,2,47
57,2025-04-05,1,48
57,2025-04-11,1,49
57,2025-04-12,1,50
57,2025-04-15,1,51
57,2025-04-16,2,53
57,2025-04-18,1,54
57,2025-04-23,1,55
57,2025-04-25,1,56
57,2025-04-27,1,57
57,2025-04-28,2,59
57,2025-04-29,2,61
57,2025-05-01,1,62
57,2025-05-02,1,63
57,2025-05-04,1,64
57,2025-05-06,1,65
57,2025-05-09,1,66
57,2025-05-17,1,67
57,2025-05-20,1,68
57,2025-05-22,1,69
57,2025-05-26,2,71
57,2025-05-28,1,72
57,2025-05-30,1,73
57,2025-06-02,1,74
57,2025-06-04,2,76
57,2025-06-06,2,78
57,2025-06-10,1,79
57,2025-06-22,2,81
57,2025-06-23,1,82
57,2025-06-24,4,86
57,2025-06-25,1,87
57,2025-06-26,1,88
57,2025-07-04,2,90
57,2025-07-10,1,91
57,2025-07-11,1,92
57,2025-07-12,1,93
57,2025-07-14,1,94
57,2025-07-15,2,96
57,2025-07-16,1,97
57,2025-07-17,1,98
57,2025-07-18,1,99
57,2025-07-19,1,100
57,2025-07-21,1,101
57,2025-07-22,1,102
57,2025-07-23,1,103
57,2025-07-24,1,104
57,2025-07-28,1,105
57,2025-07-29,2,107
57,2025-08-01,1,108
57,2025-08-02,1,109
57,2025-08-04,2,111
57,2025-08-05,2,113
57,2025-08-08,1,114
57,2025-08-12,1,115
57,2025-08-13,1,116
57,2025-08-15,3,119
57,2025-08-21,1,120
57,2025-08-23,1,121
57,2025-08-24,2,123
57,2025-08-25,1,124
57,2025-08-26,1,125
57,2025-08-28,2,127
57,2025-08-31,1,128
57,2025-09-01,1,129
57,2025-09-02,1,130
57,2025-09-03,1,131
57,2025-09-04,1,132
57,2025-09-06,1,133
57,2025-09-08,1,134
57,2025-09-13,2,136
57,2025-09-15,1,137
57,2025-09-19,1,138
57,2025-09-21,1,139
57,2025-09-27,1,140
57,2025-10-03,1,141
57,2025-10-05,1,142
57,2025-10-08,1,143
57,2025-10-09,1,144
57,2025-10-10,1,145
57,2025-10-11,1,146
57,2025-10-14,1,147
57,2025-10-19,1,148
57,2025-10-20,1,149
57,2025-10-23,1,150
57,2025-10-28,1,151
57,2025-10-31,1,152
57,2025-11-01,1,153
57,2025-11-03,2,155
57,2025-11-05,1,156
57,2025-11-08,2,158
57,2025-11-10,1,159
57,2025-11-19,1,160
57,2025-11-23,1,161
57,2025-11-24,1,162
57,2025-11-25,1,163
57,2025-11-26,1,164
57,2025-11-29,1,165
57,2025-12-01,1,166
57,2025-12-05,2,168
57,2025-12-07,1,169
57,2025-12-08,1,170
57,2025-12-13,1,171
57,2025-12-14,1,172
57,2025-12-16,1,173
57,2025-12-17,1,174
57,2025-12-18,1,175
57,2025-12-21,1,176
57,2025-12-23,1,177
57,2025-12-25,1,178
57,2025-12-26,1,179
57,2025-12-27,1,180
57,2025-12-29,1,181
57,2025-12-30,1,182
58,2025-01-04,1,1
58,2025-01-06,2,3
58,2025-01-07,1,4
58,2025-01-08,3,7
58,2025-01-09,1,8
58,2025-01-12,1,9
58,2025-01-13,2,11
58,2025-01-17,1,12
58,2025-01-22,1,13
58,2025-01-23,1,14
58,2025-01-25,1,15
58,2025-01-30,1,16
58,2025-01-31,1,17
58,2025-02-09,1,18
58,2025-02-11,1,19
58,2025-02-13,1,20
58,2025-02-14,1,21
58,2025-02-16,2,23
58,2025-02-18,1,24
58,2025-02-20,1,25
58,2025-02-21,1,26
58,2025-02-27,1,27
58,2025-03-02,2,29
58,2025-03-04,1,30
58,2025-03-05,1,31
58,2025-03-06,1,32
58,2025-03-14,1,33
58,2025-03-17,1,34
58,2025-03-19,2,36
58,2025-03-23,1,37
58,2025-03-24,3,40
58,2025-03-28,1,41
58,2025-04-01,1,42
58,2025-04-05,1,43
58,2025-04-06,1,44
58,2025-04-07,1,45
58,2025-04-11,1,46
58,2025-04-14,2,48
58,2025-04-16,1,49
58,2025-04-17,1,50
58,2025-04-19,1,51
58,2025-04-22,2,53
58,2025-04-24,1,54
58,2025-04-25,2,56
58,2025-05-04,1,57
58,2025-05-10,1,58
58,2025-05-12,1,59
58,2025-05-19,1,60
58,2025-05-21,1,61
58,2025-05-23,1,62
58,2025-05-29,1,63
58,2025-06-01,1,64
58,2025-06-04,2,66
58,2025-06-07,2,68
58,2025-06-08,1,69
58,2025-06-14,1,70
58,2025-06-18,1,71
58,2025-06-22,1,72
58,2025-06-30,1,73
58,2025-07-01,1,74
58,2025-07-03,1,75
58,2025-07-04,1,76
58,2025-07-06,2,78
58,2025-07-09,2,80
58,2025-07-12,1,81
58,2025-07-15,2,83
58,2025-07-20,1,84
58,2025-07-22,1,85
58,2025-07-25,1,86
58,2025-07-27,1,87
58,2025-07-31,1,88
58,2025-08-04,1,89
58,2025-08-06,1,90
58,2025-08-08,1,91
58,2025-08-09,1,92
58,2025-08-10,1,93
58,2025-08-11,1,94
58,2025-08-13,3,97
58,2025-08-14,2,99
58,2025-08-20,1,100
58,2025-08-22,1,101
58,2025-08-24,1,102
58,2025-08-25,1,103
58,2025-08-26,1,104
58,2025-08-28,2,106
58,2025-08-31,1,107
58,2025-09-12,1,108
58,2025-09-14,2,110
58,2025-09-15,1,111
58,2025-09-21,2,113
58,2025-09-22,1,114
58,2025-10-02,3,117
58,2025-10-03,1,118
58,2025-10-04,1,119
58,2025-10-05,1,120
58,2025-10-07,1,121
58,2025-10-11,1,122
58,2025-10-18,2,124
58,2025-10-21,1,125
58,2025-10-25,1,126
58,2025-10-26,1,127
58,2025-11-03,1,128
58,2025-11-04,1,129
58,2025-11-06,1,130
58,2025-11-10,1,131
58,2025-11-16,1,132
58,2025-11-29,2,134
58,2025-11-30,1,135
58,2025-12-02,1,136
58,2025-12-03,1,137
58,2025-12-04,1,138
58,2025-12-05,1,139
58,2025-12-06,2,141
58,2025-12-07,2,143
58,2025-12-09,1,144
58,2025-12-14,2,146
58,2025-12-18,1,147
58,2025-12-19,1,148
58,2025-12-21,1,149
58,2025-12-22,4,153
58,2025-12-24,1,154
58,2025-12-25,2,156
58,2025-12-26,1,157
58,2025-12-27,1,158
58,2025-12-28,1,159
58,2025-12-29,1,160
59,2025-01-03,1,1
59,2025-01-11,1,2
59,2025-01-12,2,4
59,2025-01-14,1,5
59,2025-01-15,1,6
59,2025-01-18,1,7
59,2025-01-22,2,9
59,2025-01-29,1,10
59,2025-02-04,1,11
59,2025-02-05,1,12
59,2025-02-11,1,13
59,2025-02-12,3,16
59,2025-02-13,1,17
59,2025-02-19,1,18
59,2025-02-21,1,19
59,2025-02-22,1,20
59,2025-02-24,1,21
59,2025-02-25,1,22
59,2025-02-27,1,23
59,2025-03-05,1,24
59,2025-03-07,1,25
59,2025-03-08,2,27
59,2025-03-09,2,29
59,2025-03-10,1,30
59,2025-03-12,1,31
59,2025-03-14,1,32
59,2025-03-16,1,33
59,2025-03-21,1,34
59,2025-03-22,1,35
59,2025-03-23,2,37
59,2025-03-29,1,38
59,2025-04-03,1,39
59,2025-04-04,1,40
59,2025-04-05,1,41
59,2025-04-11,1,42
59,2025-04-13,3,45
59,2025-04-14,2,47
59,2025-04-15,1,48
59,2025-04-22,1,49
59,2025-04-23,2,51
59,2025-04-27,1,52
59,2025-04-28,1,53
59,2025-04-30,1,54
59,2025-05-02,1,55
59,2025-05-04,3,58
59,2025-05-05,2,60
59,2025-05-06,1,61
59,2025-05-08,1,62
59,2025-05-15,1,63
59,2025-05-16,1,64
59,2025-05-17,1,65
59,2025-05-18,1,66
59,2025-05-19,1,67
59,2025-05-20,3,70
59,2025-05-22,1,71
59,2025-05-26,1,72
59,2025-05-27,1,73
59,2025-05-31,1,74
59,2025-06-01,1,75
59,2025-06-02,1,76
59,2025-06-05,1,77
59,2025-06-10,1,78
59,2025-06-12,2,80
59,2025-06-14,1,81
59,2025-06-15,1,82
59,2025-06-17,1,83
59,2025-06-18,1,84
59,2025-06-20,1,85
59,2025-06-23,1,86
59,2025-06-24,1,87
59,2025-06-25,1,88
59,2025-06-28,1,89
59,2025-07-03,1,90
59,2025-07-05,2,92
59,2025-07-07,2,94
59,2025-07-15,1,95
59,2025-07-16,1,96
59,2025-07-17,1,97
59,2025-07-18,1,98
59,2025-07-19,1,99
59,2025-07-20,1,100
59,2025-07-21,1,101
59,2025-07-25,2,103
59,2025-07-28,1,104
59,2025-07-29,2,106
59,2025-07-30,1,107
59,2025-08-02,1,108
59,2025-08-04,1,109
59,2025-08-05,1,110
59,2025-08-11,1,111
59,2025-08-15,1,112
59,2025-08-16,2,114
59,2025-08-17,1,115
59,2025-08-20,1,116
59,2025-08-22,1,117
59,2025-08-23,2,119
59,2025-08-28,1,120
59,2025-08-29,1,121
59,2025-09-02,1,122
59,2025-09-03,1,123
59,2025-09-05,1,124
59,2025-09-10,1,125
59,2025-09-11,1,126
59,2025-09-14,1,127
59,2025-09-15,3,130
59,2025-09-17,2,132
59,2025-09-19,2,134
59,2025-09-29,3,137
59,2025-10-04,1,138
59,2025-10-05,1,139
59,2025-10-10,1,140
59,2025-10-11,1,141
59,2025-10-12,2,143
59,2025-10-16,1,144
59,2025-10-23,1,145
59,2025-10-24,1,146
59,2025-10-31,2,148
59,2025-11-01,1,149
59,2025-11-04,1,150
59,2025-11-05,1,151
59,2025-11-06,1,152
59,2025-11-07,1,153
59,2025-11-15,1,154
59,2025-11-20,1,155
59,2025-11-22,1,156
59,2025-11-25,2,158
59,2025-11-27,1,159
59,2025-12-01,1,160
59,2025-12-05,2,162
59,2025-12-06,1,163
59,2025-12-07,1,164
59,2025-12-09,1,165
59,2025-12-10,2,167
59,2025-12-12,2,169
59,2025-12-15,2,171
59,2025-12-16,1,172
59,2025-12-18,1,173
59,2025-12-22,2,175
59,2025-12-25,1,176
59,2025-12-28,1,177
59,2025-12-29,2,179
60,2025-01-01,2,2
60,2025-01-02,1,3
60,2025-01-04,1,4
60,2025-01-05,1,5
60,2025-01-06,2,7
60,2025-01-08,1,8
60,2025-01-14,3,11
60,2025-01-16,2,13
60,2025-01-17,2,15
60,2025-01-18,1,16
60,2025-01-20,3,19
60,2025-01-22,1,20
60,2025-01-23,1,21
60,2025-01-26,1,22
60,2025-01-27,2,24
60,2025-02-01,1,25
60,2025-02-02,1,26
60,2025-02-03,1,27
60,2025-02-04,2,29
60,2025-02-09,1,30
60,2025-02-12,1,31
60,2025-02-15,2,33
60,2025-02-19,1,34
60,2025-02-20,1,35
60,2025-02-28,1,36
60,2025-03-04,3,39
60,2025-03-06,1,40
60,2025-03-07,1,41
60,2025-03-13,1,42
60,2025-03-15,1,43
60,2025-03-19,1,44
60,2025-03-23,1,45
60,2025-03-27,2,47
60,2025-04-01,1,48
60,2025-04-03,1,49
60,2025-04-04,1,50
60,2025-04-06,1,51
60,2025-04-07,1,52
60,2025-04-10,1,53
60,2025-04-11,1,54
60,2025-04-12,1,55
60,2025-04-13,1,56
60,2025-04-20,1,57
60,2025-04-23,1,58
60,2025-04-27,1,59
60,2025-04-29,1,60
60,2025-05-08,2,62
60,2025-05-11,2,64
60,2025-05-13,1,65
60,2025-05-19,1,66
60,2025-05-22,2,68
60,2025-05-23,1,69
60,2025-05-24,1,70
60,2025-06-01,1,71
60,2025-06-04,1,72
60,2025-06-05,1,73
60,2025-06-06,1,74
60,2025-06-07,1,75
60,2025-06-08,1,76
60,2025-06-12,1,77
60,2025-06-14,1,78
60,2025-06-15,1,79
60,2025-06-17,2,81
60,2025-06-20,1,82
60,2025-06-22,1,83
60,2025-06-23,1,84
60,2025-06-25,1,85
60,2025-06-26,2,87
60,2025-07-01,2,89
60,2025-07-02,1,90
60,2025-07-03,1,91
60,2025-07-04,1,92
60,2025-07-09,1,93
60,2025-07-14,1,94
60,2025-07-17,1,95
60,2025-07-18,1,96
60,2025-07-24,2,98
60,2025-07-25,1,99
60,2025-07-26,1,100
60,2025-07-28,1,101
60,2025-07-30,1,102
60,2025-07-31,1,103
60,2025-08-01,2,105
60,2025-08-03,1,106
60,2025-08-06,1,107
60,2025-08-07,1,108
60,2025-08-09,1,109
60,2025-08-16,1,110
60,2025-08-18,1,111
60,2025-08-25,1,112
60,2025-09-07,2,114
60,2025-09-09,1,115
60,2025-09-10,2,117
60,2025-09-14,3,120
60,2025-09-15,3,123
60,2025-09-16,1,124
60,2025-09-20,1,125
60,2025-09-23,1,126
60,2025-10-03,1,127
60,2025-10-04,2,129
60,2025-10-05,1,130
60,2025-10-08,1,131
60,2025-10-10,1,132
60,2025-10-20,1,133
60,2025-10-21,2,135
60,2025-10-22,2,137
60,2025-10-23,1,138
60,2025-10-24,1,139
60,2025-10-28,1,140
60,2025-11-01,1,141
60,2025-11-07,1,142
60,2025-11-08,4,146
60,2025-11-09,2,148
60,2025-11-15,1,149
60,2025-11-18,1,150
60,2025-11-23,1,151
60,2025-11-27,1,152
60,2025-11-28,1,153
60,2025-12-01,2,155
60,2025-12-05,1,156
60,2025-12-06,2,158
60,2025-12-08,2,160
60,2025-12-09,1,161
60,2025-12-12,1,162
60,2025-12-13,1,163
60,2025-12-14,1,164
60,2025-12-15,1,165
60,2025-12-17,1,166
60,2025-12-18,2,168
60,2025-12-21,1,169
60,2025-12-23,1,170
60,2025-12-24,1,171
60,2025-12-27,1,172
60,2025-12-28,1,173
