"guest_id","full_name","total_spend","spend_quartile"
7859,Aaron Richards,19733.27,1
1061,Lisa Stark,19707.45,1
3668,Gary Anderson,18810.06,1
6508,Aaron Irwin,18550.66,1
7992,Stephanie Martin,17937.62,1
5182,Ray Garcia,17677.02,1
408,Peter Stephenson,17512.95,1
9429,Sarah Marshall,17262.45,1
3004,Ashley Williams,17107.37,1
7832,Amanda Hawkins,16722.58,1
7446,Michele Lopez,16516.90,1
7694,Jennifer Monroe,16496.99,1
1952,James Cortez,16439.14,1
4780,Earl Lawson,16418.17,1
9839,Craig Bird,16312.35,1
8985,Samuel Gonzalez,16299.10,1
8355,Doris Alvarez MD,16202.45,1
470,Nicholas Villegas,16093.05,1
9070,Amber Rodriguez,16075.22,1
7059,Juan Ellis,15996.41,1
1330,Kristin Morgan,15892.37,1
5158,Robert Thompson,15795.37,1
555,Catherine Erickson,15782.31,1
8962,Mary Mays,15756.86,1
7947,John Larson,15672.52,1
1633,David Smith,15599.94,1
6290,Shelley Obrien,15561.52,1
3812,Katrina Carter,15138.57,1
650,Tasha Taylor,15138.11,1
6876,Denise Adams,15096.85,1
7656,Leslie Flynn,14981.82,1
2100,Matthew Pope,14958.94,1
4311,Christine Landry,14913.95,1
7196,Steven Mann,14677.64,1
3251,Douglas Wall,14483.36,1
6569,Jennifer Adams,14393.10,1
4263,Oscar Schultz,14392.10,1
1807,Megan Hardin,14386.92,1
9123,William Craig,14371.12,1
7880,Jared Myers,14294.45,1
5440,Lisa Griffin,14289.38,1
9779,Adam Villegas,14267.58,1
2151,Wyatt Arnold,14229.13,1
7984,Spencer Miller,14205.77,1
1528,Allison Clark,14200.01,1
8776,Debra Harvey,14183.52,1
5925,Elizabeth Robinson DDS,14172.86,1
8597,Richard Pena,14121.98,1
6701,Tiffany Schwartz,14089.78,1
2637,Miguel Martinez,13923.60,1
5396,Monica Robinson,13830.61,1
356,Jessica Lucas,13826.76,1
9980,Heather White,13756.29,1
6844,Sara Parks,13744.59,1
7030,Vanessa Johnson,13725.02,1
4064,Sarah Coleman,13675.65,1
1238,Rebecca Rosales,13648.42,1
5728,Shannon James,13612.03,1
9599,Carolyn Jones,13564.98,1
174,Melinda Compton,13451.15,1
5769,Priscilla Acosta,13367.81,1
5466,Brittany Williams,13341.87,1
6685,Paula Rivas,13315.02,1
3442,Hayley Alvarez,13264.12,1
3891,Katherine Washington,13233.29,1
5228,Ashlee Thompson,13225.19,1
9040,Jeffrey Ibarra,13219.82,1
3827,Antonio Valencia,13129.95,1
7395,James Martin,13127.91,1
3285,Alvin Palmer,13093.61,1
5118,Dr. Jessica Shea,13043.92,1
8588,Charlene Robinson,13038.68,1
9887,Nicole Smith,13018.53,1
392,Michael Powell,12999.96,1
4661,Virginia Walter,12933.68,1
9592,Catherine Gordon,12895.92,1
5515,Katherine Ball,12828.66,1
452,Rebecca Bailey,12824.17,1
5432,Justin Ortiz,12823.31,1
3165,Darren Miller,12816.02,1
9862,Amanda Allen,12808.75,1
2654,Richard Foley,12807.06,1
9669,Dorothy Guzman,12791.94,1
2064,John Clark,12789.98,1
9619,Erika Johnson,12730.52,1
1898,Angela Boyd,12725.44,1
4102,Kelly Perez,12672.39,1
7668,Steven Buchanan,12606.85,1
3354,Marcia Gray,12600.52,1
5582,Cody Horn,12583.61,1
4796,Jennifer Miller,12553.34,1
2092,Matthew Combs,12538.52,1
8068,Michael Lee,12520.89,1
4018,Angela Cohen,12519.76,1
6309,Kyle Clark,12509.23,1
9029,Ricky Guzman,12507.05,1
4175,Alexandria Kelly,12498.96,1
5134,Julie Brown,12480.18,1
1229,Charles James,12449.86,1
7896,Robin Moore,12441.36,1
2290,Anne Wright,12425.68,1
1276,Richard Miller,12424.94,1
2347,Kristin Sanchez,12405.31,1
71,Nathan Montes,12404.33,1
9044,Pamela Brown,12390.92,1
9532,Cole Gates,12390.65,1
6778,Daniel Ingram,12378.12,1
3295,Howard Evans,12347.68,1
9682,David Martinez,12323.07,1
1019,Tracy Williams,12322.48,1
2502,Evan Taylor,12280.59,1
4043,Terry Ford,12254.53,1
8095,Michelle Trevino MD,12244.27,1
905,Angela Wallace,12223.94,1
2693,Kelsey Fuentes,12216.20,1
5104,Maria Watson,12210.75,1
2309,Maureen Wallace,12208.89,1
3534,Tamara Perez,12193.71,1
6954,Carrie Turner,12187.44,1
7284,Michelle Griffin,12177.32,1
2883,Alison Armstrong,12175.60,1
5988,Joseph Taylor,12139.05,1
8594,Brandon Davis,12138.47,1
3895,Debra Phillips,12137.71,1
7144,Carlos Mooney,12132.75,1
6688,Marie Lopez,12131.66,1
4258,Scott Bell,12128.55,1
9781,Natasha Miller,12073.41,1
591,Victoria Massey,12046.71,1
3296,Jeremy Moore,12041.19,1
9800,Jennifer Huff,12023.63,1
986,Cody Ford,11981.59,1
9142,David Newman,11971.92,1
4825,Ricky Williams,11968.34,1
2326,James Harrington,11962.59,1
462,Anna Watkins,11959.15,1
1674,Amanda Savage,11950.17,1
1936,Kevin Brown,11944.50,1
3055,John Taylor,11908.25,1
9985,Christopher Porter,11893.67,1
681,Katherine Padilla,11878.53,1
5689,Kimberly Nichols,11873.03,1
3095,Richard Chavez,11862.74,1
1372,Melissa Miller,11860.85,1
2149,William Jones,11858.91,1
6829,Derek Jones,11857.10,1
7199,Brett Jones,11826.38,1
556,Vicki Stokes,11812.94,1
3700,Vanessa Mercado,11793.90,1
7783,Robert Salinas,11792.58,1
7516,Amber Brown,11766.20,1
2891,Jennifer Grant,11762.70,1
5991,Richard Freeman,11754.61,1
1792,Erin Lawson,11752.49,1
7883,Rebecca Williams,11751.42,1
6693,Cassandra Watson,11743.08,1
3715,Jenna Pineda,11731.99,1
4340,Troy Hill,11720.38,1
1788,Melissa Suarez,11715.27,1
3482,Rachel Perez,11695.67,1
7761,Justin Whitney,11689.41,1
7222,Isabella Jimenez,11685.39,1
7933,Devin Sanders,11684.33,1
4345,Brian Hall,11680.31,1
7809,John Koch,11624.16,1
3591,Andrew Brown,11617.72,1
1901,Christopher Mckenzie,11612.16,1
4681,Roger White,11608.35,1
4747,Jerry Carter,11599.63,1
5767,Jason Duarte,11595.69,1
8294,John Stephens,11569.84,1
3045,Alex Mueller,11569.39,1
5846,Melissa Walker,11562.16,1
3293,Benjamin Mccullough,11544.17,1
949,Molly Jones,11537.91,1
6659,Joshua Dorsey,11511.88,1
711,Sharon Smith,11483.87,1
719,Kathleen Robinson,11475.34,1
9874,Nicholas Lopez,11463.28,1
5935,Maria Lewis,11462.51,1
7314,William Holt,11460.66,1
2862,Janice Parrish,11460.08,1
6598,Marcus Mosley,11446.03,1
4589,Daniel Snyder,11432.29,1
7096,Jo Rodriguez,11411.44,1
9937,Paul Villarreal,11409.82,1
1864,Michael Mckee,11406.65,1
8232,Kelsey Sutton,11398.39,1
2367,Connie Gallegos,11379.68,1
312,Brandon Pearson,11360.76,1
9249,Danielle Ho,11354.45,1
6367,Faith Matthews,11352.48,1
9177,David Ray,11346.68,1
8038,Jamie Schmidt,11334.95,1
6792,John Dominguez,11333.92,1
896,Kimberly Black,11330.57,1
6127,Tonya Cline,11299.67,1
8836,Omar Davis DDS,11291.34,1
303,Mary Carrillo,11288.39,1
3892,Kevin Smith,11265.04,1
14,Stephen Mckee,11244.12,1
9544,Heather Weaver,11227.83,1
7881,Charles Fitzgerald,11218.79,1
4341,Brian Graham,11217.07,1
9628,Dustin Jordan,11197.95,1
4070,Ashley Anderson,11194.56,1
666,Heidi Hall,11190.99,1
420,Kathleen Adams,11186.86,1
9407,Jennifer Nguyen,11174.00,1
7345,Daniel Cuevas,11159.27,1
6146,Victoria Shaw,11134.78,1
873,Robin Patterson,11118.96,1
4335,Kelly Johnson,11116.18,1
5235,Meredith Rose,11108.43,1
5581,Kevin Weiss,11108.30,1
3831,Amber Morris,11100.92,1
5774,Corey Park,11082.11,1
1719,William Baker,11048.46,1
8501,Angela Smith,11025.76,1
5200,Patricia Rodriguez,11023.03,1
1010,Brooke Lambert,11022.98,1
3660,George Dean,11022.73,1
165,Stacey Snyder,11021.20,1
176,Becky Johnson,11006.60,1
9162,Teresa Leonard,11000.40,1
3032,Nancy Harris,10996.28,1
4201,Alison Burgess,10994.10,1
7079,Alan Powell,10978.48,1
7146,Laura Rocha,10954.67,1
9064,Bryan Park,10943.96,1
1747,Robert Rivera,10935.61,1
4827,Richard Valencia,10918.64,1
2625,Kristin Tucker,10880.72,1
6782,Kelly Price,10876.84,1
7968,Johnathan Sanchez,10848.11,1
2607,Kristin Reed,10839.73,1
7591,Joshua Jenkins,10838.08,1
9300,Tammy Cannon,10828.25,1
8598,Mr. Adam House,10820.35,1
8342,Haley Adams,10816.90,1
274,Charles Delgado,10806.97,1
1768,Jenna Booth,10803.08,1
2749,Tammy Clark,10802.66,1
5116,William Spencer,10801.20,1
277,Sophia Hall,10793.70,1
3618,Andrea Mcclain,10793.69,1
7512,Joshua Tran,10790.33,1
6456,Robert Byrd,10786.61,1
6304,Elizabeth Garza,10783.11,1
6992,Kyle Barnes,10782.91,1
8467,Anthony Montgomery,10781.47,1
7574,Troy Smith,10772.80,1
1367,Brian Lopez,10746.10,1
3707,Elizabeth Frazier,10745.17,1
9516,John Cervantes,10740.85,1
4009,Sheri Mitchell,10739.51,1
7830,Steven Morrow,10736.54,1
7688,Courtney Perez,10717.76,1
5548,Charles Morton,10715.61,1
8036,Mark Sanchez,10712.26,1
46,Megan Moore,10706.06,1
4619,Taylor Carrillo,10705.98,1
5091,Edward Burgess,10704.64,1
7098,Carolyn Ayers,10702.30,1
7356,Ana Mitchell,10699.34,1
5344,Anna Boyer,10670.04,1
8867,Veronica Hoffman,10669.92,1
8640,George Cox,10668.31,1
2584,Kara Frazier,10666.56,1
786,Benjamin Townsend,10660.90,1
7184,Adam Cole,10654.55,1
1527,Rhonda Cook,10652.97,1
7090,Ryan Porter,10642.70,1
4664,Cindy Griffith,10636.97,1
1745,Ralph Graham,10626.31,1
4602,Emily Cooper,10623.51,1
2278,Michael Duncan,10616.81,1
3557,Dr. Michael Boyd,10606.07,1
3560,Mr. James Miles,10601.78,1
6164,Beth Higgins,10594.11,1
5691,David Smith,10592.55,1
3148,Susan Payne,10590.37,1
9734,Regina Roberts,10559.45,1
6974,Isaac Thompson,10551.05,1
8982,Connor Lawson,10544.92,1
3066,Kimberly Johnson,10540.64,1
5492,Paula Wilson,10534.80,1
346,Anthony Jones,10506.57,1
9345,Amy Johnson,10503.62,1
1188,Jacob Hoover,10497.74,1
3546,Kelsey Camacho,10492.22,1
5845,Crystal Hatfield,10475.05,1
8779,Ryan Bauer,10469.27,1
9073,Dawn David,10465.91,1
4819,Rebecca Andersen,10461.29,1
6729,Stephen Johnson,10455.30,1
3873,Judy Barton,10453.44,1
1735,Dylan Willis,10435.27,1
2659,Rachel Briggs,10419.65,1
5716,Joshua Kelly,10401.48,1
7603,Kenneth Watson,10392.75,1
1095,Kristin Taylor DDS,10389.50,1
5926,Monica Bird,10387.55,1
7045,Jill Marshall,10366.62,1
9031,Marie Dixon,10364.68,1
1579,Angelica Stein DDS,10362.26,1
4331,Cole Stephenson,10358.26,1
9674,Mr. Christopher Thomas,10354.04,1
8530,Bailey Moon,10352.10,1
9330,Emily Lambert,10346.90,1
3492,Michael Moore,10345.00,1
1660,Justin Flores,10344.46,1
175,Jonathon Taylor,10344.37,1
7606,Melissa Gonzales,10332.12,1
9993,Anthony Anthony,10327.95,1
6163,Amy Lopez,10310.24,1
7050,Amy Holloway,10285.03,1
746,Kyle Simmons,10284.93,1
1809,Daniel Torres,10284.46,1
1607,Molly Graves,10280.16,1
4608,Daniel Jones,10271.82,1
4497,James Dean,10269.91,1
1993,David Brandt,10256.97,1
4803,Andrew Grimes,10252.59,1
3238,Thomas Thomas,10252.34,1
4775,Justin Day,10233.22,1
3375,Carrie Norris,10231.30,1
6126,James Schroeder,10229.28,1
4611,Kristen Smith,10214.34,1
2006,Robert Benson,10211.71,1
3976,Beth Marshall,10195.58,1
7259,Virginia Baker,10194.33,1
3630,Ashley Ryan,10178.21,1
3167,Katherine Cruz,10163.56,1
2649,Ronald Kennedy,10149.95,1
747,Tiffany Wilson,10146.87,1
8805,Christian Harper,10145.00,1
6814,Mrs. Patricia Hampton DDS,10125.98,1
28,Tyler Reid,10116.63,1
2244,Rebecca Hernandez,10115.36,1
4292,Travis Weaver,10101.17,1
4713,Kimberly White,10093.31,1
3190,Michael Jones,10088.57,1
9120,Robert Ford,10082.24,1
5269,Lisa Smith,10076.48,1
3287,Joshua Thompson,10065.28,1
5202,Martin Owen,10062.49,1
4071,Sherri Adams,10052.06,1
7908,Meghan Patel,10049.85,1
6292,Phillip Gates,10045.75,1
429,Roger Jacobs,10035.28,1
3226,Susan Moore,10024.02,1
2289,Christopher Morris,10021.55,1
9701,Charles Ortiz,10019.46,1
1552,Kevin Gutierrez,10017.73,1
6191,Ashley Mcintyre,10017.18,1
322,Gabriela Randolph,10016.59,1
4519,Julie Robinson,10013.48,1
794,Dr. Sarah Smith,10013.36,1
6440,Tyler Tate,9998.07,1
9742,Joshua Romero,9994.11,1
2105,Craig Fox,9987.74,1
7075,Michelle Jones,9987.59,1
9551,Daniel Hall,9985.22,1
6582,Katie Jordan,9978.71,1
5641,Jonathan Moore,9970.32,1
7519,Kevin Alvarado,9969.59,1
9000,Janet Gordon,9965.00,1
5624,Joshua Conley,9960.44,1
9438,Tanner Lester,9952.99,1
4901,Jeffrey Allen,9949.97,1
4371,Jennifer Bartlett,9949.59,1
9315,Mark Cervantes,9949.54,1
8696,Ashley Park,9946.10,1
4348,Amanda Lindsey,9936.86,1
8916,John Peterson,9933.44,1
5411,Steve Hardy,9933.04,1
9639,Andrea Johnson,9920.23,1
6975,Kathleen Thomas,9910.78,1
6001,Wendy Bradshaw,9910.76,1
8442,Amanda Ortiz,9906.85,1
3943,Joshua Herrera,9905.61,1
8374,Matthew Hernandez,9902.56,1
8440,Daniel Miller,9894.46,1
1645,Cindy Duncan,9893.52,1
3299,Jimmy Dean,9872.61,1
4259,Eric Wheeler,9872.36,1
6412,Luis Green,9859.22,1
2864,Edward Clark,9854.80,1
4449,Mary Leonard,9854.35,1
2477,Dustin Collier,9838.57,1
4980,Aaron Johnson,9825.32,1
5308,Justin Fitzpatrick,9821.00,1
4808,Kristen Miller,9815.94,1
1677,Kevin Reese,9813.70,1
8244,Heather Martin,9807.84,1
3799,Candace Ford,9804.31,1
1696,Kimberly Kelly,9801.12,1
5342,Anita Meadows,9777.91,1
8957,Cameron Kennedy,9771.57,1
8291,Peter Bradshaw,9769.30,1
3594,Jennifer Price,9756.48,1
6875,Dustin Tate,9744.99,1
1174,Savannah Estrada,9739.51,1
1771,George Holland,9730.12,1
1219,Dr. Travis Morris DDS,9724.71,1
3116,Nicholas Phillips,9720.83,1
9455,Kathryn Lynch,9714.80,1
9139,Connie Burch,9713.04,1
9005,Tony Porter,9707.99,1
7154,Olivia Anderson,9702.64,1
4527,Brittany Kelley,9702.40,1
2120,Amanda Garcia,9701.59,1
2089,David Moore,9693.11,1
4904,Ashley Chandler,9692.62,1
1093,Anna Pierce,9688.12,1
8253,Nichole Mayo,9687.56,1
6764,Donald Deleon DDS,9685.22,1
4049,Mary Hendrix,9673.49,1
8272,Michelle Blake,9672.27,1
7728,Mr. Daniel Sherman,9667.56,1
5457,Robert Chan,9665.12,1
9756,Suzanne Robinson,9660.67,1
8185,Stephen Torres,9653.75,1
7152,Monica Wiggins,9648.04,1
7202,Christopher Williams,9647.79,1
2792,Katherine Lawrence,9645.16,1
2214,Adam Wilson,9643.02,1
5334,William Nunez,9642.98,1
2228,Gregory Munoz,9633.83,1
6068,Nicholas Joseph,9629.86,1
3967,Dwayne Lambert,9629.31,1
4653,Karen Mcclain,9628.37,1
3311,Paul Luna,9623.80,1
4091,Daniel Adams,9622.78,1
5462,Amanda Patel,9621.77,1
6773,Jonathan Rodriguez,9607.86,1
451,Diana Lyons,9602.05,1
8080,Katherine Ferguson,9600.45,1
7625,Mike Henderson,9600.33,1
3379,Mark Andersen,9598.33,1
6719,Julie Baker,9589.34,1
4403,Gabrielle Leonard,9588.27,1
6571,Donald Meyer,9585.45,1
8144,Daniel Velasquez,9585.26,1
1618,Eric Richmond,9580.85,1
2241,Amy Craig,9562.87,1
2316,Joshua Cunningham,9562.52,1
6230,Jennifer Manning,9559.93,1
1237,Michelle Ramirez,9554.51,1
2449,Jessica Ward,9551.40,1
6507,Jimmy Thompson,9548.92,1
6644,Gabriel Smith,9543.51,1
5861,Troy King,9540.71,1
6371,Amy Sims,9533.31,1
1007,John Richards,9523.23,1
7469,Elizabeth Sanchez,9521.72,1
6088,Andrea Moses,9517.60,1
8910,Karen Frazier,9497.50,1
7544,Jennifer Williams,9495.51,1
308,Sandra Cole,9494.95,1
9097,William Allen,9492.50,1
9976,Dwayne Gonzalez,9489.67,1
2596,Caleb Owen,9474.43,1
6757,Dana Allen,9470.48,1
9017,Jordan Dillon,9469.90,1
8981,Kayla Johnson,9467.55,1
5329,Jeffrey French,9461.09,1
4116,Kimberly Pierce,9445.13,1
4525,Jeremy Ortega,9432.45,1
619,Jeffrey Morgan,9430.66,1
2220,Eric Cortez,9427.15,1
2178,Billy Lindsey,9426.03,1
382,David Robinson,9421.67,1
375,Bob Solis,9421.34,1
5258,Pamela Smith,9419.36,1
9748,Alexander Smith,9406.68,1
9832,Jeffrey Compton,9404.07,1
8579,Karen Parks,9402.16,1
1749,James Joseph,9391.24,1
2083,Samantha Miller,9386.53,1
7359,Amy Simmons,9378.46,1
606,Maria Sanders,9371.47,1
5848,Robert Martin,9368.26,1
707,Stacey Jones MD,9361.06,1
9588,Dr. Alejandro Keith,9360.90,1
5430,Frederick Stevens,9355.90,1
7339,Kelsey Harris,9346.88,1
6278,Ryan Hartman,9334.18,1
7068,Jennifer Wade,9326.69,1
7292,Shannon Harris,9315.56,1
7884,Matthew Hansen,9315.16,1
7708,Joseph Schneider,9313.09,1
6860,Michael Nelson,9306.23,1
3754,Ross Phillips,9305.37,1
6978,Christian Wilson,9304.22,1
4547,Jeffrey Maynard,9291.49,1
1871,Gail Collins,9287.73,1
673,Erin Carter,9284.24,1
8980,Jose Acevedo,9282.01,1
3862,Ricky Morgan,9281.58,1
6579,Victoria Abbott,9277.02,1
5025,William Smith,9272.56,1
1240,Peter Hunter,9271.63,1
7058,Taylor Yates,9264.76,1
3422,John Garcia,9260.94,1
5500,Michael Mckee,9259.38,1
7831,John Carney,9256.15,1
2910,Aaron Donovan,9248.91,1
2746,William Hansen,9247.38,1
6998,Tracy Phillips,9246.92,1
5855,Amy Molina,9246.68,1
4930,William Wyatt,9236.53,1
1694,Thomas Kelly,9236.30,1
3561,Jamie Williams,9234.68,1
7310,Jessica Stewart,9234.66,1
1866,Troy Gibson,9233.86,1
8504,Brittany Johnson,9229.55,1
4621,Courtney Sawyer,9217.44,1
2931,Jessica Austin,9214.02,1
3606,Jeffrey Price,9200.77,1
3466,Melissa Williams MD,9196.93,1
775,Geoffrey Austin,9196.19,1
2578,Susan Werner,9185.07,1
4790,Leslie Jenkins,9179.96,1
5978,Karen Clark,9176.31,1
2232,Marc Arroyo,9176.05,1
3258,Angel Gardner,9174.44,1
654,Kimberly Blevins,9153.30,1
7484,Tyler Dunn,9149.30,1
5648,Francis Nelson,9147.84,1
292,Justin Bridges,9141.23,1
4343,Heidi King,9139.26,1
9797,John Rose,9131.00,1
4386,Gina Holmes,9128.44,1
131,Scott Rose,9128.18,1
1030,Philip Chapman,9124.84,1
2430,Alexandra Myers,9123.21,1
6445,April Campbell,9122.09,1
3368,Anthony Hudson,9121.67,1
717,Lynn Ross MD,9118.92,1
4184,Kyle Pratt,9117.60,1
4577,Linda Jones,9115.48,1
6356,Sara Martinez,9112.35,1
3641,Kirsten Salazar,9108.87,1
2202,Jean Mitchell,9108.28,1
657,Mrs. Maria Price DDS,9107.18,1
963,Anthony Ashley,9103.97,1
2190,Sarah Zhang,9089.00,1
9091,Sabrina Henderson,9083.56,1
5766,Briana Doyle,9080.85,1
7924,Linda Stewart,9077.94,1
5726,Ashley White,9071.62,1
3079,Pamela Goodwin,9065.72,1
9572,Sarah Moss,9064.05,1
7455,Tommy Underwood,9057.80,1
6965,Daniel Flores,9052.91,1
9045,Kathleen Garcia,9050.24,1
7553,Cheryl Fletcher MD,9047.09,1
7742,Clayton Garcia,9046.95,1
9931,Scott Garcia,9046.25,1
9951,Kristen Rodriguez,9045.12,1
3743,Eric Butler,9042.60,1
1894,Morgan Stone,9038.02,1
5600,Kevin Wilson,9035.92,1
3532,Melissa Jones,9034.22,1
8928,Kristopher Robinson,9033.68,1
8137,Donna Moore,9030.61,1
4837,Heather Ballard,9027.19,1
3147,Melissa Duffy,9024.57,1
8624,Brian Kent,9020.01,1
9673,Larry Leon,9017.87,1
672,Autumn Gallagher,9016.70,1
8513,Jason Marks,9013.16,1
6200,Lauren Davenport,8994.50,1
7542,Andrew Reyes,8993.02,1
1455,Teresa Green,8986.10,1
2801,Christopher Sexton,8984.32,1
4675,Veronica Drake,8980.97,1
9911,Amanda Lopez,8979.34,1
6789,Donald Mann,8978.33,1
6721,Steven Rodriguez,8974.94,1
9934,Katherine Ford,8964.27,1
22,George Orozco,8962.17,1
3300,Jacob Schwartz,8960.98,1
2944,Alicia Malone,8957.28,1
8713,Destiny Sullivan,8954.23,1
4410,Kelsey Stevenson,8949.42,1
8621,Joshua Brown,8947.02,1
4105,Cindy Warner,8945.46,1
3286,Taylor Glover,8943.35,1
3063,David Lewis,8941.96,1
5753,Heather Wilson,8941.00,1
4246,Michelle Castro,8930.15,1
4289,Rachael Travis,8929.12,1
9910,Mr. Kevin Walker DDS,8920.66,1
3388,Alex Zamora,8914.98,1
114,Mary Duran,8914.28,1
2417,Timothy Lewis,8912.97,1
9235,Michael Santos,8909.49,1
2703,Karen Barnes,8906.87,1
3851,Betty Porter,8903.40,1
8971,Jeremy Hammond,8900.08,1
4540,Amanda Tran,8897.51,1
6496,Ruben Werner,8889.98,1
1111,Elaine Lindsey,8871.27,1
1232,Heather Brown,8866.63,1
2322,James Burke,8865.74,1
7304,Jason Castro,8863.97,1
381,Jennifer Stewart,8857.80,1
8885,Michael Sharp,8846.17,1
9790,Don Espinoza,8844.07,1
3011,Maureen Rhodes,8841.12,1
3659,Nicholas Caldwell,8839.64,1
2024,Michael Jackson,8837.00,1
8680,Elizabeth Johnson,8832.88,1
6696,Kristen King,8829.60,1
972,James Martin,8826.44,1
7037,Rachael Krueger,8821.96,1
1289,Angela Flores,8815.75,1
8846,Frank Adams,8811.67,1
1258,Brian Perez,8808.52,1
9014,Ana Walker,8801.85,1
2022,Christina Rich,8800.09,1
8724,Mr. Andrew Mclaughlin,8798.70,1
2330,Michael Morris,8796.22,1
2009,Raymond Cooley,8792.98,1
4387,Amy Baldwin,8789.28,1
2819,Timothy Johnson,8786.31,1
7414,Lisa Rodriguez,8784.41,1
9069,Haley Bush,8782.17,1
6736,Stephen Levine,8776.14,1
6366,Anthony Anderson,8770.30,1
1984,Timothy Beck,8766.01,1
6794,Ricky Hardy,8761.62,1
9622,Victor Fuentes,8746.25,1
5671,Jenna Clark,8740.54,1
5356,Adam Fields,8739.73,1
8378,Christina Fernandez,8735.62,1
4954,Cheryl Castro,8731.43,1
3414,Gregory Morales,8730.89,1
2763,Bryan Lawson,8728.80,1
6211,Mary Andrews,8728.40,1
1063,Tyler Patel,8723.95,1
7274,Maurice Wu,8720.64,1
6850,Patrick Burgess,8719.05,1
169,Darrell Adams,8718.06,1
2375,Benjamin Garcia,8716.04,1
4210,Anthony Rose,8713.71,1
7528,John Soto,8713.35,1
8647,Melissa Vaughn,8704.74,1
4560,Ashley Klein,8700.17,1
5208,Edward Wong,8699.87,1
5627,Deanna Rivera,8699.12,1
8670,Rebecca Miller,8695.53,1
5570,Zachary Benjamin,8692.98,1
7882,Jason Herrera,8691.33,1
1474,April Salazar,8689.88,1
965,Thomas Floyd,8685.74,1
4307,Anne Mckee,8683.44,1
3931,Hunter Rogers,8682.54,1
9613,Robert Leach,8681.10,1
3091,Connie Johnson,8679.15,1
170,Cynthia Evans,8676.95,1
3058,Tammy Schultz,8674.46,1
9383,Alyssa Cook,8673.35,1
3433,Kyle Pena,8672.60,1
6293,Justin Fisher,8672.36,1
6981,Linda Simon,8667.71,1
5056,Linda Kelley,8663.71,1
426,Christina Myers,8661.94,1
2321,Karen Mills DDS,8660.55,1
1267,Elizabeth Mejia,8652.11,1
8519,Timothy Cannon,8651.20,1
82,Donald Horne,8649.33,1
9863,Maria Ramos,8648.50,1
141,Ruth Mcneil,8647.99,1
3518,Robin Hill,8643.45,1
7383,Yolanda Massey,8640.15,1
1048,Erika Davis,8636.25,1
5734,Brandon Burnett,8634.49,1
4597,Danielle Dennis,8625.29,1
5223,Patricia Colon,8623.48,1
3098,Ronald Hoffman,8621.20,1
6385,Samuel Torres,8617.07,1
603,Aaron Miller,8614.87,1
3309,Julie Wade,8614.25,1
1215,Ruth Stanton,8612.23,1
1072,Heather Hunt,8607.33,1
1832,Samuel Vargas,8601.68,1
789,Raymond Costa,8600.41,1
642,Jeremy Alvarez,8599.39,1
4467,Maurice Gonzalez,8591.95,1
9231,Patrick Murphy,8589.34,1
1001,Jerome Cole,8588.57,1
488,Jennifer Carr,8587.59,1
6945,George Smith,8580.34,1
3169,Joseph Parker,8568.78,1
4543,Nancy Knight,8566.45,1
892,Paula Johnson,8566.06,1
9081,Leslie Sanchez,8562.60,1
148,Jorge Brown PhD,8558.30,1
121,Derrick Anderson,8546.96,1
8926,Debra Rodriguez,8541.58,1
2428,Marie Johnson,8538.95,1
2495,Neil Mitchell,8537.99,1
9350,Sharon Kelly MD,8537.13,1
8123,Wesley Fuller,8533.94,1
1838,Wayne Kelly,8528.62,1
6397,Kristen Dickson,8527.85,1
4317,Ann Morgan,8520.91,1
7616,Kathleen Olson,8519.54,1
497,Paula Shepherd,8517.78,1
3780,Russell Velazquez,8516.87,1
3333,Anita Stone,8514.56,1
7462,Renee Solomon,8508.47,1
4023,Kenneth Ramos,8504.69,1
2797,Joy Fletcher,8503.97,1
1903,Lydia Davis,8502.53,1
1433,Kyle Young,8498.18,1
4551,Shane Rodriguez,8494.03,1
6865,Jennifer Howell,8492.12,1
2239,Christine Vasquez,8489.98,1
9404,Mary Weiss,8486.97,1
6095,Brett Horn,8482.77,1
2651,Brooke Cox,8480.96,1
3981,Dawn Chase,8480.62,1
5337,Courtney Villa,8471.32,1
776,Madison Thomas,8471.00,1
9158,Eric Bush,8463.74,1
3927,Patricia Brown,8460.83,1
3473,Brian Davis,8460.50,1
3180,Angel Roberts,8458.41,1
4631,Christopher Cook,8457.40,1
917,Jane Neal,8457.08,1
1790,Jennifer Moore,8455.57,1
5326,Leah Willis,8452.90,1
5625,Jeremy Guerrero,8438.54,1
3456,Gloria Brown,8437.72,1
2256,Justin Graham,8423.05,1
2962,Noah Braun,8417.25,1
2252,Jeremiah Williams,8416.72,1
7118,Natalie Kaiser,8415.46,1
4397,Grant Jacobson,8413.37,1
2717,Amanda Williams,8409.19,1
6156,Shaun Walsh,8407.33,1
409,Eric Garrett,8406.96,1
1106,Krista Vargas,8405.60,1
3614,Victoria Beltran,8401.39,1
6938,Julie Myers,8394.63,1
4142,Mark Randolph,8394.26,1
551,John Wall,8392.65,1
4752,Crystal Hicks,8388.97,1
1529,Jesse Nixon,8386.69,1
6745,Brandon Nelson,8384.74,1
3694,Brooke Shepherd,8379.73,1
3355,Kenneth Anderson,8376.06,1
6285,Nathan Hamilton,8374.93,1
9949,Chelsea Graves,8373.83,1
6052,Jared Cox,8372.32,1
6027,Angela West,8369.02,1
9524,Mary Livingston,8368.73,1
7571,Stephanie Reed,8367.98,1
7078,Elizabeth Hernandez,8364.97,1
9815,Ryan Martinez,8362.38,1
4986,Todd Thompson,8360.46,1
2110,Richard Davis,8359.21,1
4913,Matthew Garner,8356.51,1
4891,Sarah Lynch,8354.74,1
4618,Sarah George,8353.62,1
3194,Andrew Green,8353.49,1
4959,Kristina Lopez,8346.61,1
5777,Erik Gibson,8344.47,1
7791,Danielle Anderson,8343.07,1
6253,Stephanie Sanchez,8342.08,1
506,Patricia Hughes,8339.58,1
7338,Michael Coleman,8339.50,1
9860,Nicole Crane,8338.25,1
1976,Mario Francis,8337.50,1
7842,Bethany Smith,8332.75,1
2189,Troy Marshall,8330.66,1
1825,Brittany Moreno,8330.04,1
5541,Andrew Miranda,8328.22,1
1054,Arthur White,8328.12,1
4762,Andrew Golden,8327.70,1
2561,Michael Smith,8327.08,1
7432,Jared Nixon,8323.56,1
8689,Ethan Wood,8321.89,1
779,Jessica Nelson,8316.01,1
2526,Deborah Pierce,8308.40,1
2617,George Kelly,8306.39,1
4693,Sara Kaiser,8302.28,1
7743,Anthony Walker,8301.22,1
2351,Jamie Mcdonald,8300.35,1
6198,Sylvia Petersen,8298.25,1
2896,Brad Marshall,8294.83,1
4310,Veronica Brady,8282.37,1
3125,Sean Jackson,8280.74,1
4404,Douglas Long,8274.80,1
1487,Stephen Scott,8272.53,1
4452,Olivia Navarro,8272.50,1
1442,Ashley Herring,8272.14,1
5336,Angela Waters,8271.52,1
3054,Sierra Chambers,8269.77,1
1178,Jose Andrews,8269.33,1
9466,Laura Stewart,8268.48,1
4129,Michael White,8267.36,1
1220,Anthony Jones,8266.66,1
7811,Kevin Day,8265.12,1
6534,Jessica Scott,8261.03,1
1180,Todd Bentley,8259.37,1
2959,Lisa Thomas,8258.83,1
4035,John Vaughan,8258.50,1
3182,Allison Rice,8255.84,1
774,Sheila Mendoza,8254.80,1
1662,James Robles,8233.36,1
4935,Karen Barnes,8231.97,1
6490,Brady Ford,8231.86,1
5231,Robert Jensen,8229.10,1
6125,Angela Austin,8227.61,1
5155,Shannon Brown,8226.79,1
1854,Joshua Porter,8221.01,1
4715,Stephanie Sanders,8220.99,1
9378,Anthony Williams,8220.61,1
7297,Matthew Evans,8220.19,1
126,Dana Hopkins,8219.88,1
3782,John Hayes,8215.13,1
1851,Jennifer Pena,8215.00,1
3334,Jessica Scott,8209.87,1
4888,Emily Clark,8197.18,1
8955,Brian Werner,8197.00,1
1466,Danny Nguyen,8195.81,1
7307,Christine Nguyen,8195.25,1
9365,Samantha Arroyo,8193.69,1
7419,Rebecca Andrade,8193.15,1
1770,Kathryn Sullivan MD,8192.29,1
7216,Sylvia Hunt,8188.17,1
9311,Todd Reese,8187.86,1
8736,Jennifer Mitchell,8186.82,1
5651,Jonathan Hudson,8186.06,1
8375,Andre Johnson,8185.66,1
9617,Julia Curtis,8184.26,1
9475,Gabriel Sanchez,8181.85,1
4276,David Montoya,8181.58,1
1080,Kimberly Haney,8181.42,1
8254,Abigail Armstrong,8179.44,1
9110,David Reyes,8173.80,1
5921,Anna Gomez,8173.73,1
5688,Kenneth Graham,8173.39,1
8718,Sheila Green,8171.98,1
1116,Barbara Kennedy,8170.20,1
7158,Jacob Mcclure,8163.77,1
5902,James White,8159.28,1
2704,Kelli Salas,8156.96,1
7596,Michelle James,8156.13,1
372,Abigail Booker,8155.84,1
7618,Cheryl Smith,8153.96,1
2096,James Harris,8152.83,1
5577,Mike King,8141.90,1
5357,Hunter Johnson,8138.02,1
4054,Michael Martin,8135.82,1
8417,Shelby Bailey,8131.32,1
2981,Nancy Bell,8130.65,1
6705,Leon Hatfield,8127.89,1
8399,Manuel Ferguson,8127.59,1
1202,Keith Brown,8126.50,1
6279,Garrett Adkins,8118.36,1
320,Melissa Garcia,8117.96,1
5394,Jessica Jones,8117.35,1
3834,Rebecca Hanson,8113.86,1
50,Michael Chambers,8107.63,1
615,Derrick Ray,8098.35,1
7056,David Bradley,8097.27,1
8257,Lee Rojas,8095.08,1
2135,Daniel Griffith,8094.61,1
8161,Kevin Crawford,8093.12,1
1533,Sarah Brown,8092.19,1
2718,Amber Castillo,8086.02,1
812,Marcus Zamora,8079.67,1
1113,Timothy Robinson,8078.91,1
7070,Amanda Camacho,8076.63,1
6827,David Martin,8066.52,1
5065,Kelly Powell,8066.28,1
7533,Edward Owens,8064.01,1
6110,John Drake,8059.12,1
6183,Kimberly Foster,8057.56,1
4778,Daniel White,8056.05,1
4623,Kayla Mcbride,8053.48,1
2152,Ashley Olsen,8053.25,1
2286,James Phillips,8051.57,1
4487,Todd Lloyd,8050.84,1
9450,Scott Watkins,8049.68,1
7765,Thomas Pratt,8049.18,1
4552,Robert Tate,8047.47,1
1803,Morgan Smith,8045.18,1
1453,Olivia Hayes,8044.52,1
2359,Pamela Nelson,8042.94,1
3963,Mallory Lynn,8038.24,1
179,Margaret Hensley MD,8036.61,1
1059,Elizabeth Fernandez,8036.28,1
1387,Francisco Rivas,8036.04,1
8903,Anita Wilson,8035.51,1
58,Heather Lane,8034.66,1
2906,Justin Rodriguez,8034.50,1
7381,Amber Juarez,8034.12,1
833,Brandon Shelton,8033.83,1
9857,Billy Sanders,8030.39,1
6861,Nathan Davis,8026.35,1
1617,Mary Gomez,8025.31,1
7291,Elizabeth Taylor,8024.61,1
3933,Daniel Miller,8021.27,1
2566,Michelle Williams,8021.03,1
8006,Mark Gibson,8020.59,1
2576,Joseph Carr,8019.62,1
872,Diana Huffman,8019.27,1
5220,Jeremy Rasmussen,8017.26,1
3458,Kevin Cameron,8017.17,1
7925,Anthony Wood,8015.47,1
4505,Vincent Martin,8013.40,1
3197,Natasha Stein,8012.99,1
5048,Kyle Bates,8009.08,1
8905,Joshua Escobar,8008.01,1
5081,Corey Wood,8005.83,1
293,Jennifer Bryant,8004.00,1
2658,Jennifer Gonzalez,8002.43,1
7320,Mariah Brown,8001.72,1
475,Charlotte Gomez,8000.34,1
6921,Hunter Taylor,7997.26,1
842,Jody Scott,7996.95,1
616,Aaron Hernandez,7996.81,1
8076,Rachael King,7986.09,1
6108,Dennis Nichols,7985.64,1
9415,Lisa Boyd,7985.53,1
2604,Whitney Rojas,7983.80,1
7635,Kenneth Hunter,7979.18,1
9127,Christopher Wells,7977.59,1
1101,Ashley Dixon,7976.00,1
2279,Ryan Johnston,7973.25,1
3010,Heather Thomas,7969.20,1
6575,Jonathan Zhang,7967.14,1
4590,Lee Whitney,7960.41,1
533,Mary Bray,7960.17,1
7204,Nancy Reyes,7959.40,1
3792,Brittany Wright,7958.68,1
8816,Michael Miller,7953.63,1
6959,Michael Mathis,7944.37,1
1763,Lawrence Lee,7943.46,1
1317,Andrew Flores,7943.06,1
8878,Joan Flowers,7941.92,1
1190,Mr. Vincent Hansen,7939.44,1
1666,Jennifer Flores,7938.76,1
7411,Kyle Leon,7938.52,1
6955,Margaret Guerra,7936.48,1
216,Holly Valdez,7936.04,1
8615,Ricky Stokes,7934.33,1
1269,Daniel Rodriguez,7933.50,1
8169,Natasha Smith,7933.11,1
6715,Nicole Ashley,7932.59,1
3603,Robert Giles,7928.90,1
9646,Meghan Reyes,7921.86,1
7828,George Landry,7920.56,1
7401,Dawn Burnett,7917.63,1
4024,Stephanie Branch,7913.96,1
9291,Alan Edwards,7913.61,1
6597,David Keller,7912.83,1
5967,Bruce Barr,7912.48,1
2702,Charles Patterson,7905.36,1
2570,Lisa Diaz,7904.81,1
8990,Andrea Kirby,7902.49,1
431,Jennifer Gill,7901.05,1
252,Kristin Reese,7900.59,1
9684,Mike Edwards,7898.21,1
2066,Dr. James Diaz,7894.47,1
693,Randall Anderson,7892.42,1
9402,Ross Bryant,7892.24,1
6409,Julie Taylor,7885.08,1
6336,Corey Cooper,7885.04,1
7704,Bianca Spears,7884.80,1
3882,Linda Camacho,7882.15,1
7839,Jessica King,7881.52,1
7613,Cheryl Reynolds,7877.12,1
6033,Angela Jordan,7876.96,1
4565,Amanda Spencer,7876.30,1
8035,Daniel Johnson,7875.89,1
7251,Samantha Cruz,7869.31,1
1207,David White,7867.61,1
9608,Donald Ramos,7867.56,1
2830,Matthew Dawson,7865.32,1
5480,Gary Melendez,7863.91,1
7487,Christine Torres,7863.62,1
4862,April Holmes,7862.37,1
1268,Timothy Valencia,7860.15,1
7426,Dennis Hall,7859.24,1
2983,Jason Reid,7853.46,1
1458,James Andrews,7850.35,1
547,Keith Fuller,7844.25,1
7256,David Baxter,7843.23,1
9971,Alan Smith,7839.84,1
1437,Samantha Bailey,7837.97,1
6733,Michael Gonzalez,7836.92,1
1428,Erin Walker,7836.88,1
2493,Brittany Richardson,7836.55,1
4283,Anna Lucas,7835.05,1
4836,Mario Miller,7834.78,1
6351,Michael Vazquez,7833.26,1
6282,Jennifer Wise,7830.63,1
1725,Sabrina Sanchez,7829.14,1
3672,Danielle Thomas,7829.08,1
2595,Peter Solis,7825.43,1
5791,Christine Wilson,7823.09,1
2011,Holly Valenzuela,7821.81,1
8782,Kimberly Waller,7821.03,1
8101,Courtney Young MD,7820.12,1
8753,Joseph Arnold,7818.83,1
7734,Scott Smith,7818.79,1
7675,Mary Mendoza,7809.90,1
2720,Amber Bates,7804.21,1
1246,Samuel Anderson,7803.93,1
4977,Erika Ross,7803.54,1
6268,Mrs. Stephanie Stone,7802.76,1
4533,Amanda Johnson,7802.53,1
6883,Tyler Snyder,7802.05,1
1721,John Castillo,7799.93,1
2974,Christian Hicks,7798.71,1
3636,Diana Burton,7795.72,1
690,Kimberly Williams,7794.93,1
9138,Jonathan Burns,7792.89,1
6879,Molly Fuentes,7791.89,1
7546,James Tucker,7791.67,1
4707,Nancy Robinson,7790.54,1
1076,Joseph Howell,7788.60,1
5486,Dawn Rivera,7788.38,1
1988,Matthew Gonzalez,7785.83,1
6706,Jared Middleton,7781.91,1
726,Peter Williams,7781.36,1
7133,Jennifer Smith,7778.09,1
8676,Drew Oconnor,7770.33,1
143,Charles Hill,7768.85,1
8898,Charles Williams,7763.66,1
250,John Garcia,7759.09,1
7041,Manuel Lawson,7758.80,1
6886,Austin Weaver DVM,7756.58,1
7385,Robert Robinson,7755.39,1
1760,Aaron Ford,7752.35,1
4260,Jodi Bass,7752.10,1
9128,Richard Adams,7750.05,1
2623,Karen White,7749.09,1
3135,Nathan Casey,7748.47,1
7102,Donna Bates,7745.61,1
7690,Tara Baker,7744.97,1
870,Deborah Bradford,7744.76,1
6820,Andre Griffin,7744.48,1
476,Debra Mayo,7741.67,1
7273,Megan Lopez,7741.15,1
5771,Robin Tate,7740.98,1
6394,Gregory Diaz MD,7740.95,1
3793,Bonnie Thompson,7732.42,1
9643,Mike Jones,7731.84,1
4518,Jillian Steele,7725.67,1
8380,Michael Martin,7725.35,1
5803,Kenneth Camacho,7723.41,1
7278,Thomas Davis,7721.59,1
9711,Kara Daniel,7720.36,1
1500,Travis Shannon,7718.43,1
2762,Sandra Hunt,7717.10,1
6120,Jamie Allen,7716.06,1
401,Mark Harris,7715.03,1
8852,Lisa Drake,7712.17,1
5448,Kimberly Thompson,7711.50,1
5597,Louis Montoya,7706.61,1
6576,Meghan Jones,7706.15,1
5720,Joseph Leon,7703.94,1
8109,Carl Conley,7703.84,1
5062,Phillip Gonzalez,7703.18,1
3951,Katherine Cervantes,7703.07,1
5020,Stephanie Rose,7701.72,1
4719,Nicholas Sullivan,7699.53,1
5222,Dr. Lindsey Smith,7697.44,1
1585,William Jackson,7695.88,1
8241,Sabrina Pruitt,7694.14,1
5613,Angie Martinez,7689.67,1
5738,Brenda Schaefer,7686.48,1
6652,Steve West,7685.34,1
9009,Brenda Kramer,7680.27,1
541,Noah Chavez,7674.64,1
2423,Amy Lyons,7672.58,1
2619,Bradley Wilkinson,7671.47,1
5142,Matthew Evans,7670.62,1
1435,Christina Evans,7669.45,1
1177,Cameron Smith,7668.73,1
6418,Richard Vega,7668.68,1
6149,Kristin Johnson,7667.79,1
2612,Raymond Ford,7666.77,1
9283,Cindy Williams,7666.08,1
2031,Wendy Barry DVM,7664.75,1
6624,Susan Morton,7663.82,1
2575,Dr. Sierra Gibson,7663.06,1
6375,Michael Downs,7662.93,1
9028,Henry Rice,7661.85,1
915,Julia Arnold,7661.50,1
7330,Gregory Bailey,7656.40,1
6245,Mikayla Patton,7655.80,1
3162,Brian Maddox,7653.98,1
4358,Zachary Rodriguez,7652.02,1
7644,Lucas Sanders,7648.72,1
5741,Mrs. Leslie Lewis,7646.31,1
7735,Angela Aguilar,7644.91,1
8196,Jason Mccullough,7641.50,1
5384,Ryan Walker,7640.36,1
4197,David Holmes,7638.35,1
9965,Stephen Edwards Jr.,7636.17,1
4058,Kelly Hodges DDS,7633.94,1
2796,Larry Jones,7632.85,1
8809,Janet Johnson,7632.46,1
8433,Joyce Johnson,7628.20,1
9337,Allison Johnson,7625.87,1
4760,Patricia Lee,7623.86,1
968,Kimberly Garrett,7623.18,1
3419,Chelsea Patterson,7623.05,1
1956,Derrick Davis MD,7621.58,1
7818,Gina Woodard,7619.73,1
9793,Jennifer Knox,7619.21,1
9050,Paul Rivera,7619.20,1
6797,Patricia Munoz,7618.07,1
816,Rodney Young,7616.36,1
9154,Emily Tanner,7613.72,1
8580,Joshua Hernandez,7611.55,1
6032,Heather Brady,7611.39,1
5409,Rebecca Skinner,7610.62,1
7526,Michelle Young,7608.28,1
1488,Sharon Holland,7606.02,1
4748,Desiree Johnson,7604.40,1
1900,Steven Miller,7602.41,1
1042,Joshua Nelson,7602.18,1
5822,Brittany Hayes,7599.61,1
7664,Patrick Villegas,7593.28,1
3909,Kevin Reyes,7583.60,1
994,Anthony Mueller,7582.78,1
9849,Brenda Miller,7582.57,1
1865,Scott Copeland,7580.29,1
341,Jonathan Chandler,7577.73,1
4686,Ariel Fernandez,7577.13,1
122,Kristin Haney,7575.98,1
9922,Jennifer Jenkins,7575.70,1
6880,Jennifer Smith,7574.07,1
7989,Ashley Robinson,7573.85,1
3860,Cynthia Hansen,7572.06,1
2281,Courtney Baird,7570.89,1
5191,William Ortega,7570.77,1
9251,Katherine Mitchell,7570.16,1
2441,Michael Tanner,7569.58,1
4695,Tanya Leonard,7568.64,1
589,Raymond Green,7561.26,1
7875,James Sherman,7558.80,1
4428,Hannah Carrillo MD,7557.97,1
6728,Jennifer Cameron,7556.59,1
3455,Amy Barker,7551.46,1
92,Steven Taylor,7545.84,1
982,Judith Garcia,7544.10,1
7873,Barbara Martinez,7538.70,1
874,Andrea Smith,7538.51,1
9289,Stephen Rodriguez,7537.03,1
1171,Juan Adams,7533.17,1
3517,Charles Graham,7529.01,1
6101,Denise Kramer,7527.76,1
6414,Stephanie Smith,7526.12,1
9754,Wesley Hernandez,7523.95,1
8093,Gabriel Hall,7522.72,1
3973,Darlene Barnett,7521.89,1
6572,Dean Vasquez,7516.60,1
5704,Mary Smith,7516.13,1
2261,Carol Smith,7514.27,1
3105,Lisa Olson,7513.52,1
7122,Brandon Allen,7512.14,1
4612,Debra Carroll,7511.20,1
5141,Kristin Lutz,7510.69,1
3352,Mr. Matthew Wheeler,7509.95,1
1324,Andrew Lynch,7508.89,1
1954,Michael Benton,7508.61,1
4075,Cathy Dorsey,7505.80,1
9349,Vicki Jones,7504.72,1
6464,Brianna Hurley,7498.76,1
9478,Richard Ritter,7497.26,1
5553,Erika White,7496.32,1
2207,Justin Keller,7485.65,1
683,Laura Rush,7484.90,1
3143,Jonathan Long,7481.69,1
3689,Joann Hawkins,7478.30,1
531,Ashley Walker,7478.23,1
7727,Brady Singleton,7473.84,1
1068,Amanda Brooks,7472.90,1
9941,Melissa Morris,7472.59,1
36,Ricky Larson,7471.80,1
298,Dr. Linda Underwood,7471.45,1
8875,Roberto Gray,7469.31,1
849,Austin Rose,7467.22,1
2852,Joel Cowan,7467.04,1
39,Kimberly Gutierrez,7463.82,1
6241,Michael Lewis,7463.10,1
6299,Donald Gaines,7462.47,1
8719,Regina Brown,7461.14,1
3060,Erika Wilson,7454.39,1
9171,Rebecca Moreno,7451.75,1
7825,Jean Douglas,7447.73,1
7803,Max Russell,7442.54,1
5701,Alexander Mcdonald,7442.46,1
299,John Alvarez,7442.19,1
7777,Vanessa Ferguson,7441.80,1
7572,Rhonda Weaver,7439.50,1
2033,James James,7437.79,1
498,Charles Castaneda,7436.33,1
3881,Tiffany Rose,7432.13,1
3960,Angela Hill DVM,7429.83,1
2954,Dennis Anderson,7429.79,1
8625,Keith Maxwell,7427.25,1
1883,Stephanie Hawkins,7427.14,1
398,Christopher Johnson,7426.61,1
2587,Kelly Whitaker,7425.22,1
9181,Matthew Johnson,7424.49,1
715,Arthur Cooper,7424.19,1
9121,Cheryl Wong,7423.94,1
1039,Jeffrey Montgomery,7422.59,1
7731,Joseph Ramirez,7422.15,1
7913,Patrick Colon,7417.18,1
6148,Ryan Hill,7416.96,1
4936,Katrina Young,7408.90,1
1921,Mary Terry,7406.87,1
9222,Stephen Nelson,7404.96,1
6948,Drew Jenkins,7404.83,1
62,Casey James,7401.98,1
9210,Ashley Webster,7401.67,1
9496,Michelle Medina,7399.49,1
2088,Crystal Sims,7399.01,1
8883,Gabriel Ware,7397.92,1
1870,Mr. Christopher Byrd,7392.39,1
6899,James Mack,7392.36,1
799,Jessica Williams,7389.44,1
2487,Austin Schneider,7387.38,1
4685,Robert Spencer,7384.11,1
8281,Jason Craig,7383.62,1
8666,Sean Carr,7380.78,1
7035,Derrick Kim,7378.99,1
806,Michelle Greer,7377.55,1
5825,Jason Cabrera,7376.99,1
8322,Betty James,7376.61,1
730,Adam Burton,7374.64,1
296,Andrew Livingston,7374.53,1
4785,Melanie Gross,7373.01,1
370,William Hoffman,7371.69,1
8582,Madison Ramos,7371.44,1
1693,Richard Fletcher,7368.24,1
5210,Erika Williams,7367.61,1
5303,Anthony Chen Jr.,7364.57,1
2093,Kristopher Galvan,7363.84,1
5646,Jeremy Wilkins,7363.17,1
5281,Madison Mcdaniel,7361.52,1
6969,Cheryl Montgomery,7360.47,1
8343,Jordan Myers,7360.30,1
4236,Matthew Sullivan,7358.73,1
1635,Thomas Ward,7352.88,1
9695,Joann Houston,7349.34,1
950,Antonio Atkins,7347.21,1
2182,Brian Hoffman,7346.93,1
2569,Alan Moore,7344.14,1
5262,Steven Miller,7342.78,1
2952,Jessica Tucker,7339.80,1
7977,Melissa Gonzalez,7338.94,1
6179,Jonathan Petty,7337.73,1
2067,Miranda Cantu,7337.68,1
80,Heather Williams,7337.62,1
1681,Mr. William Miller,7336.70,1
7939,Dominic Anderson,7336.62,1
2876,Derrick Medina,7332.74,1
2070,Timothy Roberts,7332.22,1
781,Bailey Young,7332.06,1
7460,Casey Blanchard,7331.72,1
9319,Roger Bennett,7329.24,1
2843,Tammy Harper,7326.75,1
4622,Scott Bullock,7326.54,1
7918,Angela Chase,7326.44,1
7744,Jennifer Mcclain,7324.68,1
7230,Thomas Myers,7322.99,1
9003,April Morgan,7322.54,1
5038,Jesse Rowe,7318.29,1
412,Leah Rodriguez,7316.90,1
6147,Thomas Gonzalez,7314.96,1
1482,Robert Lin,7313.24,1
7452,Ryan Patterson,7310.35,1
9106,Jason Davis,7308.77,1
8697,Deborah Martin,7306.65,1
8505,Randy Brown,7305.38,1
6489,Douglas Perez,7305.00,1
6567,Rebecca Mcdonald,7302.40,1
8590,Richard Wells,7301.95,1
5369,Luis Grant,7298.83,1
6446,Jessica Lopez,7298.47,1
3724,Marcus Rice,7297.38,1
3609,Noah Parks,7297.18,1
6048,Cameron White,7294.18,1
4884,Misty Wilson,7292.28,1
2395,Gary Gutierrez,7290.22,1
5166,Joshua Wright,7289.06,1
1168,Aaron Giles,7288.06,1
7088,Gabrielle Harris,7287.71,1
8298,Rhonda Shaw,7287.37,1
6007,Jacob Strong,7286.93,1
8476,Stephanie Harrington,7285.00,1
8367,Alison Porter,7284.87,1
988,Brittany Hernandez,7284.10,1
6684,Nicholas Shepherd,7280.34,1
7435,Rachel Sanchez,7279.92,1
2002,Donna Grimes,7279.77,1
6372,Maurice Lawrence,7279.68,1
8616,Jennifer Lee,7278.53,1
8591,Johnathan Archer,7275.19,1
6532,Christine Castro,7274.62,1
6808,Rebecca Davis,7273.10,1
7165,Gabriel Bailey,7272.73,1
8884,Christopher Pope,7270.97,1
6629,Nicholas Petty,7270.62,1
3757,Robert Shea,7269.73,1
7324,Susan Bryan,7269.36,1
2609,Craig Sims,7268.68,1
9088,Crystal Howard,7262.80,1
1738,Arthur Campbell,7261.78,1
7840,Joanne Galloway,7255.47,1
219,Samantha White,7255.09,1
9720,John Kim,7255.03,1
7556,Nancy Harris,7254.19,1
7758,Leah Thompson,7253.88,1
5989,Danny May,7253.39,1
468,Paula Thomas,7247.78,1
8715,Sarah Lopez,7247.30,1
8830,Amy Burns,7247.28,1
6556,Melinda Simpson,7244.60,1
2849,Eric Gibson,7241.84,1
2767,Sandra Smith,7240.95,1
8692,Victoria Herrera,7236.58,1
2766,Terry Castillo,7233.06,1
6662,Dustin Nelson,7232.90,1
421,Bradley Walton,7229.19,1
8574,Joseph Andrews,7228.56,1
1122,Michael Johnson,7226.27,1
8005,Michael Arnold,7218.97,1
8424,Annette Ball,7218.95,1
2527,Laura Brown,7217.15,1
1739,Rebecca Mullen,7217.14,1
6481,Emily Choi,7216.87,1
4251,Kelly Vazquez,7216.16,1
7754,Amber Willis,7211.66,1
8064,Matthew Harrison,7210.99,1
2484,Aaron Estrada,7209.94,1
6760,Olivia Lang,7207.99,1
4647,David Mcmahon,7207.13,1
1986,David Bennett,7202.23,1
9961,Nathan Daniel,7201.05,1
6841,Robin Dixon,7196.63,1
778,Robin Cooper,7196.62,1
500,Carrie Martin,7195.17,1
189,Brandon Hunt,7194.03,1
9102,Andrew Rollins,7193.68,1
4979,Peter Murphy,7193.39,1
7193,Theresa Sanders,7190.48,1
4002,Brianna Crawford MD,7187.83,1
6912,Anthony Thomas,7186.76,1
6465,Eric Fuentes,7186.68,1
3725,Angela Green,7186.03,1
2488,Gina Hendrix,7180.95,1
7976,George Yang,7180.79,1
3123,Bob Thompson,7178.34,1
6438,Cynthia Hill,7178.26,1
3868,Francis Bowers,7178.24,1
1844,Jeffrey Morgan,7176.89,1
8090,Monica Zhang,7176.77,1
8379,Mr. James Howard,7173.04,1
4087,James Ortiz,7172.78,1
1935,Zachary Francis,7171.36,1
5564,Jason Berry,7169.92,1
9444,Angela Porter,7169.69,1
5866,Douglas Herrera,7165.57,1
8008,Sherry Garcia,7165.26,1
6671,Nicholas Smith,7163.26,1
5015,Melissa Hunter,7162.51,1
2951,Anthony Conway,7162.51,1
538,Stephen Lyons,7159.24,1
8577,Derek Johnson,7154.73,1
7590,Danielle Brown,7154.27,1
6553,Kimberly Shepherd,7153.47,1
4162,Andrew West,7152.80,1
9197,Robert Lopez,7152.71,1
4982,Jeremy Johns,7152.33,1
6654,Bailey Brandt,7147.84,1
4261,Darren Evans,7147.59,1
5058,Jason Craig,7146.96,1
4858,Michael Holden,7145.64,1
3084,Matthew Hill,7144.99,1
5092,Brenda Johnson,7143.08,1
7378,David Gross,7138.76,1
9331,Christopher Schultz MD,7138.06,1
2684,Donald Brown,7137.15,1
4252,Ashley Campbell,7135.25,1
5120,Dakota Pineda,7135.10,1
5721,Steven Wilson,7134.69,1
2984,Wendy Duran,7133.64,1
2835,Raymond Randolph,7133.62,1
6231,Maria Hughes,7132.34,1
6315,Lawrence Anderson,7132.29,1
1022,John Brock,7132.25,1
601,Shawna Silva,7130.98,1
6676,Adrian Coleman,7127.37,1
4268,Thomas Brady,7126.94,1
8324,Kylie Williams,7126.81,1
1857,Jennifer Fuentes,7126.28,1
9143,April Luna,7120.29,1
340,David Jones,7116.90,1
9202,Raymond Hickman,7112.74,1
6276,Susan Thompson,7112.42,1
1699,Jason Bolton,7111.96,1
130,Matthew Foster,7110.71,1
2370,Margaret Lewis,7110.27,1
8318,Christopher Johnson,7109.96,1
7885,Michael Brown,7106.56,1
1951,Mary Hart,7106.37,1
8664,Denise Gallegos,7102.50,1
815,Katherine Gay,7102.49,1
5137,Timothy Cruz,7096.33,1
5454,Samantha Kelly,7095.12,1
280,Miss Sarah Duncan,7093.30,1
5857,Katherine Myers,7091.98,1
446,Chelsea Henderson,7091.88,1
5743,Jesus Burgess,7089.62,1
9026,Katrina Davis,7088.60,1
3077,Timothy Velazquez,7086.39,1
3227,Adam Stone,7084.92,1
2689,Donna Webb,7082.52,1
6098,Craig Roberts,7082.33,1
7272,Lisa Clark,7081.08,1
7945,Kevin Willis,7080.72,1
7550,Michael Jones,7080.41,1
5980,Gary Braun,7080.19,1
1800,Justin Ellison,7079.42,1
2842,Richard Mckenzie,7078.58,1
2206,Stephen Williams,7077.64,1
3804,Kristen Beard,7076.85,1
5212,Peter Patel,7076.63,1
3366,Melvin Soto,7070.26,1
9372,John Martin,7067.63,1
1058,Thomas Watson,7066.87,1
5668,Christine Ball,7066.70,1
8939,Chad Hardin,7066.07,1
256,Robert James,7065.71,1
4939,Katherine Scott,7059.77,1
8376,Kimberly Savage,7059.46,1
1133,Christopher Howard,7057.94,1
8674,April Flores,7057.42,1
7219,Amanda Rodriguez,7052.88,1
9209,Tina Bond,7052.58,1
4366,Tiffany Ruiz,7052.39,1
7077,Robert Vasquez,7051.73,1
204,Emily Robinson,7051.33,1
3117,James Rodriguez,7047.08,1
3806,Nicole Stewart,7046.72,1
6630,Gabriela Craig,7046.48,1
6927,Peter Roach,7046.32,1
3179,Mary Wilson,7041.92,1
4249,Michael Ramsey,7040.72,1
3550,Jeremy Frederick,7035.67,1
8085,Brandon May,7035.50,1
2728,Mark Hunter,7031.35,1
4126,Scott Bruce,7027.20,1
1609,Tamara Kim,7026.36,1
5299,Anthony Logan,7026.23,1
2712,James Brooks,7025.86,1
2069,Robin Williams,7025.82,1
1562,David Joseph,7022.63,1
8434,Jason Carter,7020.01,1
9096,James Bryan,7018.72,1
6261,Danielle Lowe,7017.24,1
8060,Christian Ritter,7014.10,1
5247,Charles Adams,7011.83,1
7713,Tina Gordon,7008.14,1
7433,Timothy Curtis,7007.02,1
5010,Candice Oliver,7006.04,1
7795,Sierra Wallace,7002.73,1
5507,Courtney Garrison,7000.73,1
5971,Andrew Anthony,6998.78,1
7438,Keith Nguyen,6998.47,1
3112,Darrell Wilson,6996.55,1
7951,Mr. Terry Wright,6995.67,1
2998,Thomas Ballard,6995.57,1
6503,Michelle Blair,6992.76,1
9149,Robert Ellis,6990.15,1
4216,Luis Decker,6988.87,1
1812,Jonathon Walker,6988.79,1
7368,Kathryn Gomez,6988.09,1
518,Rachael Romero,6987.77,1
1953,Katherine Williams,6987.52,1
2851,Tiffany Morris,6986.79,1
4442,Maria Williams,6982.08,1
549,Aaron Aguirre,6980.42,1
8651,Aaron Gibson,6980.00,1
3178,Gina Porter,6976.12,1
3520,Hannah Shaw,6974.42,1
8894,Dawn Harmon,6973.65,1
9886,Jessica Miller,6972.42,1
1810,Geoffrey Mcgee,6970.99,1
6262,Renee Kelly,6970.90,1
3037,Haley Vega,6969.87,1
1257,Chad Johnson,6967.11,1
6535,Kimberly Daniels,6965.14,1
6334,Richard Poole,6964.74,1
9880,Kelly Gates,6964.33,1
5117,Robert Rodriguez,6963.69,1
2715,Crystal Miller,6962.41,1
4776,Joseph Booker,6959.42,1
9011,Susan Rodriguez DVM,6958.97,1
5563,Michelle Dominguez,6958.65,1
3199,Thomas Phillips,6953.42,1
7459,Lauren Mullins,6953.29,1
2543,Melvin Rojas,6949.73,1
4326,Courtney Bell,6948.82,1
3647,Robert Barber,6948.37,1
4956,Joseph Smith,6944.88,1
9741,Mark Carrillo,6944.49,1
9545,Anthony Garza,6940.97,1
4413,Brian Anderson,6940.69,1
1715,Barbara Russell,6940.47,1
9086,Kimberly Gonzalez,6940.22,1
9719,Vickie Garcia,6936.01,1
6746,Tyler Lopez,6935.63,1
4866,Ashley Mcdonald,6932.21,1
65,Olivia Cole,6931.11,1
1798,Julia Curtis,6929.80,1
1031,Michael Jackson,6929.09,1
8533,Jackie Galvan,6928.67,1
6102,Evelyn Moore,6928.58,1
443,Eric Campbell,6927.78,1
4256,Tracy Morton,6921.92,1
5431,Heather Smith,6921.20,1
8518,Susan Jordan,6920.62,1
1110,Amanda Johns,6920.13,1
289,Tyler Jones,6920.09,1
9604,Nicholas Merritt,6919.98,1
6246,Lindsey Weeks,6910.72,1
9401,Sarah Griffin,6910.38,1
5865,Sarah Anderson,6907.60,1
3617,Megan Powell,6906.65,1
1152,Raymond Miller,6906.24,1
6953,Jeanette Hernandez,6904.01,1
1840,Alicia Lawson,6902.08,1
8725,Colleen Robles,6900.64,1
6963,Patricia Cox,6898.59,1
7421,Tiffany Powers,6896.41,1
1447,Andrew Reyes,6896.33,1
3802,Brian Edwards,6893.02,1
4407,Jordan Hammond,6892.76,1
8754,Diamond Leach,6890.94,1
2838,Debra Franklin,6890.90,1
4150,Michael Thornton,6890.63,1
6813,Elizabeth Williams,6890.41,1
449,James Hill,6889.92,1
2371,Mr. Michael Davis,6888.35,1
5783,Angela Powell,6887.83,1
2298,Virginia Nguyen,6886.74,1
3435,Anthony Jones,6886.41,1
6419,Mrs. Jacqueline Schaefer,6886.36,1
4789,Jessica Gomez,6881.93,1
438,Alan Barr,6881.88,1
2497,Stephen Parker,6879.77,1
8214,Nancy Brown,6879.65,1
3344,Diane Lowe,6874.25,1
766,Ann Moon,6873.21,1
9729,Mrs. Tina Brown,6871.86,1
1575,John Moore,6870.79,1
5217,Jennifer Mcclain,6869.43,1
5818,Anthony Reynolds,6867.95,1
2938,Michael Davis,6866.26,1
4288,Denise Crosby,6866.04,1
6704,Matthew Hernandez,6863.04,1
1860,Crystal Fox,6861.83,1
9232,Sharon Smith,6860.62,1
6765,Mrs. Lauren House,6857.95,1
7960,Yvonne Collins,6857.48,1
1195,Carl Schmidt,6856.63,1
199,Taylor Chen,6856.53,1
9215,Brandon Bell,6855.53,1
4262,Michael Jordan,6852.63,1
8182,Dr. Michelle Freeman MD,6850.04,1
1621,Victor Acosta,6848.89,1
6785,Samantha Barnes MD,6847.93,1
6434,Alan Cortez,6847.68,1
323,Nancy Goodwin,6847.48,1
1664,Robin Baldwin,6845.94,1
1115,Robert Hall,6845.64,1
2927,Brandon Robertson,6844.61,1
1688,Kimberly Tyler,6843.48,1
3490,Stanley Serrano,6843.30,1
5416,Jeanette Brown,6838.65,1
9370,David Johnson,6838.25,1
7203,Jessica Franco,6838.16,1
6004,Luke Rodriguez,6837.37,1
227,Destiny Obrien,6835.96,1
4546,Shelby Armstrong,6834.37,1
1417,Robert Phillips,6834.23,1
5446,Timothy Pittman,6833.35,1
5836,Jessica Griffin,6833.25,1
3728,Christopher Griffin,6832.23,1
4948,Kayla Bennett,6830.96,1
3929,Shannon Kelly,6821.87,1
1884,Jessica Moore,6821.45,1
906,Jocelyn Beard,6820.62,1
3709,Devon Barnes,6818.96,1
7231,Douglas Ruiz,6817.17,1
6194,William Williams,6815.85,1
1286,Megan House,6808.94,1
4400,Gail Stokes,6800.86,1
1961,John Stevens,6794.62,1
3235,Krista Ward,6793.43,1
9083,Mr. Patrick Silva,6793.24,1
6627,Katherine Schultz,6789.78,1
5380,Julia Murray,6789.75,1
7413,Karen Mullen,6789.24,1
5981,Nicole Walker,6788.00,1
4737,Jerome Williams,6785.61,1
7371,Alexander Olson,6782.23,1
5450,Amanda Moore,6778.82,1
6618,Kiara Franklin,6775.63,1
9066,Charles Clark,6768.90,1
6726,Laura Williams,6766.93,1
5897,Eric Guerrero,6764.61,1
1249,Madeline Kelly,6764.16,1
5580,Mark Love,6763.47,1
70,Ryan Garcia,6762.80,1
3825,David Johnson MD,6762.20,1
2844,Victoria Edwards,6756.43,1
8839,Lori Walker,6755.20,1
6846,Karen Haynes DDS,6754.83,1
7543,Mary Howard,6754.26,1
416,William Cox,6753.61,1
9353,Cynthia Osborne,6752.22,1
1816,Joy Taylor,6751.87,1
837,Donald Morgan,6751.53,1
1815,Matthew Ball,6748.35,1
5795,Tammy Lester,6747.66,1
4870,Ryan Guzman,6740.29,1
2957,Alicia Lamb,6739.30,1
600,Willie Smith,6738.98,1
150,Jose Williams,6738.74,1
2866,Amy Hoover,6736.80,1
4476,Daniel Watkins,6736.04,1
8662,Alyssa Bennett,6734.17,1
7020,Bobby Walton,6731.94,1
7772,Christina Grant,6731.57,1
6622,Carly Summers,6731.29,1
9996,Emily Cantu,6729.76,1
5144,Ryan Williams,6727.56,1
9436,Rebecca Simpson,6722.57,1
7790,Amanda Hartman,6721.03,1
5076,Brittany Alexander,6719.17,1
8475,Jack Davis,6717.60,1
4766,Larry Mcgee,6715.50,1
1608,Julia Rose,6714.90,1
8682,Jennifer Allen,6714.90,1
5939,Sarah Ramirez,6711.38,1
7223,Sean Hughes,6707.74,1
4337,William Anderson,6707.30,1
2563,Kenneth Erickson,6705.63,1
5702,Gregory Cunningham MD,6703.84,1
3934,Jacqueline Smith,6703.84,1
7412,Christopher Hunt Jr.,6700.69,1
9879,Karen Jackson,6696.47,1
2919,Logan Hardy,6692.73,1
9920,Elizabeth Sanchez,6691.56,1
2509,Jared Huffman,6687.22,1
4794,Kaitlyn Wong,6683.22,1
8314,Beth Weeks,6681.74,1
3625,Breanna Duncan,6681.64,1
6042,Michael Walker,6681.14,1
2803,Barry Smith,6680.23,1
9659,Bryce Anderson,6678.35,1
6606,Kristina Turner,6675.85,1
4919,Brianna Mcmillan PhD,6674.48,1
9517,Martin White,6673.26,1
1907,Jimmy Jackson,6671.88,1
4668,Ashley Williams,6671.30,1
5068,Joshua Hardy,6670.36,1
9946,Sean Turner,6669.32,1
6057,Brett French,6669.02,1
1156,Rose Francis,6664.73,1
2817,Michelle Jones PhD,6664.54,1
7703,Kim Bailey,6663.13,1
379,Mark Tyler,6661.49,1
2685,Michael Winters,6660.00,1
7092,Laurie Franklin,6654.37,1
3154,Amanda Kennedy,6653.91,1
9804,Donald Berger,6653.79,1
3732,Gregory Harrington,6653.28,1
2740,Sean Lewis,6652.13,1
3130,David Stephenson DDS,6650.84,1
1397,Angel Summers,6650.42,1
2129,Jillian Hernandez,6649.51,1
5165,Chase Potts,6649.35,1
5098,Brandi Chambers,6645.37,1
2191,Sarah Golden,6645.05,1
3896,Stephen Murphy,6644.66,1
6416,Stephen Thomas,6642.61,1
8459,Nicholas Cox,6640.71,1
5267,Christopher Murray,6639.88,1
3271,Ronald Wiley,6638.60,1
7471,Craig Lopez,6631.41,1
5378,Erika Cohen,6629.70,1
1996,Anthony Williams,6626.18,1
6603,Christina Robertson,6625.61,1
6137,Steven Wells,6623.65,1
4501,Michael Edwards,6620.08,1
4183,Ryan Adams,6615.11,1
9105,Bridget Figueroa,6614.04,1
6646,Steven Guzman,6613.16,1
6632,Angela Hart,6612.20,1
4318,Rachael Austin,6608.31,1
7366,Timothy Simmons,6605.70,1
724,Edward Johnson,6604.88,1
8947,Tyler Wright,6604.65,1
2996,Stephen Rogers,6602.46,1
8208,Lance Davis,6602.09,1
3101,Ashley Munoz,6600.85,1
8218,Brianna Pugh,6600.32,1
6058,Christopher Davis,6593.98,1
1430,Sandra Washington,6592.95,1
8914,Deborah Gomez,6591.68,1
5146,Ryan Roy,6588.62,1
1593,Aaron Thompson,6586.64,1
5399,Samantha Barnes,6585.84,1
3911,Christina Farrell,6582.53,1
1253,Kimberly Hanna,6581.09,1
8237,Anthony Lopez,6579.14,1
4398,Richard Owen,6577.02,1
344,James Garza,6575.13,1
5207,Emily Maynard,6571.39,1
5529,Michael Glenn,6570.51,1
4579,Anna Lindsey,6567.60,1
6750,Mr. Thomas Randolph,6566.82,1
9913,Kurt Castaneda,6565.43,1
8546,Catherine Holmes DDS,6562.66,1
9825,Jessica Lambert,6562.58,1
3699,Matthew Henderson,6562.55,1
2845,Vicki Taylor,6562.21,1
2805,Susan Lopez,6561.84,1
3876,Antonio Martin,6559.50,1
8310,Nicholas Williamson,6557.63,1
4395,Peggy Green,6556.75,1
6325,Kevin Cooley,6556.70,1
8129,David Savage,6554.80,1
1283,Ms. Elizabeth Smith MD,6553.30,1
67,Steven Cooper,6553.17,1
1075,Nicholas Grant,6551.91,1
3688,Donald Pennington,6551.00,1
133,Ryan Harvey,6547.98,1
951,Darren Morse,6547.87,1
1409,Melissa Smith,6547.46,1
8311,Casey Green,6545.05,1
4098,Lisa Grimes,6544.89,1
270,Jay Austin,6544.86,1
7047,Michaela Terry,6543.52,1
5945,Daisy Gregory,6542.82,1
42,Frank Lopez,6541.80,1
1050,Carolyn Silva,6541.37,1
9824,Joanna Vasquez,6540.94,1
2091,Terry King,6540.48,1
1841,Daniel Hess,6538.26,1
9666,Mary Woodard,6536.21,1
7619,Lee Phillips,6534.95,1
9273,Rachel Smith,6534.83,1
9498,Jenna Johnson,6534.31,1
1278,April Schultz,6533.94,1
3396,Robert Mahoney,6533.11,1
5318,Patrick Jackson,6530.46,1
6542,Tony Hurst,6528.47,1
2533,Morgan Lang,6525.84,1
6116,David Galvan,6525.80,1
1629,Eric Fisher,6524.92,1
9919,Alyssa Rivas,6523.83,1
6317,David Castro,6516.76,1
8261,Christina Hernandez,6512.89,1
1930,Joseph Curtis,6512.80,1
9441,Chelsea Mason,6510.40,1
8050,Dan Smith,6508.93,1
406,Roberto Foster,6508.59,1
8704,Ryan Brown,6508.32,1
3516,Richard Smith,6508.20,1
7226,Kevin Schneider,6506.60,1
4638,Jodi Morrison,6505.08,1
7161,Robert Wells,6502.32,1
1773,Bryan Anderson,6500.90,1
1717,Jeffery Holt,6500.53,1
1303,Sonya Peterson,6498.53,1
2136,Allen Murphy,6498.41,1
6911,Laura Collins,6498.25,1
696,Trevor Weeks,6497.88,1
9223,Erica Kelly,6493.96,1
6025,Jon Reyes,6491.97,1
4356,Glen Johnson,6490.17,1
6545,Marcus Cochran,6489.11,1
728,Melissa Mendoza,6488.37,1
5744,Amanda Turner,6487.44,1
5014,Heather Walker,6485.25,1
9204,Sherry Owens,6482.95,1
1365,Clinton Williams,6481.18,1
3472,Douglas Mitchell,6480.47,1
944,Colleen Padilla,6479.32,1
384,Luke Martinez,6476.12,1
7719,Amber Parker,6474.62,1
7768,Joshua Chase,6472.24,1
33,Glen Sheppard,6470.94,1
2986,Victoria Martin,6469.07,1
235,Michael Freeman,6468.76,1
8040,Tanya Long,6461.57,1
358,Bryan Roman,6460.14,1
7029,David West,6458.64,1
6470,Joseph Guzman,6457.90,1
853,Cynthia Palmer,6455.07,1
5787,Paul Doyle,6454.62,1
4716,Claire Riley,6454.17,1
8411,Samantha Schwartz,6453.60,1
7865,Jessica Burgess,6453.41,1
7592,Mr. Anthony Martinez,6453.14,1
5870,Jerry Morse,6450.74,1
3341,Monica Hunt,6450.58,1
7008,Vanessa Gomez,6448.23,1
3731,Christopher Stone,6441.91,1
2588,Dr. Sarah Clayton,6441.17,1
2112,Cristina Wilson,6439.14,1
6557,Joel Walker,6436.46,1
1636,John Hudson,6436.10,1
8601,Gerald Callahan,6434.28,1
3256,Tina Duarte,6433.63,1
748,Douglas Grant,6432.87,1
8018,Maria Moyer,6429.67,1
1632,Paul Buckley,6428.37,1
8329,Gregg Barnes,6426.68,1
9087,Sherry Stark,6425.25,1
7774,Walter Miller,6425.17,1
8127,Angela Miller,6424.05,1
9977,Leslie Mahoney DVM,6423.46,1
6529,Steven Weeks,6421.38,1
5238,Lauren Watson,6421.32,1
7109,Travis Williams,6421.24,1
101,Julie Moore,6418.19,1
6986,Anthony Jackson,6417.09,1
4637,Joseph Watson,6415.40,1
8136,Alicia Page,6411.99,1
6216,Christopher Mckee MD,6409.81,1
2240,Maureen Tran,6409.72,1
2273,Tonya Jones,6408.03,1
3698,Dylan Richards,6407.33,1
2542,Teresa Carpenter,6406.59,1
5230,Marisa Pena,6405.14,1
5034,Justin Hopkins,6404.95,1
7478,Johnny Chang,6403.60,1
6675,Phillip Hurst,6400.44,1
3378,Kenneth Brown,6400.24,1
2294,Charlene Chase,6400.23,1
5074,Paul Anderson,6399.81,1
8056,Sandra Coleman,6399.23,1
1198,Alan Hoffman,6397.37,1
7147,Nicole Conway,6397.34,1
9150,Dawn Barnes,6395.73,1
825,Andrew Williams,6395.59,1
5944,Kiara Garrett,6393.65,1
2667,Gail Reyes,6391.10,1
2995,Amanda Burnett,6390.44,1
2282,James Ward,6390.08,1
895,Robert Murray,6387.91,1
9114,Kathleen Alvarez,6387.39,1
1549,Brandy Allen MD,6386.90,1
1623,Karen Myers,6385.58,1
8180,Wyatt Francis,6382.82,1
584,Sandra Phillips,6382.74,1
8844,Paul Fox,6382.18,1
2153,Jeffrey Hill,6377.91,1
9285,Brenda Dominguez,6377.80,1
1244,Dawn Hart,6376.34,1
639,Travis Peterson,6372.97,1
6316,Tara Durham,6371.87,1
2945,Monica Tran,6371.16,1
2219,Dustin Myers,6368.29,1
1909,William Perez,6367.91,1
253,Yesenia Kirk,6367.80,1
3553,Annette Daniel,6365.96,1
2928,Rodney Larson,6365.41,1
1650,Jeffrey Cooper,6364.93,1
901,Zachary Jones,6364.35,1
5660,Michael Charles,6363.56,1
4004,Rebecca Gardner,6362.55,1
7288,Amber Gonzalez,6362.53,1
8907,Jennifer Wells,6360.25,1
5511,Pamela Short,6359.13,1
5125,Brandon Jenkins,6358.72,1
9342,Elizabeth Yu,6358.52,1
3236,Cynthia Morris,6358.09,1
9499,Shannon Griffin,6357.26,1
9891,Jonathon Weaver,6356.59,1
9933,Christopher Dean,6355.86,1
5675,Aaron Perry,6355.70,1
7798,Paul Marks,6354.38,1
4995,Jason Park,6353.68,1
2643,Joshua Hutchinson,6352.33,1
744,Michelle Nielsen,6351.52,1
7091,Melissa Lyons,6351.07,1
3432,Alex Curtis,6349.99,1
5994,Juan Morris,6345.82,1
3533,Anne Lee,6344.35,1
1958,Lauren Davis,6341.67,1
2890,Cynthia Cruz,6339.61,1
1471,Karen Weber,6339.11,1
3899,Mrs. Karen Hudson,6335.50,1
863,Kenneth Snyder,6335.45,1
8778,Lindsey Meyer,6335.03,1
8429,Mark Taylor,6332.83,1
7013,Andrea Jordan,6331.91,1
2823,John Scott,6330.80,1
3972,Brandon Nelson,6330.79,1
5972,Dr. David Brooks,6330.29,1
9918,Christian Johnson,6330.14,1
5907,Christine French,6329.55,1
2585,Steven Henderson,6328.98,1
7682,Amanda Maxwell,6327.73,1
6939,Christopher Ellis,6326.15,1
9828,Bradley Lambert,6323.50,1
2534,Mr. George Williams,6323.17,1
4799,Nicolas Castillo,6322.37,1
9326,Daniel Flynn,6321.97,1
5833,Christopher King,6321.89,1
8632,Carol Diaz,6321.27,1
7044,Cathy Salas,6320.68,1
4426,Adrian Thomas,6320.02,1
1144,Mary Reid,6316.35,1
830,Richard Griffith,6316.13,1
6511,Nicholas Hamilton,6315.32,1
2433,Randy Wallace,6309.53,1
7531,Sandra Mason,6309.20,1
9806,Katrina Delgado,6308.20,1
8563,Joel Harris,6300.29,1
4136,David Harper,6300.19,1
9422,Kevin Taylor,6299.95,1
8872,Natalie Watts,6299.31,1
5776,Anthony Jones,6292.58,1
7973,Lisa Melton,6291.66,1
4458,Thomas Chang,6290.76,1
8030,James Caldwell,6289.06,1
7211,Bradley Sanchez,6288.78,1
9853,Erik Jensen,6287.39,1
6980,Jerome Stevens,6284.57,1
4531,Wesley Calhoun,6283.60,1
3789,William Summers,6282.89,1
2925,Jamie Ortiz,6277.34,1
2156,Philip Stephens,6277.12,1
3234,Kenneth Baxter,6277.05,1
4233,Michael Blevins,6276.49,1
4327,Steven Hickman,6274.72,1
3339,Aaron Sampson,6271.06,1
7186,Kelly White,6270.83,1
9616,Jeffrey Fisher,6268.16,1
524,Jacob Roach,6266.78,1
614,Cody Johnson,6266.35,1
5628,Joel Ramos,6266.23,1
2551,Richard Ochoa,6265.66,1
2165,Kristy Brown MD,6263.01,1
9412,Taylor Lowery,6261.93,1
4797,Dominique Johnson,6261.48,1
1247,Jesse Jones,6260.08,1
31,Krista Bell MD,6259.71,1
9885,Wesley Bray,6259.56,1
5596,Nicole Nguyen,6259.18,1
5910,Lisa Bennett,6259.17,1
205,Gregory Allen,6258.74,1
2025,Lindsay Smith,6258.51,1
2964,Jeremiah Rodriguez,6254.92,1
2618,Diamond Kelly,6253.32,1
3206,Paul Stone,6252.57,1
7535,Denise Ferguson,6249.50,1
1518,Jennifer Arnold,6248.63,1
8946,Laura Moore,6248.47,1
2747,Jacqueline Olson,6242.60,1
2673,Karla Mcdaniel,6241.08,1
355,Ronald Brown,6240.42,1
3980,Jordan Davis,6239.62,1
2390,Dr. Kristin Stanley,6238.69,1
3598,David Hebert,6237.87,1
7922,Joe Brown,6237.10,1
7215,Marc Friedman,6236.06,1
5316,Paige Wade,6234.85,1
1319,John Melton,6231.90,1
3395,Ronald Fox,6231.88,1
8444,Thomas Carpenter,6226.90,1
4709,Gregory Park,6225.39,1
8989,Daniel Griffin DDS,6223.84,1
8599,Laura Thomas,6222.06,1
3111,Jessica Campbell,6220.90,1
6466,Thomas Berry,6220.04,1
9501,Sean Allen,6218.26,1
2854,Kyle Ramos,6217.54,1
3697,Caroline Wilson,6217.38,1
6079,Dr. Brandon May,6217.12,1
6307,Walter Mendez Jr.,6216.04,1
4034,Janet Wheeler,6215.96,1
3001,Shawn Reid,6215.57,1
9936,Kenneth Moore,6214.48,1
3092,Travis Spencer,6213.41,1
6799,Joy King,6213.18,1
5764,Lisa Boyle,6212.09,1
2174,Diane Manning,6211.82,1
4751,Ian Melendez,6210.17,1
5674,Corey Blankenship,6208.70,1
536,Timothy Miller,6208.00,1
8160,Lynn Morrow,6207.80,1
1450,Samuel Livingston,6207.74,1
352,Christina Reid,6207.50,1
8531,James Cooper,6205.41,1
4732,Jared Harris,6205.23,1
2081,Adam Williams,6205.04,1
1756,Marc Davis,6204.78,1
581,Jordan Chapman,6202.09,1
6611,Matthew Jacobs,6199.91,1
4377,Ashley Jordan,6197.33,1
7048,Mrs. Nancy Lewis,6194.60,1
1789,Ashley Campbell,6192.31,1
3050,Taylor Mccarthy,6192.17,1
5027,Michael Yang,6191.99,1
6107,Deborah Morris,6190.87,1
2392,William Cooper,6185.00,1
7135,Brian Cummings,6184.39,1
3596,Thomas Juarez,6183.69,1
239,Karen Perez,6183.45,1
7355,Philip Parker,6182.80,1
6247,Melissa Bartlett,6182.72,1
8401,David Dunn,6182.19,1
3291,Dana Burgess,6181.81,1
1508,Joseph Ali,6180.42,1
2288,Teresa Green,6176.75,1
8536,Austin Smith,6176.17,1
99,Julie Lee,6173.15,1
8359,Daniel Moore,6173.01,1
9431,Terrence Gilbert,6172.15,1
1493,Cynthia Nguyen,6171.92,1
64,Richard Jones,6171.55,1
7103,Chad Gutierrez PhD,6169.51,1
1212,Mary Kelly,6168.51,1
5183,Christina Aguilar,6168.11,1
3342,Rachel Hernandez,6165.99,1
8797,David Schwartz,6165.50,1
4278,Mr. James Miller Jr.,6164.93,1
2711,James Hernandez,6163.02,1
9744,Tara Sanders,6160.66,1
5007,Kathy Anderson,6155.13,1
157,Kenneth Underwood,6153.54,1
4617,Brian Woods,6152.21,1
1462,Tanya Hall,6150.08,1
1774,Larry Garza,6149.81,1
394,Elizabeth Tucker PhD,6148.57,1
4061,Allison Terrell,6146.31,1
3527,William Pennington,6145.30,1
1231,Ms. Michele Jones,6144.63,1
5997,Philip Carpenter,6141.56,1
3012,Timothy Reed,6141.29,1
1795,Lisa Dennis,6140.83,1
402,Thomas Nelson,6140.31,1
7451,Allison Howard,6139.67,1
3127,Leonard Lamb,6139.25,1
4460,Stacey Cox,6139.04,1
7810,Cody White,6139.00,1
5315,Christopher Hernandez,6138.61,1
1659,Harold Malone,6138.55,1
4613,Thomas Thomas,6136.70,1
142,Megan Jones,6136.66,1
4244,Jean Harper,6134.74,1
194,Donald Hunter,6134.05,1
8416,Kevin Pena,6130.31,1
2716,Jacqueline Martin DDS,6128.42,1
8396,Alexandra Schneider,6127.44,1
5424,Catherine Vasquez,6123.43,1
9898,Lauren Tapia,6122.75,1
6221,Christopher Cooper,6122.33,1
8808,Bethany Caldwell,6118.25,1
4451,Zachary Hall,6115.51,1
6698,Katherine Williams,6114.82,1
5354,Charles Cannon,6111.16,1
7124,Stephanie Murray,6110.62,1
1718,Rachel Erickson,6109.11,1
9953,Jon Peters,6104.76,1
7358,Amber Johnson,6104.24,1
185,Angel Fry,6104.17,1
6743,Brandon Cole,6103.51,1
4918,James Collier,6101.51,1
4944,Bryan Jackson,6101.29,1
6703,Wendy Johnson,6099.90,1
3556,Samantha Peterson,6099.56,1
2329,Tina Young,6098.77,1
1287,Jennifer Johnston,6095.47,1
6892,Jennifer Rogers,6094.92,1
3196,Brent Hartman,6094.34,1
86,Mark Pierce,6092.86,1
9847,Mark Mata,6092.78,1
1099,Zachary Nichols,6091.62,1
448,Christina White,6090.38,1
5054,William Martin,6090.13,1
6028,Sue Holland,6090.13,1
8071,Eric Stewart,6089.04,1
2128,Lisa Hawkins,6089.04,1
108,Shawn Odom,6087.86,1
1094,Kathryn Jones,6087.68,1
3604,Tina Gonzalez,6086.62,1
4999,Jessica Hardin,6086.40,1
2188,Cassandra Wolf,6085.91,1
3026,Douglas Campos,6084.06,1
1134,Nicole Sanchez,6078.69,1
2669,Stephanie Whitehead,6078.33,1
1119,Amy Davis,6077.02,1
713,Nicholas Vargas,6076.92,1
1114,Thomas Rodgers,6076.12,1
9728,Brenda Fuller,6076.05,1
2786,James Spears,6076.00,1
4019,Ashley Ramos,6075.40,1
8084,Keith Stokes,6074.36,1
5408,Mrs. Rebecca Washington DDS,6074.20,1
2103,Paula Rogers,6073.33,1
2513,Christine Price,6073.27,1
4312,Michael Bauer,6072.02,1
3249,Linda Petersen,6069.59,1
3023,Victoria Barnes,6069.09,1
9788,Michele Jackson,6064.12,1
359,Melissa Rodriguez,6060.18,1
9906,Melissa Mann,6057.52,1
8570,Chelsea Roberts,6057.10,1
9846,Travis Barber,6056.46,1
9446,Keith Day,6055.07,1
6264,Ryan Thompson,6054.70,1
845,Wendy Perez,6052.84,1
6463,Scott Richards,6051.63,1
1569,William Baker,6050.67,1
3958,Emma Perez,6050.60,1
5495,Joseph Patel,6047.08,1
4568,Lee Wheeler,6045.81,1
3908,Johnny Barr,6045.02,1
1503,Robert Huang,6044.21,1
686,Robin Wallace,6043.85,1
7127,Katie Gray,6042.41,1
4932,Allen Hamilton,6040.71,1
3113,Brittney Clark,6040.08,1
3184,Kathleen Colon,6039.58,1
1131,Paul Willis,6038.80,1
8868,Marcus Solomon,6038.54,1
3800,Christopher Perry,6038.18,1
8025,Fernando Phillips,6036.33,1
8091,Phillip Reese,6036.22,1
570,Willie Allen,6034.74,1
1977,Evan Gilmore,6032.74,1
2478,Matthew Hester,6031.49,1
3239,Benjamin Contreras,6029.01,1
9398,Vickie Owens,6023.90,1
985,Maria Williams,6023.84,1
9037,Paul Fischer,6023.03,1
7756,Danielle Jensen,6021.65,1
9969,Dawn Turner,6021.30,1
6985,Kathleen Bird,6020.49,1
6081,Beverly Thompson,6018.78,1
5789,Kristin Mays,6016.90,1
9397,Scott Gordon,6014.20,1
5915,William Watson,6012.84,1
3870,Antonio Martinez,6012.46,1
226,Heather Pena,6012.29,1
4821,Holly Salas,6012.17,1
9905,Heather Horne,6011.92,1
7086,Matthew Scott,6011.74,1
8535,Adrian Dunlap,6009.88,1
7055,Jonathan Hamilton,6007.94,1
6258,Antonio Downs,6005.69,1
9665,Kim Burgess,6003.91,1
5435,Andrea Ruiz,6003.40,1
6428,Audrey Hunt,6002.57,1
7589,George Herrera,6000.31,1
1564,Tamara Clark,5997.47,1
6961,Tina Coleman,5997.42,1
6251,Eric Cannon,5996.91,1
112,Kathleen Garcia,5992.08,1
5359,Jeffrey Jefferson,5991.77,1
1994,Daniel Silva,5990.04,1
2963,Monica Fitzpatrick,5986.93,1
7855,Katherine Bell,5986.51,1
8908,Sarah Williams,5985.76,1
4172,Nancy Spence,5985.24,1
3232,Kristin Austin,5982.83,1
6851,Victoria Moore,5982.21,1
3335,Daniel Clark,5976.29,1
9768,Adrian Fitzpatrick,5975.31,1
930,Marilyn Lozano,5974.98,1
7869,Maria Perez,5973.92,1
6476,Robert Carpenter,5973.40,1
3351,Sarah Morgan,5972.93,1
6566,Melissa Williamson,5970.52,1
6869,Joshua Davis,5968.59,1
7740,Adam Weber,5967.91,1
4046,Richard Williams,5966.80,1
4898,Kimberly Knight,5966.71,1
4131,Ashlee Morrison,5964.45,1
7458,Amy Davidson,5964.35,1
25,Daniel Murphy,5963.17,1
4188,Deborah Reeves,5961.49,1
5931,Mark Johnson,5960.79,1
3428,Justin Davis,5960.35,1
648,Ms. Amy Brown,5959.13,1
5793,Jill Charles,5956.88,1
4296,Terry Jackson,5956.65,1
9253,Leslie Wise,5955.46,1
8866,Tiffany Walker,5955.22,1
8408,Eric Lewis,5954.32,1
9131,Kimberly Lee,5953.10,1
8940,Mariah Erickson,5952.68,1
3751,Sandra Lewis,5952.16,1
7454,Timothy Griffith,5951.10,1
4474,David Jones,5950.08,1
6084,Sherry Vaughn,5948.79,1
6641,Jonathan Sanford,5948.51,1
7233,Timothy Stewart,5947.94,1
5181,Amy Reyes,5944.65,1
9418,Veronica Spencer,5944.50,1
3283,Jacqueline Woods,5943.75,1
3650,Scott Haynes,5941.97,1
2074,Stephanie Daniel,5941.97,1
1191,George Hill,5941.34,1
3657,Joseph Wheeler,5940.96,1
4705,Nancy Jordan,5940.14,1
106,Julie Ball,5938.09,1
809,Mathew Cole,5938.05,1
1647,Melissa Vasquez,5937.97,1
3866,Jason Watkins,5937.53,1
3912,Jennifer Copeland,5935.53,1
2753,Amber Andrews,5934.45,1
8838,Brittany Edwards,5931.94,1
2936,Jared Holmes,5931.88,1
5112,Allison Rosales,5930.68,1
9680,Brianna Johnson,5927.03,1
5851,Andrew Lambert,5925.43,1
856,Melissa Kim,5925.25,1
4063,Amber Clements,5923.32,1
1107,Paul Wilkerson,5920.38,1
7975,Krystal Lawrence,5920.15,1
2170,Tammy Wilcox,5919.84,1
2416,Peter Munoz,5918.81,1
3029,Tara Green,5917.83,1
5900,Tara Nielsen,5917.51,1
15,Vanessa Cochran,5916.52,1
9721,Debra Palmer,5915.70,1
190,Mary Jackson,5915.09,1
6617,John Turner,5914.39,1
4599,Zachary Fox,5912.51,1
260,Nicholas Miller,5911.26,1
9443,Jose Lopez,5910.99,1
6776,Craig Webster,5908.18,1
5957,Jasmine Jacobs,5907.26,1
8150,Jessica Buchanan,5906.39,1
79,Kelly Owen,5906.03,1
2661,Andrew Hughes,5905.94,1
2818,William Chavez,5904.92,1
1259,Jonathan Evans,5904.91,1
5860,Christopher Morales,5904.88,1
6141,Tricia Dawson,5904.13,1
676,Michael Melendez,5902.40,1
8552,Ashley Harris,5902.04,1
1422,Corey Ford,5901.54,1
2629,Aaron Barker,5900.03,1
6224,Ryan Johnson,5899.23,1
6035,David Harris,5899.00,1
6439,Jennifer Miller,5893.39,1
4402,Joseph Martin,5891.38,1
759,Tammy Mcdaniel,5890.50,1
6109,Marvin Moore,5889.96,1
4208,Leah Gonzalez,5888.52,1
9930,Jacqueline Zimmerman,5887.55,1
3108,Julia Boone,5886.13,1
1248,James Ward,5886.09,1
7898,Edward Perez,5885.98,1
7386,Abigail White,5885.39,1
2913,Mark Taylor,5885.13,1
7870,Donna Vazquez,5883.37,1
2985,Tony Hall,5883.13,1
2621,Kayla Morgan,5882.02,1
3348,Mark Bridges,5881.66,1
8861,Peter Gonzalez,5881.02,1
9732,Brandy Gibson,5880.39,1
2615,Erin Wilson,5880.19,1
3922,Kelly Johnson,5879.08,1
1667,Crystal King,5877.17,1
2779,Jose Holder,5873.67,1
8534,Eddie Henderson,5873.31,1
9241,Susan Rogers,5873.23,1
7015,David Bennett,5872.08,1
3129,Gene Johnson,5870.40,1
7513,Michelle Rivas,5867.46,1
9859,Melissa Adams,5866.72,1
1151,Joshua Smith,5866.12,1
5043,James Edwards,5865.85,1
8083,Phyllis Edwards,5865.13,1
1081,Christopher Pruitt,5864.06,1
291,Samantha Howard,5861.42,1
1910,Craig Khan,5859.03,1
8781,Tara Palmer,5857.73,1
2012,Fred Espinoza,5857.59,1
8827,Elizabeth Garcia,5854.38,1
4838,Mary Smith,5853.08,1
7573,Nathan Owen,5847.63,1
4014,Joshua Silva,5844.66,1
5911,Levi Johnson,5844.29,1
2224,Mark Hoffman,5841.58,1
4541,Taylor Maynard,5841.36,1
587,Kari Sandoval,5840.47,1
5882,Jacob Williams,5837.89,1
5070,Michael Curtis,5837.35,1
510,Grant Munoz,5834.11,1
5601,Michael Simmons,5833.91,1
4636,Michael Williams,5833.81,1
8357,Gregory Hernandez,5830.63,1
6182,Marcus Edwards,5829.02,1
3499,Haley Soto,5827.75,1
490,Alisha Martin,5826.29,1
3005,Kevin Ortiz,5826.27,1
5805,Sarah Buchanan,5826.02,1
5896,Robert Williams,5825.29,1
3425,Susan Romero,5824.33,1
3774,Shelby Henry,5824.32,1
1148,Jeanne Robinson,5823.46,1
7629,Jonathan Johnson,5823.30,1
7792,Sarah Foster,5820.34,1
3376,Andrea Hoffman,5819.22,1
6895,Steve Reynolds,5818.47,1
6866,Jonathan Vincent,5818.06,1
6699,Miguel Duncan,5817.40,1
8279,Devon Mullins,5816.73,1
218,Amanda Armstrong,5815.52,1
964,Melissa Martinez,5815.44,1
9325,Amy Foster,5815.02,1
5948,Alexis Jacobs,5814.57,1
2980,Sara Marquez,5814.28,1
5532,Stacy White,5811.13,1
8152,Theodore Odonnell,5807.86,1
9312,Anna Banks,5807.41,1
5800,David Tucker,5806.87,1
4081,Melanie Conway,5805.53,1
6387,Joshua Bowman,5803.88,1
1915,Connie Ramirez,5800.14,1
8768,Craig Phillips,5797.87,1
5204,Kristine Jones,5795.72,1
282,Kelly Smith,5794.90,1
3198,John Martin,5794.86,1
1835,Lindsey Johnson,5794.21,1
7910,Tara Lee,5794.15,1
5639,Isaac Brown,5793.96,1
8228,Lindsey Frazier,5793.32,1
1668,Sean Barnes,5789.72,1
5215,Jessica Wilson,5786.12,1
2291,Tina Small,5784.98,1
4968,Andrew Bennett,5784.55,1
339,Brenda Perez,5781.71,1
6357,Stephanie Turner,5781.20,1
8813,Joseph Odom,5780.63,1
2451,Michael Johnson,5778.96,1
5289,Jerry Wright,5775.64,1
2255,Mrs. Lisa Castillo DDS,5772.43,1
2439,Matthew Mendoza,5772.00,1
5528,Jacob Richardson,5771.93,1
9826,Hannah Brown,5771.70,1
6132,Emily Willis,5771.52,1
1204,Amber Lopez,5771.48,1
9167,Lee Mcfarland,5770.40,1
2122,Carrie Horne,5768.77,1
5143,Monique Smith,5767.88,1
5197,Thomas Taylor,5767.44,1
317,Nathan Chen,5766.58,1
1252,Cesar Watts,5766.18,1
7241,Michael Hughes,5765.53,1
8227,Ashley Knight,5765.06,1
7974,Brian Lawson,5764.40,1
4165,John Tapia,5763.61,1
4435,Shawn Calderon,5761.32,1
5105,Kyle Walker,5760.05,1
2979,Michael Kelly,5759.32,1
1197,Kim Williams,5758.59,1
813,Jason Ferrell,5758.46,1
9394,Susan Yates,5757.80,1
7561,Rose Whitaker,5756.42,1
4976,James Hayes,5752.70,1
2387,Kyle Bell,5752.60,1
7417,Gina Castro,5751.22,1
787,Anthony Randall,5750.96,1
8235,Ashley Sullivan,5745.31,1
6501,Kristin Davis,5745.28,1
961,Amber Sanchez,5743.76,1
8004,Jeff Lane,5742.62,1
6524,Veronica Anderson,5741.13,1
9504,Meghan Howard,5740.83,1
8191,Bruce Boone,5739.63,1
1782,Kevin Wilson,5738.64,1
2738,Jason Reed,5736.13,1
8687,Christina Bryant,5735.23,1
5536,Jonathan Dominguez,5735.01,1
6616,Brett Williams,5734.80,1
8678,Jeffery Martin,5733.71,1
3923,Julia Allen,5733.48,1
1020,Cassandra Flores,5732.91,1
5280,Ryan Hughes,5731.82,1
3170,Cody Dyer PhD,5731.65,1
3937,Dalton Doyle,5730.75,1
6090,Michael Ramsey,5730.50,1
6043,Kyle Davis,5730.01,1
6512,David Charles,5729.69,1
3837,Stacey Stevenson,5726.94,1
550,Kristina Coffey,5725.17,1
9841,Kristine Craig,5724.42,1
8523,Kendra Yang,5724.10,1
5626,Jeffrey Williams,5723.92,1
8230,Mr. Jason Frank,5721.55,1
566,Joshua Garcia,5719.93,1
7436,Angela Smith,5719.64,1
7399,Mr. Kenneth Wallace Jr.,5718.70,1
3121,Rebecca Crawford,5718.38,1
4641,Donna Lawrence,5716.55,1
377,Thomas Patrick,5716.50,1
9421,Justin Frye,5716.49,1
8048,George Andrews DDS,5716.10,1
6167,David Valdez,5715.32,1
3181,Theresa Smith,5709.27,1
6878,Sara Arias,5708.90,1
9182,Haley Garner,5708.55,1
9921,Joshua Simmons,5703.23,1
4143,Austin Scott,5702.46,1
7328,Justin Whitehead PhD,5697.88,1
520,Caitlin Morris,5697.09,1
8066,Patricia Gutierrez,5695.10,1
8425,Hannah Robertson,5693.09,1
1051,Kyle Green,5693.08,1
1644,Monica Peters,5692.65,1
6135,Amy Jones,5692.43,1
3356,Teresa Bryan,5691.82,1
7686,Gary Higgins,5690.14,1
2175,Reginald Ramirez,5689.48,1
9884,Paul Armstrong,5688.72,1
8752,Patrick Martin,5686.01,1
3914,Lisa Parker,5685.82,1
9633,Alyssa Nelson,5685.55,1
8426,Amber Foster,5685.22,1
9873,Nina Martinez,5684.63,1
7300,David Singleton,5683.93,1
7844,Richard Hill,5683.39,1
1893,Ashley Bray,5682.99,1
40,Adam Russell,5682.51,1
8134,Mark Smith,5682.37,1
3310,Kristen Haynes,5681.95,1
1828,Anthony Graham,5681.67,1
5282,Mr. Christopher Beck,5678.83,1
5975,Corey Ellis,5678.56,1
1374,Jerome Salazar,5678.36,1
5410,Mary Wood,5676.91,1
9196,Lauren Howard,5676.82,1
2999,Todd Zimmerman,5676.40,1
5817,Crystal Richmond,5676.38,1
7363,Kevin Rosario,5675.25,1
4424,Eugene Lawrence,5674.41,1
6647,William Smith,5674.28,1
5006,Daniel Schmidt,5674.14,1
2001,Derek Bishop,5674.00,1
457,Michael Bennett DVM,5672.01,1
732,Emily Robinson,5670.15,1
6425,Cynthia Dalton,5670.05,1
4985,Mark Soto,5669.63,1
3401,Karen Barnes,5668.69,1
428,Jasmine Berger,5668.20,1
1731,Donald Anderson,5667.81,2
4012,Matthew Robinson,5667.48,2
1806,Amy Reynolds,5665.14,2
5128,Brad Heath,5665.10,2
4221,Christopher Gilmore,5664.88,2
4359,Chloe White,5663.85,2
9301,Lisa Greene,5663.58,2
6649,Curtis Roberson,5663.32,2
8952,Michele Moore,5662.55,2
5508,Austin Fischer,5661.04,2
2756,Brent Holland,5660.72,2
1432,Frank Martinez,5658.16,2
2242,Ronald Brooks,5656.38,2
7843,Chad Campbell,5655.59,2
1837,Adam Gray,5654.45,2
9461,Gabriel Martin,5653.23,2
4690,Todd Vargas,5652.90,2
3279,Ryan Patterson,5651.99,2
2930,David Potts,5651.89,2
2296,Thomas Parker,5651.53,2
8062,Randall Briggs,5651.18,2
5305,Brian Anthony,5651.11,2
2528,Mariah Huerta,5650.93,2
3605,Eric Nelson,5646.85,2
742,Jesse Wilson,5644.46,2
1362,Kimberly Cummings,5641.98,2
55,Susan Hopkins,5641.74,2
5839,Elizabeth Duncan,5641.42,2
8854,Sarah Bates,5639.21,2
9299,Tiffany Cooley,5638.85,2
1966,Daniel Rodriguez,5638.21,2
7657,Caleb Thompson,5637.74,2
6852,Ronald Gonzales,5636.22,2
966,Angela Chapman,5635.89,2
7247,Robert Jenkins,5634.58,2
4871,Deborah Taylor,5633.98,2
5415,Amanda Clark,5633.09,2
3240,Samuel Montoya,5632.08,2
2882,Gregory Kemp,5631.52,2
878,Kenneth Johnson,5630.33,2
1938,Robert Douglas,5630.12,2
9435,Victor Johnson,5628.03,2
7100,Carolyn Delgado,5627.13,2
4820,Janet Garcia,5626.00,2
4085,Johnathan Smith,5626.00,2
1506,Hannah Campbell,5625.96,2
6451,William Austin,5625.39,2
5667,John Mccoy,5623.17,2
1510,Anthony Peterson,5623.10,2
7886,Colleen Haynes,5621.89,2
1515,Jane Lee,5621.35,2
877,Joseph Wang,5620.14,2
824,Robert Burke,5620.08,2
4694,Marie Jones,5618.43,2
6677,Jennifer Jackson,5618.40,2
9381,Karen Williamson,5616.90,2
3615,Shelley Castaneda,5616.31,2
1392,Sharon Wright,5615.15,2
2380,Robert Humphrey,5612.56,2
9518,Christopher Waller,5612.36,2
1962,Angela King,5611.31,2
5365,Robert Adkins,5611.09,2
7489,Brittany Wells,5606.29,2
110,Bob Cole,5605.59,2
8812,Michael White,5605.49,2
8966,Abigail Johnston,5605.46,2
9228,Frank Jones,5605.31,2
8936,Cathy Larson,5604.49,2
8190,Erin Morris,5604.35,2
5687,Timothy Miller,5604.27,2
8709,Michael Hoffman,5602.85,2
7169,Jill Mathis,5602.80,2
4301,Kelsey Butler,5602.17,2
4471,April Wright,5601.84,2
7956,Adrian King,5601.72,2
6225,Joanna Torres,5601.59,2
9022,Alexander Johnson,5600.83,2
9275,Andrew Fitzgerald,5600.32,2
3753,Thomas Lee,5600.21,2
9593,Curtis Smith,5597.43,2
5517,Jake Conway,5596.93,2
1176,Joanne Lopez,5596.50,2
2259,Peggy Chambers,5589.69,2
2812,Dennis Russell,5588.51,2
2597,David Reed,5588.33,2
363,Nicholas Green,5587.68,2
2879,Andrew Wilcox,5587.04,2
295,Patrick Horne,5587.00,2
4020,Jeffrey Williams,5586.87,2
6923,Katherine Jackson,5586.69,2
5543,Felicia Lewis,5584.57,2
9133,Travis Kemp,5583.93,2
2544,Scott Frazier,5582.00,2
5317,Matthew Kent,5581.51,2
351,Leah Odom,5580.50,2
1889,Jason Jones,5579.08,2
2706,Jennifer Greene,5579.05,2
585,Desiree Mccoy,5578.45,2
441,Beth Thompson,5577.30,2
3469,Laura Herrera,5576.32,2
9686,Mercedes Cook,5574.82,2
1887,Dr. Jennifer Shaw,5572.73,2
3843,Tina Jefferson,5572.57,2
7698,Kevin Wagner,5571.31,2
3524,Kelsey Perry,5569.35,2
7730,Ashley Anderson,5569.30,2
4677,Nancy Kelley,5569.24,2
1615,Emma Brown,5566.17,2
1526,Brian Huynh,5565.42,2
1703,Molly Riley,5564.82,2
7316,Maria Brown,5562.62,2
4917,Matthew Santos,5561.27,2
6864,Marilyn Fritz,5560.72,2
7760,David Nash,5557.59,2
8675,Christopher Cox,5557.23,2
8648,Lindsay Johnson,5556.51,2
583,Brenda Clark,5555.13,2
1448,Michael Gomez,5553.36,2
8028,Steven Butler,5553.18,2
1765,Tami Burton,5552.73,2
3213,Anna Padilla,5549.95,2
1401,Jeremiah Fisher,5549.27,2
5129,Phillip Lewis,5548.78,2
3884,Kendra Davis,5548.57,2
2540,Kevin Simmons,5548.38,2
1737,Tara Frank,5546.72,2
2180,Susan Hayden,5545.95,2
6361,Courtney Morrow,5544.83,2
898,Jeffrey King,5544.04,2
4814,Peter West,5543.99,2
1057,Cynthia Velazquez,5543.32,2
8613,Michael Yang,5540.08,2
523,Mary Welch,5537.24,2
155,Anthony Evans,5535.69,2
5275,Marcus Delgado,5535.02,2
3218,Steven Welch,5534.91,2
7329,Victoria Castaneda,5531.95,2
7615,Mark Miles,5531.74,2
2548,Joshua Hudson,5530.65,2
2311,Steve Decker,5530.21,2
6664,Erica Carroll,5530.11,2
3920,David Todd,5529.46,2
735,Michael Lewis,5529.19,2
8263,Jessica Cobb,5528.51,2
6623,Kristin Herrera,5528.34,2
9882,Troy Singleton,5528.15,2
7672,Michael Wilson,5527.72,2
5173,Patrick Jackson,5525.03,2
1309,Matthew Gilmore,5524.03,2
694,Jennifer Blackwell,5523.85,2
2099,Christine Lopez,5522.96,2
1427,Michael Martinez,5522.74,2
6952,Robert Hill,5521.56,2
7747,Robert Robertson,5520.87,2
3411,Debbie Lowery,5520.23,2
5159,Jessica Cooper,5519.42,2
3033,Nicholas Miles,5518.24,2
3579,Christopher Elliott,5515.73,2
2048,Steven Buchanan,5515.22,2
8748,Faith Lambert,5514.31,2
3461,Christopher Bryant,5512.10,2
9132,Leslie Campbell,5511.62,2
9952,Taylor Gordon,5510.59,2
1971,Amy Moore,5507.96,2
9651,Jessica Levy,5507.71,2
3409,Dawn Hill,5507.29,2
4228,Garrett Gillespie,5504.86,2
956,Patricia Smith,5504.26,2
6780,Kimberly Wilson,5504.08,2
9317,Matthew Patton,5503.94,2
954,Erik Leon,5502.64,2
1616,Timothy Floyd,5502.44,2
5403,Jennifer Wilson,5502.25,2
5759,Dale Thompson,5501.43,2
7511,Edward Mayer,5500.71,2
1658,John Pitts PhD,5499.64,2
5678,Christian Young,5498.63,2
8825,William Jones,5497.39,2
6360,Laura Salazar,5497.13,2
4499,April Coleman,5496.71,2
5244,Elizabeth Sloan,5495.92,2
4594,Duane Bishop,5494.08,2
2059,Michael Saunders,5490.17,2
891,Crystal Chavez,5488.61,2
3730,Samantha Ortiz,5488.57,2
3155,Shawn Reyes,5486.93,2
2119,Emily Brown,5486.08,2
9512,Joshua Joseph,5483.03,2
6208,Jamie Figueroa,5482.16,2
5377,Paul Lopez,5481.76,2
4324,Janet Garcia,5478.11,2
6417,Debra Mason,5477.16,2
8295,Johnathan Terry,5475.38,2
4697,Mark Duncan,5474.32,2
9278,Curtis Hall,5474.17,2
4095,Richard Silva,5472.09,2
752,Alyssa Powers,5470.75,2
7695,Jeffery Carroll,5470.50,2
4290,Austin Green,5470.28,2
7344,Natasha Hill,5470.17,2
1033,Justin Preston,5469.34,2
2225,Whitney Morrison,5467.75,2
4052,Susan Young,5467.53,2
5455,Shawn Taylor,5467.10,2
2714,Christian Benson,5466.73,2
2051,Erika Griffin,5466.54,2
332,Jill Riddle,5466.10,2
9116,Scott Mendoza,5466.00,2
9774,Lisa Rice,5465.12,2
3888,Billy Walker,5464.23,2
4744,Taylor Schroeder,5462.84,2
2448,Mary Anderson,5462.28,2
8641,Roy Garcia,5462.00,2
4182,Jonathan Cherry,5461.73,2
2117,Kristen Wright,5460.99,2
4021,Jeffrey Herman,5459.45,2
4951,Jessica Sanchez,5459.35,2
6380,Anna Williamson,5458.58,2
1310,William Ware,5458.04,2
3049,Kyle Lawrence,5457.44,2
6369,April Hamilton,5456.58,2
7192,Robert Valencia,5456.04,2
938,Luis Richardson,5455.64,2
2680,Taylor Hendricks,5454.97,2
9580,Herbert Martinez,5452.35,2
2991,Peter Moore,5451.25,2
7227,Madison Blair,5451.24,2
8987,Travis Bennett,5450.25,2
7407,Michelle Moran,5449.90,2
2503,Maria Stevens,5449.03,2
525,Danielle Gonzalez,5448.52,2
1429,Carmen Herrera,5447.56,2
8576,John Lambert,5447.47,2
5928,James Watson,5446.89,2
739,Jennifer Colon,5445.80,2
7987,Janet Hill,5444.87,2
5301,Richard Haynes,5444.70,2
499,Charles Sanchez,5443.66,2
301,Sandra Smith,5443.56,2
8021,Dr. Ronald Graham DVM,5442.78,2
3830,Alex Carter,5442.54,2
5650,Joshua Jackson,5441.17,2
784,Joel Phelps,5440.84,2
4696,Stephanie Carpenter,5439.53,2
6454,Teresa Gregory,5438.14,2
9324,Monica Lewis,5438.13,2
3764,Teresa Diaz,5437.72,2
1221,Robert Whitaker,5437.08,2
5571,Ana Smith,5435.75,2
5874,Kim Melendez,5435.53,2
7457,Kelly Carson DDS,5435.15,2
3714,Jon Smith,5434.53,2
3602,Shawn Wagner MD,5433.69,2
2694,Jamie White,5430.33,2
233,Michelle Brock,5430.00,2
4646,John Lewis,5428.99,2
5130,Samuel Stark,5428.74,2
7612,William Hernandez,5427.87,2
4629,Laura Alexander,5427.37,2
8657,Andrea Moore,5426.92,2
9640,Sarah Henderson,5425.42,2
9297,Scott Stark,5423.29,2
3992,Aimee Reyes,5423.10,2
6363,Alice Rice,5423.05,2
8009,Brian Young,5422.41,2
257,Michael Osborn,5418.66,2
4572,Kimberly Wood,5418.15,2
705,Christopher Turner,5417.31,2
73,Courtney Hayes,5415.25,2
3776,Kevin Chung,5415.01,2
3274,Timothy Bray,5413.18,2
385,Carol Wilson,5412.45,2
7566,Nicholas Levy,5411.14,2
867,Trevor Burns,5410.77,2
173,Melanie Morales,5408.39,2
7318,Michael Chapman,5408.18,2
1423,Sandra Baker,5407.53,2
2785,Leslie Barnes,5407.24,2
4097,Shawn Allen,5407.05,2
3623,Victoria Gomez,5404.90,2
9188,April Rose,5404.08,2
4545,John Hicks,5404.08,2
854,Erica Thomas,5402.46,2
8921,Brandy Johnson,5401.53,2
3350,Sara Shannon,5401.48,2
9890,Sophia Gomez,5400.67,2
87,Jennifer Fowler,5398.30,2
8072,Jeffrey Brown,5397.43,2
2113,Oscar Williams,5397.27,2
1217,Paul Nguyen,5396.20,2
5549,Rose Hernandez,5393.23,2
5350,Toni Hahn,5392.87,2
5826,Terrence Austin,5392.80,2
559,James Jones,5391.24,2
5080,Victoria Jones,5390.02,2
9093,Jared Wood DDS,5389.80,2
4295,David Sloan,5389.45,2
1369,Matthew Love,5388.48,2
3820,Joshua Gomez,5387.92,2
1723,Sabrina Adams,5386.30,2
6681,John Lindsey,5386.29,2
1128,Jason Ellis,5386.23,2
7403,James Smith,5385.58,2
9492,Hannah Oconnor,5385.25,2
4609,Timothy Ruiz,5385.03,2
4492,Felicia Rowe,5384.74,2
2366,John Young,5383.53,2
2695,Dawn Melendez,5382.61,2
8553,Johnny Smith DDS,5380.69,2
4007,Andrea Goodwin,5380.39,2
4369,Howard Thomas,5376.56,2
9925,Debbie Sullivan,5376.30,2
6500,Michael Clark,5375.41,2
9510,James Reid,5374.99,2
3737,Mr. Andrew Cervantes DVM,5374.87,2
7305,Joanne Thompson,5374.57,2
530,Brandon Lang,5373.38,2
1692,James Gray,5372.68,2
2023,Jennifer Davis,5372.47,2
4381,Paul Alvarez,5370.82,2
5439,James Rivas,5369.26,2
1483,Andrew Rodriguez,5368.68,2
6460,Nathan Wilson,5367.64,2
7737,Gina Fox,5364.94,2
970,Olivia Gordon,5364.40,2
7065,Anthony Nelson,5362.32,2
8312,Mrs. Ashley Aguilar,5362.29,2
3070,Jacob Walker,5360.49,2
640,Denise Nixon,5360.44,2
7538,Nicole Wolf,5360.14,2
261,Wendy Neal,5359.75,2
2633,Andrew Moore,5358.23,2
3491,Bradley Beck,5357.96,2
3141,Andrew Ramirez,5356.55,2
9034,Lori Cross,5355.29,2
4429,Mr. Jonathan Moore,5351.34,2
3326,Heather Collier,5351.20,2
1438,Christopher White,5349.88,2
5871,Clifford Clark,5345.53,2
330,Luke Robinson,5343.01,2
9762,Caleb Hammond,5342.93,2
6634,James Rhodes,5341.60,2
8320,Heidi Pope,5341.11,2
4521,Donald Griffin,5340.62,2
9048,Dylan Thomas,5339.98,2
1540,Nicole Patterson,5339.59,2
1100,Dr. Lisa Ramos,5338.84,2
2525,Lauren Landry,5337.99,2
3833,Julia Marsh,5337.37,2
5211,James Tucker,5337.29,2
6563,Jerome Thomas,5336.90,2
5576,Ronald Dean,5335.95,2
8339,Tony Mitchell,5334.70,2
7197,Kellie Rush,5332.95,2
4370,Cody Leon,5331.41,2
3069,Jerry Wallace,5330.80,2
2650,Tammy Simon,5327.45,2
1940,Andrew Mahoney,5326.48,2
3264,Gregory Richardson,5325.11,2
8633,Kimberly Stevens,5324.56,2
1874,Michael Miller,5324.31,2
610,Shawn Harding,5324.07,2
4111,Stephanie Green,5322.43,2
9452,Chris Cole,5321.66,2
72,Ruth Solis,5321.19,2
8234,Danielle Cross,5320.15,2
7405,Carlos Mcdonald,5317.75,2
9458,Gerald Harmon,5317.69,2
4676,Christopher Mayer,5317.43,2
4090,Pamela Reid,5316.64,2
5984,Ryan Parsons,5314.38,2
9543,Maria Bennett,5313.36,2
321,Julie Taylor,5310.85,2
5711,Melissa Bryant,5310.81,2
1294,Joshua Hammond,5310.26,2
6766,Alicia Barajas,5309.81,2
2377,Dustin Ashley,5308.86,2
7645,John Martin,5308.35,2
1359,Joshua Sanders,5304.69,2
1481,Roger Hall,5303.27,2
3521,Terry Noble,5303.05,2
124,Jeffrey Colon,5301.57,2
4624,Stephen White,5301.45,2
6702,Patricia Richardson,5301.22,2
979,Taylor Martinez,5300.27,2
4139,Deborah Blake,5298.97,2
9043,Elizabeth Fischer,5298.20,2
6134,Maria Camacho,5296.92,2
3134,James Hughes,5294.83,2
5544,Kenneth Leach,5294.07,2
6297,James Nash,5293.86,2
8337,Eric Orr,5290.20,2
5513,Jennifer Richardson,5289.00,2
9176,Barbara Haney,5287.86,2
6344,Diana Zimmerman,5286.73,2
4,Phillip Ryan,5286.57,2
9117,Michael Hernandez,5286.15,2
152,Monica Garcia,5282.70,2
6,Crystal Robinson,5281.82,2
8979,Jose Erickson,5279.75,2
3003,Crystal Smith,5279.63,2
8107,Adrian Hernandez,5278.66,2
6926,Candace Reid,5277.73,2
7496,Cody Martinez,5276.61,2
6255,Wendy Ryan,5275.24,2
30,Nathan Freeman,5274.32,2
68,Maria Jones,5273.99,2
1700,Dr. Phillip Anderson,5273.83,2
6590,Jesse Rodriguez,5272.29,2
4033,Roger Reeves MD,5271.74,2
7067,Makayla Long,5270.50,2
5472,Douglas Garrett MD,5270.01,2
3683,Jordan Hammond,5269.90,2
4781,Patrick Bartlett PhD,5269.24,2
9940,Brandy Ross,5268.78,2
9250,Walter Brown,5267.63,2
9892,Jennifer Lee,5267.42,2
931,Pamela George,5267.39,2
9923,Tina Williams,5264.98,2
135,Wanda Garcia,5263.19,2
2205,Jasmine Rojas,5262.83,2
1640,Rhonda Marquez,5262.83,2
710,Derek Gentry DVM,5262.68,2
1041,Larry Bates,5261.23,2
6249,Lance Martinez MD,5261.15,2
387,Randy Robbins,5260.90,2
1881,Christina Davidson,5258.04,2
7982,Katherine Lynch,5256.58,2
2950,Carmen Thompson,5255.18,2
8673,James Ingram,5255.13,2
6615,Valerie Peterson,5250.82,2
2020,Victor Moore,5247.79,2
3897,Lauren Chavez,5247.56,2
7781,Melissa Baker,5246.73,2
1925,Donald Sanchez,5245.83,2
2058,Nicole Kennedy,5243.74,2
2271,Jennifer Johnson,5243.27,2
5242,Nicole Washington,5242.74,2
4384,Kristin Nelson,5240.69,2
6228,Sheri Stokes,5239.23,2
9693,Melissa Turner,5238.59,2
9262,Carol Santana,5237.89,2
3481,Brian Heath,5236.31,2
4569,Daniel Mills,5235.76,2
2480,David Warner,5232.99,2
4489,Adam Howard,5230.36,2
3400,Charles Davis,5229.50,2
8089,Laura Norris,5229.15,2
5899,Christopher Ward,5228.94,2
6433,Heather Gregory,5228.43,2
7725,Amy Thomas,5228.28,2
6011,Nicole White,5227.54,2
4853,Jessica Robinson,5227.33,2
8059,Kari Frey,5224.43,2
1524,Dylan Brown,5223.57,2
2857,Dr. Patricia Dunlap,5222.10,2
6161,Donald Knapp,5221.98,2
7671,Matthew Rodriguez,5218.90,2
8850,Sandra Burnett,5218.13,2
2811,Mr. Jason Brown,5217.44,2
2577,Taylor Sanders,5217.12,2
6144,Lawrence Casey,5215.40,2
2071,Rick Mcdowell,5214.51,2
6971,April Jackson,5214.23,2
6857,Thomas Williams,5211.83,2
3744,Michael Holland,5211.01,2
4040,Christina Pineda,5210.83,2
9409,Amy Armstrong,5209.65,2
9943,Sharon Garcia,5208.30,2
2459,Stephen Gonzalez,5206.60,2
3417,Mia Holden,5205.65,2
5523,Julie Hayes DVM,5205.10,2
2912,Lonnie Wilson,5205.00,2
7935,Kimberly Gutierrez,5202.23,2
6382,Nicole Rojas,5200.72,2
9606,Thomas Giles,5196.82,2
3684,Brian Clayton,5195.16,2
5055,Zachary Leon,5193.21,2
47,Ronald Foster,5193.09,2
8508,Garrett Winters,5192.73,2
9644,Charles Evans,5191.36,2
44,Cynthia Cohen,5189.91,2
5494,Paul Wilson,5188.78,2
8333,Blake Shelton,5188.56,2
2098,Donna Lawson,5185.76,2
3938,Andre Lamb,5185.06,2
7773,Lori Johnson,5183.58,2
3781,Joshua Williams,5183.35,2
8373,Meredith Smith,5182.48,2
1949,Sheryl Massey,5182.20,2
8326,William Wilson,5180.75,2
8747,Joseph Woods,5179.79,2
4273,Marcus Rangel,5179.69,2
4008,Jeffrey James,5179.34,2
8125,Joshua Berger,5178.57,2
6801,Marvin Garza,5178.43,2
2780,Mariah Case,5177.94,2
4548,Lynn Lewis,5173.25,2
4845,Richard Brewer,5171.28,2
3928,Nicholas Graves,5171.17,2
1943,Holly Perry,5170.54,2
2593,Pamela Thomas,5168.39,2
9072,James Sanchez,5168.27,2
6491,Valerie Williams,5167.85,2
1305,Kayla Chapman,5166.74,2
6530,Jennifer Powers,5166.69,2
758,William Fuller,5166.25,2
2701,Julie Walker,5165.90,2
3013,Nicholas Gonzales Jr.,5164.33,2
3964,Nicole Jackson,5162.60,2
2988,Christina Pham,5161.96,2
1689,Marcus Knight,5160.97,2
5516,Alexandria Noble,5160.52,2
5310,Justin Jones,5159.89,2
5151,John Guzman,5159.73,2
5790,Lauren Johnson,5159.29,2
4562,Kimberly Kline,5158.47,2
3059,Stephanie Brown,5158.03,2
5853,Aaron Garcia,5155.91,2
404,Adam Thompson,5154.82,2
1880,Jo Edwards,5154.62,2
6574,William Quinn,5152.97,2
3336,Joel Collins,5152.28,2
6142,Paul Wade,5151.56,2
2968,Jeffrey Rhodes,5149.03,2
4440,Debbie Levine,5147.96,2
2482,Jamie Mckinney,5146.36,2
5680,Faith Valenzuela,5145.86,2
53,Rachel Harris DVM,5145.80,2
9661,Gary Kennedy,5145.72,2
5178,Elizabeth Miller,5144.54,2
5657,Jenna Dominguez,5144.32,2
6173,Anita King,5143.27,2
3682,Wayne Lee,5142.78,2
7755,Rachael Beck,5140.59,2
6091,Randall Good,5140.46,2
2327,Jesus Best,5139.88,2
1445,Kevin Daugherty,5139.84,2
2475,Lori White,5137.33,2
3988,Terri Douglas,5137.09,2
8052,James Hernandez,5135.96,2
9375,Gina Rodgers,5134.13,2
4213,Michael Guerrero,5133.11,2
8132,Jessica Zavala,5131.63,2
3018,Steven Smith,5130.89,2
3441,David Lee,5130.74,2
5161,Tracy Atkinson,5129.76,2
273,Dawn Ellis,5129.20,2
4363,Catherine Vargas,5128.00,2
1425,Matthew Williams,5127.85,2
2759,Alexander Gonzalez,5126.47,2
8548,Michael Brooks,5126.41,2
5525,Brian Tran,5125.89,2
3696,Danielle Moss,5124.49,2
9912,Laurie Romero,5124.24,2
7480,Kyle Woods,5123.73,2
3748,Emily Mosley,5123.41,2
9470,Lisa Garcia,5122.63,2
8477,William Ramos,5122.05,2
2476,Felicia Herrera,5121.91,2
6836,Sarah Freeman,5121.51,2
7121,James Stone,5121.33,2
4265,Hannah Howe,5120.50,2
1916,Kimberly Becker,5120.04,2
1461,Marcia Sanders,5119.86,2
4596,Kelly Young,5119.54,2
3110,Wayne Pitts,5119.31,2
984,Sheri Hoover,5118.74,2
8681,Robert Zimmerman,5118.09,2
4738,Jennifer Kim,5117.38,2
8806,Samantha Gray,5116.87,2
6494,Sarah Tanner,5115.70,2
9227,Jennifer Green,5115.48,2
6453,Courtney Richardson,5115.47,2
7392,Nancy Hall,5115.47,2
897,Evelyn Novak,5115.42,2
4401,Cathy Leonard,5115.22,2
2235,Laura Martin,5114.77,2
913,David Hawkins,5114.51,2
7911,Jamie Fitzgerald,5113.92,2
9508,Ronnie Shah,5113.08,2
1490,Debra Greer,5113.07,2
5469,Whitney Baker,5113.02,2
7514,Danielle Singh,5110.80,2
1637,Bianca Cooper,5107.59,2
4308,Michael Lucas,5107.15,2
7847,Miguel Chavez,5107.11,2
4103,Jennifer Ortiz,5106.10,2
489,Damon Soto,5105.67,2
3290,Kayla Abbott,5105.08,2
8403,Jason Bright,5103.38,2
8855,Jasmin Murray,5102.23,2
6585,Bonnie Spencer,5101.79,2
4406,Tammy Coleman,5100.71,2
1173,Michael Jenkins,5100.13,2
2118,Tracy Gonzales,5099.43,2
6905,Jamie Rivera,5098.69,2
9495,Jody Peterson,5098.39,2
2880,Lauren Matthews,5097.24,2
1611,Danny Kelly,5096.88,2
3340,Megan Lee,5095.19,2
782,Sarah Garcia,5094.65,2
5451,Brian Ramos,5092.61,2
4280,Jacob Bishop,5092.04,2
6021,Steve Fowler,5090.51,2
9979,Stephen Elliott,5089.83,2
3548,Jonathan Davis,5089.38,2
9428,Ashley Sutton,5088.49,2
2010,Daniel Adams,5088.37,2
8991,William Wilkins,5087.44,2
7599,Susan Bowman,5085.49,2
325,Kelly Burton,5084.19,2
5537,Mr. Gabriel Edwards,5084.00,2
4592,Jason Green,5083.46,2
8688,Henry Castillo,5082.63,2
7017,Mark Barnes,5080.89,2
8912,Lori Collins,5080.84,2
269,Ronald Williams,5079.25,2
3667,Elizabeth Wall,5078.96,2
793,Carlos Curry,5078.90,2
5519,Mark Mays,5078.68,2
7123,Candice Aguirre,5077.86,2
7149,Lisa Mays,5075.09,2
1356,Cody Lynch,5073.96,2
9191,Melissa Young,5073.52,2
1979,Jill Berg,5073.24,2
6424,Victor King,5073.15,2
2494,Alexis Brown,5072.26,2
3496,Frank Alexander,5071.36,2
2391,Kyle Smith,5071.05,2
4873,Anthony Kirk,5067.28,2
2800,Donald Hanson,5066.96,2
8490,Cindy Wilson,5066.91,2
4067,Antonio Alexander,5064.22,2
7376,Randall Gaines,5063.26,2
7398,Richard Bradford,5063.17,2
8449,Jason Petersen,5061.63,2
3832,Sheena Wallace,5061.39,2
597,Cynthia Murray,5061.32,2
2626,Vincent Howell,5060.79,2
9201,Kelly Hodges,5059.85,2
2245,Shelly Martin,5059.62,2
7720,Benjamin Mills,5057.20,2
6984,Shelley Rodriguez,5056.19,2
3854,Christopher Massey,5054.30,2
7926,Ashley Davis,5052.72,2
206,Cheryl Palmer,5049.81,2
6069,Tammy Singh DDS,5049.80,2
8400,Jillian Solomon,5049.57,2
4795,Barbara David,5049.40,2
9868,Kelli Mcdonald,5048.00,2
5167,Christopher Estes,5047.40,2
6550,Lori Allison,5045.72,2
697,David Rice,5045.67,2
7332,Linda Sanchez,5044.92,2
2369,Thomas Travis,5044.01,2
7653,Mrs. Cindy Walls,5042.93,2
9706,Angela Jimenez,5042.49,2
8999,Nathaniel Massey,5041.17,2
7001,Michael Knox,5039.33,2
750,Deborah Moreno,5038.45,2
9714,Carol Walker,5037.79,2
1315,Jamie Velazquez,5037.39,2
912,Roy Davis,5036.48,2
7891,Angela Hicks,5033.79,2
1163,Leslie Mcdaniel,5033.76,2
1708,Laura Murray,5033.70,2
5306,Andrew Edwards,5032.82,2
1194,Robert Solomon,5030.98,2
2079,Stephen Barker,5030.60,2
6256,Alexander Richards,5030.05,2
1867,Jeffery Robinson,5030.00,2
5919,Kerri Hernandez,5029.18,2
195,Joshua Petersen,5028.86,2
2341,Eric Fields,5028.75,2
5371,Shannon Torres,5028.58,2
8215,Julie Marshall,5027.16,2
9988,Danielle Daniel,5024.94,2
3383,Dana Webster,5024.74,2
2824,Paul Kelley,5023.58,2
6584,Jeremy Wiley,5023.27,2
5240,Deborah Harding,5020.15,2
4728,Brianna Stevens,5020.07,2
5437,Angela Shaffer,5019.63,2
4257,Sheila Greene MD,5019.23,2
6753,James Holland,5019.07,2
3177,Zachary Mcclain,5018.23,2
9061,Brian Hill,5018.20,2
6436,Lisa Hicks,5017.77,2
1630,Bryan Howard,5017.72,2
2004,Kelly Reese,5017.66,2
3074,Sara Owen,5016.94,2
434,Kyle Williams,5015.52,2
2221,Raymond Gonzalez,5014.48,2
6800,David Bradford,5014.11,2
8711,Antonio Alexander,5013.04,2
5239,Aaron Stokes,5009.81,2
3811,Melissa Webster,5009.27,2
4654,James Fuller,5009.23,2
5847,Jennifer Hendricks,5009.10,2
4133,Christopher Hayes,5008.26,2
2914,Molly Graham,5008.15,2
8103,Alexander Holmes,5007.80,2
1661,Nancy Duffy,5007.74,2
1419,Bradley Montgomery,5007.68,2
5750,Anita Nguyen,5006.01,2
2648,Lawrence Gaines,5005.94,2
5343,Christopher Adams,5005.87,2
116,Debra Sanders,5005.67,2
4967,Larry Nguyen,5005.58,2
3970,Darren Carroll,5003.79,2
1008,Richard Harris,5003.52,2
8911,Emily Kramer,5002.56,2
6303,Marcus Roberts,5001.96,2
2490,Jason Arnold,5001.87,2
8108,Victoria Leach,5001.63,2
7906,Anthony Mason,5000.95,2
6474,Cassandra Wheeler,5000.22,2
2771,Brenda Sims,5000.04,2
3137,Andrew Coleman,4999.89,2
7780,Elizabeth Erickson,4998.05,2
8996,Juan Gardner,4997.91,2
5016,Jessica Morales,4997.10,2
1185,Leslie Miller,4996.76,2
5638,Mathew Le,4996.70,2
3710,Jon Lopez,4995.18,2
9716,Timothy Turner,4995.09,2
8419,Cynthia Houston,4994.12,2
7904,Kelly Sanchez,4993.59,2
5608,Michelle King,4993.43,2
6712,Philip Clarke,4993.24,2
2608,Thomas Mcgee,4993.03,2
2973,Leon Hutchinson,4992.42,2
1235,Leah Thomas,4991.33,2
3406,Aaron Carr,4991.10,2
740,Rebecca Kelley,4990.23,2
3044,Richard Rose,4987.41,2
7337,Julie Payne,4987.09,2
5160,Jessica Hernandez,4985.66,2
2532,Michael Martin,4985.65,2
9525,Kevin Sweeney,4985.24,2
4190,Isaiah Bender,4984.78,2
4457,Tiffany Floyd,4984.72,2
2324,Amanda Rodriguez,4984.61,2
1036,Robin Wright,4983.02,2
8110,Sara Berry,4982.55,2
8686,Doris Oneal,4982.33,2
561,Victoria Delgado,4980.80,2
306,Jennifer Chen,4979.60,2
6885,John Patterson,4977.92,2
3586,Edward Taylor,4977.91,2
8702,Joy Hunter,4976.14,2
4556,Jacqueline Orr,4975.50,2
9308,Victoria Jackson,4973.77,2
7016,Christopher Andersen,4973.74,2
7941,Dr. Maria Hamilton,4973.38,2
2193,Lisa Thompson,4972.71,2
7137,Emily Miranda,4969.54,2
6136,Mary Lopez,4969.29,2
9416,Heather Roman,4968.22,2
2813,Sandra Jordan,4968.09,2
6283,Patricia Mccall,4967.68,2
1859,Kathryn Ferrell,4967.58,2
808,Stephen Brown,4966.51,2
4595,Eric Tran,4966.44,2
8174,Amanda Johnson,4965.90,2
436,Brian Morris,4965.10,2
7313,Terry Mitchell,4960.92,2
1025,Marcus Phillips,4959.65,2
8763,Michael Kemp,4959.60,2
7917,Alexandra Lopez,4959.05,2
8186,Danielle Sherman,4957.32,2
6071,Pamela Myers,4956.89,2
2285,Morgan Craig MD,4956.78,2
5328,Allison Cox,4956.63,2
2697,Rachel Kline,4955.64,2
699,Cynthia Henry,4954.80,2
3211,Diane Watkins,4953.46,2
3621,Jonathan Smith,4952.29,2
2859,Nicole Moore,4952.00,2
4857,Ashley Campbell,4951.16,2
184,Tiffany Mcclain,4950.23,2
5621,Michelle Flores,4948.95,2
7715,Phillip Arroyo,4948.67,2
3544,Bradley Lewis,4948.49,2
4389,Jennifer Shea,4948.00,2
5574,Laura Rodgers,4947.05,2
576,Kelsey Williams,4946.72,2
7878,Kristina Obrien,4945.68,2
6803,Denise Olson,4944.97,2
3949,Vincent Wright,4944.77,2
2013,Brett Fleming,4944.73,2
5812,Cody Hudson,4944.33,2
7769,Julia Leblanc,4942.70,2
7685,Kirsten Reyes,4941.34,2
6045,Brian Murray,4941.07,2
6577,Richard Avila,4940.47,2
1187,Donald Smith,4939.40,2
7623,Terri Alvarez,4937.33,2
9362,James Simmons,4936.91,2
3421,Alyssa House,4936.34,2
4053,Shelly Carr,4936.19,2
3443,John Mccall,4933.75,2
3145,Sharon Rodriguez,4932.68,2
3578,Travis Hill,4932.43,2
9657,Susan Dalton,4931.60,2
9008,Michelle Gross,4931.19,2
8268,Michaela Taylor,4931.12,2
2536,Rodney Figueroa,4931.10,2
2935,Joyce Garcia,4931.02,2
7931,Kimberly Brown,4929.90,2
8100,Brandi Donaldson,4928.99,2
1852,Dominic Bennett,4928.88,2
811,April Benjamin,4928.78,2
519,Jenna Jensen,4928.58,2
8528,Timothy Stephens,4927.63,2
1574,Kyle Shannon,4926.69,2
3153,Reginald French,4925.61,2
608,Mckenzie Brown,4925.09,2
526,Harry Hurst,4924.21,2
7894,Willie Campbell,4923.96,2
9567,Zachary Martinez,4920.93,2
3014,James Walter,4920.92,2
2034,Daniel Stevenson,4919.28,2
4212,Ashley Moore,4918.47,2
5452,Tiffany Sloan,4918.36,2
6902,Tammie Williams,4917.76,2
6816,Daniel Cunningham,4917.59,2
9866,Eric Murphy,4917.50,2
158,Juan Brown,4916.79,2
285,Craig Chang,4916.49,2
9198,William Tanner,4915.78,2
8249,Robert Williams,4915.40,2
1783,Stacy Jones,4915.18,2
6637,Mrs. Brooke Weaver,4915.16,2
7679,Lauren Williams,4914.98,2
7080,Brianna Osborn,4913.32,2
2350,Scott Hoffman,4912.96,2
916,Kirsten Collins,4910.81,2
633,Steven Clark,4910.45,2
1751,Teresa Baker,4910.29,2
7923,Robin Moon,4909.28,2
1862,Heather Hudson,4909.19,2
8626,Gregory Carr,4906.59,2
8733,Veronica Hughes,4906.27,2
7410,Mary Gross,4906.09,2
6822,Andrea Hernandez,4905.19,2
755,Eric Petersen,4903.59,2
423,Felicia Leonard,4903.39,2
4983,Krista Thomas,4903.03,2
7983,Daniel Gregory,4902.98,2
2908,Cheryl Clay,4901.97,2
6117,Patrick Mendez,4901.04,2
3864,William Warren,4900.33,2
532,Gary Salazar,4899.89,2
328,Amanda Stewart,4899.18,2
4524,James Reyes,4899.16,2
6022,Jonathan Knight,4898.39,2
8840,Donna Baker,4898.32,2
8938,Brian Hart,4898.14,2
3263,Antonio Mendoza,4897.75,2
2126,Amy Grant,4894.96,2
9396,Leslie Mccall,4893.15,2
5124,Lauren Lopez,4892.28,2
3255,Mr. Manuel Ray,4891.64,2
2264,Virginia Lewis,4891.44,2
4226,Victor House,4891.03,2
95,Edwin David,4890.26,2
2640,Christina Branch,4889.64,2
8221,Joseph Valdez,4887.17,2
720,Renee Shields,4886.15,2
2440,Jeffery Ruiz,4886.10,2
894,Kristy Tate,4885.49,2
6172,Curtis Jenkins,4885.45,2
6388,Zachary Donaldson,4884.73,2
1281,Mark Hess,4883.92,2
8604,Linda Ramirez,4883.90,2
243,Glenn Collins DDS,4883.61,2
6308,Melanie Singh,4882.82,2
389,Nathan Hobbs,4882.62,2
6929,Patricia Kaufman,4881.54,2
995,William Adams,4879.57,2
4711,Stephanie Rose,4878.68,2
4563,Brenda Jones,4878.48,2
9586,Holly Green,4876.90,2
6774,Michael Moore,4876.59,2
268,Courtney Powers,4875.09,2
5863,Victor Whitney,4874.73,2
4066,Ryan Bright,4874.57,2
8207,Larry Hurst,4872.48,2
6188,Christina Vaughn,4871.87,2
1049,Jennifer Barrett,4871.82,2
8029,Aaron Porter,4868.58,2
9042,Alejandro Nielsen,4868.49,2
6322,Jamie Smith,4868.37,2
3849,Dr. Randy Parks,4866.71,2
4679,Andrew Cameron,4866.55,2
1158,Jared Haynes,4865.95,2
2328,Lauren Wilson,4861.79,2
4047,Stacy Anderson,4860.93,2
829,Alex Suarez,4860.45,2
2414,Charles Moore,4860.18,2
5616,Dennis Salazar,4859.94,2
1974,Holly Garcia,4859.47,2
5170,Emily Thomas,4858.91,2
2385,Carol Underwood,4858.70,2
5475,Nicole Carroll,4858.49,2
4570,Heather Mitchell,4856.59,2
6342,Michael Miller,4856.41,2
5168,Sandra Ball,4856.33,2
4975,David Serrano,4853.99,2
1571,Jason Thornton,4852.06,2
9393,Terri Anderson,4851.86,2
1018,Suzanne Hardy,4851.84,2
8986,Mary Hawkins,4851.67,2
473,Megan Macias,4850.63,2
7707,Sabrina Woods,4850.10,2
7145,Kayla Rivas,4849.66,2
2372,Christina Myers,4846.64,2
2678,Anthony Joseph,4846.34,2
4493,Misty Mcpherson,4846.10,2
9670,Amy Lopez,4845.56,2
9896,Richard Leonard,4845.24,2
2683,Robert Simpson,4844.69,2
8500,Jeremy Hall,4844.27,2
2915,David Chavez,4841.85,2
7116,Christopher Smith,4841.77,2
5699,Curtis Atkins,4840.86,2
9805,Katrina Grant,4840.76,2
6894,Michael Smith,4840.75,2
7650,Crystal Parker,4839.27,2
5066,Robert Thompson,4837.46,2
7826,Daniel Bowers,4836.86,2
2663,Austin Keller,4836.14,2
2203,Sydney James MD,4836.08,2
5364,Katrina Hayes,4835.50,2
7718,George Obrien,4834.80,2
3568,Cindy Taylor,4834.63,2
8900,Pamela Brown,4834.29,2
5205,Zoe French,4833.91,2
8527,Sheri Yates,4833.64,2
7576,Heather Wyatt,4833.43,2
417,Danielle Gonzalez,4832.91,2
93,Deborah Rios,4832.64,2
8265,Sydney Garcia,4831.64,2
8708,Trevor Morales,4831.26,2
2795,Gerald Cook,4831.11,2
661,Mary Davis,4829.79,2
9662,Courtney Tyler,4829.07,2
6596,Raven Ramos,4828.55,2
9098,Shirley Carter,4827.79,2
5849,Virginia Harris,4826.83,2
5502,Jeffery Roman,4825.51,2
8033,Linda Campbell,4824.62,2
8716,Jaime Lowe,4823.73,2
3995,Michael Acosta,4821.07,2
6768,Natasha Long,4820.34,2
790,Gary Russell,4819.51,2
2226,Stephanie Hahn MD,4819.21,2
2647,Eric Ramsey,4818.39,2
9869,Zachary Johnson,4818.19,2
6667,Michelle Harris,4817.86,2
8909,Rodney Boyer,4817.21,2
3990,Jessica Williams,4816.85,2
161,Kyle Smith,4816.69,2
8620,Patrick Hernandez,4815.95,2
3836,Michelle Murphy,4815.85,2
7373,Eric Robbins,4815.58,2
2641,Elizabeth Valenzuela,4814.96,2
1591,Howard Ray,4814.95,2
3850,Brian Garcia,4813.31,2
9287,Karla Russell,4812.84,2
6240,Leah Henderson,4811.75,2
7775,Sheila Moore,4811.27,2
974,Latoya Cooper,4810.18,2
3282,Catherine Hunter,4809.27,2
4894,Mary Coleman,4808.08,2
8301,Marissa Jackson,4807.00,2
2415,David Anderson,4805.46,2
4537,Jacob Burton,4804.84,2
85,Maria Cole,4804.76,2
2302,Timothy Lee,4804.69,2
4965,Joseph Tapia,4802.56,2
3649,Monique Mendez,4802.19,2
6298,Danny Jimenez,4801.88,2
1707,Nicholas Sampson,4801.54,2
9004,Jason Burnett,4801.27,2
1012,Amy Perez,4801.10,2
8172,Alexandria Wang,4799.43,2
9609,Brian Mason,4799.19,2
2450,Joshua Farmer,4799.06,2
641,Sylvia Escobar,4798.90,2
9298,Katelyn Gibson,4797.70,2
1186,Jodi Nelson,4797.55,2
1833,Brian Perez,4797.27,2
6600,Joseph Johnson,4796.17,2
5425,Kelly Castro,4794.97,2
3745,Hannah Thompson,4794.88,2
4418,Stacy Frazier,4794.10,2
4970,Nathan Williams,4791.35,2
8826,Robert Foster,4791.23,2
2445,Michael Garza,4791.22,2
2600,Sally Miller,4790.77,2
6919,Jessica Fox DDS,4790.37,2
9955,Barbara Williams,4789.95,2
6788,Gabriel Arnold,4789.34,2
1320,Benjamin Watson,4789.21,2
5912,Helen Perry,4788.14,2
6158,Traci Ross,4786.36,2
6867,Robin Lamb,4785.63,2
5891,James Jones,4785.47,2
5509,Lisa Walker,4785.17,2
3773,Eduardo Harris,4784.33,2
5987,Tracy Frank DDS,4781.50,2
3166,Michael Gomez,4781.06,2
5961,Kelly Robinson,4780.73,2
5820,Brandon Brandt,4779.97,2
4325,Rebecca Boyer,4779.85,2
5878,James Ho Jr.,4779.41,2
8224,Lindsay Brown,4778.62,2
9687,Mark Snyder,4778.10,2
6922,Michael Reyes,4777.86,2
8995,Christina Murphy,4777.26,2
2384,Leslie Gray,4776.85,2
9877,Rachel Gutierrez,4776.63,2
5505,Adam Reed,4776.40,2
2050,Riley Hurst,4776.38,2
8223,Kyle Lopez,4776.19,2
9355,Ebony Macdonald,4775.56,2
5998,Diamond Smith,4775.22,2
8950,Tracy Smith,4774.74,2
3510,Michael Jones,4774.13,2
8629,Linda Roberts,4773.46,2
2530,James Young,4772.68,2
2262,Nicholas Boyd,4772.52,2
2026,Douglas Franco,4772.29,2
6029,Mariah Harris,4771.07,2
1872,Tonya Reed,4770.89,2
8397,April Chavez,4770.63,2
1777,Jennifer Bond,4769.93,2
8063,Rebecca Leblanc,4768.35,2
9939,Gregory Lamb,4767.75,2
7333,Kellie Nguyen,4767.32,2
7238,Jordan Garrett,4767.28,2
8193,Paula Smith,4765.48,2
345,Micheal Perkins,4765.22,2
679,Ronald Park,4764.10,2
8889,Matthew Watson,4763.85,2
3986,Brian Mitchell,4761.48,2
1037,Alice Moran,4761.29,2
1570,Christian Booth,4761.25,2
2605,Christopher Villegas,4758.42,2
3503,Renee Williams,4758.39,2
9834,Seth Spears,4758.04,2
777,Sonya Simmons,4757.64,2
2218,Martin Williams DVM,4755.86,2
2141,Peggy Johnson,4754.98,2
8284,Samantha Williams,4752.86,2
7040,Bianca Gordon,4751.48,2
6958,Darlene Taylor,4750.63,2
1218,Amber Daniels,4749.89,2
7136,Chad Gonzalez,4749.25,2
3233,Charles Oconnor,4748.55,2
5875,Katie Johnson,4748.13,2
8887,Grant Fritz,4747.86,2
6790,Chloe King,4747.44,2
3431,Jennifer Santos,4746.61,2
395,Rachael Alvarez,4743.59,2
4555,Anthony Cunningham,4743.24,2
2581,Edward Butler,4742.01,2
5722,Julie Cummings,4741.98,2
2307,Mary Lopez,4741.04,2
8077,Lisa Allen,4740.72,2
7559,Kelly Armstrong,4740.65,2
7365,Laura Curtis,4739.89,2
4574,Crystal Kennedy,4739.35,2
9694,Christine Garcia,4739.35,2
1026,Sarah Walker,4738.91,2
2473,Barbara Ware,4737.73,2
8422,Autumn Woodward,4737.48,2
2362,Gregory Burnett,4737.33,2
9712,Jeremy Smith,4735.60,2
5331,Mr. Lonnie Taylor,4734.45,2
4334,Jeff Martinez,4734.35,2
3322,Samantha Graham,4733.49,2
8192,Timothy Gilbert,4730.18,2
7415,Tanya Flores,4730.06,2
926,Brittany Marquez,4729.00,2
7083,Tammy Strong,4727.20,2
6379,James Johnson,4726.32,2
2137,Kelly Morris,4722.16,2
9692,Tracey Ryan,4721.45,2
1261,Andrea Freeman,4720.52,2
8351,David Long,4718.42,2
26,Alex Hernandez,4717.67,2
9290,Julie Moore,4716.54,2
8354,Jim Nixon,4715.97,2
2429,Christopher Gutierrez,4715.72,2
2828,Karen Gray,4715.68,2
3221,Renee Phillips,4714.75,2
2872,Ricky Ortega,4714.31,2
8398,Anne Hernandez,4713.79,2
511,Veronica Lewis,4713.77,2
6302,Kevin Mason,4712.40,2
4990,Patricia Lee,4712.32,2
8561,Devin Harrison,4712.24,2
8360,Bryce Miller,4710.66,2
4627,David Walker,4710.50,2
3382,Jill Holmes,4709.02,2
7025,Michael Francis,4707.66,2
2378,Brett Nunez,4707.18,2
7280,Sabrina Cherry,4705.64,2
9371,Barbara Ortiz,4705.47,2
5643,Robert Rice,4704.41,2
8698,Christopher Gill,4704.29,2
8843,Steven Evans,4703.76,2
7309,Monica Jimenez,4703.40,2
7351,Jamie Rivera,4701.51,2
1679,Stacy Mack,4701.15,2
4678,Michael Parker,4700.08,2
5057,Kathleen Morris,4699.98,2
6668,Thomas Castro,4698.73,2
846,Robert Bowers,4698.25,2
2030,Timothy Hudson,4694.96,2
9271,Wendy Vega,4694.55,2
5540,Dale Gates,4693.80,2
3872,Amy Day,4693.05,2
2887,Angelica Flores,4692.86,2
8785,Pamela Rowe,4692.64,2
4015,Johnny Hughes,4692.57,2
4427,Dennis Adams,4692.22,2
2410,Lisa Strickland,4691.73,2
331,Jennifer Henry,4691.44,2
8734,Casey Campbell,4690.42,2
7996,Nicholas Robertson,4689.97,2
4607,David Henderson,4688.61,2
4464,Kerri Rollins,4687.80,2
9558,Joy Jones,4686.69,2
4767,Claudia Stanley,4686.50,2
4147,Brenda Ali,4685.03,2
8131,Teresa Taylor,4684.45,2
1280,Alexander Reyes,4678.54,2
7177,Rachel Hopkins,4677.81,2
5832,Angel Briggs,4677.24,2
2382,Joshua Caldwell,4677.13,2
2675,Lindsay Carter,4677.09,2
8650,Jaime Wilson,4677.07,2
4198,Karen Larsen,4676.12,2
6944,Robert Barnes,4674.44,2
4786,Shawn Parsons,4673.35,2
6112,Hannah Burke,4672.24,2
5823,Anna Mclean,4671.98,2
265,Lauren Sutton,4671.77,2
2472,Stephen Pittman,4670.17,2
485,Keith Bauer,4670.03,2
388,Stephanie Bishop,4669.17,2
6595,Melanie Barker,4668.55,2
7258,Stephanie Harper,4667.58,2
9966,Sue Christensen,4666.90,2
3580,Amy Delgado,4665.67,2
2468,Deanna Young,4664.72,2
4385,April Hood,4664.07,2
8451,Sarah Mckenzie,4662.94,2
5422,Gina Bernard,4660.67,2
2101,Hayden Hampton,4659.52,2
6450,April Williams,4655.05,2
692,Jenny Duncan,4655.01,2
3810,James Hill,4654.78,2
7190,Ashley Rangel,4653.30,2
804,Eileen Taylor,4652.17,2
2270,Terri Preston,4652.01,2
5665,Ernest Simmons,4650.45,2
8474,Mary Mitchell,4650.00,2
2776,Ryan Jackson,4649.76,2
8147,Susan Owen MD,4648.61,2
2778,Mr. Billy Sanchez,4648.30,2
501,Beth Lewis,4646.29,2
3225,Brandon Flowers,4646.09,2
2958,Laura Flynn,4645.73,2
7393,Steven Hall,4645.09,2
9780,Latasha Mann,4644.92,2
2292,Heather Jackson,4644.68,2
215,Amanda Juarez,4644.45,2
3921,Catherine Martinez,4644.31,2
8617,Wesley Richardson,4641.73,2
9520,Joanna Wade,4641.53,2
2942,Tiffany Ball,4639.04,2
9597,Kelly Phillips,4638.38,2
7649,Dennis Wallace,4638.09,2
2719,Sean Russell,4637.78,2
7331,Rachel Reid,4637.37,2
2227,Kenneth Hansen,4637.21,2
760,Heather Young,4637.20,2
567,David Alexander,4636.82,2
8761,Steven Bell,4636.39,2
7788,James Lewis,4633.66,2
435,Anne Conley,4633.29,2
7659,Crystal Parker,4633.18,2
6399,Donna Clark,4632.59,2
7468,Marc Miller,4631.49,2
3041,James Bell,4630.36,2
3171,James Vaughn Jr.,4630.20,2
6013,Whitney Thomas,4629.98,2
663,Sara Young,4629.64,2
9852,Juan Le,4629.41,2
6236,Brian Hammond,4627.83,2
6235,Nicole Smith,4627.76,2
3879,Keith Romero,4627.46,2
4396,Anne Robertson,4624.78,2
4199,Michael Spears,4623.95,2
5733,Dr. Matthew Cruz DVM,4623.38,2
4185,Susan Hicks,4622.89,2
921,Megan Martin,4621.72,2
2709,Sean Castro,4621.52,2
2402,Katherine Brown,4621.41,2
4065,Caitlin Blackburn,4620.86,2
8402,Carol Wade,4620.85,2
6548,Kevin Armstrong,4618.91,2
9480,John Arroyo DDS,4618.73,2
9794,Monica Moore,4618.41,2
9013,Joseph Cantrell,4618.29,2
7667,Susan Anthony,4616.23,2
6386,Andrew Hill,4615.94,2
3717,Maria Mcintyre,4615.77,2
8639,Nancy Diaz,4615.57,2
8362,Maria Campbell,4615.44,2
4657,Pamela Mcclure,4614.27,2
8044,Leslie Lara,4613.42,2
7361,Mario Williams,4612.98,2
3840,Allen Johnston,4611.73,2
7266,Chelsey Serrano,4609.53,2
8732,Alexander Brown,4609.38,2
7389,Mallory Dickson,4608.63,2
9058,Lisa Davis,4607.75,2
8931,Edward Williams,4606.90,2
7766,Steven Black,4606.30,2
9472,Dennis Edwards,4605.36,2
2154,James Gutierrez,4604.92,2
8456,Whitney Wade,4603.90,2
9621,Robert Glover,4603.60,2
2389,Elizabeth Rodgers,4603.54,2
1648,Kyle Moore,4603.31,2
7340,Ms. Angela Noble,4602.35,2
8851,Michelle Evans,4601.42,2
2299,Kimberly Davidson,4600.90,2
4309,Kenneth Perez,4596.60,2
8067,Michele Schultz,4595.44,2
1766,Cynthia Norris,4594.28,2
7585,Vincent Miller,4593.68,2
5587,Michelle Hill,4592.40,2
6661,Cassandra Schultz,4590.03,2
3076,Elijah Vasquez,4589.37,2
8605,John Rogers,4587.24,2
1297,Ellen Acosta,4587.03,2
655,Jeremy Ross,4586.38,2
5751,Scott Perez,4583.04,2
8924,Mary Dunn,4583.01,2
3387,Ms. Courtney Cox,4582.96,2
1150,Matthew Price,4582.51,2
6988,John Hester,4581.55,2
8515,April West,4581.01,2
1748,Kimberly Franco,4580.85,2
4113,Wanda Webb,4580.25,2
4176,Alex Boyer,4580.17,2
4077,Walter Wolf,4579.84,2
721,Tracie Harrington,4579.55,2
5426,Melissa Montes,4576.58,2
4042,Scott Brown,4574.63,2
7517,James Mccall MD,4574.50,2
8210,Lisa Harris,4573.94,2
6277,Mary Jones,4572.63,2
5579,Pamela Smith,4571.49,2
8628,Robin Odonnell,4570.69,2
8464,Brian Arnold,4570.26,2
1995,Faith Brown,4570.25,2
9236,Alison Wright,4569.25,2
5201,Amanda Montgomery,4568.94,2
6280,Tommy Mueller,4568.86,2
8113,Riley Clayton,4568.70,2
7967,Susan Rodriguez,4568.20,2
3471,Jorge Johnson DDS,4565.22,2
3545,Jason Lopez,4564.94,2
59,Donald Farmer,4563.34,2
1486,Robert Serrano,4563.09,2
9179,Justin Ford,4562.41,2
283,Megan Nelson,4562.18,2
1414,Terri Davis,4561.36,2
9486,Michael White,4561.22,2
8226,Adriana Ruiz,4558.37,2
4559,Henry Allen,4558.35,2
4364,Mary Sullivan,4558.18,2
1612,Alex Fields,4557.17,2
2871,Michele Cunningham,4555.47,2
2829,Richard Olsen,4554.67,2
1098,Elizabeth Bryan,4554.37,2
2888,Linda Kline,4553.83,2
8834,Robert Alvarado,4552.06,2
1627,Kyle Smith,4551.49,2
7964,Veronica Jones,4551.37,2
1480,Donald Jimenez,4550.40,2
1599,Shane Bell,4550.37,2
8045,Michelle Osborn,4549.21,2
6320,Russell Garcia,4545.35,2
1153,Philip Barnes,4545.28,2
1032,Joseph Young,4544.80,2
2941,Patricia Haynes,4544.08,2
4104,James Martinez,4542.08,2
4393,Sandra Morgan,4542.07,2
4886,Timothy Burgess,4541.58,2
9473,Sarah Davis,4541.49,2
8053,Jeffrey Snyder,4541.42,2
8307,Melissa Gross,4540.72,2
1326,Tony Johnson,4540.52,2
4791,Julie Shaw,4540.13,2
9823,Peter James,4537.53,2
5499,Arthur Lam,4537.41,2
8303,Jenna Carr,4536.58,2
7846,Jason Cardenas,4536.47,2
3741,Kelly Garcia,4535.69,2
57,Jacqueline Hernandez,4535.07,2
7888,Jason Richardson,4533.31,2
2467,Jocelyn Hopkins,4532.34,2
2591,Richard Harris,4531.34,2
459,Charles Robinson,4531.31,2
5682,Taylor Wright,4530.75,2
9183,Megan Watkins,4530.12,2
3525,Brittany Nelson,4529.73,2
3056,Austin Gonzales,4529.70,2
6678,Ernest Johnson,4529.69,2
5187,Sandra Smith,4528.38,2
8013,Theresa George,4528.25,2
3445,Jason Robinson,4527.89,2
800,Alexander Mitchell,4526.71,2
9279,Nancy Green,4525.96,2
4856,Tammy Wagner,4524.84,2
7789,Evelyn Gonzalez,4524.41,2
3852,Mary Simpson,4524.04,2
1869,Troy Burke,4523.03,2
432,Jennifer Smith,4520.01,2
7995,Rebecca Henson,4519.58,2
2017,Randy Brown,4519.51,2
8959,Hector Russell,4519.33,2
528,Michelle Shah,4518.78,2
4207,Anthony Garrett,4518.73,2
7857,Jeffrey Warner,4516.77,2
5374,Leslie Hicks,4516.58,2
1539,Lance Murray,4514.77,2
3083,Kristy Thomas,4513.81,2
1284,Kerry Anderson,4513.10,2
5506,Robin Clarke,4509.42,2
6152,Jennifer Huff,4507.76,2
9821,Deanna Wilson,4507.72,2
9626,Sierra Graham,4507.40,2
4923,Todd Washington,4507.15,2
9288,Christopher Oliver,4505.84,2
5119,Angela Jones,4505.05,2
6393,Nicholas Jennings,4502.78,2
151,Katherine Barton,4501.97,2
4349,Dawn Lee,4500.58,2
7927,Christian Aguilar,4499.23,2
8455,Carol Long,4498.52,2
6937,Edward Morrow DVM,4498.18,2
7560,Lisa Jones,4494.63,2
2933,Todd Bishop,4494.49,2
7061,William Thomas,4494.34,2
6658,Linda Henderson,4493.64,2
6692,Angela Moore,4493.03,2
9281,Paul Spence,4492.84,2
4205,Joanne Berry,4488.40,2
477,Victoria Wilson,4488.25,2
8560,Theresa Kane,4487.98,2
8516,Mary Kirk,4487.89,2
7308,Peter Mills,4487.26,2
7909,Tina Ortiz,4486.97,2
7729,Elizabeth Hayes,4486.60,2
3128,Kaitlyn Zhang,4486.28,2
8565,Vickie Campos,4486.13,2
4016,Eric Duncan,4486.03,2
7072,Joseph Skinner,4485.55,2
9865,Eduardo Cox,4484.15,2
7201,Mrs. Michele Robertson,4483.79,2
4082,Caitlin Edwards,4482.82,2
4848,Gerald Santiago,4482.50,2
572,Todd Hill,4480.24,2
5762,Phillip Perez,4479.22,2
6716,Sarah Stewart,4478.78,2
2967,Ann Gonzalez,4478.46,2
4915,Donna Bowen,4478.31,2
2432,Ryan Cohen,4478.16,2
1475,John Valentine,4477.56,2
9960,Pamela Nolan,4476.45,2
5808,Tristan Palmer,4475.73,2
2223,Suzanne Brown,4474.86,2
3994,Robert Valenzuela,4473.90,2
9432,John Campbell,4472.62,2
307,Lydia Howard,4470.96,2
427,Benjamin Mccarty,4470.55,2
6607,Micheal Turner,4469.82,2
2799,Tyler Baldwin,4469.51,2
1313,Richard Schmidt,4468.21,2
9848,Lisa Aguilar,4468.14,2
634,Jennifer Meyer,4467.23,2
6505,John Hunt,4467.13,2
9883,Brenda Harris,4467.03,2
6346,David Carter,4466.88,2
903,Christopher Morris,4466.64,2
16,Jennifer Ramirez,4464.53,2
2426,Matthew Johnson,4463.58,2
5889,William Johnson,4462.96,2
817,Misty Richardson,4462.85,2
1140,Dawn Yates,4461.77,2
6140,David Harris,4461.57,2
3685,Dakota Black,4460.94,2
2234,Brian Shelton,4459.76,2
2899,Veronica Gomez,4459.57,2
3015,April Anderson,4458.95,2
1566,Brittany Gonzalez,4458.69,2
7706,Dennis Arias,4458.28,2
7812,David Webb,4457.56,2
1598,Andrew Mann,4456.27,2
8727,Luis Ramirez,4454.77,2
5854,Alex Buckley,4454.65,2
6871,Randall Morris,4454.50,2
5567,Patrick Smith PhD,4450.31,2
9784,Jeff Thompson,4449.95,2
6756,Wyatt Scott,4449.45,2
8661,Patrick Lee,4449.07,2
3607,Kenneth Pope,4448.85,2
8344,Gerald Ruiz,4447.82,2
1260,Kara Stein,4447.32,2
6185,Harry Dominguez,4447.10,2
9722,Christopher Hill,4446.83,2
1931,Joseph Turner,4445.12,2
5203,Shelly Miller,4445.09,2
8814,Adriana Hill,4445.01,2
2018,Kathryn Hamilton,4443.57,2
7254,Joshua Potts,4443.51,2
9344,Ashley White,4443.31,2
4863,Jeremy Patterson,4442.96,2
1992,Kimberly Wilson,4441.96,2
4659,Thomas Hogan,4440.27,2
9367,Tiffany Sweeney,4440.24,2
5293,Ryan Mccoy,4437.96,2
4145,Sharon Brown,4436.35,2
9861,Jason Hayes,4435.58,2
1211,Debra Leonard,4435.34,2
6234,Miss Tamara Smith,4434.96,2
6174,Gina Howe,4434.87,2
7979,Kenneth Hughes,4434.86,2
4055,Leslie Hunt,4434.27,2
8236,Daniel Gentry,4433.38,2
980,Jacqueline James,4433.25,2
2748,Bruce Young,4432.87,2
324,Meghan Patel,4432.12,2
4554,David Davenport,4431.37,2
5385,Jamie Roberts,4431.32,2
7119,Jeremy Perez,4429.40,2
4680,Chris Holder,4427.65,2
4069,Seth Bradley,4426.02,2
5474,Natalie Johnson,4425.55,2
3562,Mary Huff,4425.45,2
8567,Nancy Mcdonald,4424.22,2
5611,David Sweeney,4423.81,2
8364,Laurie Stanley,4423.51,2
4517,Jessica Hubbard,4421.54,2
8065,Amy Mathis,4421.52,2
5401,Sharon Harris,4421.06,2
7004,Luis Bennett,4420.26,2
9614,Samantha Lopez,4419.78,2
1987,Heather Gallagher,4419.53,2
4950,Andrew Newman,4418.71,2
3494,Tami Robertson,4418.51,2
6697,Timothy Chan,4418.40,2
7595,Brian Dorsey,4418.38,2
483,Susan Pena,4417.44,2
7733,Paul Santiago,4417.43,2
6951,Edward Adkins,4417.03,2
9703,Robin Juarez,4416.98,2
899,Kevin Warren,4415.76,2
244,Jessica Rojas,4415.52,2
1299,Matthew Wong,4415.35,2
3317,Caroline Peterson,4412.76,2
3593,Christina Kennedy,4412.46,2
288,Michael Reynolds,4411.26,2
4708,Eric Gonzalez,4410.77,2
8024,Dawn Gonzalez,4410.68,2
9426,Amanda Hughes,4408.74,2
2940,Michael Shelton,4407.63,2
2061,Karen Powell,4406.56,2
1463,Michelle Martinez,4406.03,2
3229,Kenneth Lam,4405.94,2
8087,Rose Cobb DVM,4405.74,2
3426,Cameron Sanders,4404.91,2
1169,Bryan Brown,4404.55,2
3454,Kayla Lang,4403.43,2
8462,Samantha Payne,4402.56,2
1964,Ronnie Franklin,4402.51,2
5297,Mark Farrell,4401.33,2
1079,Brian Fernandez,4400.46,2
7171,Jonathan Pruitt,4399.14,2
8491,Robert Gonzalez,4398.72,2
5022,Alex Griffin,4397.91,2
4632,Daniel Harding,4397.79,2
467,Christian Riddle,4397.70,2
9020,Kellie Jones,4396.77,2
6543,Joshua Hammond,4395.48,2
4616,Ashley Kim,4395.12,2
9074,Ronnie Alvarado,4394.24,2
9974,Dr. Vanessa Walsh,4394.09,2
1239,Lori Howard,4393.45,2
1685,Brittany Hernandez,4393.35,2
5591,Craig Cabrera,4392.38,2
1733,Kayla Taylor,4392.17,2
6863,Billy Wong,4391.56,2
7697,Emily Weaver,4391.06,2
5559,Charles Hutchinson,4390.45,2
63,Jennifer Wilson,4387.63,2
1955,Scott Carter,4387.34,2
9736,Erin Harvey,4386.86,2
9944,Melissa Williams,4386.60,2
7440,Richard Rice,4386.44,2
4302,Ryan Vang,4385.89,2
430,Luke Reynolds,4385.60,2
8308,Michael Ryan,4384.74,2
6499,Richard Klein,4384.04,2
2620,Brandon Barton,4383.40,2
4465,Lisa Finley,4382.18,2
1813,Amanda Sims,4380.63,2
5484,Carrie Lee,4379.11,2
8573,Jacob Gonzalez,4379.09,2
350,Matthew Watkins,4378.55,2
6613,Todd Williams,4378.33,2
6810,Gary Welch,4377.81,2
3939,Kelly Wilson,4377.64,2
3174,Adriana Figueroa,4376.51,2
347,Kimberly Smith,4376.42,2
5780,Tyler Bell,4374.55,2
397,Timothy White,4374.07,2
9164,William Wilkins,4372.40,2
5558,Heather Martin,4371.31,2
7676,Samantha Richards,4370.39,2
9603,Ashley Perez,4370.39,2
9550,Zachary Bautista,4368.38,2
6016,James Yang,4368.25,2
9570,Melody Callahan,4367.68,2
6003,Erica Miles,4366.50,2
6631,Travis Green,4366.31,2
3097,Dean Clay,4365.57,2
3246,Andrew Vargas,4364.79,2
7141,Jennifer Lopez,4364.10,2
4479,Heidi Klein,4362.64,2
3210,Katherine Kramer,4362.26,2
1581,Joseph Merritt,4361.86,2
6306,Michelle Williams,4361.18,2
4211,Jennifer Jones,4359.81,2
4512,Jeffrey Coleman,4359.34,2
9320,Vickie Lopez,4357.72,2
1331,Leah Fox,4357.19,2
2926,Jackson Rangel,4357.11,2
1918,Christopher Smith,4356.56,2
9481,Rebecca Jones,4356.52,2
5879,Michael Hamilton,4356.42,2
7205,Jill Buchanan,4356.09,2
5618,Courtney Bennett,4355.92,2
9811,Jessica Walker,4355.80,2
9566,Mr. Joe Sosa II,4355.67,2
967,Jaime Bender,4355.38,2
6610,Michael Miller,4355.24,2
3390,Kathleen Reed,4354.10,2
593,Kevin Myers,4354.06,2
2943,Kristen Velez,4353.94,2
1015,Carolyn Johnson,4353.54,2
5163,Stephanie Roberts,4353.29,2
4181,Kayla Jones,4353.27,2
4502,Thomas Jones,4353.03,2
6713,Tiffany Young,4352.72,2
1103,Julie Smith,4352.05,2
7354,Melissa Mccarthy,4351.70,2
8057,Donna Collins,4351.09,2
4779,Thomas Price,4349.03,2
798,Ryan Montes,4348.81,2
1687,Tyler Hanson,4347.77,2
437,Kyle Bird,4347.04,2
2725,Steven Yang,4347.01,2
5154,Bradley Love,4345.14,2
8944,Clifford Reed,4345.10,2
9818,Ryan Baker,4344.42,2
9777,James Harris,4342.17,2
9735,Michael Yates,4341.91,2
4824,Michael Baker,4340.79,2
8968,Angela Larsen,4339.98,2
6834,Valerie Shah,4337.30,2
75,Riley Bryant,4337.29,2
3955,Ronald Jordan MD,4336.89,2
7602,Elijah Evans DVM,4336.19,2
939,Kelsey Fernandez,4335.46,2
8799,Ray Glover Jr.,4335.05,2
5640,Daniel Carrillo,4334.03,2
2729,Chelsey Tucker,4333.94,2
8575,Jose Carter,4333.51,2
594,Daniel Russell,4333.26,2
4860,Dwayne Wilkinson,4332.78,2
5345,Shannon York,4332.77,2
5053,Steven Gonzalez,4331.18,2
8858,Alexander Franklin,4331.17,2
8336,Jessica Mitchell,4331.14,2
7997,Joseph Lewis,4330.91,2
9843,Jennifer Snyder,4330.66,2
5152,Tony Kelley,4330.37,2
8225,Raymond Livingston,4327.04,2
3081,Raymond Adams MD,4326.74,2
6461,Brittany Briggs,4326.47,2
7736,Paula Garcia,4326.16,2
2213,Russell Crawford,4325.60,2
4818,Megan Jacobs,4325.38,2
1381,Daniel Barton,4324.88,2
6772,Brooke Johnson,4323.62,2
7074,Cesar Small,4323.58,2
9708,John Hernandez,4323.54,2
9103,Shawn Howard,4323.10,2
9688,Edward Miller,4323.07,2
5606,Robin Ferguson,4320.50,2
9903,Diane Cardenas,4318.48,2
6642,Daniel Duncan,4317.95,2
5555,Carol Contreras,4317.26,2
9233,Juan Butler,4316.98,2
6072,Christine Burns,4315.90,2
9808,Eric Stewart,4315.67,2
1263,Kevin Evans MD,4315.05,2
8306,Noah Obrien,4314.79,2
5059,Janice Hines,4313.81,2
1922,Alan Collins,4313.74,2
7009,Laura Moore,4312.53,2
6817,Bryan Patel,4312.38,2
5266,Vernon Adkins,4310.64,2
3410,Dustin Cuevas,4309.71,2
3093,Richard Jenkins,4308.98,2
1670,Carlos Stephens,4307.68,2
3369,Thomas Gordon,4307.42,2
2236,Sheryl Jensen,4307.32,2
6064,Judith Lee,4306.60,2
3031,Gordon Simmons,4305.49,2
5949,Logan Olson,4304.46,2
8121,Maria Compton,4304.13,2
9336,Dana Hawkins,4303.58,2
4227,Kelsey Henderson,4302.92,2
4170,Sarah Vaughan,4302.57,2
6281,Kyle Long,4302.27,2
3903,Daniel Chapman,4302.18,2
9584,Ariel Alexander,4301.09,2
6427,Karen Tucker,4299.85,2
3161,Andrea Adams,4299.68,2
5300,Shane Williams,4298.12,2
23,Jean Carrillo,4297.76,2
6160,Rebecca Taylor,4297.75,2
795,Diana Miller,4295.86,2
4195,Margaret Hampton,4295.38,2
4050,Tara Brown,4295.10,2
2644,Matthew Wyatt,4294.84,2
3462,Edwin Perry,4294.03,2
4865,Ashley Patel,4292.84,2
6636,Jared Moore,4291.34,2
3019,Joshua Rodriguez,4290.81,2
5023,Eric Thomas,4287.01,2
8967,Phillip Bond,4286.98,2
3312,Amanda Novak,4286.53,2
2363,Sharon Stephens,4285.47,2
8171,Sharon Gardner,4284.73,2
6362,Jade Williamson,4284.73,2
6682,Patrick Smith,4282.38,2
1469,Heidi Nunez,4281.72,2
4834,Dr. Robert Carlson,4281.58,2
7523,Andrew Torres,4280.52,2
8586,Cameron Jones,4279.64,2
5819,Robert Bell,4277.92,2
5644,Jeffery Robbins,4276.28,2
7532,Barry Spence,4275.90,2
2815,Joshua Taylor,4275.80,2
3729,Gregory Ortiz,4275.35,2
1277,Anthony Carlson,4273.79,2
3677,Dean Jenkins,4271.95,2
4753,Kayla Taylor,4271.80,2
2222,Thomas Smith,4271.61,2
8454,Joseph Johnson,4270.03,2
7046,Angela Greene,4269.37,2
8831,Abigail Sanders,4268.10,2
5481,Christopher Martin,4267.73,2
8578,Jim Armstrong,4266.53,2
8720,Corey Wood,4266.03,2
2953,Amy Kim,4264.66,2
1452,Carol Baker,4263.96,2
8961,Lisa Miller,4262.52,2
9500,Kimberly Zavala,4262.39,2
3470,Melanie Tanner,4262.10,2
4336,Kaitlyn Cook,4262.01,2
6462,Sharon Smith,4261.64,2
1086,Monica Anderson,4261.47,2
3637,Steven Anderson,4260.91,2
8669,Victor Shah,4258.75,2
5447,Richard Hansen,4258.46,2
8162,Yolanda Perkins,4258.20,2
3107,Kathleen Sandoval,4257.79,2
5338,Austin Wolfe,4257.56,2
5535,Tabitha Wilcox,4257.21,2
9502,John Miller,4256.47,2
1017,Ian Weaver,4256.23,2
2049,John Woods,4253.65,2
8280,Gina Maldonado,4253.60,2
7367,Mr. Nicolas Hughes,4252.47,2
7709,Jamie Graham,4251.18,2
6742,Scott Watson MD,4249.27,2
9641,Nicholas Rodriguez,4249.24,2
8347,Jerry Levine,4247.98,2
6795,Jasmine Ashley,4247.51,2
8158,Aaron Hubbard,4247.05,2
1496,Timothy Hall,4246.45,2
9770,James Allison,4246.28,2
1980,Pamela Wyatt,4246.20,2
6495,Jessica Conrad,4246.10,2
2821,Andrew Rosario,4245.93,2
4430,Megan Schultz,4245.40,2
1005,Jerry Perez,4245.20,2
4771,Brian Walker,4245.05,2
1351,Peter Davila,4244.44,2
8668,Jennifer Maxwell,4244.32,2
3475,Tyler Welch,4244.08,2
4698,William Stone,4243.91,2
225,Misty Arias,4242.80,2
4106,Mariah Brown,4241.63,2
1200,Brittany Fisher,4241.59,2
4591,Kevin Duncan,4241.04,2
327,Lisa Martin,4239.59,2
6111,James Clark,4238.40,2
8714,Robert Richardson,4238.18,2
5036,Ashley Byrd,4237.25,2
4534,Kathleen Smith,4237.16,2
5221,Seth Wilson,4236.72,2
8828,Linda Reed,4235.80,2
3771,Eric Smith,4234.32,2
2787,Laura Munoz,4233.89,2
6738,Sarah Gonzalez,4233.50,2
4000,Dr. Crystal Castro DDS,4232.35,2
7093,Gina Blankenship,4230.18,2
1470,Melanie Chang,4229.79,2
5122,Jeremy Carson,4228.79,2
2545,Gabriel Johnson,4228.10,2
353,Kiara Simmons,4226.52,2
8340,Nancy Taylor,4226.36,2
7940,Christine Walton,4226.11,2
1818,Robert Petty,4222.36,2
4660,Madison Rodriguez,4221.69,2
1702,Walter White,4221.61,2
1559,Ashley Bailey,4221.55,2
2865,Marilyn Austin,4219.65,2
6422,Brian Howard,4219.61,2
1762,Jennifer Rice,4219.38,2
5461,Lisa Andrews DDS,4218.39,2
3778,Logan Allen,4217.99,2
1413,Katherine Guzman,4217.89,2
1705,Robert Peters,4217.26,2
3910,Lauren Miller,4216.60,2
996,Amy Lara,4216.35,2
1797,Dr. Paul Ashley,4216.15,2
8824,Jose Smith,4215.72,2
2522,Tony Davis,4215.49,2
1946,Jeffery Walker,4214.85,2
9758,Tony Gibson,4214.76,2
8788,Jamie Cole,4213.40,2
4463,Karen Flores,4212.37,2
4966,Justin Nguyen,4212.32,2
621,Veronica Schmidt,4212.04,2
2169,Anne Miller,4211.95,2
5927,Ms. Madison Davis,4210.97,2
645,Brittney Moore,4210.51,2
5089,Michelle Garner,4210.40,2
7276,Michelle Wilson,4210.10,2
5589,Jeremiah Jackson,4208.40,2
2549,Christie Mora,4208.07,2
5850,Angela Edwards,4207.68,2
9099,Marisa Coleman,4207.56,2
5392,Victoria Hernandez,4207.33,2
4672,Hunter Moran,4206.94,2
6483,Robert Caldwell,4206.68,2
8953,Jose Carter,4206.42,2
6080,Robert Brown,4206.38,2
5719,Andrew Grant,4206.02,2
7479,Anthony Avila,4205.10,2
9010,Monica Thompson,4204.31,2
5467,Elizabeth Cunningham,4204.25,2
1973,Melissa Davis,4204.22,2
8338,Christopher Clarke,4203.82,2
4051,Joel Mosley,4203.45,2
6354,Mary Goodman,4203.30,2
149,Chris Velazquez,4201.41,2
5838,Michael Erickson,4201.38,2
3576,Melissa Gamble,4200.79,2
7673,Cole Woods,4199.04,2
200,Jenny Smith,4198.09,2
8183,Lisa Chapman,4197.83,2
1878,Daisy Hill,4197.65,2
9697,Robert Turner,4197.64,2
5894,Jackie Taylor,4197.15,2
1418,Robert Nguyen,4196.23,2
9274,Dwayne Velazquez Jr.,4195.84,2
6437,Anthony Garcia,4195.61,2
9101,Michael Roy,4193.59,2
3566,Timothy Pratt,4191.97,2
1567,Tonya Spears,4191.05,2
9605,Sabrina Pierce,4189.70,2
1105,Amber Carr,4189.21,2
9822,Susan Smith,4188.44,2
6115,Anthony Smith,4188.21,2
4516,Sherry King,4187.06,2
5445,Timothy Lewis,4186.75,2
3191,Patrick Zimmerman,4185.29,2
9376,Michael Gordon,4183.67,2
6312,Deborah Jenkins,4183.19,2
4926,James Smith,4183.06,2
981,Robert Williams,4180.05,2
4140,Suzanne Morgan,4179.44,2
8759,Deborah Martinez,4179.31,2
5198,Evelyn Bruce,4178.95,2
5603,Christine Brown,4178.21,2
7892,Sean Parker,4177.94,2
2304,John Baker,4177.80,2
8428,Justin Snyder,4177.51,2
9982,Crystal Mcdaniel,4177.28,2
4475,Erica Chan,4176.54,2
2131,Shirley Clark,4176.41,2
9555,Breanna Coleman,4176.08,2
2086,Amanda Williams,4175.81,2
5714,Patricia Moore,4174.53,2
5123,Jason Franco,4174.39,2
8853,Molly Morrison,4174.13,2
6114,Lisa Rhodes,4173.91,2
560,Hunter Brennan,4173.80,2
7369,Caitlin Gomez,4172.98,2
9333,Michele Stevens,4172.70,2
4522,Laura Meyer,4172.31,2
2437,Brett Smith,4172.21,2
9539,Jeffery Rose,4172.11,2
8741,Derek Russo Jr.,4171.88,2
5042,Brian Snyder,4171.62,2
4107,Steven Saunders,4171.04,2
1055,James Miller,4170.76,2
2393,Troy Krueger,4170.32,2
2531,Terry Farmer,4170.03,2
6196,Stephen Bennett,4169.55,2
1027,Kimberly Esparza,4169.35,2
9840,Tommy Nichols,4168.61,2
5090,Marie Bennett,4168.27,2
1436,Kevin Stafford,4168.14,2
9363,Derrick Bailey,4167.57,2
8118,Brian Hammond,4167.35,2
832,Christine Hubbard,4166.99,2
6243,Dr. Tyler Howell MD,4163.76,2
2319,Linda Hardin,4161.99,2
469,Carolyn Potts,4161.08,2
1053,Matthew Sellers,4160.97,2
4807,Christopher Hickman DVM,4160.61,2
1875,Dylan Clark,4160.41,2
5196,James Holland,4160.16,2
8200,Mrs. Carol Smith,4159.70,2
3788,Jeremy Erickson,4159.27,2
907,Catherine Lopez,4157.88,2
1073,Carl Anderson,4156.98,2
3681,Lee Santana,4156.68,2
163,Nicholas Rush,4155.85,2
5936,William Morgan,4154.79,2
5082,Lisa Ortega,4153.56,2
4883,Christopher Sanders,4152.29,2
6628,Leah Johns,4151.46,2
9827,Chad Smith,4151.26,2
2834,Gina Long,4150.78,2
2692,Sarah Rice,4150.45,2
626,Joel Tyler,4150.36,2
5095,Crystal Ray,4148.72,2
9357,James Holmes,4148.38,2
5554,Natasha Perez,4147.34,2
1044,Walter Howard,4145.69,2
836,Eduardo Hall,4145.33,2
6410,Jessica Peterson,4144.87,2
8566,Lisa Bauer,4144.19,2
516,Jake Tran,4143.12,2
4306,Julie Oneill,4142.22,2
8581,Angela Jackson,4139.18,2
900,Amber Chapman,4138.30,2
311,Peter Jackson,4137.39,2
6755,Amy Chambers,4136.43,2
1468,Sarah Martin,4136.36,2
3119,Joseph Rogers,4135.68,2
5276,Adam Perkins,4135.49,2
893,Tracey Reynolds,4135.13,2
8148,Larry Miller,4135.04,2
5140,Kathleen Davis,4134.63,2
2737,John Camacho,4134.21,2
5482,Vincent Cox,4133.86,2
8973,Tina Bird,4133.52,2
1416,Corey Davis,4131.99,2
6083,Natalie Allen,4131.50,2
8407,Nancy Brown,4131.36,2
2550,Jeffrey Smith,4129.42,2
1120,Paul Jennings,4129.42,2
7876,Rachel Skinner,4128.22,2
7255,Jennifer Simmons,4127.71,2
2000,Taylor Robinson,4126.45,2
9258,Robert Anderson,4125.36,2
4720,Richard Harmon,4124.62,2
1346,Seth Daniel,4124.23,2
1167,Lindsay Perry,4124.21,2
5673,Shaun Johnson,4124.15,2
562,Lisa Miller,4124.08,2
7346,Gregory Craig,4123.69,2
391,Danielle Murphy,4121.61,2
6038,Dana Jordan,4120.94,2
8392,Jared Ward,4120.07,2
1047,Cathy Wyatt,4119.34,2
751,Brianna Hodges,4119.27,2
8097,Justin Brown,4118.77,2
8679,Victoria Lane,4118.58,2
8731,Erik Jimenez,4118.47,2
3708,William Johnson,4118.29,2
5976,Edward Barnes,4117.81,2
1300,Mark Woods,4116.59,2
4076,Laura Livingston,4115.19,2
7522,Jeffrey Martin,4114.99,2
6968,Rachel Grimes,4114.13,2
3961,Kenneth Rodriguez,4111.94,2
7696,Nicole Gould,4110.69,2
7845,Kathleen Haas,4109.93,2
5473,Micheal Lopez,4109.89,2
316,Brent Rojas,4109.34,2
3157,Chad Brown,4108.82,2
3791,Lindsey Cannon,4108.79,2
7442,Joshua Weaver,4108.67,2
4072,Kristin Osborne,4108.43,2
9075,James Pruitt,4108.30,2
4114,Annette Bush,4108.12,2
7450,Anne King,4108.02,2
8167,Eric Freeman,4107.00,2
8448,Robert Cross,4105.92,2
7914,Heather Buchanan,4105.66,2
7770,David Davis,4105.58,2
569,Glenda Calderon,4104.24,2
8993,James Jones,4103.26,2
275,Heather Johnson,4102.88,2
2606,Tyler Moore,4102.58,2
4669,Charles Marshall,4102.07,2
4689,Mr. Joshua Walker Jr.,4101.78,2
5184,Mallory Lucas,4101.31,2
153,Keith Graham,4099.39,2
8198,Mark Smith,4098.64,2
2303,Amber Evans,4098.57,2
803,Alice Robinson,4096.09,2
7633,Mark Howard,4094.62,2
5610,Kevin Perez,4093.61,2
5635,Christine Jackson,4093.51,2
6062,Melissa Washington,4093.16,2
2920,Miranda Smith,4093.14,2
471,Angie Torres,4091.31,2
1405,Brittany Garner,4091.01,2
3974,Angela Barnes,4090.05,2
1213,Linda Jones,4088.52,2
3502,Mr. Christopher Mullins,4088.42,2
6568,James Smith,4087.73,2
3142,Lori Sanchez MD,4087.66,2
5028,Matthew Roberts,4087.35,2
4788,Elizabeth Decker,4086.98,2
4906,Jonathan Perez,4083.64,2
5745,Catherine Reed,4083.38,2
5260,Lydia Reyes,4082.42,2
2044,Michelle Spencer,4081.32,2
7833,Julie Johnston,4081.28,2
7441,Chris Lopez,4081.03,2
5270,Jason Wheeler,4080.15,2
2041,Amy Reyes,4079.57,2
2489,Bruce Gonzalez,4079.18,2
3062,Cameron Walker,4079.15,2
4159,Charles Smith,4078.89,2
2053,Sean Johnson,4076.26,2
9763,Diane Miller,4076.21,2
9248,David Evans,4075.06,2
1890,Holly Johnson,4073.35,2
9565,Emily Miller,4072.02,2
2611,Samuel Carroll,4070.56,2
7183,Kristen Huber,4070.47,2
1161,Laura Hayden,4070.35,2
6498,Denise Robinson,4070.16,2
1787,Matthew Miller,4069.55,2
6536,Megan Perkins,4068.45,2
2300,Joseph Jones,4065.67,2
1476,Holly Owen,4065.62,2
5436,Robert Schmidt,4065.44,2
7508,Brian Marsh,4065.20,2
9563,Edward Cowan,4064.74,2
8211,Patrick Juarez,4063.03,2
6972,Thomas Edwards,4062.86,2
2305,Leah Harris,4062.75,2
3250,Steven Wade,4062.43,2
2645,Craig Martin,4061.24,2
2681,William Johnson,4060.89,2
5414,Dalton Jimenez,4060.20,2
2301,Zachary Murray,4059.59,2
850,Jon Ramos,4057.32,2
8879,Kathleen Smith,4056.26,2
4303,Nicole Smith,4055.22,2
1853,Mallory Abbott,4054.36,2
2315,John Olson,4054.31,2
2036,Becky Rice,4053.63,2
6941,Derrick Harris,4053.16,2
7621,Chelsea Schroeder,4052.64,2
810,Melissa Nelson,4052.40,2
6754,Crystal Cameron,4052.07,2
211,Austin Garcia,4050.51,2
8283,Jennifer Hubbard,4050.03,2
6541,Danielle Hernandez,4048.14,2
5442,Kurt Gonzalez,4047.89,2
4774,Elijah Jones,4046.39,2
9476,Travis Barnett,4046.15,2
4812,Shawn Jacobs,4046.08,2
2177,Trevor Pham,4045.25,2
6605,Nicholas Hunt,4044.83,2
2486,Ashley Kent,4044.80,2
8514,Kimberly Santana,4043.79,2
5924,Theresa Smith,4043.78,2
628,William Wood,4043.68,2
6983,Hannah Kane,4038.54,2
821,Juan Morgan,4038.52,2
5953,Stephanie Francis,4037.69,2
1489,Jennifer Gomez,4035.84,2
400,Fernando Tran,4034.43,2
4722,James Hamilton,4034.02,2
7111,Patricia Nguyen,4033.35,2
5000,Whitney Bell,4032.49,2
7902,Jon Rodriguez,4031.05,2
5895,Karen Davila,4030.93,2
1404,Kyle Bell,4028.08,2
5814,Lisa Brown,4027.67,2
3237,Tammy Williams,4027.26,2
8707,Andrea Johnson,4025.43,2
3880,Anna Phillips,4025.40,2
1132,Raymond Strong,4025.17,2
2757,Heather Sloan,4024.39,2
6856,Daniel Freeman,4021.58,2
3996,Teresa Murphy,4021.30,2
9776,Mr. David Avila,4020.12,2
6244,Erin Klein,4019.59,2
136,Renee Hudson,4019.57,2
1160,Melissa Brown,4018.86,2
7570,Kenneth Ortiz,4018.68,2
9334,David Olson,4018.46,2
3523,Carol Robertson,4018.06,2
7617,Colton Montoya,4016.97,2
4895,Sherry James,4016.95,2
9351,Alexandra Williams,4016.01,2
3156,Michael Hicks,4015.75,2
4642,Jenny Cole,4015.14,2
9783,Brooke Reyes,4013.88,2
5177,Andrew Smith,4013.59,2
2655,James Gonzales,4013.27,2
6737,Gabriel Ortiz,4012.31,2
7448,Lisa Miller,4011.96,2
1656,Brandi Braun,4010.34,2
8992,Jessica Williamson,4009.85,2
9321,Nathan Frank,4009.07,2
7567,James Mosley,4008.60,2
9360,Christopher Patterson,4007.71,2
763,Lisa Watson,4006.89,2
2966,Kaitlin Young,4006.05,2
6015,Joseph Hinton,4005.59,2
4013,Jeremy Wolfe,4005.26,2
7409,Anthony Melendez,4003.88,2
5533,Gregory Jones,4003.12,2
3465,John Phillips,4002.61,2
4242,Joseph Peters,4001.25,2
7547,Rita Stark,3999.77,2
8075,Gregory Willis,3999.76,2
3389,Charles Ball,3996.72,2
9057,Amanda Taylor,3995.48,2
5782,Joe Parker,3994.85,2
4478,Jennifer Hicks,3993.54,2
5307,Evan Welch,3993.45,2
6435,Ruben Walker,3993.39,2
4878,Mr. Samuel Faulkner,3991.49,2
7864,Sabrina Lane,3990.31,2
2510,Autumn Snyder,3989.96,2
1386,Elizabeth Jenkins,3988.73,2
3345,Joseph Preston II,3988.49,2
3530,Rebecca Hall,3987.74,2
4503,Meagan Harrington,3987.26,2
8890,Jocelyn Taylor,3987.01,2
7711,Gregory Williams,3986.65,2
4645,Dr. Valerie Snyder,3985.70,2
4515,Ariana Gibbs,3985.09,2
1505,Corey Clark,3983.85,2
7955,Christopher Gray,3983.51,2
6509,Meagan Franklin,3983.04,2
4931,Courtney Taylor,3982.73,2
4946,Robert Ferguson,3982.16,2
924,Crystal Wolf,3981.53,2
3582,Anthony Avery,3981.46,2
9016,Dawn Oneill,3981.07,2
6811,Ellen Burgess,3980.85,2
8506,Bailey Berry,3978.59,2
3360,Terri Gordon,3978.40,2
5672,Shelia Reeves,3977.89,2
4688,Benjamin Fox,3977.03,2
3759,Sandra White,3975.53,2
5133,Anna May,3975.00,2
4674,Robert Moore,3974.31,2
7821,Daniel Esparza,3973.70,2
5686,Alison Scott,3973.21,2
4662,Jenna Faulkner,3972.94,2
224,Lisa Cohen,3972.46,2
5801,Steven Callahan,3972.15,2
9561,Jacob Mann,3971.76,2
3669,Stanley Martinez,3971.22,2
864,Calvin Ramirez,3969.63,2
4154,Ann Williams,3968.61,2
5690,Paul Bolton,3968.18,2
3733,Michael Johnson,3967.84,2
458,Joseph Campbell,3967.77,2
5453,Gregory Johnson,3967.69,2
1778,Timothy Mcguire,3967.50,2
8383,Christopher Garrison,3966.90,2
7593,Jennifer Johnson,3965.58,2
9403,Mrs. Brittany Robinson,3964.94,2
6123,Malik Benson,3964.74,2
6824,Pamela Ingram,3961.93,2
2268,Brittany Thomas,3961.46,2
9240,Jamie Jackson,3960.49,2
8377,Donna Blackwell,3960.23,2
959,James Ellis,3959.02,2
104,Aaron Robinson,3958.83,2
203,Ryan Smith,3958.34,2
701,Joseph Sanchez,3956.00,2
5916,Stacie Young,3955.82,2
733,Lisa Vincent,3955.78,2
6888,Dwayne Dickson,3955.44,2
8007,Christopher Mendoza,3954.78,2
675,Scott Washington,3954.49,2
1251,Nicholas Dominguez,3954.32,2
8387,Robert French,3953.50,2
125,Robert Long,3953.23,2
4149,David Hutchinson,3952.62,2
3217,James Beard,3951.97,2
3948,Mathew Garcia,3951.10,2
9552,Jennifer Hensley,3950.76,2
1796,Ronnie Hale,3947.93,2
3306,Abigail Anderson,3946.48,2
8529,Shannon Huerta,3946.13,2
2875,Derrick Smith,3945.50,2
9645,Nicholas Maxwell,3944.64,2
8608,Mark Schmidt,3944.52,2
6124,Courtney Green,3943.25,2
3280,Barbara Nash,3941.56,2
9244,Kimberly Chandler,3940.46,2
115,Joseph Jenkins,3940.12,2
4438,Cheryl Rogers,3939.71,2
154,Jason Herrera,3939.60,2
4483,Mary Perez,3939.50,2
9533,Sierra Becker,3939.23,2
3391,Steven Bernard,3939.21,2
8114,Kelly Mckenzie,3938.63,2
9395,Adam Carter,3937.91,2
4329,Mary Lopez,3937.59,2
267,Alexander Miller,3937.08,2
4253,Brittany Robinson,3937.02,2
5011,Roy Martin,3936.61,2
478,Cynthia Gregory,3934.99,2
9054,Cynthia Moore,3934.55,2
1355,Marie Brown,3934.32,2
4787,Gabrielle Miller,3933.64,2
4250,David Costa,3931.85,2
3413,Kathy Davis,3931.77,2
6601,Jacob Harmon,3931.48,2
3894,Tonya Massey,3930.77,2
9340,Michelle Strong,3930.00,2
2665,Eric Patton,3929.31,2
2754,Melissa Stout,3926.54,2
8637,Amanda Palmer,3925.35,2
4037,Christine Jenkins,3925.00,2
5194,Laurie Ward,3924.49,2
5684,Kathleen Thomas,3924.33,2
493,Thomas Johnson,3922.47,2
8252,Ellen Jordan,3921.49,2
653,Danny Simmons,3921.25,2
767,Christopher Jones,3920.86,2
8740,Phyllis Price,3920.29,2
2043,Troy Cook,3919.35,2
574,Jacob Carson,3918.27,2
4044,Linda Brown,3918.04,2
4057,Darius Adams,3917.41,2
5190,Bryan French,3917.05,2
6525,Reginald Johnson,3916.10,2
1793,Claudia Howard,3915.98,2
9122,Thomas Cobb,3915.86,2
5757,Ashley Dean,3915.82,2
6656,Dwayne Porter,3915.11,2
3207,Frank Cole,3915.08,2
5079,Cynthia Reed,3914.49,2
6515,Crystal Ritter,3914.37,2
3993,Andrew Garrett,3913.81,2
4773,Jessica Clark,3913.78,2
3000,Melissa Stokes,3913.42,2
652,Steve Gamble,3913.40,2
2474,Raymond Martinez,3912.23,2
7705,Christopher Schmitt,3912.21,2
9743,Julia Garcia,3911.75,2
4168,Jennifer Hernandez,3911.35,2
9569,Dr. Spencer Levy,3911.02,2
6407,James Livingston,3910.66,2
7394,Ian Anderson,3910.43,2
1620,Joseph Guzman,3909.30,2
8512,Michael Hughes,3908.53,2
8874,John Casey MD,3907.75,2
7303,Jose Schmidt,3906.41,2
8128,Alicia Robbins,3906.20,2
9773,Stephen Simmons,3905.95,2
3380,Karen Baker,3903.76,2
9366,Sarah May,3902.34,2
7608,Erik Jones,3902.11,2
3052,Mr. Larry Mcclure PhD,3901.61,2
7155,Joshua Brown,3901.37,2
2514,Julie Chapman,3900.73,2
1904,Mr. John Butler Jr.,3900.34,2
481,Michelle Wright,3898.43,2
3814,Angela White,3896.55,2
8302,Christopher Snyder,3895.99,2
7899,Kimberly Rodriguez,3895.81,2
2975,Joel Lin,3895.19,2
6793,Tracy Becker,3894.49,2
1669,Cody Wilson,3894.48,2
881,Bryan Hardy,3893.99,2
1628,Joshua Stout,3892.00,2
2836,Brent Chang II,3891.94,2
1241,Ann Hansen,3891.83,2
3589,Elaine Holmes,3891.80,2
8309,Sharon Patel DVM,3891.76,2
9986,James Sanders,3891.27,2
4768,Lauren Hickman,3890.68,2
7912,Amy Patton MD,3889.46,2
3769,Tyler Noble,3888.69,2
8020,Carla Miller,3888.21,2
9358,Brianna Barr,3887.68,2
9842,Russell Williams,3887.23,2
1780,Michael Brooks,3886.75,2
4447,Betty Hernandez,3886.54,2
7776,James Gonzalez,3886.23,2
1441,Sandra Baker,3886.15,2
9685,Eric Casey,3886.02,2
5443,Philip Harrell,3885.81,2
229,Brandon Nunez,3885.73,2
4972,Jacob Simmons,3883.45,2
9036,Amanda Young,3882.90,2
7525,Melinda Morgan,3882.73,2
2956,Robert Rowland,3881.08,2
8671,Travis Davis,3880.84,2
7723,John Schneider,3880.81,2
5725,Ann Copeland,3879.92,2
8358,Brandon Griffin,3879.67,2
3916,Christopher Poole,3879.26,2
1347,Christopher Odom,3877.51,2
1532,Edward Rowland,3876.31,2
4511,Kari Gillespie,3876.00,2
8348,Robert Moss,3875.02,2
2589,Emily Frank,3874.98,2
1606,Patty Walker,3874.87,2
998,Megan Johnson,3873.68,2
6488,Christopher Johnson,3873.35,2
8860,Amanda Harrison,3873.09,2
2254,Jessica Fowler,3873.00,2
823,Karen Trujillo,3872.07,2
2148,Cody Booker,3872.01,2
9771,Michael Lloyd DVM,3870.49,2
2783,Michael Wallace,3869.88,2
4391,Rebecca Christensen,3869.54,2
117,Ryan Newman,3869.11,2
7952,Sandy Hardy,3868.88,2
8079,Maria Montgomery,3868.64,2
7113,Wendy Stone,3867.39,2
8550,Sally Thompson,3866.46,2
4601,Carolyn Freeman,3865.82,2
2662,Dawn Nelson,3863.57,2
5045,Andrea Parker,3863.38,2
2546,Daniel Santos,3863.33,2
6054,Willie West,3863.12,2
8663,Raymond Williams,3862.63,2
4028,Christopher Roth,3861.94,2
188,Sandra Dudley,3861.87,2
3301,Rebecca Combs,3861.65,2
1985,Alexis Duffy,3858.72,2
1892,Jamie Cooper,3858.52,2
3497,David Hill,3858.35,2
8595,Aaron Briggs,3856.60,2
3195,Stacey Turner,3855.84,2
4001,Connor Payne,3855.82,2
8920,Elizabeth Vargas,3855.53,2
7239,Stephanie Watson,3854.71,2
4439,Rebecca Allen,3854.55,2
209,Matthew Wells,3853.29,2
708,David Palmer,3852.48,2
7834,Bradley Glover,3851.36,2
213,Brenda Ryan,3851.28,2
6076,Julia Schmidt DDS,3849.24,2
6204,Heather Weber,3849.05,2
5920,Timothy Rivers,3847.80,2
8882,Stephanie Cobb,3847.41,2
8965,Ronald Anthony,3847.38,2
9493,Charles Montes,3845.94,2
2897,Michelle Howell,3845.73,2
7481,Meredith Walton,3845.56,2
7336,Caleb Burns,3843.72,2
1712,Ryan Barrett PhD,3842.31,2
8446,Michael Robertson,3842.00,2
971,Courtney Tate,3839.84,2
8117,Tracy Owen,3839.71,2
487,Teresa Ramirez,3839.59,2
9739,Aaron Webster,3839.47,2
7188,Alicia Rowland,3838.96,2
3575,Michael West,3838.63,2
5520,Melissa Munoz,3838.42,2
3702,Emily Rocha,3836.72,2
7919,Thomas Maldonado,3835.91,2
5755,Jennifer Brown,3835.58,2
517,Kathy Shaffer,3834.13,2
1147,Russell Davis,3832.85,2
208,Kimberly May,3831.84,2
1560,Tammie Campbell,3829.97,2
2060,Mr. Joseph Collins,3829.57,2
8141,Doris Miller,3829.47,2
7277,Mark Nguyen,3828.71,2
9361,Daniel Gardner,3827.93,2
1420,Jonathan Martinez,3827.26,2
5031,Kyle Gallagher,3827.20,2
8537,Alexis Fletcher,3826.35,2
3965,Thomas Hill,3826.30,2
9292,Anthony Giles DDS,3825.93,2
9485,Trevor Jones,3825.80,2
9929,Jeffrey Bridges,3825.48,2
9807,James Marshall,3824.51,2
3085,Christopher Carter II,3824.07,2
4243,Mary Olson,3823.67,2
3386,Mark Miles,3823.19,2
3483,Jessica Underwood,3823.01,2
5940,Jacqueline Huynh,3822.42,2
9713,Jennifer Combs,3822.12,2
4373,Jennifer Patterson,3822.05,2
8246,Tracey Fox,3822.04,2
4899,Jonathan Barker,3821.73,2
4285,Debra Russell,3821.64,2
4376,Kenneth Scott,3821.49,2
7039,Julie Hall,3820.74,2
9410,Teresa Perry,3820.29,2
5662,Sheryl Adams,3820.07,2
8184,Jon Parker,3818.26,2
7207,Brooke Silva,3817.37,2
3750,Diana Stone,3817.09,2
1941,Ashley Davis,3817.08,2
6679,Cheryl Weaver,3815.93,2
9246,Lauren Carlson,3815.36,2
5619,Martin Miller,3814.31,2
714,Nicole Perez,3814.25,2
5636,Jesse Ramirez,3814.18,2
1179,Erin Montes,3813.94,2
1651,Pamela Burke,3813.55,2
2115,Jason Newton,3813.05,2
8213,Jason Smith,3812.17,2
1981,Aaron Zamora,3810.77,2
4110,Elijah Pope,3810.61,2
2247,Keith Howell,3809.83,2
310,Ashley Crawford,3808.94,2
2867,Andrew Montgomery,3808.03,2
3526,Lori Davidson,3807.94,2
7375,Holly Love,3806.65,2
7762,Michael Jenkins,3806.03,2
7243,Michelle Michael,3805.95,2
4745,Anthony Ortega,3805.39,2
4949,Matthew Brandt,3805.03,2
5765,Rebecca Fuentes,3804.17,2
9560,Amy Fowler,3803.75,2
7397,Matthew Burton,3803.40,2
9313,Howard Schultz,3803.09,2
7173,Joseph Jones,3802.42,2
6723,Allison White,3802.21,2
5348,David Bowman,3798.96,2
4214,Stuart Robinson,3796.84,2
3449,Morgan Hensley,3796.82,2
6046,Christina Williams,3795.04,2
743,David Wells,3794.25,2
7738,Mrs. Lori Miller,3794.15,2
2424,Elizabeth Petersen,3794.10,2
4847,Holly Owen,3793.45,2
6831,Jaclyn Miller,3792.99,2
3021,Nicole Blair,3792.86,2
9216,Tammy Johnson,3792.47,2
3886,Joseph Peters,3792.19,2
6771,Michael Rodriguez,3792.00,2
9092,Cynthia Williams,3791.80,2
9990,Dawn Singh,3791.57,2
4346,Timothy Henry,3791.51,2
8239,Sean Guerrero,3791.36,2
4530,Brittany Kidd,3791.20,2
545,Matthew Smith,3791.13,2
9509,Monica Wright,3790.54,2
3663,Heather Young,3790.12,2
4112,Alicia Watson,3790.09,2
6252,Carl Boyer,3789.71,2
3173,Rodney Miller,3789.62,2
6485,James Barnes,3789.02,2
8264,Victor Rosario,3788.44,2
5566,Nicholas Campbell,3787.54,2
9914,Kelly Arnold,3786.96,2
1791,Kathy Horne,3786.24,2
2208,Mr. Nicholas Martin,3785.85,2
5213,Andrew Mendoza,3784.96,2
8140,Adam Bray,3784.15,2
588,Jeffery Thompson,3780.69,2
7043,Thomas Taylor,3780.38,2
1614,Melissa Anderson,3778.97,2
9893,Maria Moreno,3778.66,2
8394,Anthony Dunn,3778.51,2
542,Selena Hopkins,3777.08,2
5736,Sean Solis,3777.02,2
3320,Christine Burke,3776.93,2
7614,Jared Leblanc,3776.20,2
172,Charles Matthews,3776.08,2
4488,Mary Berry,3775.42,2
3817,Daniel Roth,3775.31,2
4148,Tanya Ross,3774.95,2
2814,Steven Watts,3774.73,2
8655,Jonathan Wilson,3774.35,2
7897,Mark Gilmore,3773.86,2
2199,Samantha Garcia,3771.90,2
7500,Jennifer Quinn,3768.71,2
2622,Tammy Chen,3768.10,2
7463,Brooke Park,3767.82,2
5236,Joseph Padilla,3766.96,2
9583,Carol Guerrero,3764.65,2
6493,Amanda Alvarez,3762.99,2
6403,Joshua Dennis,3762.76,2
3102,Alexander Calhoun,3762.56,2
4473,Derek Johnson,3762.38,2
2744,Margaret Juarez,3761.87,2
212,Tina Jackson,3760.66,2
2804,Thomas Garza,3760.39,2
1597,Stephen Zavala,3759.63,2
2057,Jennifer Moore,3759.01,2
3597,Anna Riddle,3757.37,2
1459,Terrance Mullins,3757.26,2
100,Brandon Holden,3755.19,2
2556,Ivan Velazquez,3754.96,2
9079,Ashley Barber,3754.82,2
5370,Christian Adams,3751.81,2
287,Miguel Rodriguez,3751.73,2
4872,Danielle Santos,3750.96,2
2483,Matthew Weaver,3749.22,2
1341,Jonathon Houston,3748.37,2
5149,Seth Patel,3747.81,2
4089,Donna Salas,3747.47,2
1265,Megan Porter,3747.08,2
4032,Zachary Hansen,3746.66,2
3051,Anita Dunn,3746.14,2
2442,William Hernandez,3745.85,2
529,Leslie Young,3745.50,2
6405,George Zamora,3745.43,2
6103,Samantha Griffith,3745.07,2
2465,Phillip Jones,3744.95,2
2541,Kenneth Aguilar,3743.49,2
9649,Kristina Young,3743.42,2
4763,Michele Cook,3743.05,2
7220,Lisa Jennings,3741.54,2
9710,Joseph Anderson,3741.40,2
9304,Amanda Ortega,3740.78,2
7950,Rebecca Quinn,3740.68,2
4450,James Acosta,3739.49,2
4921,Anthony Solomon,3738.24,3
6203,Christopher Holder,3738.10,3
865,Madison Anderson,3737.44,3
8179,Kevin Abbott,3736.80,3
1845,Christina Berry,3736.57,3
6093,Bruce Thomas,3735.76,3
598,Sergio Wilson,3735.43,3
7852,Erin Reynolds,3735.04,3
6056,Thomas Jenkins,3733.54,3
6855,Jill Lewis,3733.49,3
8694,Emily Brady,3732.53,3
9035,Michelle Mendoza,3732.27,3
4889,Whitney Daniels,3731.26,3
2297,Ernest Melendez,3731.09,3
4702,Jeffrey Johnson,3730.94,3
3853,Steven Quinn,3730.32,3
1089,Jared Smith,3729.13,3
6665,Keith Saunders,3727.89,3
4987,Tonya Shaw,3727.79,3
2760,Dr. Melissa Moore,3727.65,3
9972,Helen Fernandez,3727.45,3
3327,Mr. Brendan Melton,3727.12,3
1360,Kurt Montgomery,3727.12,3
4316,Ashley Barnes,3725.72,3
5950,Troy Stevenson,3725.54,3
990,Adrian Martinez,3725.30,3
8243,Tyler Harrison,3724.69,3
5922,Jose Rose,3724.47,3
3185,Timothy Howard,3723.93,3
4060,William Gomez,3723.46,3
4443,Kelly Matthews,3723.19,3
5872,Robert Davis,3722.93,3
7244,Andrew Jones,3722.43,3
5806,Shane Lawson,3721.88,3
4726,Tara Schultz,3721.88,3
3504,Jonathan Parker,3721.83,3
5021,Meghan Schwartz,3721.48,3
6002,Tyler Edwards,3720.41,3
9208,Michael George,3719.73,3
2901,Ryan Garcia,3718.56,3
2826,Anthony Jimenez,3716.00,3
7174,Thomas Cortez,3715.50,3
1389,Lori Weaver,3715.12,3
6725,Nicholas Diaz,3714.03,3
5982,Michael Berger,3713.58,3
5383,Mary Tran,3713.22,3
4353,Sean Silva,3712.58,3
1641,Gloria Castro,3712.57,3
1531,Bailey Love,3711.53,3
5286,Cody Mcbride,3711.46,3
8660,Corey Wilson,3711.29,3
5319,Mr. Patrick Martinez,3710.77,3
3719,Nathaniel Taylor,3710.25,3
4433,Mark Travis,3709.69,3
909,Steven Vazquez,3708.87,3
7921,Shelia Jarvis,3708.55,3
2082,Lori Williams,3708.27,3
6893,Anthony Phillips,3707.57,3
2280,Sean Villa,3707.17,3
635,Kayla Banks,3705.66,3
1877,Andrew Brown,3704.47,3
4355,Susan Simpson,3703.92,3
6396,Jeremy Gamble,3702.04,3
5709,Mark Guzman,3700.64,3
1534,Julia Hoffman,3700.50,3
2168,Michael Armstrong,3700.14,3
7799,Julie Romero,3698.77,3
5942,Robert Wilson,3696.97,3
9224,Emma Edwards,3696.83,3
5110,Yvette Stewart,3696.31,3
342,Ashley Davenport,3695.73,3
7265,Blake Garcia,3695.56,3
9390,Monica Gomez,3695.04,3
2992,Paul Lee,3694.71,3
181,Seth Fisher,3693.81,3
9343,Kyle Nelson,3692.66,3
8958,Jesse Hill,3692.13,3
6065,Lisa Coleman,3691.89,3
6727,Alexis Glass,3690.91,3
333,Mark Nelson,3690.13,3
7163,Jeffery Bolton,3689.92,3
9270,Wendy Hernandez,3689.11,3
8848,Carolyn Chung,3688.89,3
4344,Erica Perkins,3688.31,3
9702,James Perkins,3688.13,3
9897,Erin Ward,3687.39,3
3075,Eileen Robinson,3686.35,3
5623,Francisco Phillips,3686.26,3
4750,Donna Hansen,3686.11,3
3266,Joshua Ellis,3684.63,3
6663,Elizabeth Ellis,3684.12,3
2559,Eric Marks,3683.05,3
2075,Marc Lambert,3682.96,3
6580,Michael Soto,3682.25,3
1975,Nicole Mathis,3681.75,3
4620,Sean Pierce,3681.46,3
2922,Victoria Miller,3680.94,3
4096,Angel Adams,3679.88,3
2624,Mr. Marvin Jensen,3679.25,3
6324,Amber Pena,3679.03,3
1600,Jennifer Flores,3677.96,3
2420,Tanya Thompson,3677.21,3
9802,Melissa Rubio,3676.32,3
553,Drew Wilson,3676.23,3
2201,Craig Shepherd,3675.60,3
5295,Tyler Daniels,3674.85,3
9738,Maria Morrow,3674.68,3
6295,Christopher Jones,3674.41,3
7062,David Lynch,3674.36,3
7930,Cheyenne Thompson,3674.19,3
563,Anthony Ayala,3673.51,3
3551,David Bradley,3673.45,3
3242,Juan Haynes,3672.62,3
2125,Dr. Ashley Walker,3672.29,3
9757,Alisha Anderson,3671.45,3
202,Kimberly Morrison,3669.92,3
5749,Carl Russell,3669.71,3
8250,Guy Silva,3669.69,3
1913,Jennifer Goodwin,3669.43,3
5717,Jeffrey Alvarez,3669.06,3
552,Mary Jackson,3668.56,3
7194,Timothy Campbell,3667.53,3
3089,Ricky Martinez,3667.28,3
4481,Christian Duffy,3667.28,3
6402,Andrea Skinner,3666.27,3
9522,Julie Stephenson,3666.12,3
4048,Zachary Graham,3665.95,3
4094,Jeffrey Brown,3665.08,3
9909,Tracy York,3664.35,3
2993,Mr. Jesus Blake,3664.35,3
8105,Beth Thomas,3663.95,3
691,Kenneth Austin Jr.,3663.39,3
8317,Monique Gonzales,3661.43,3
357,Megan Blackwell,3661.35,3
7893,Tiffany Hernandez,3661.32,3
880,Morgan Lloyd,3661.15,3
5843,Nicholas Diaz,3660.56,3
1596,Amy Wolfe,3660.20,3
2159,Jeffrey Riley,3659.97,3
171,Jessica Osborn DDS,3656.30,3
8658,Leslie Wilson,3656.23,3
1939,Sherry Mclaughlin,3655.89,3
1023,Linda Stewart,3655.45,3
5248,James Lambert,3655.35,3
6449,Megan Meyer,3655.03,3
6118,Brandi Allen,3653.34,3
8094,Victoria Parker,3651.70,3
513,Kristina English,3651.53,3
168,Mark Rowland,3650.40,3
9637,Barbara Humphrey,3650.25,3
6547,Linda Hayes,3649.93,3
6193,Jason Nelson,3649.56,3
7687,Zachary Porter,3648.62,3
2237,Aaron Martinez,3648.61,3
1558,Julie Mata,3647.19,3
2989,Jonathan West,3646.91,3
6288,David Daugherty,3646.81,3
9230,Johnathan Bailey,3646.75,3
9100,James Price,3646.38,3
1375,Victoria Kelly,3646.30,3
3505,Steven James,3644.94,3
9147,Bobby Mclaughlin,3643.84,3
4890,Kevin Waters,3643.28,3
2731,Alex Smith,3641.44,3
7752,Erik Baldwin,3641.12,3
2274,Anthony Parks,3640.30,3
1464,Gina Chang,3639.84,3
9585,Michael Scott,3639.11,3
1364,Misty Walsh,3638.39,3
1990,Nicole Pittman,3638.23,3
7757,Laura Le,3637.69,3
1262,Shawn Waters,3635.92,3
3447,Brian Sanchez,3635.48,3
6802,Daniel Johnson,3635.46,3
5255,Victor Obrien,3635.41,3
5501,Emily Robinson,3634.64,3
8363,Sharon Garcia DVM,3634.47,3
9579,Sarah Washington,3634.46,3
3452,Mr. Daniel Dixon,3633.78,3
8762,Jessica Martin,3632.43,3
329,Kimberly Romero,3632.06,3
455,Teresa Garner,3631.44,3
946,Gregory Hart,3631.29,3
8372,Lauren Fields,3631.04,3
2976,Caroline Adams,3630.47,3
4553,Juan Young,3629.54,3
3337,Melinda Ramsey,3629.47,3
9535,Autumn Moss,3629.22,3
8497,Maria Johnson,3628.77,3
4520,Lori Smith,3627.47,3
5139,Misty Allen,3625.70,3
1920,James May,3624.87,3
2614,Cynthia Nelson PhD,3624.79,3
9134,Tina Graves MD,3623.07,3
1325,Catherine Monroe,3622.95,3
883,Trevor Bautista,3622.92,3
8755,Christopher Griffin,3622.47,3
5794,Samuel Hill,3622.45,3
761,David Russell,3618.95,3
9427,Katelyn Scott,3618.48,3
5313,Tara Dawson,3618.42,3
6265,Adam James,3617.38,3
3385,Mr. Robert Robinson,3617.03,3
9341,Jesse Murphy,3616.77,3
659,Mario Stout,3616.50,3
2949,Jill Mullins,3616.49,3
4712,Kimberly Schmitt,3616.17,3
7797,Mark Bell,3615.46,3
7142,Heather Rhodes,3614.26,3
9260,Brian Greene,3612.71,3
840,Maria Thomas,3612.42,3
2660,Stacey Walker,3612.36,3
6828,Maria Patterson,3610.83,3
4119,Melissa Fletcher,3609.46,3
4161,Rebekah Gomez,3609.42,3
3705,Ms. Tamara Gonzales,3609.18,3
7089,Robert Clark,3608.89,3
5395,Emily White MD,3608.49,3
4041,Michael Hampton Jr.,3607.62,3
5456,Daniel Aguirre,3607.05,3
2529,Jason Wilcox,3606.07,3
5327,Connor Pham,3605.91,3
2073,Jonathan Hudson,3605.72,3
1601,Todd Melendez,3605.66,3
9591,Jacob Phillips,3605.18,3
6908,Jacob Carney,3604.23,3
5418,Sarah Lee,3604.10,3
1513,David Anderson,3601.73,3
9521,Rachel Chandler,3601.38,3
9490,Vicki Jennings,3601.34,3
8330,Corey Rosales,3600.91,3
66,Andrew Wood,3600.21,3
7248,Stephen Morrow,3599.99,3
6730,Julia Murray,3598.34,3
6752,Devin Hodge,3597.94,3
2777,Tonya Lamb,3597.57,3
466,Nicholas Henderson,3597.16,3
2345,Jennifer Bell,3596.99,3
8811,Toni Washington,3596.17,3
5379,Colin Gonzalez,3595.13,3
1965,Thomas Fletcher,3595.01,3
1736,Derek Cortez,3594.30,3
8493,David Stone,3593.99,3
3305,Kevin Scott,3593.84,3
491,Jamie Smith,3593.38,3
2422,Thomas Trevino,3590.26,3
5349,Regina Burton,3589.87,3
3372,Russell Harris,3589.50,3
5602,Dr. Harold Blake,3588.98,3
4958,Linda Hogan,3587.93,3
8058,Christie Holmes,3585.70,3
5859,Elaine Miller,3585.63,3
5441,Christopher Vargas,3584.97,3
230,Sara Kelly,3584.74,3
2187,Susan Spencer,3584.51,3
1882,Connie Tucker,3583.02,3
259,Thomas Davis,3582.52,3
8522,Charles Logan,3581.37,3
8820,Eddie Sims,3580.05,3
5615,Mark Phillips,3579.89,3
4625,Eric Boyd,3579.02,3
9678,Cody Morales,3578.79,3
8888,John Brewer,3576.33,3
706,Bridget Wallace,3575.59,3
5661,Alicia Richardson,3575.20,3
977,Cynthia Miller,3574.81,3
3509,Maria Graham,3574.18,3
2209,Andrew Brown,3574.02,3
9160,Gail Jarvis,3573.94,3
6848,Eric Williams,3573.93,3
7963,Stephen Collins,3573.50,3
6284,Jacob Duarte,3573.44,3
8457,Eric Harris,3573.33,3
6513,Michael Davis,3573.05,3
2485,William Fleming,3572.97,3
4274,Mark Copeland,3572.35,3
6327,Jennifer French,3571.59,3
1189,Jeffrey Burke,3569.31,3
5106,Andrew Allen,3567.99,3
2874,Angela Peterson,3565.76,3
5434,Clayton Martinez,3565.71,3
8796,Sean Kennedy,3564.98,3
5209,Jessica Miller,3563.92,3
3913,Joseph Santos,3563.84,3
3215,Gerald Lewis,3562.51,3
2562,Mr. Justin Taylor MD,3561.96,3
8468,Samuel Williams,3559.22,3
4394,Andrew Zhang,3558.55,3
5756,Eric Coleman,3557.11,3
7721,Daniel Rodriguez,3557.00,3
9027,Aaron Hansen,3556.94,3
6625,Peter Davies,3556.51,3
4885,Allen Miller,3556.23,3
9187,Dana Howell,3556.13,3
2907,William Marquez,3555.90,3
5251,Sharon Watkins,3555.58,3
4270,Dr. Kristopher Perkins,3554.71,3
5087,Bruce Fowler,3554.20,3
7674,Aaron Park,3553.97,3
1896,Susan Lewis,3553.79,3
8970,Travis Wilson,3553.68,3
918,Anthony Washington,3553.65,3
684,Gregory Holland,3553.10,3
3858,Nicholas Crosby,3551.32,3
1908,Dustin Taylor,3551.26,3
6472,Jared Flowers,3551.13,3
8562,David Wright,3549.85,3
5250,Matthew Hamilton,3549.59,3
3828,Vanessa Campbell,3549.21,3
8623,Terry Barrett,3549.13,3
4575,Tracey Hoffman,3548.98,3
2040,Lauren Foster,3547.68,3
9025,Leah Kelly,3547.62,3
507,Timothy Martin,3547.56,3
300,Marissa Nelson,3547.27,3
3381,Crystal Caldwell,3546.72,3
2481,Lisa Robertson,3546.61,3
1649,Vanessa Brown,3545.73,3
5491,Jennifer Meyers,3545.51,3
2691,Charles Sandoval,3544.93,3
3303,Mrs. Angela Carey,3544.75,3
7060,Vincent Brown,3544.14,3
5107,Darlene Rojas,3544.10,3
6086,Eileen Brewer,3543.02,3
4237,Michelle Glenn,3542.99,3
3007,Bianca Russell,3542.35,3
5956,Jeffrey Smith,3541.01,3
5654,Stacey Smith,3540.14,3
4908,Thomas Wade,3540.03,3
1746,Melanie Dunn,3539.88,3
1499,Robin Pugh,3538.95,3
4248,Michael Davis,3537.72,3
2898,Jeffrey Graves,3536.30,3
5676,Mary Jones,3536.08,3
1724,Patricia Ford,3535.99,3
3734,Sandra Wilson,3535.52,3
2853,Jamie Vega,3535.41,3
9876,Matthew Flores,3534.72,3
9060,Jose Hudson,3533.64,3
5802,Steven Combs,3532.41,3
4639,Anita Grimes,3531.44,3
4937,William Ward MD,3531.42,3
6560,Steven Fitzpatrick,3530.86,3
7530,Billy Peck,3530.44,3
3330,Timothy Knight,3530.41,3
6838,Lisa James,3530.37,3
9601,Shane Dawson,3529.78,3
6779,Katrina Rivera,3529.48,3
445,Dana Johnson,3529.43,3
4074,Frances Lewis,3529.10,3
2253,Dr. Vanessa Dean DDS,3527.52,3
5585,Adam Marquez,3527.11,3
8026,Terri Gibson,3526.78,3
9789,David Reeves,3526.31,3
1043,Scott Cooley,3525.97,3
7010,Jennifer Colon,3525.24,3
1400,Jason Williams,3524.93,3
8042,Thomas Mendez DDS,3522.91,3
5233,Thomas Ryan,3522.57,3
1096,Jeffery Johnson,3521.80,3
5002,Shannon Gonzales,3521.76,3
1734,Michelle Beck,3520.61,3
4469,Edward Atkinson,3519.58,3
5288,Karen Thompson,3518.57,3
2356,Christopher Carroll,3517.06,3
6377,Eric Rogers,3516.94,3
3798,Laura Rios,3516.47,3
1548,Michael Smith,3515.16,3
3577,Jean Glenn,3515.09,3
7125,Melissa Thompson,3514.90,3
4222,Tara Fisher,3514.13,3
6073,Charlene Carr,3513.96,3
5856,Martin Hall,3513.68,3
461,Marie Hill,3513.37,3
6724,Eric Bishop,3513.32,3
4643,Ronald Aguilar,3512.96,3
8138,Alan Taylor,3512.78,3
6522,Christopher Edwards,3511.54,3
8437,Wesley Jackson,3511.01,3
7312,Paul Hunter,3510.97,3
5893,Chad Reyes,3510.45,3
889,Mary Gibson,3510.04,3
9850,Bryan Williams,3509.83,3
3863,Jodi Dixon,3509.24,3
9672,Mitchell Vazquez,3508.46,3
4802,Steve Hodges,3507.53,3
8143,Corey Fox,3506.85,3
3638,Michele Spears,3506.74,3
2937,Adam Christian,3505.95,3
6544,Christopher Fernandez,3505.62,3
9108,Kevin Mora,3504.56,3
482,Michael Vega,3503.45,3
1750,Marissa Wade,3503.14,3
8832,Anna Goodwin,3502.18,3
9817,Kyle Wilson,3501.82,3
792,Cindy Stanley MD,3500.11,3
9676,Brenda Taylor,3499.87,3
8654,Theresa Hartman,3499.55,3
8929,Mason Fletcher,3499.20,3
7115,Caitlin Sutton,3498.69,3
4927,Kelly Wells,3498.51,3
9689,Angela Reed,3498.03,3
805,Melissa Ray,3497.69,3
4180,Timothy Richardson,3497.44,3
1208,Karen Wilkins,3496.13,3
5963,Helen Moore,3496.01,3
2276,Andrew Beltran,3495.67,3
1390,Corey Shaffer,3494.75,3
5485,Kristina Moore,3494.65,3
7406,Eduardo Osborn,3494.59,3
2293,Charles Cooper,3494.53,3
9612,Douglas White,3494.52,3
3078,Rick Cardenas DVM,3493.48,3
364,Samuel Williams,3492.19,3
1722,Tracy Blankenship,3491.88,3
5607,Ashley Morales,3490.70,3
8913,Jessica Hughes,3490.13,3
3768,Richard Shelton,3489.55,3
8443,Joshua Reed,3488.58,3
2565,Andrew Henderson,3488.51,3
1337,Kevin Allen,3488.06,3
7214,Alexis Smith,3487.94,3
660,Gregory Walker,3486.83,3
5444,Larry Johnson,3486.07,3
1786,Colton Anderson,3485.23,3
9388,Lisa Brown,3484.22,3
7321,Dakota Koch,3484.10,3
7384,Jeffrey Ford,3483.30,3
5175,Charles Bailey,3482.95,3
1643,Nathan Webb IV,3482.92,3
1523,Michele Hawkins,3482.42,3
6915,Brent Walker,3481.81,3
3722,Gary Bates,3481.70,3
5583,Carla Brewer,3480.70,3
2827,Bianca Moore,3479.16,3
8592,Dennis Kelly,3477.33,3
2628,Wesley Garcia,3477.17,3
3563,Donald Macdonald,3477.12,3
4146,James Washington,3476.92,3
3678,Melissa Ford,3476.10,3
7425,Ashley Burnett,3476.01,3
6106,Kimberly Sullivan,3475.97,3
6555,Michael Walton,3475.31,3
6467,Elizabeth Fisher,3475.08,3
4436,Holly Vang,3474.96,3
9778,Tanya Phelps,3474.33,3
6223,Justin Roberts,3474.31,3
3260,Johnny Mendoza,3473.93,3
7335,Jessica King,3473.81,3
3601,Katelyn Jones,3473.70,3
2108,Stephen Carter DDS,3472.62,3
7474,Rebekah Taylor,3471.45,3
797,Taylor Norman,3471.20,3
3795,William Olsen,3471.19,3
1582,Kelly Smith,3468.98,3
1338,Kim Stewart,3468.23,3
9816,Kathryn Wilson,3468.18,3
7011,Mark Martinez,3467.89,3
9023,Ian Mccarty,3467.61,3
7117,Martha Alexander,3467.59,3
1671,Savannah Davis,3466.70,3
3644,Adam Nelson,3466.49,3
8943,Richard Smith,3466.25,3
9596,Mary Lane,3466.06,3
9957,Dennis Santos,3465.42,3
5268,Steven Ross,3464.31,3
5592,Holly Deleon,3463.49,3
272,Christopher Rogers,3463.08,3
4368,Johnny Mcintosh,3463.08,3
4383,Caleb Gilbert,3462.84,3
9523,Jamie Hanson,3462.49,3
3328,Albert Moss,3461.71,3
3477,Megan Jones,3461.14,3
6709,Valerie Frye,3458.51,3
8880,Alexis Rivera,3458.45,3
4220,Andrew Romero,3457.17,3
4557,Natalie Moran,3455.75,3
6023,James Cervantes,3455.13,3
1138,Randall Johnson,3455.05,3
4801,Brenda Goodman,3454.85,3
7879,Danielle Craig,3454.41,3
8154,Renee Martin,3453.63,3
2386,Heather Davis,3453.60,3
1950,Erika Vega,3452.39,3
1672,Megan Singh,3452.36,3
2699,Jamie Harris,3452.20,3
3651,Brittany Schneider,3451.36,3
8638,Sarah Simpson,3450.43,3
8821,Carrie Smith MD,3449.78,3
43,Jessica Fox,3447.54,3
7325,Desiree Torres,3447.53,3
848,Danny Smith,3445.62,3
649,Jessica Murphy,3444.24,3
1963,Erin Pollard,3444.12,3
3248,Karen Ray,3443.38,3
1899,Jessica Bishop,3443.24,3
7577,Kaitlyn Shaffer,3442.97,3
876,Arthur Gonzalez,3442.43,3
8299,Sean Gonzalez,3441.23,3
4045,William Avila,3440.99,3
3139,Dr. Stacey Hernandez MD,3440.88,3
1210,Edwin Mendoza,3440.62,3
5398,Gerald Blevins,3440.29,3
4194,Paul Chandler,3439.36,3
5677,Madeline Garcia,3439.29,3
2323,Jake Young,3439.09,3
4988,Laurie Hall,3437.21,3
7110,Michael Grimes,3436.58,3
2847,Dylan Davis,3435.37,3
1695,Stacy Floyd,3434.78,3
8332,Shelley Austin,3434.76,3
9254,Jorge Perez,3434.39,3
1584,Amber Rodriguez,3433.78,3
9792,Lisa Murphy,3433.68,3
1224,Devin Smith,3433.21,3
284,Carolyn Collins,3432.74,3
4973,Jennifer Chung,3432.58,3
6049,Ashley James,3432.16,3
6904,Rachel Martinez,3431.89,3
6145,Jason Knight,3431.69,3
2722,Robert Shah,3431.69,3
4610,Stephen Martin,3430.39,3
2317,Brittney Andersen,3429.88,3
8695,Julie Long,3429.09,3
521,Joseph Sanchez,3427.57,3
2886,Miss Angela Newman,3427.36,3
6455,Dillon Watson,3427.20,3
3565,Louis Sandoval,3427.02,3
565,Stephanie Bolton,3426.94,3
6934,Janet Ramsey,3425.33,3
5938,Brandon Thompson,3424.93,3
5332,Susan Garcia,3423.66,3
3648,Joshua Mack,3422.31,3
1223,Alexandria Carrillo,3422.20,3
386,Robert Peterson,3422.00,3
5947,Trevor Gonzales,3421.87,3
9465,Jason Burke,3421.76,3
7128,Robert Le,3420.76,3
3294,John Davis,3419.78,3
7948,Dr. Kevin Russell,3418.53,3
1914,Lisa Rice,3417.76,3
6168,Susan Bishop,3416.79,3
4843,Jose Short,3416.15,3
9787,Luis Ramos,3415.73,3
9373,John Vargas,3414.81,3
8001,Michelle Shaw,3413.35,3
6783,Michael Alexander,3413.00,3
2635,Richard Perry,3412.48,3
2790,Tammy Rios,3412.08,3
3547,Michael Jones DDS,3411.86,3
3053,Marc Paul,3411.20,3
3212,Danny Martin,3410.50,3
4727,Elizabeth Smith,3410.49,3
9733,Candace Parsons,3409.82,3
886,Sean Dixon,3409.72,3
9615,Nathaniel Morrison,3409.67,3
2267,Joseph West,3409.67,3
7187,Kimberly Daniels,3408.35,3
6993,Heather Washington,3407.42,3
5108,Tracy Fisher,3406.34,3
8558,Joseph Lewis,3406.00,3
8549,Jesse Watkins,3405.52,3
5335,Heidi Johnson,3403.98,3
7054,Marcus Lin,3403.65,3
8525,Tonya Wilkinson,3402.95,3
2161,Brandi Price,3402.44,3
9587,Aaron Thompson,3402.43,3
6215,Melissa Williamson,3401.50,3
5604,Michelle Guerrero,3400.73,3
3608,Kathryn Clark,3400.72,3
9671,Ashley Johnson,3400.05,3
6935,Samantha Benson,3399.90,3
5816,Nancy Ramos,3399.89,3
3846,Kimberly Berg,3399.88,3
6205,Allison Martin,3399.85,3
9786,Eric Reed,3399.75,3
2332,Adam Cole,3399.41,3
4173,Sharon Murphy,3397.56,3
738,Angelica King,3397.56,3
1394,Michael Ellis,3396.83,3
7275,Ronald James,3394.81,3
2419,Nicholas White,3394.63,3
5746,Mrs. Amy Mcneil MD,3394.39,3
463,Lauren Reeves,3394.29,3
4399,Dawn Jacobs,3394.15,3
8361,Elizabeth Kirby,3393.70,3
4026,Nathan George,3393.19,3
338,Billy Fuentes,3392.86,3
3985,Joshua Sawyer,3392.44,3
9547,Derek Sullivan,3392.15,3
3373,Danny Hughes,3391.32,3
1125,Mason Olson,3390.91,3
9068,Danielle Marsh,3390.73,3
1415,Lawrence Velasquez,3390.46,3
8406,Dr. Jacob Avila,3389.47,3
6950,Matthew Choi,3388.97,3
4231,Robert Burnett,3388.59,3
9650,Brandon Martin,3388.45,3
4294,Rebecca Harrison,3388.23,3
7132,Carol Medina,3387.27,3
9658,Samantha Graham,3387.05,3
6289,Joshua Gonzalez,3386.61,3
9205,Ryan Clark,3385.54,3
5113,James Thompson,3383.06,3
6368,Jessica Nielsen DDS,3382.59,3
4272,Shannon Kerr,3382.45,3
6059,Kristen Bond,3381.12,3
3824,Robert Robertson,3379.64,3
3841,Katherine Fitzgerald,3379.53,3
8022,Chad Rose,3379.51,3
5324,Mr. Manuel Pace MD,3378.51,3
8721,Virginia Acosta,3377.48,3
5390,Elijah Williams,3377.44,3
6219,Monica Alexander,3377.40,3
3535,Craig Chan,3377.24,3
9904,Tyler Turner,3376.68,3
1449,Tracy Hall,3376.32,3
6514,Billy Christian,3375.42,3
4635,Lynn Richardson,3374.22,3
8414,Yesenia May PhD,3373.58,3
9095,Bryan Moore,3373.51,3
2038,Timothy Randolph,3373.29,3
9411,Alicia Buchanan,3373.06,3
7063,Stephanie Morgan,3372.82,3
8489,Shane Williams,3372.08,3
494,Tim Miller,3370.55,3
834,Cody Hoover,3369.39,3
3498,Alfred Collins,3369.03,3
144,David Little,3368.19,3
5347,Jeffrey Singh,3366.77,3
3786,Barbara Joseph,3366.64,3
7382,April Hines,3366.46,3
1165,Ashley Ruiz,3365.60,3
6353,Michelle Ali,3365.29,3
6014,Samuel Jackson,3363.51,3
8963,Nicholas Silva,3363.47,3
6683,Michelle Nguyen,3363.14,3
6291,Ryan Richardson,3362.68,3
8256,Rebecca Alexander,3362.15,3
6210,Tanya Bennett,3361.53,3
336,Thomas Kelly,3361.50,3
2160,Wendy Nelson,3360.46,3
1568,Carl Adams,3360.25,3
1589,Nicholas Craig,3359.07,3
2708,Carlos Alexander,3358.48,3
2903,Tina Thompson MD,3358.27,3
2130,Kayla Mcclain,3358.23,3
4059,Thomas Butler,3358.11,3
8453,Mr. Samuel Parker,3356.62,3
1775,Ashley Davis,3356.17,3
7515,Paul Rosario,3355.92,3
4626,Jeffery Smith,3355.01,3
5599,Marvin Perry,3354.93,3
1686,Samuel Morgan,3354.83,3
9595,Tommy Young,3354.62,3
3374,David Hale,3353.60,3
4267,Sarah Reed,3352.62,3
5429,Mrs. Megan Parker MD,3352.53,3
5968,Tristan Alvarez,3352.01,3
9214,Cameron Ramirez,3351.15,3
5941,Lisa Ross,3350.36,3
2172,Brianna Atkins,3349.46,3
8569,Michael Stevens,3348.67,3
2184,Caleb Gonzales,3348.31,3
8780,Aaron Carey,3347.97,3
6909,Charles Smith,3347.80,3
61,Michael Tucker,3346.09,3
5531,Elizabeth Cohen,3345.88,3
8634,Barbara Garcia,3345.44,3
3429,Michelle Cox,3343.26,3
3269,Frederick Williams,3343.01,3
217,Christopher Guzman,3342.77,3
3183,Mike Ortiz,3342.39,3
1830,Amy Bass,3342.21,3
4587,Shawn Williams,3341.04,3
3214,Andrew Welch,3340.22,3
5049,Kevin Jones,3338.14,3
5718,Stephen Fleming,3338.01,3
3570,Kimberly Sullivan,3337.77,3
8783,George Miller,3337.65,3
5287,Amy Brown,3337.53,3
6537,Russell Perez,3336.85,3
3100,Melanie Johns,3336.53,3
1673,Nicole Gould,3336.29,3
5873,Jason Miller,3335.42,3
6805,Janice Martinez,3334.29,3
1052,Dylan Valenzuela,3334.17,3
4490,Kimberly Gray,3333.72,3
1912,Keith Woods,3333.64,3
2272,Angela Nielsen,3333.09,3
4425,David Huynh,3333.08,3
37,Michael Valencia,3332.70,3
1196,Chad Franklin,3331.66,3
5372,Carolyn Floyd,3331.11,3
5964,Richard Day,3331.03,3
8319,Jose Wong,3330.66,3
674,Nicole Norman,3329.57,3
4320,Scott Huffman,3329.54,3
6976,Tina Banks,3329.16,3
5135,Cesar Cross,3327.86,3
2554,Douglas Gonzales,3327.49,3
5779,Steven Hampton,3327.07,3
5488,Natasha Reyes,3326.59,3
948,Laura Grimes,3325.32,3
8201,Matthew Floyd,3325.07,3
6473,Matthew Evans,3324.80,3
6341,Daniel Glover,3324.33,3
6266,Patricia Sanford,3323.91,3
7301,Regina Conner,3323.44,3
1316,Jessica Rodriguez,3323.30,3
3653,Gregory Pineda,3322.45,3
6350,Michael Hall,3321.56,3
5807,Jill Villarreal MD,3321.45,3
4576,Keith Gallegos,3320.65,3
9286,Joshua Collins,3319.95,3
7784,Ruth Stephens,3318.58,3
6990,Sarah Weaver,3317.39,3
1000,Joy Dorsey,3317.22,3
8699,Stephen Rice,3317.02,3
7290,Lisa Hurst,3316.48,3
6849,Alison Velazquez,3315.94,3
88,Charles Hensley,3315.25,3
9323,Suzanne Harris,3315.02,3
1084,Raven Odonnell,3314.84,3
5986,Catherine Gonzales,3314.32,3
5111,David Williams,3313.95,3
1497,Robert Moore,3313.39,3
6104,Whitney Carter,3311.11,3
7388,Mark Graves,3311.09,3
1254,Mr. Joshua Davis,3310.64,3
8412,Wanda Thornton,3310.63,3
5172,Stephen Ayala,3310.27,3
105,Janet Kane DVM,3309.12,3
7049,Robert Pope,3306.57,3
1743,Jessica Porter,3306.45,3
4109,Monica Wang,3304.85,3
8672,James Davis,3304.22,3
9052,Jessica Allen,3303.69,3
7691,Nicole Wright,3303.26,3
1824,Emily Coleman,3301.89,3
2194,Nicole Hendrix,3301.62,3
366,John Savage,3300.01,3
1439,James Jones,3299.69,3
9408,David Mckay,3299.49,3
5413,Carolyn Cook,3299.14,3
8012,Hayden Freeman,3298.99,3
1742,Phillip Gonzalez,3298.58,3
6881,Kim Rollins,3297.96,3
7954,Jacob Kirby,3297.87,3
8822,Jeffery Price,3297.63,3
2258,Christopher Jensen,3297.22,3
3149,Robin Griffith,3297.02,3
4793,Kevin Salazar,3296.88,3
6842,Lindsay Jones,3296.85,3
5018,Victor Lang,3296.71,3
8583,Tracy Mitchell,3296.67,3
7609,Joyce Hill,3296.00,3
3962,Michael Wade,3293.02,3
4835,Autumn Rice,3293.00,3
1117,James Mcmillan,3292.74,3
1395,Tiffany Randolph,3292.66,3
2243,Gloria Gray,3292.60,3
6916,Elizabeth Aguirre,3292.40,3
5993,Victoria Jones,3292.10,3
1291,Jesse Martinez,3291.59,3
5264,Derek Hamilton,3291.14,3
2336,Victor Pratt,3291.00,3
9186,Mary Carter,3290.95,3
5367,Donna Underwood,3290.86,3
9899,John Harvey,3290.29,3
290,Shawn Evans,3289.85,3
5784,Peter Andrews,3288.35,3
6964,Tammy Patrick,3288.11,3
7594,David Snow,3285.40,3
2195,Keith Sweeney,3283.13,3
7652,Carla Gregory,3282.81,3
3801,Heather Thomas,3282.61,3
638,Adam Diaz,3280.29,3
3642,Anthony Perry,3279.82,3
6006,Drew Smith,3279.25,3
354,Victor Harmon,3277.97,3
9449,Jennifer Adams DVM,3277.34,3
8517,Jonathan Marks,3277.21,3
5100,Melissa Benson,3277.14,3
4655,Kristi Hall,3276.96,3
3991,Stephanie Smith,3276.78,3
8555,Christine Tapia,3276.60,3
8606,Rebecca Bradley,3275.49,3
297,Luis Hill,3275.25,3
2868,Cynthia Lowe,3272.56,3
3136,Brian Ramirez,3272.53,3
1675,Michael Kemp,3271.72,3
5815,Jerry Trujillo,3271.26,3
9963,Emily Shah,3270.71,3
9206,Victor Stephens,3270.55,3
2904,Raymond Anderson,3270.14,3
9252,Mary Santana,3270.07,3
8984,Samantha Myers,3269.78,3
6858,Debra Rivera,3269.68,3
8789,Michael Petersen,3267.34,3
6060,Sarah Jones,3267.18,3
3175,Patricia Williamson,3266.82,3
9152,James Wallace,3266.59,3
4947,Stephanie Pratt,3266.25,3
5542,Steven Chambers,3265.88,3
2421,William King,3264.96,3
1937,Pamela Morrison,3264.95,3
5886,Virginia Smith,3264.59,3
2479,Michael Rojas,3264.31,3
7600,Malik Kent,3263.86,3
2464,Brittany Stewart,3262.63,3
5261,Roger Griffin,3262.40,3
6094,Leroy Powell,3261.88,3
3370,John Medina,3261.79,3
8304,Lisa Miller,3261.60,3
6639,Lance Johnson,3260.62,3
3571,Brandon Harris,3260.57,3
8432,William Cruz,3258.65,3
7447,Jermaine Barrera,3258.09,3
2306,Cody Woods,3257.85,3
7296,Shirley Watts,3257.65,3
8470,Craig Fletcher,3257.54,3
9243,James Thornton,3257.15,3
6561,Austin Adams,3256.26,3
3284,Ashley Nguyen,3254.99,3
8948,Eric Graham,3252.55,3
5530,Deborah Clark,3252.24,3
6581,Jessica Cook,3251.95,3
4416,Jonathan Gray,3251.57,3
4673,Victoria Clark,3251.01,3
3727,Jesse Wilson,3250.62,3
5772,Karen Powers,3250.49,3
1779,Martin Clark,3249.97,3
241,Connie Miller,3249.82,3
2537,Mary Johnson,3249.49,3
8841,Kelly Parsons,3249.36,3
8031,Dawn Nelson,3248.15,3
7746,Nancy Moreno,3247.92,3
6018,Dr. Johnny Price Jr.,3247.60,3
1502,Daniel Brandt,3247.14,3
4864,Sarah Patterson,3246.64,3
8014,Eric Lyons,3246.51,3
3172,Tracey Lane,3245.50,3
2263,Samantha Taylor,3245.16,3
1698,Jessica Roberts,3244.82,3
3017,Monica Savage,3244.22,3
3966,Julia Sanchez,3243.71,3
2461,Destiny Flores,3243.24,3
4941,Jessica Skinner,3242.63,3
4840,Jon Watson,3242.23,3
1440,Gregory Deleon,3242.17,3
6825,Nicole Simmons,3241.86,3
2016,Jeanette Odonnell,3241.23,3
7710,Christine Frederick,3240.42,3
7506,Teresa Stewart,3239.76,3
5713,Traci Reed,3239.47,3
1776,James Anderson,3239.24,3
8904,Taylor Ward,3237.26,3
1304,Ricky Robinson,3237.09,3
8735,Andrew Garcia,3235.59,3
2068,Jill Reyes,3234.91,3
1350,Ruth Hernandez,3234.67,3
2613,Bruce Grimes,3234.31,3
9537,Jeffrey Green,3233.90,3
1104,Raymond Reed,3233.69,3
8126,Christina Reed,3233.57,3
6413,George Garcia,3233.01,3
4528,Antonio Johnson,3232.71,3
4414,Jennifer Martinez,3231.85,3
2491,Cynthia Schneider,3230.48,3
1917,Susan Lawson,3230.46,3
1811,John Kim MD,3228.57,3
74,Brenda Thornton,3228.35,3
8765,Brian Myers,3228.26,3
4628,Michael Rodriguez,3227.91,3
5093,Kimberly Roth,3226.84,3
5460,Albert Butler,3224.68,3
7998,Carrie Washington,3223.87,3
6384,Kimberly Hubbard,3223.32,3
3537,Benjamin Mills,3223.17,3
3631,Gina Pierce,3222.98,3
6924,Destiny Brown,3222.13,3
3281,Scott Simmons,3221.53,3
9168,Logan Mendoza,3221.06,3
7019,Karen Walker,3219.40,3
1270,Cindy Lowery,3218.35,3
5458,Manuel Arellano,3217.09,3
4588,Amber Anderson,3216.93,3
2775,Zoe Roach,3216.05,3
8287,William Hoover,3215.69,3
1141,Shirley Todd,3215.45,3
8027,Tamara Hughes,3215.34,3
7294,William Duffy,3214.80,3
6442,Jason Allen,3213.97,3
3711,Jacqueline Lewis,3213.31,3
4578,Andrew Smith,3212.37,3
3124,Melissa Smith,3212.20,3
8102,Jesse Cox DVM,3211.03,3
5387,Kristen Rivera,3210.84,3
831,Isabella Hawkins,3210.61,3
4380,Briana Dennis,3209.69,3
166,Candace Jones,3208.91,3
3844,Cynthia Cervantes,3208.56,3
9491,Johnny Lopez,3208.23,3
6355,Matthew Coleman,3207.82,3
1876,Jonathan Flores,3207.76,3
5569,Thomas Hoffman,3207.54,3
1206,Robin Donovan,3207.29,3
4083,Matthew Mcintosh,3207.09,3
2687,April Montes,3206.64,3
3404,Christina Williams,3206.04,3
222,Aaron Manning,3205.58,3
9190,Jorge Jennings,3205.28,3
8086,Bill Brady,3204.84,3
1873,Daniel Wilkerson,3204.02,3
1885,Christopher Cobb,3203.60,3
2444,Jared Osborn,3203.08,3
8000,Denise Jackson,3202.20,3
9511,Andrea Davis,3201.90,3
7240,Sierra Macias,3201.16,3
6559,James Snyder,3200.61,3
9798,Matthew West,3199.89,3
9303,Michael Hansen,3199.18,3
8187,Andrew Chaney,3199.04,3
6527,David Ramos,3197.05,3
9814,Samantha Huerta,3196.90,3
369,Tammy Fields,3196.86,3
2021,Shelly Wright,3196.84,3
4934,Priscilla Bailey,3196.52,3
2850,Leah Scott,3194.66,3
6286,Susan Rodriguez,3194.13,3
8845,Kayla Shannon,3193.44,3
6690,Amber Clark,3193.36,3
7565,Michael Sweeney,3193.03,3
6189,Paul Sullivan,3192.58,3
1222,Stephen Evans,3192.53,3
6166,Jennifer Torres,3191.88,3
6448,Patricia Fox,3191.19,3
3253,Ashley Stark,3190.71,3
7827,John Rice,3190.69,3
2512,Julia Jones,3190.67,3
888,Christopher Martinez,3189.92,3
1823,Brian Mclaughlin,3189.77,3
4264,Samantha Jacobson,3189.76,3
8289,Keith Wright,3188.32,3
7900,Nicole Bryant,3188.21,3
1902,Austin Harrison,3187.69,3
919,Anthony Mccormick III,3186.43,3
4957,Tyler Parker,3186.05,3
6739,Brendan Russell,3184.75,3
9389,Colleen Sanchez,3184.54,3
6967,Michael Mills,3183.91,3
4903,Linda Bailey,3183.83,3
7858,Rodney Rogers,3183.48,3
2192,James Jones,3183.24,3
7958,Bailey Smith,3183.21,3
942,Micheal Powell,3181.97,3
7156,Devin Cannon,3181.64,3
6549,Hunter Blake,3181.06,3
1740,Robert Carpenter,3180.36,3
9245,George Anderson,3178.73,3
7860,Brandy Hale,3178.36,3
2627,Brandon Jones,3177.48,3
8293,Jason Lewis,3177.34,3
1228,Ryan Carter,3176.75,3
4741,Michelle Wagner,3175.37,3
5400,Savannah Cole,3175.27,3
1109,Tony Rodriguez,3174.43,3
7053,Alan Shannon,3174.24,3
3163,Phillip Taylor,3174.18,3
6843,Shawn Lopez,3173.92,3
6017,Vanessa Miller,3171.30,3
8819,Theresa Johnson,3171.10,3
9704,Theresa Rodriguez,3168.59,3
5708,Sara Yang,3168.35,3
8975,Michael Taylor,3167.73,3
1021,James Flores,3167.63,3
1594,Charles Collier,3166.92,3
5333,Andres Acosta,3166.79,3
884,Daniel Singh,3166.61,3
6257,Denise Peck,3165.12,3
5097,Mario Braun,3164.33,3
492,John Hart,3164.10,3
4928,Melody Ortiz,3163.23,3
8391,Robert Wyatt,3162.94,3
9113,Bruce Le,3160.45,3
3398,Monica Pratt,3160.32,3
6604,Wayne Martin,3157.29,3
1947,Todd Anderson,3157.01,3
6055,Ray Ramirez,3156.07,3
9698,Linda Strong,3154.20,3
3900,Nathaniel Hodges,3153.85,3
1443,Daniel Nelson,3153.28,3
9725,Daniel Alexander,3152.20,3
2052,Debra Barber,3151.58,3
29,John Bishop,3151.39,3
2452,Steven Williams,3150.04,3
5588,Gregory Brown,3148.75,3
2283,Donna Martin,3148.64,3
858,Carolyn Walker,3148.07,3
7374,Steven Wilson,3147.73,3
11,Kevin Mills,3147.58,3
2196,Jesus Baker,3147.24,3
6096,Gregory Morris,3146.66,3
8073,Jennifer Mckenzie,3145.50,3
4121,Amy Nunez,3144.76,3
7360,Vernon Ramsey,3144.02,3
9997,Lucas Johnson,3143.90,3
729,Melissa Pierce,3143.70,3
4177,Kurt Vasquez,3143.45,3
6932,Kristy Morris,3142.88,3
9200,Stacy Holt,3142.71,3
7018,Darryl Jackson,3142.58,3
9203,Richard White,3142.19,3
4833,David Diaz,3142.13,3
6835,Melissa Hunt,3141.70,3
2231,Mark Davis,3141.41,3
5428,Craig Weiss,3141.19,3
4297,Jose Ellis,3140.70,3
5069,Andre Marshall,3140.68,3
5063,Adam Nicholson,3140.48,3
9256,Heather Webster,3140.20,3
3073,Michelle Phillips,3139.81,3
9956,Emily Stephens,3139.61,3
1166,Todd Hampton,3139.59,3
7647,Jennifer Richard,3137.13,3
3080,Justin Williams,3136.99,3
1065,Robert Brown,3135.94,3
5739,Joshua Cain,3135.33,3
8865,Becky Brooks,3135.31,3
773,Jason Williams,3134.73,3
3643,Daniel Reid,3134.72,3
6122,Teresa Medina,3134.52,3
7285,Teresa Bradley,3133.49,3
7261,Denise Thompson,3133.10,3
3803,Dana Vincent,3132.37,3
9448,Blake Russell,3132.13,3
7837,Michaela Roberts,3130.44,3
119,Melissa Miller,3130.01,3
8544,Benjamin Blake,3128.65,3
935,Marie Davidson,3128.62,3
929,Tina Green,3128.60,3
3158,Kaitlyn Moody,3128.57,3
1982,Ronald Gordon,3128.52,3
656,Emily Lee,3128.35,3
9268,Rachel Morris,3128.26,3
8124,Teresa Mcpherson,3128.13,3
4319,Jesse Allen,3127.96,3
2142,Jacob Carrillo,3127.74,3
5842,Michelle Williams,3127.17,3
7159,Chris Rodriguez,3127.09,3
3192,Timothy Williams,3126.84,3
8178,Charles Dawson,3126.65,3
1085,Kristin Davis,3126.13,3
4963,Sydney Phillips,3125.79,3
953,Melissa Thomas,3123.91,3
454,Madeline Vasquez,3123.65,3
8618,Amy Griffin,3123.17,3
1682,Renee Lee,3122.80,3
8876,Sharon Newton,3122.64,3
2848,Russell Sims Jr.,3121.81,3
1944,Gloria Andrade,3121.51,3
1062,Ronald Edwards,3120.49,3
2055,Mr. Christopher Pham,3120.12,3
7232,Jodi Allen,3115.80,3
4614,John Mosley,3115.55,3
596,Johnny Jenkins,3115.55,3
9838,Cheryl Rodriguez,3115.12,3
9332,Gloria Robinson,3111.85,3
2095,Lori Mejia,3111.68,3
4477,Robert Hendricks,3109.24,3
5164,Anthony Collier,3107.78,3
1583,William Riley,3106.30,3
3632,Melissa Perry,3105.88,3
7212,Patricia Perkins,3105.83,3
8436,Michael Cook,3105.82,3
2674,Katie Moran,3105.44,3
4453,Michael Ray,3104.40,3
1306,Timothy Trevino,3104.06,3
4953,Pamela Wagner,3103.33,3
8313,Danielle Sparks,3102.32,3
5487,Sharon Thomas,3102.20,3
7444,Mark Combs,3102.13,3
102,Melanie Larson,3101.76,3
4666,John Rollins,3101.02,3
2610,David Berry,3100.83,3
3024,John Smith,3099.01,3
7420,Suzanne Torres,3098.61,3
1507,Angela Torres,3098.50,3
2810,Steven Ortega,3098.41,3
6714,Eric Smith,3098.23,3
5906,Sarah Jackson,3097.48,3
546,Mandy Henderson,3096.76,3
8895,Jessica Griffin,3096.66,3
3468,Anita Peters,3096.50,3
5245,Rachel Sanford,3096.24,3
4706,Sharon Andrews,3095.45,3
191,Mariah Robles,3095.11,3
228,Tracy Hart,3094.51,3
8325,Matthew Garcia,3093.98,3
5656,Andrew Malone,3093.62,3
5285,Amanda Rowland,3093.57,3
647,James Grant,3093.28,3
4777,Timothy Robertson,3093.09,3
4992,Kevin Walker,3092.94,3
7148,Tracey Frazier,3092.62,3
6330,Brittany Luna,3091.82,3
4415,Sean Reynolds,3091.69,3
9109,Robert Salinas,3090.59,3
4062,Christopher Lee,3090.26,3
9161,Theresa Rice,3089.94,3
7477,Anthony Gallegos,3088.60,3
2275,Carol Perry,3088.27,3
557,Jerry Anderson,3086.81,3
6748,Steven Henry,3086.19,3
2179,Emily Miller,3085.97,3
3009,Paul Vang,3085.83,3
4974,Amber Wise,3085.82,3
7732,Richard Ellis,3084.75,3
8665,Sandra Kramer,3084.16,3
6170,Latasha Cochran,3084.11,3
5225,Laurie Conner,3084.07,3
4996,Peter Ruiz,3081.92,3
9030,Wesley Hendrix,3080.09,3
1785,Thomas Hull,3079.41,3
9282,Kimberly Rivera,3078.84,3
6458,Rebekah Haynes,3078.47,3
7400,Rebecca Knight,3077.50,3
955,Tyler Vasquez,3074.48,3
2397,Dustin Wilson,3074.20,3
6651,Daniel Stone,3074.08,3
3777,Kenneth Hill,3074.02,3
9488,Crystal Cook,3073.88,3
3061,Katie Day,3073.87,3
5568,David Browning,3072.60,3
1092,Phillip Ramirez,3071.27,3
4634,Benjamin Garcia,3070.31,3
2314,John Jones,3070.06,3
1861,Dr. Cynthia Hoover DVM,3069.82,3
6381,Caleb Allen,3069.80,3
1561,Selena Robinson,3069.73,3
3228,Melissa Perez,3069.41,3
2825,William Mcmahon,3068.73,3
1730,Jose Ramos,3068.67,3
2436,Charles Gross,3068.49,3
3325,Kimberly King,3068.37,3
9309,Anthony Robertson,3067.13,3
5679,Heidi Rivas,3067.00,3
2745,James Fitzgerald,3065.96,3
3361,Kaitlin Scott,3065.70,3
2781,Alexis Mueller,3065.63,3
8998,Shannon Clements,3062.76,3
7536,Dustin Greene,3061.51,3
8116,Melanie Waters,3061.21,3
4558,Alexandria Henry,3060.46,3
9234,Andrew Wright,3060.19,3
2398,Helen Jensen,3060.19,3
9364,Brenda Gill,3060.11,3
3878,Jennifer Huffman,3059.13,3
6862,Deborah Moore,3058.36,3
8609,Scott Gonzalez,3058.13,3
632,David Hudson,3057.42,3
5404,Jesse Gonzalez,3056.38,3
7929,Matthew Foley,3053.88,3
7934,Jennifer Thompson,3053.85,3
8677,Brian Taylor,3053.46,3
7281,Tammy Nixon,3053.08,3
8810,Michael Gomez,3052.94,3
4830,Kevin Mcgee,3052.91,3
7887,Kyle Hansen,3052.57,3
3610,Maria Reed,3052.23,3
5770,Diana Garcia,3051.97,3
5562,Philip Bryant,3051.44,3
3030,Curtis Wright,3051.24,3
4755,Alicia King,3048.85,3
2204,Jasmine Mack,3046.87,3
9760,Daniel Mason,3045.88,3
1028,Karen Decker,3045.82,3
7485,Matthew Blake,3045.60,3
6930,Lisa Price,3044.80,3
444,William Jones,3042.86,3
6197,Paul Schwartz,3042.48,3
6815,Angela Miles,3042.26,3
9761,Christopher Williams,3042.24,3
9144,Rebecca Briggs,3041.53,3
247,Jessica Lee,3041.12,3
2517,Glenn Brewer,3040.64,3
5852,John Brown,3040.44,3
9130,Seth Evans,3040.19,3
6138,Jamie Allen,3039.60,3
8774,Jackson Adams,3039.23,3
1396,Debbie Tanner,3038.33,3
5032,Steven Anderson,3038.18,3
8815,Susan Ware,3037.21,3
756,Sherri Little,3037.12,3
4304,Brittany Johnson,3035.88,3
3887,Amy Stewart,3034.39,3
9157,Paige Rodriguez,3034.13,3
484,Joshua King,3033.69,3
927,Sally Hurst,3032.86,3
1858,Michael Hebert,3032.11,3
4494,Heidi Ruiz,3032.06,3
5797,Maureen Maxwell,3031.84,3
6982,Holly King,3030.65,3
1266,Michael Hampton,3030.65,3
7626,Jesse Baker,3029.97,3
2124,Frederick Juarez,3028.98,3
6305,Colleen Farrell,3027.43,3
7714,Joseph Chavez,3027.27,3
539,Melissa Jackson,3026.61,3
3756,Mr. James Sanchez,3025.88,3
7347,Thomas Brown,3025.71,3
558,Jason Payne,3025.69,3
238,Bonnie Roberson,3025.58,3
3823,Nicole Smith,3025.22,3
8151,Sydney Brown,3024.48,3
8120,Richard Martin DDS,3023.06,3
4869,Juan Ballard,3022.49,3
5985,Madison Ferrell,3022.42,3
9047,James Burton III,3022.11,3
6378,Lisa Hughes,3021.60,3
3942,Christian Harper,3021.37,3
1960,Brooke Chang,3020.59,3
3552,Cameron Gray,3020.41,3
7473,Brad Ramos,3019.56,3
7423,Juan Cabrera,3018.20,3
7541,Leroy Wilson,3017.48,3
2325,Lindsay Watts,3017.36,3
474,Daniel Rojas,3017.17,3
2705,Dawn Kelly,3017.15,3
3856,Eric Harris,3015.90,3
1340,Larry Green,3015.84,3
5811,Lauren Frazier,3015.61,3
8700,Heather Lowe,3015.48,3
3133,Edward Evans,3015.27,3
5962,Mr. James Petersen,3015.02,3
940,Kurt Martinez,3014.88,3
7959,John Parsons,3014.88,3
5683,Ashley Brown,3014.71,3
2035,Alicia Curry,3014.69,3
5943,Jordan Hanson,3014.45,3
4247,Elizabeth Ryan,3013.94,3
4374,Nicole Case,3013.07,3
8010,Christina Greer,3012.26,3
9864,Carl Nichols,3012.01,3
6744,Susan Ortiz,3011.67,3
8296,Christina Erickson,3011.57,3
8757,Maria Miranda,3010.42,3
9339,Richard Alexander,3009.83,3
3267,Victoria Hunt,3008.48,3
2104,Lisa Day,3008.43,3
5609,Christine Morris,3008.06,3
472,Tara Taylor,3007.54,3
7971,Melissa Murphy,3007.17,3
8892,Anthony Benson,3007.03,3
6121,Sean Boyer,3006.09,3
1577,Deanna Padilla,3005.80,3
4868,Jason Vargas,3005.27,3
5417,Michael Webb,3004.51,3
8092,Brenda Boone,3004.47,3
315,Anthony Medina,3004.38,3
6987,Paula Edwards,3004.06,3
2672,Amanda Moss,3003.97,3
7867,Rebecca Fowler,3003.69,3
5598,James Smith,3003.28,3
8559,Shaun Boyd,3002.95,3
7666,Alexandra Morales,3002.71,3
1314,Jordan Jones,3000.39,3
4495,Emily Walker,3000.28,3
6593,Allison Miles,3000.12,3
6718,Kayla Jordan,2999.27,3
4665,Dr. Erika Pittman,2999.26,3
8328,Monique Richards,2998.97,3
4135,Jason Brown,2998.80,3
4740,Glen Roth,2998.71,3
5810,Christina Gilmore,2997.97,3
1655,John Horton,2997.06,3
2094,Christopher Gomez,2995.62,3
6274,Mandy Mathews,2995.45,3
7863,Christine Green,2995.02,3
6036,Tina Pineda,2994.93,3
9589,Michael Thomas,2994.71,3
3515,Antonio Johnson,2994.51,3
6588,Ryan Smith,2994.21,3
2769,Krystal James,2994.07,3
3223,Nathan Johnston,2993.77,3
6506,Phillip Tapia,2993.26,3
9049,Mario Ramirez,2992.98,3
6273,Chris Camacho,2992.06,3
3762,Sarah Henderson,2991.26,3
5901,Christine Taylor,2991.12,3
1139,Raymond Garcia,2991.07,3
3423,Daniel Clark,2990.64,3
9664,Jasmine Cox,2990.44,3
337,Joseph Watson,2990.07,3
4910,Paul Lewis,2989.34,3
6263,Robert Barnes,2988.80,3
1345,Kelly Allen,2988.22,3
9663,Tina Morgan,2987.49,3
9189,Jesus Maldonado,2986.91,3
1137,Daryl Olson,2984.89,3
4851,Anne Thomas,2984.65,3
7042,Adam French,2984.42,3
2547,Meredith Savage,2983.73,3
4025,Erica Peterson,2983.30,3
5067,David Vaughn,2981.61,3
2376,Joe Evans,2980.58,3
3254,Duane Palmer,2980.53,3
6139,William Cooke,2978.75,3
7663,Sarah Hobbs,2977.64,3
8177,Michael Burke,2976.90,3
5360,Christine Davenport,2976.66,3
2895,Mitchell Scott,2975.64,3
8356,Brian Owen Jr.,2974.79,3
5629,Aaron Moore,2973.93,3
2019,Robert Mathews,2973.66,3
1711,Peter Cooper,2973.51,3
9927,Alison Gates,2973.49,3
1929,Nicole Johnson,2972.76,3
8564,Lisa Aguilar,2971.85,3
7610,Melissa Zuniga,2971.28,3
695,Phillip Drake,2971.11,3
6226,Joseph Myers,2970.75,3
1848,Mark Harris,2970.33,3
8023,Joshua Smith,2970.01,3
1613,Gina Cooper,2969.59,3
1164,Sabrina Gonzales,2969.42,3
9112,April Martin,2968.77,3
4844,Kristen Welch,2968.71,3
9447,Gene Cowan,2968.55,3
4960,Henry Ford,2968.33,3
6947,Mary Harris,2967.52,3
1631,Eric Lowery,2966.84,3
5547,Douglas James,2966.11,3
9954,Rebecca May,2965.84,3
3588,Ashley Scott,2965.66,3
9809,Todd Rodriguez,2964.02,3
1511,Daniel Harris,2963.87,3
1193,Laura Daniel,2963.75,3
7722,Joshua Thompson,2963.27,3
835,Drew Werner,2962.93,3
9237,Whitney Figueroa,2962.58,3
1657,Jacqueline Perkins,2962.42,3
8061,Zachary Buckley,2962.23,3
3687,Jackson Moore,2961.89,3
3371,Renee Alvarado,2960.54,3
7943,Allison Porter,2959.95,3
3463,William Fox,2959.43,3
4462,Wendy Johnson,2958.99,3
4120,Tyler Wallace,2958.71,3
9084,George Johnson,2958.59,3
5427,Robert Nelson,2957.96,3
2666,Micheal Mcguire,2956.15,3
9104,Bryan King,2955.50,3
6910,Stephanie Jackson,2955.00,3
7587,Kimberly Perez,2954.69,3
6398,Kevin Jackson,2954.25,3
6319,Darryl Davis,2953.42,3
7348,Anne Golden DDS,2950.93,3
1077,Timothy Maxwell,2950.73,3
828,Kara Gilmore,2950.66,3
4229,Christian Robertson,2950.05,3
3901,Steven Mitchell,2949.96,3
5099,Dominique Wilkerson,2949.93,3
9314,Vicki Petersen,2949.58,3
7972,Megan Petersen,2947.89,3
4445,Jonathan Dawson,2946.74,3
6520,Rachel Skinner,2946.51,3
7026,Paula Jennings,2946.36,3
868,Linda Martin,2945.71,3
3871,Todd Martinez,2944.72,3
4459,Marie Grimes,2941.80,3
162,Jacqueline Mcmahon,2940.96,3
9571,Emily Lopez,2939.45,3
7120,Logan Brown,2939.41,3
9737,Christy Burke,2939.18,3
6092,Kristen Armstrong,2938.64,3
7225,Lisa Hart,2937.67,3
573,Mitchell Brown,2937.38,3
1680,Shaun Johnson,2937.22,3
9900,Jason Compton,2936.89,3
2730,Joshua Moreno,2936.80,3
613,Frank Elliott,2936.39,3
6444,Jennifer Espinoza,2935.66,3
7524,Jacob Miller,2935.07,3
6471,Corey Ramirez,2934.80,3
3208,Kristi Wilson,2934.15,3
4733,Clayton Barnes,2933.71,3
3358,Gloria Newton,2932.53,3
1991,Peter Thompson,2931.18,3
5557,Shelley Weaver,2930.50,3
3159,Veronica Sanders,2929.67,3
2833,Jennifer Brown,2929.48,3
3716,Nicholas Leblanc,2928.87,3
8937,Christopher Owens,2928.76,3
5493,Michael Garcia,2926.39,3
8270,Richard Stevens,2925.84,3
9433,Melinda Kim,2924.87,3
1108,Gina Morgan,2924.60,3
6936,Cheryl Davis,2923.48,3
5323,Kim Levine,2921.08,3
2123,Jorge Ross,2920.81,3
6364,David Young,2919.53,3
1097,Deborah Patel,2919.29,3
2368,Theresa Chandler,2918.48,3
1769,Allison Obrien,2917.52,3
5463,Cristina Adams,2917.44,3
4078,Antonio Flores,2917.19,3
2469,David Green,2917.11,3
2157,Megan Woods,2916.99,3
8212,Ashley Thomas,2915.87,3
3262,Tiffany Scott,2915.57,3
7179,Julie Hawkins,2914.67,3
9924,Debra Harrison,2914.47,3
8037,Stefanie Martinez,2914.46,3
3506,Sarah Olson,2914.36,3
2520,Aaron Chandler,2914.35,3
8384,Nicholas Davidson PhD,2914.33,3
5420,Scott Nguyen,2913.78,3
5085,Betty Miller,2913.16,3
8248,Terri Nguyen,2913.08,3
7631,Mr. Derek Waller,2912.01,3
7249,Brad Bailey,2911.59,3
9354,Sherry Cantrell,2911.36,3
1590,Jeremy Garza,2911.16,3
8684,Sandra Smith,2910.76,3
625,John Hodges,2909.59,3
8217,Teresa Knight,2909.40,3
8636,Crystal Lewis,2908.59,3
6619,Thomas Juarez,2908.26,3
2143,Crystal Garcia,2908.19,3
4754,Tiffany Rogers,2908.14,3
6195,Linda Beltran,2908.00,3
7920,Amy Newton,2907.99,3
1380,Spencer Jones,2907.53,3
754,Sara Lawrence,2907.34,3
8164,Jennifer Rodriguez,2906.42,3
4859,Morgan Bentley,2906.39,3
9018,Sherri Lopez,2905.47,3
8902,Jennifer Reyes,2905.41,3
1934,Sherry Harris,2905.01,3
5552,Jordan Hudson,2904.92,3
9830,Stephanie Lane,2904.13,3
4703,Nicole Hall,2903.14,3
8949,Gloria Brown,2903.06,3
8049,Juan Richard,2902.75,3
3742,Brett Flores,2902.63,3
5550,Wendy Young,2901.95,3
5330,Sarah Johnson,2899.09,3
4365,Andrew Clark,2898.69,3
3268,Joe Rocha,2897.92,3
4846,Walter Mendez,2897.73,3
2460,Timothy Johnson,2897.08,3
5019,Jonathan Allen,2897.06,3
3654,Roy May,2896.58,3
8271,Christopher Ramirez,2896.08,3
7994,Amanda Graham,2895.84,3
1690,Douglas Raymond,2895.64,3
6082,Tamara Anderson,2895.40,3
6365,Robert Lewis,2895.00,3
7495,Michelle Watson,2894.93,3
6645,Lori Wong,2894.50,3
2453,Matthew Vincent,2893.85,3
3567,Michael Walters,2892.67,3
4204,Susan Vega,2890.17,3
4730,Henry Kidd,2889.41,3
826,Jaclyn Williams MD,2889.08,3
4079,Veronica Lowery,2889.04,3
689,James Henry,2887.89,3
4914,Julie Benson,2887.15,3
4961,Travis Powell,2887.15,3
7786,Christopher Lindsey,2886.81,3
6097,Johnny Hunt,2886.73,3
6432,Frank Walters,2885.24,3
5321,Stacey Stewart,2883.80,3
5909,Sean Jones,2883.53,3
3676,Michael Kent,2883.40,3
5094,Sheila Graham,2882.43,3
425,Bethany Harding,2882.40,3
7819,David Soto,2882.19,3
3919,Jason Taylor,2881.57,3
3558,Felicia Harris,2881.27,3
5468,Cody Baxter,2881.15,3
2734,Anthony James,2881.12,3
1233,Alexander Moore,2880.62,3
8804,Oscar Osborn,2879.65,3
9775,Daniel Hayes,2879.43,3
2535,Daniel Solis,2879.31,3
6949,Steven Hayes,2878.62,3
3243,Tyler Davis,2878.25,3
9527,Elizabeth Brown,2878.19,3
1856,Brenda Horton,2878.17,3
8545,Tina Marshall,2877.40,3
8960,Timothy Scott,2877.27,3
6248,Isaac Benjamin,2876.85,3
658,Christine Singh,2876.59,3
3761,Chelsea Graham,2876.52,3
5072,Michael Mills,2875.90,3
1759,Danielle Nguyen,2874.21,3
704,Angelica Smith,2874.08,3
3403,Gregg Myers,2872.71,3
8300,Shannon Payne,2870.28,3
2435,James Holland,2870.09,3
4600,Justin Malone,2867.84,3
3363,Elizabeth Gonzales DVM,2867.28,3
8743,Albert Freeman,2867.23,3
3519,Deborah Bennett,2866.49,3
7520,Vanessa Mckee,2866.04,3
5257,Peter Oneill,2865.41,3
1064,Antonio Taylor,2865.13,3
8041,Breanna Barrett,2864.92,3
8460,Joseph Sutton,2864.13,3
6796,Erica Goodwin,2863.15,3
9981,Kevin Munoz,2863.11,3
818,Phillip Lewis,2861.18,3
5715,Keith Thomas,2861.17,3
8482,James Patel,2861.12,3
5837,Joseph Pearson,2860.28,3
3661,Brandon French,2859.97,3
4315,Joel Anderson,2859.84,3
7598,John Dudley,2859.50,3
3755,William Hartman III,2859.16,3
9872,Sean Hicks,2859.05,3
2076,Miss Elizabeth Simpson,2858.58,3
5096,Lori Thompson,2858.46,3
4823,Dustin Eaton,2858.34,3
8746,Alexander Morales,2858.22,3
197,Roger Lee,2858.18,3
2333,Mr. Nathan Howard,2858.05,3
4218,Vanessa Clark,2855.41,3
4731,Sean Rivera,2855.31,3
7052,Jill Martinez,2852.36,3
7342,Hannah Allen,2852.19,3
8251,Mary Hampton,2852.04,3
399,Tyrone White,2851.97,3
9888,Charles Schultz,2850.83,3
5243,Jake Velez,2850.81,3
2583,Robert George,2848.26,3
2456,Daniel Rice,2848.10,3
2077,Natalie Beltran,2847.95,3
305,Deborah Graves,2847.75,3
2878,Joseph Silva,2847.65,3
5693,Anne Miller,2846.64,3
4354,Aaron Sanchez,2845.86,3
367,Jonathan James,2844.47,3
1149,Marvin Sparks,2842.68,3
3315,Crystal Newton,2841.18,3
5809,Philip Mahoney,2840.66,3
5954,Kristen Martinez,2840.27,3
1460,Benjamin Boyer,2839.66,3
8803,Philip Williams,2838.60,3
7175,Luis Smith,2838.11,3
7488,Kara Burton,2836.90,3
9178,Robert Underwood,2836.80,3
3476,Brittany Lin,2834.75,3
9264,Christy Taylor,2833.92,3
2054,Joel Figueroa,2833.89,3
5614,Mary Stokes,2832.18,3
2171,Alexandra Zavala,2831.97,3
2948,Jonathan Acosta,2829.75,3
8728,Mark Williams,2829.34,3
882,Jeremy Summers,2829.05,3
6165,Denise Le,2828.81,3
1932,Dr. Timothy Jimenez,2827.91,3
4167,Daniel Taylor,2827.58,3
2027,Michael Carroll,2826.90,3
3766,Cynthia Taylor,2826.63,3
9636,Cynthia Brown,2826.31,3
2573,Nicholas Vazquez,2825.56,3
2955,Jordan Brennan,2825.46,3
374,Stephen Alvarez MD,2825.27,3
6010,Susan Sullivan,2823.68,3
4351,Tina Lee MD,2823.52,3
7554,Vanessa Weaver,2822.03,3
9194,Adam Bailey,2821.96,3
644,Philip Chambers,2821.83,3
6359,Colleen Wilson,2820.61,3
8496,Ryan Lee,2820.33,3
78,Paul Lee,2819.97,3
6558,Cameron Kelly,2819.81,3
3999,Lauren Castro,2819.31,3
3902,Angela Black,2819.22,3
5252,Luke Hernandez,2819.06,3
1826,Kayla Steele,2817.79,3
5740,Victoria Castillo,2817.34,3
1118,Julie Johnson,2816.88,3
2579,Jason Diaz,2816.71,3
5291,George Greene,2816.58,3
2571,Joseph Wallace,2816.45,3
2072,Kathy Heath,2814.15,3
2085,Dr. Eric Nguyen,2813.55,3
9430,Whitney Delgado,2810.91,3
6521,Melinda Miller,2810.64,3
7868,Michael Young,2809.22,3
396,Maria Cline,2809.05,3
7630,Julia Lopez,2808.99,3
9454,Dr. Jeffrey Williams,2808.34,3
769,Anthony Moore,2808.32,3
1752,Edgar Miller,2808.19,3
2365,Dr. Valerie Durham MD,2807.92,3
4405,Brian Garcia,2807.63,3
1006,Brian Smith,2806.96,3
21,Victoria Larson,2806.34,3
7427,Morgan Thompson,2805.40,3
9753,John Peterson,2805.01,3
4378,Leah Jacobson,2803.60,3
1024,Brandi Valdez,2803.18,3
1242,Elizabeth Norton,2801.06,3
3889,Michael Mckenzie,2800.80,3
9296,Kristin Moore,2800.25,3
1472,Rhonda Livingston,2798.25,3
3779,Kathryn White,2798.22,3
3627,Chris Green,2797.46,3
9347,Rodney Morales,2797.11,3
4817,Daniel Taylor,2797.11,3
9346,Erik Green,2795.95,3
1040,Rebecca Boone,2795.42,3
2594,Teresa White,2794.53,3
5249,George Brown,2794.40,3
6128,Zachary Frank DVM,2794.28,3
7804,David Foster,2793.14,3
2029,Bob Bridges,2792.57,3
4287,Andrea Perez,2791.68,3
132,David Wilson,2791.31,3
6687,Michael Hebert,2788.78,3
4392,William Duarte,2788.49,3
7107,Jonathan Weber,2788.29,3
1373,Timothy Thomas,2787.88,3
7134,Anthony Cole,2787.53,3
1236,Cheryl Gomez MD,2787.51,3
3313,Michael Tran,2786.36,3
9998,Kristen Jones,2785.96,3
6373,Gabriel Calderon,2784.62,3
4529,Andrew Clark,2784.40,3
7753,Emily Henry,2783.99,3
5969,Anthony Dougherty,2783.85,3
4480,Christopher May,2783.03,3
3692,Miranda Carroll,2782.57,3
5393,Catherine Palmer,2782.42,3
186,Michael Conner,2782.15,3
4461,Cassidy Smith,2781.27,3
7693,Erika Brown,2781.09,3
7558,Karen Owens,2780.64,3
1013,Alan Rivera,2780.08,3
1016,Stanley Brown,2778.31,3
7160,April Mack,2777.34,3
314,Cory Hogan,2776.88,3
2732,Brenda Lutz,2776.85,3
2114,Jason Perez,2776.75,3
9681,Michael Sanders,2776.49,3
4196,Jordan Carter,2776.40,3
2902,Michael Hanson,2776.29,3
4123,Cheryl Bell,2775.44,3
1926,Christopher Hahn,2775.32,3
139,Sara Smith,2775.03,3
2342,Kimberly Mclaughlin,2774.70,3
4192,Jerry Patel,2773.74,3
983,Kristin Flores,2773.03,3
5647,Xavier Bell,2773.01,3
81,David Brewer,2772.96,3
3924,Lisa Martin,2771.60,3
3036,Carlos Shannon,2771.22,3
4916,Katie Sanchez,2771.07,3
7483,Susan Olson,2770.95,3
4800,Ann Li,2770.55,3
5908,Kayla Johnson,2770.51,3
231,Paul Anderson,2770.39,3
7905,Victoria Hoover,2770.24,3
2313,Vanessa Simmons,2770.12,3
734,Stephanie Turner,2769.72,3
9352,Steven Johnson,2769.14,3
5824,Jennifer Rojas,2767.64,3
9163,Seth Young,2767.03,3
2586,Michael Jensen,2766.62,3
1822,Robert Ponce,2766.20,3
123,John Jones,2766.06,3
3770,Beth Hamilton,2765.29,3
7429,Mark Reed Jr.,2764.98,3
1959,Mark Johnson,2764.73,3
7641,Keith Johnson,2764.71,3
1407,Nicole West,2764.68,3
3308,Michelle Norris,2764.49,3
841,Daniel Brewer,2763.97,3
3493,Janet Paul,2763.81,3
8829,Adam Jones,2763.41,3
8323,Samuel Goodwin,2763.25,3
9740,Omar Harper,2763.17,3
9284,Matthew Brooks,2762.42,3
255,Charles Richardson,2762.23,3
4583,David Hill,2761.76,3
8486,Heidi Wells,2761.57,3
925,Michael Neal,2760.91,3
8542,Ashley Brown,2760.61,3
8206,Stephanie Ramirez,2760.44,3
2457,Nathaniel Barrett,2758.42,3
3323,Donald Vaughn,2758.07,3
4084,Nathan Lewis,2758.02,3
223,Jennifer Harris DDS,2757.74,3
8051,Karen Roberts,2757.50,3
2427,Nicholas Walker,2756.88,3
5781,Denise Martinez,2756.80,3
24,George Shelton,2756.75,3
700,Joe Page,2756.21,3
2166,Louis Moreno,2754.34,3
5593,Meagan Holmes,2754.21,3
8386,Edwin Sanders,2753.97,3
2511,Jamie Thompson,2753.43,3
6129,Sean Watkins,2752.87,3
3338,James Lee,2752.74,3
5341,Jillian Medina,2752.42,3
2726,Carl Rubio,2751.97,3
9573,Samantha Sharp,2751.85,3
4321,Charles Obrien,2751.14,3
5884,Ashley Vega,2750.93,3
8792,Kevin Osborne,2750.92,3
3349,Brian Oneal,2749.63,3
4704,Andrew Austin,2747.93,3
7655,Paula Barber,2747.28,3
6383,Isaac Nunez,2746.62,3
3808,Kimberly Bennett,2745.68,3
8842,Ian Bryant,2745.49,3
2,Jessica Silva,2745.03,3
7269,Jonathan Martinez,2744.79,3
1162,Frank Stephenson,2744.71,3
9530,Willie Morris,2744.44,3
9975,Melissa Smith,2743.23,3
8199,Troy Little,2741.20,3
8802,Victoria Richardson,2740.86,3
8153,Derrick Logan,2740.66,3
9515,Melissa Mcdonald,2737.03,3
8229,Cody Rose,2736.74,3
9854,Reginald Robinson,2736.65,3
9871,April Smith,2735.96,3
3138,Andrea White,2735.66,3
5955,Katie Mullins,2734.69,3
5312,Wendy Harris,2734.49,3
3893,Christina Nelson,2733.09,3
8255,Sharon Edwards,2731.85,3
8046,Kevin Mason,2731.29,3
3405,Samantha Barnett,2730.90,3
7453,Alexander Davis MD,2730.68,3
90,Amber Campbell,2730.31,3
7210,Kaitlin Vasquez,2728.98,3
8791,Kathryn Hall,2728.70,3
7105,Danielle Juarez,2728.68,3
765,David Perez,2727.95,3
5760,Paul Patterson,2727.80,3
3572,Andrew Franklin,2727.41,3
6882,Ryan Salazar,2727.17,3
6151,James Flores,2726.93,3
7031,Chelsea Porter,2725.70,3
1709,Amy Hicks,2725.59,3
2349,Kenneth Bell,2725.19,3
8267,Micheal Bailey,2724.85,3
8220,Megan Lewis,2724.34,3
7794,Kevin Garcia,2724.30,3
8275,Mark Brewer,2724.26,3
6343,Katie Adams,2724.15,3
6497,Melissa Brady,2723.93,3
6510,Beth Marquez,2723.47,3
1046,Grant Henderson,2722.18,3
8997,Karen Ingram,2721.78,3
6376,David Johnson,2721.32,3
4841,Christopher Stein,2720.48,3
7131,Debra Davis,2718.98,3
2602,Michael Cox,2718.22,3
2679,Jennifer Thomas,2717.14,3
7716,Cynthia Bush,2715.81,3
5633,Anna Alexander,2715.18,3
3549,Laura Lawrence,2714.95,3
9634,Mr. Nathaniel Anderson,2714.92,3
843,Holly Cruz,2714.66,3
160,Evan Rojas,2714.50,3
6502,Jason Green,2713.76,3
3046,Jeffrey Medina,2713.68,3
1543,Manuel Bradley,2711.89,3
3298,Cheryl Gibson,2711.78,3
8189,Charles Brown,2710.77,3
4432,Jay Fernandez,2710.45,3
8231,Mark Grimes,2709.82,3
4367,Cheryl Keller,2709.78,3
3968,Andrew Barnes,2709.27,3
7580,Cassandra Caldwell,2709.09,3
5514,Crystal Gallagher,2708.79,3
9549,Anthony Thornton,2708.65,3
7660,Stephanie Ramirez,2706.44,3
2863,Benjamin Leon,2705.83,3
7166,Jocelyn Anderson,2705.65,3
8290,Brenda Simmons,2705.50,3
6395,Kylie Gilbert,2704.58,3
1970,Timothy Hansen,2703.07,3
9192,Sabrina Smith,2702.49,3
2462,Gregory Ellis,2702.14,3
4699,Krystal Gordon,2700.91,3
8600,Donald Bryant,2700.71,3
5829,Roberto Gomez,2699.81,3
5703,Joseph Glass,2699.24,3
4938,Elizabeth Johnson,2698.55,3
1772,Isabella Allen,2698.36,3
7443,Andrew Diaz,2697.91,3
8983,Wanda Garcia,2696.71,3
5073,John Dominguez,2690.17,3
3427,Felicia Nelson,2688.93,3
866,Tony Price,2688.26,3
6648,Elizabeth Harris,2688.05,3
9889,Kimberly Moore,2687.08,3
2523,Meghan Lewis,2686.42,3
3574,James Nguyen,2686.10,3
1361,Emily Reed,2684.79,3
3865,Justin Banks,2684.62,3
9417,Jacob Keith,2683.36,3
4171,Wendy Hopkins,2682.74,3
6807,Joshua Morgan,2681.72,3
6287,Ashley Carlson,2680.23,3
140,Mario Barber,2678.53,3
9185,Allison Gillespie,2677.79,3
5132,Melissa Reed,2677.75,3
9506,Patricia Taylor,2677.45,3
4225,Justin Barnes,2677.41,3
3152,Samantha Campbell,2675.42,3
4472,Stephen Simon,2675.15,3
1129,Amanda Sanders,2674.88,3
8738,Kevin Rowe,2674.66,3
4993,Jessica Castillo,2673.68,3
373,Christopher Hanna,2673.28,3
922,William Davis,2671.83,3
8054,Patrick Hays,2671.41,3
8749,Dylan Maxwell,2671.19,3
6717,Eric Woodard,2671.03,3
8205,Edward Robinson,2670.60,3
6643,Kimberly Gonzalez,2670.55,3
4700,Steven Roberts,2670.40,3
1512,Devon Webster,2670.31,3
7472,Shawna Rodriguez,2670.20,3
8188,Robert Martinez,2670.12,3
8649,David Reed,2669.68,3
7430,Suzanne Sims,2669.26,3
1646,Kayla Quinn,2668.86,3
5351,Linda Davis,2668.66,3
8181,Dillon Williams MD,2668.64,3
2266,Katelyn Malone,2668.35,3
6070,Briana Robinson,2668.25,3
7071,Kim Hunter,2666.92,3
3584,Jessica Henry,2665.31,3
4839,Ashley Stephens,2665.23,3
3202,Dennis Wilson,2665.01,3
7503,Paul Wilson,2664.03,3
7168,Robert Carpenter,2663.32,3
3039,Michael Anderson,2662.56,3
2446,Christopher Reid,2662.50,3
7838,Eileen Alvarez,2661.99,3
1478,Rebecca Thompson,2661.59,3
4509,Kyle Rodriguez,2660.88,3
5274,Jonathan Pugh,2660.28,3
3701,Mark Contreras,2660.15,3
3220,Kayla Bush,2659.29,3
1580,Glenn Glenn,2658.28,3
5044,Edward Wilson,2657.93,3
2394,Brandy Gregory,2657.86,3
422,Emily Reyes,2657.00,3
9305,Amanda Franklin,2656.63,3
2144,Anthony Freeman,2656.32,3
8956,Caleb Cole,2655.57,3
8951,Nathan Avila,2655.12,3
4746,Yvonne Edwards,2654.54,3
109,Elijah White,2653.46,3
49,Roger Olson,2653.31,3
1919,Deborah Miles,2652.84,3
3611,Jamie Price,2652.52,3
5346,Stephen Mitchell,2652.05,3
5747,Kayla Hall,2651.53,3
4375,Brenda Brooks,2651.23,3
3522,Lauren Hayes,2650.57,3
1720,Matthew Adams,2650.19,3
9107,Courtney Roberts,2649.47,3
5664,Lindsay Smith,2649.22,3
6940,Kimberly Gonzales,2647.56,3
6487,Jeanne Greene,2646.91,3
1710,Michael Parker,2646.82,3
8431,Daniel Miller,2644.65,3
7750,Peter Murray,2644.53,3
7416,Tammy Hart,2644.10,3
8611,Ryan Velasquez,2643.67,3
1329,Joshua Baker,2642.17,3
3402,Christina Vaughn,2641.20,3
8772,Joanna Baldwin,2641.13,3
702,Tina Berg,2640.46,3
4724,Tammy Fletcher,2638.71,3
5923,Megan Pacheco,2638.07,3
9257,Anthony Knight,2636.84,3
1638,Rose Dawson,2636.56,3
9195,Mr. Nicholas Marsh II,2636.42,3
6660,Michaela Cervantes,2635.94,3
6176,Brenda Wallace,2635.43,3
4454,Amanda Thomas,2632.92,3
4193,Steven Blevins,2630.91,3
5189,Mary Evans,2630.79,3
670,Miss Linda Cox DVM,2630.60,3
7209,Rick Scott,2630.50,3
2557,Jessica Callahan,2630.45,3
5685,Kathryn Carpenter,2628.06,3
2379,Stephen Petty,2627.44,3
2470,David Fernandez,2626.60,3
8849,Jeff Singleton,2625.13,3
5121,Sara Nguyen,2624.36,3
861,Mark Romero,2624.29,3
3763,Andrew Nelson,2623.94,3
6523,Adam Carter,2623.93,3
3819,Ronald Galvan,2623.77,3
2405,Brett Scott,2623.55,3
3794,Anna Mullins,2622.63,3
7739,Tanya Barnett,2622.04,3
9611,Elizabeth Evans,2621.63,3
5157,Jeffrey Griffin,2620.59,3
2198,Bobby Owen,2620.50,3
4652,Joshua Duncan,2619.90,3
6907,Dillon Torres,2619.65,3
318,Lindsey Clarke,2619.35,3
7575,Cassie Atkins,2618.78,3
9039,Stacy Fleming,2618.48,3
1071,Nina Combs,2618.39,3
9078,Jeff Faulkner,2617.75,3
4721,Jeremy Payne,2617.42,3
4124,Jennifer Garcia,2617.40,3
8520,Matthew Reed,2617.10,3
3936,Anne Fox,2616.66,3
1603,Jeremy Salas,2615.40,3
4892,Tabitha Miller,2614.71,3
2768,Trevor Villegas,2614.68,3
7449,Derek Hernandez,2613.87,3
4444,John Jones,2612.79,3
4466,Elizabeth Hill,2611.98,3
6484,Dominique Patterson,2611.59,3
2458,Beverly Wood,2611.21,3
1905,Steven Berg,2611.14,3
2773,Mark Klein,2610.25,3
7962,Stephen Shepherd,2610.15,3
6870,Juan Brown,2609.88,3
6562,Elizabeth Smith,2608.97,3
4293,Jessica Hernandez,2608.92,3
4506,Katrina Perez,2608.71,3
999,Troy Powers,2608.55,3
8614,Samantha Russell,2608.55,3
7548,Brian Brown,2607.38,3
8897,Crystal Morales,2607.32,3
1256,Anne Kramer,2606.41,3
1366,Aaron Watson,2605.69,3
147,Michael Miles,2605.61,3
242,Marcus Lopez,2605.06,3
6762,Carlos Everett,2604.98,3
9445,Eric Miranda,2604.35,3
6430,Christina Velasquez,2603.53,3
5340,Tiffany Schultz,2603.16,3
1308,Breanna Wilson,2603.04,3
5605,Adam Mason,2601.94,3
3619,Angela Woods,2601.55,3
8652,Keith Williams,2600.61,3
450,George Jordan,2599.74,3
415,Brian Walter,2598.17,3
772,Nicole Cole,2597.56,3
1544,Bradley Brown,2597.44,3
1408,Shannon Bass,2597.31,3
2798,Deanna Collier,2596.83,3
9577,Cory Lopez,2596.79,3
7200,Kristin Miller,2596.48,3
2163,Maria Simmons,2596.25,3
8335,Donna Odonnell,2595.90,3
2750,Brandon Martin,2594.89,3
5831,Roy Rodriguez,2593.72,3
2524,Katelyn Carter,2593.27,3
8703,Kimberly Jimenez,2592.23,3
9089,Courtney Bishop,2591.97,3
2425,Brenda Richard,2591.96,3
9464,Sara Hebert,2591.33,3
4810,Kathleen Perez,2589.67,3
4158,Kimberly Roach,2589.59,3
4734,Ashley Simpson,2589.20,3
3314,Garrett Klein,2589.12,3
2287,Luis Smith,2588.49,3
1753,Jennifer Burton,2588.08,3
3784,Amy Swanson,2587.96,3
937,Adam Holland,2586.78,3
6391,Christine Bowers,2586.57,3
7493,Jeremy Black,2585.56,3
4224,Jason Shelton,2585.03,3
1312,Jacqueline Barnes,2585.02,3
2383,Nancy Soto,2584.70,3
3216,Tyler Lee MD,2584.57,3
9085,Stacey Frazier,2584.27,3
1279,Mrs. Ashley Mooney,2584.16,3
9382,Larry Gonzales,2584.00,3
8427,Nicholas Gray,2583.65,3
1829,Jamie Aguilar,2582.68,3
4582,Justin Martin,2581.71,3
1538,Adrian Sanchez,2581.47,3
5253,Kayla Curry,2580.26,3
2688,Cheryl White,2578.26,3
182,Jennifer Pitts,2577.00,3
8745,Gary Baird,2576.78,3
3564,Lisa Fisher,2574.72,3
5131,Rachel Allen,2574.58,3
4323,David Robinson,2574.56,3
5298,Kelly Fowler,2574.24,3
9266,Sharon Miller,2573.61,3
9540,Robert Richardson,2573.56,3
9155,James Stewart,2573.33,3
1123,Natalie Krueger,2573.10,3
7465,Robert Morales,2572.94,3
3998,Hannah Wright,2572.71,3
1888,Jessica Zimmerman,2572.00,3
1205,Colton Roth,2571.91,3
2558,Robert Lawson,2571.55,3
8935,Adrian Cantrell,2571.45,3
221,Jessica Mays,2571.01,3
4912,Danielle Johnson,2569.30,3
5735,Randy Arroyo,2569.10,3
4434,Richard Harvey,2568.22,3
180,Courtney Nichols,2566.88,3
3616,Jennifer Green,2565.62,3
8388,Donald Taylor,2565.42,3
7564,Kevin Cervantes,2565.37,3
8589,Adam Thomas,2564.88,3
7322,Joshua Nguyen,2564.77,3
7069,Matthew Thomas,2563.92,3
7299,Megan Callahan,2563.32,3
8801,Diane Chen,2561.46,3
6220,Tyler Gutierrez,2561.23,3
7464,Michael Hernandez,2560.52,3
9531,Joseph Hayes,2559.72,3
84,Allison Spencer,2558.48,3
3508,James Smith,2558.32,3
7271,Brianna Turner,2558.02,3
3289,Joshua Anderson,2556.65,3
8055,Gabriel Perez,2556.36,3
5917,Mark Schultz,2555.84,3
6294,James Hughes,2555.68,3
2042,William Newman,2555.31,3
3969,Jessica Dunlap,2554.23,3
7235,Michael Davis,2554.22,3
5858,Sheri Kidd DDS,2553.73,3
7646,Cindy Day,2553.34,3
7507,Mary Rivers,2553.21,3
7372,Steven Allen,2553.20,3
8646,Jack Barnes,2553.18,3
3952,Jack Johnson,2552.68,3
3006,Guy Rogers,2552.28,3
138,Judy Beck,2552.16,3
5572,Stacey Smith,2550.82,3
7527,Andrew Rodriguez,2550.11,3
4279,Stephanie Davis,2549.75,3
3131,James Li,2548.96,3
7628,Russell Hernandez,2548.26,3
9568,Jose Shah,2548.14,3
8259,Alejandra Clark,2548.03,3
4749,Charles Cameron,2547.62,3
278,Barry Evans,2547.16,3
7315,Jane Henderson,2547.06,3
1855,Melissa Jackson,2545.93,3
210,Paul Berger,2545.10,3
7504,Michael Whitaker,2543.37,3
2782,James Aguilar,2542.68,3
5929,Cody Reed,2541.32,3
2816,Phillip Ferguson,2540.79,3
3736,Melvin Yang,2540.13,3
8511,Jessica Mendoza,2539.49,3
8798,Kimberly Mora,2538.75,3
6519,Christian Stephens,2538.54,3
5193,Sean Pierce,2537.47,3
8556,Joshua Beltran,2535.76,3
9063,Jason Roach,2535.66,3
3176,Christopher Walker,2534.96,3
1354,Beth Byrd,2534.43,3
2003,Barry Collins,2533.97,3
7164,Gina Adams,2533.34,3
599,Joseph Harris,2531.96,3
8726,Eric Hester,2531.33,3
9019,Tiffany Johnson,2531.16,3
3459,Bryan Brandt,2530.41,3
6441,Ashley Mendez,2530.41,3
7805,James Nguyen,2529.44,3
9785,Renee Kelley,2528.45,3
5737,Jeremy Davis,2528.23,3
4422,Tamara Riley,2528.17,3
107,Jill Powers,2528.14,3
276,Lisa Rodriguez,2527.46,3
3265,Robert Williams,2526.92,3
1473,Corey David,2526.17,3
383,Ashlee Perry,2525.31,3
6970,Craig Franklin,2524.16,3
3357,Robert Goodman,2522.96,3
5405,Kyle Baldwin,2522.60,3
8539,Jonathan Thompson,2522.46,3
4232,Jeremy Smith,2521.69,3
3397,Donna Smith,2521.38,3
7085,Jeffrey Potts,2520.93,3
1370,Michael Brooks,2519.87,3
1546,Kristin Dixon MD,2518.97,3
3690,James Johnson,2518.09,3
7217,Elizabeth Morris,2517.79,3
5259,Ronald Gates,2516.11,3
9902,Mark White,2515.85,3
1056,Jessica Bonilla,2515.52,3
5229,Mrs. Lisa Cross,2515.24,3
8278,Christina Wise,2515.01,3
2308,Johnny Harper,2513.70,3
1704,Cassandra Ross,2513.64,3
7234,Luis Watson,2512.78,3
6063,Deborah Pineda,2510.29,3
7801,Kenneth Martin,2509.91,3
262,Matthew Alvarado,2509.76,3
4718,Jeffery Smith,2509.75,3
9718,Amy Potter,2509.61,3
3787,Justin Colon,2508.96,3
2947,Shirley Atkinson,2508.03,3
7808,Sherri Gutierrez,2507.57,3
7498,Kimberly Wilson,2506.96,3
8173,Drew Arellano,2506.94,3
8869,Steven Gonzalez,2505.83,3
1184,Emily Jones,2504.98,3
3297,Tim Dawson,2504.95,3
7551,Richard Barnes,2502.50,3
1451,Kayla Mccann,2502.41,3
4408,Suzanne Brewer,2499.93,3
8430,Christine White,2499.38,3
8345,Thomas Collins,2497.74,3
8202,Jonathan Salas,2497.41,3
6100,Richard Schaefer,2497.18,3
3307,Kyle Hampton,2496.87,3
9668,Elizabeth Gonzalez,2496.68,3
2374,Robert Dean,2496.49,3
1626,Ana Douglas,2494.89,3
9062,Heather Gamble,2494.00,3
4532,Tonya Lam,2493.56,3
4298,Christina Sutton,2490.70,3
5024,Ashley Walker,2490.26,3
3680,Jake Cooper,2489.92,3
8499,Kenneth Owens,2488.38,3
8481,Mathew Smith,2487.97,3
8078,Mr. Joseph Walls,2486.83,3
8334,Jessica Sullivan,2486.36,3
1376,Carol Murray,2486.11,3
159,Kyle Johnson,2484.92,3
4437,Gina Foster,2484.75,3
7938,Sean Harper,2484.29,3
5219,Robert Williams,2484.02,3
6928,Danielle Bates,2482.77,3
2905,Philip Peterson,2482.03,3
5101,James Brown,2481.81,3
214,Raymond Quinn,2481.24,3
5742,Amanda Ryan,2479.10,3
3480,David Proctor,2478.86,3
9632,Taylor Dawson,2478.72,3
6734,Priscilla Davis,2478.66,3
936,Wendy Bryant,2478.32,3
3821,Shannon Miller,2477.72,3
4240,Daniel Rodriguez DVM,2476.75,3
7862,Michael Haley,2475.97,3
1653,Amanda Paul,2475.30,3
9218,Nathan Cruz,2475.19,3
8176,Matthew Clark,2474.85,3
6242,Justin Holmes MD,2474.73,3
7279,Steven Davidson,2474.68,3
1143,Daniel Deleon,2474.14,3
7370,Karen Murphy,2473.60,3
9153,Alicia Ortiz,2473.58,3
4729,Mindy Hodges,2473.52,3
7038,Jessica Smith,2473.44,3
934,Andrew Johnson,2473.36,3
9468,Sabrina Rodriguez,2473.21,3
1275,Joseph Rosales,2473.10,3
5256,Robert Kelley,2472.96,3
9699,Nicole Smith,2472.49,3
7521,Kim Hayes,2472.15,3
2808,John Schultz,2472.01,3
5586,William Watson,2471.45,3
5512,David Bean,2471.14,3
3585,Kevin Williams,2471.05,3
2564,Diane Taylor,2471.03,3
6809,Jennifer Maxwell,2470.04,3
512,Anthony Jacobson,2469.54,3
6551,Natalie Shelton,2469.36,3
266,Jennifer Jenkins,2469.21,3
5037,Carlos Andrews,2469.10,3
9624,Matthew King,2469.03,3
7349,Priscilla Watkins,2468.85,3
9752,Brittany Murphy,2468.28,3
2109,Gregory Spence,2467.77,3
8893,Victor Krause,2465.58,3
3420,Bryan Vasquez,2465.38,3
7150,Mrs. Mary Wallace,2464.77,3
6213,Nichole Adams,2464.23,3
741,Benjamin Clements,2464.06,3
7130,Ryan Adams,2464.00,3
3818,Brian Atkinson,2463.68,3
6731,Pamela Lowery,2463.54,3
2961,Sabrina Nelson,2463.26,3
1434,Brianna Warren,2463.16,3
7245,Carrie Harvey,2462.23,3
5551,Wendy Hodge,2462.05,3
6872,Harold Lawrence,2461.87,3
5147,Bobby Williamson,2461.77,3
4911,Laura Serrano,2461.33,3
1556,Terry Howard,2461.32,3
5402,Kristin Vincent,2460.97,3
5077,Calvin Ryan,2460.87,3
4687,Amy Rice,2459.09,3
869,Gabriel Murphy,2458.58,3
7853,Autumn Morgan,2457.26,3
48,Stephanie Lucas,2457.24,3
7357,Matthew Armstrong,2455.14,3
6329,Tracy Thomas,2455.11,3
5990,Daniel Deleon,2455.05,3
3500,Kristy Gillespie,2454.32,3
9419,John Watson,2454.05,3
9451,Sandra Patterson,2452.79,3
1924,Matthew James,2452.69,3
2652,Steven Collier,2452.64,3
1311,Richard Jackson,2450.70,3
8465,Diane Rice,2450.13,3
8771,Steve Henderson,2449.64,3
3392,Nicholas Rogers,2449.23,3
5035,Claudia Fernandez,2448.80,3
4798,Charles Austin,2448.74,3
94,Reginald Knapp,2448.55,3
9374,Andrea Williams,2448.03,3
8438,Justin Brown II,2447.95,3
9514,Karen Wells,2447.58,3
1495,David Andrews,2446.97,3
5030,Donald Robinson,2444.86,3
6259,Travis Murphy,2444.39,3
4202,Jeffrey Smith,2444.21,3
1868,Alexis Brown,2443.85,3
6024,Kelly Martinez,2443.48,3
5960,Brian Torres,2442.66,3
844,Charles Costa,2441.74,3
3319,Natalie Wood,2441.63,3
4115,Vanessa Ramos,2441.59,3
8934,Joshua Williams,2441.06,3
4989,Margaret Weaver,2440.63,3
1820,Kenneth Campbell,2440.39,3
7763,Chad Reilly,2440.37,3
4598,Larry Bryant,2438.98,3
8395,Andrew Sanders,2438.95,3
5412,Jacob Wright,2437.98,3
5046,Patricia Young,2436.48,3
8139,Jennifer Freeman,2436.37,3
9221,Eric Roman,2436.20,3
8705,Jesse Morris,2435.66,3
8047,Mark Olsen,2435.26,3
1333,Hannah Riggs,2435.20,3
8942,Tommy Carey,2435.08,3
8238,Rachel Miller,2434.75,3
703,Paul Elliott,2434.66,3
4770,Sarah Bird,2434.30,3
2739,Melanie Green,2432.56,3
3758,Roberta Marshall,2432.46,3
6037,Megan Payne,2432.29,3
1521,Phillip Ellis,2431.29,3
2755,Alexander Best,2430.46,3
6691,Joel Hudson,2430.06,3
7778,Sarah Baxter,2429.96,3
6901,David Grant,2429.64,3
4333,Christopher Chen,2429.00,3
6826,Christopher Herrera,2428.09,3
5798,Michelle Gardner,2427.97,3
6358,Melvin Villegas,2427.96,3
1517,Lindsey Wright,2426.81,3
1498,Tina Adams,2426.76,3
5373,Kyle Foster,2426.57,3
4151,Brad Foley,2425.96,3
4649,Julie Murphy,2425.86,3
6492,Thomas Potter,2424.82,3
7101,Jaime Watson,2424.62,3
7264,Maureen Nguyen,2423.23,3
9724,Jack Conrad,2421.52,3
9207,Miss Sandra Diaz,2421.42,3
4485,Matthew Horne,2421.40,3
9276,Daniel Mcclain,2420.12,3
8133,William Frye,2419.59,3
1957,Deborah Osborne,2419.04,3
731,Jeremy Faulkner,2418.71,3
8653,Ryan Robinson,2418.63,3
749,Karen Arellano,2417.80,3
4854,William Clayton,2417.77,3
4875,Cynthia Dixon,2416.46,3
8222,Kathryn Murray,2416.39,3
8927,Mark Gilmore,2416.37,3
8833,Paul Noble,2416.32,3
1243,Adam Martin,2415.87,3
3209,Jennifer Cruz,2415.07,3
5524,Sandra Miller,2412.34,3
718,Ronald Nash,2410.87,3
9118,Kayla Richmond,2410.49,3
4390,Sarah Bell,2410.23,3
8923,Jason Reynolds,2410.19,3
7903,Lance Glover,2409.98,3
7849,Steven Floyd,2409.15,3
8557,Pam Hunter,2408.94,3
9307,Robert Davis,2407.94,3
3907,Jennifer Pham,2407.66,3
9635,Dustin Allen,2407.26,3
764,Shawn Yu,2406.81,3
6232,Gary Reid,2405.29,3
6331,Richard Roberts,2405.19,3
6564,Allen Little,2404.75,3
8273,Rachel Glenn,2403.17,3
5813,Sandra Ramsey,2402.64,3
3247,Olivia Solomon,2402.12,3
1842,Diane Jones,2401.58,3
8758,Nicholas Gonzalez,2398.60,3
2014,Michael Moore,2397.83,3
8003,Jacqueline Adams,2396.57,3
2007,Jennifer Little,2396.05,3
1352,David Wright,2395.95,3
5358,Tina Hart,2395.78,3
2210,Jason Flynn,2394.75,3
3453,Laura Joseph,2393.53,3
7895,Dylan Davis,2393.05,3
5692,Tammy Smith,2391.50,3
2155,Mackenzie Nelson,2390.67,3
9322,Darlene Martinez,2390.11,3
8260,Lisa Bishop MD,2389.76,3
5040,Cynthia Mcmillan,2389.28,3
6339,Kyle Swanson Jr.,2389.08,3
9423,Allison Yoder,2389.02,3
753,Jessica Johnson,2387.53,3
3002,Elizabeth Hansen,2387.49,3
6187,Joel Peterson,2386.95,3
4526,Shelly Wilson MD,2386.60,3
5934,Tammy Guerra,2385.91,3
7851,Valerie Monroe,2385.72,3
814,Stacy Orozco,2385.63,3
5423,Kimberly Flowers,2385.55,3
4651,Angela Ward,2385.32,3
3114,Christian Jones,2384.14,3
5966,Dorothy Price,2381.90,3
885,Gregory Wiggins,2381.37,3
8371,Marissa Patel,2377.53,3
3664,April English,2376.91,3
6199,James Benjamin,2376.82,3
3945,Christopher Richards,2376.80,3
5263,Gary Miller,2376.35,3
7028,Robert Hawkins,2376.02,3
5730,Adam Morris,2374.81,3
6314,Lisa Vazquez,2373.41,3
7391,Sandra Roth,2373.14,3
6061,Devin Thompson,2372.21,3
9553,Daniel Carlson,2371.75,3
7932,Holly Smith,2370.96,3
2889,Brandon Mccormick,2370.36,3
9564,Mark Campbell PhD,2369.42,3
8756,Louis Brown,2369.37,3
1863,Ann Allen,2368.08,3
8690,David Arnold,2367.76,3
1535,Lori Duran,2367.59,3
6620,Emily Donovan,2366.75,3
4978,David Martin,2365.03,3
4656,Christopher Kane,2364.37,3
4955,Calvin Burnett,2362.92,3
617,Joshua Long,2362.91,3
4523,Rodney Wallace,2361.81,3
9630,Kevin Marshall,2361.30,3
7966,Julia Jones,2361.05,3
2742,Michelle Clark,2359.66,3
8593,Elijah Anderson,2359.15,3
2638,Christopher Shaw,2358.13,3
7283,Hayden Ellis,2356.83,3
8282,Steve Gonzalez,2355.48,3
2700,Robin Durham,2354.50,3
8288,Alexander Nichols,2354.34,3
1402,James Medina,2354.27,3
2580,Christopher Baker,2354.18,3
1801,Richard Scott,2353.86,3
4593,Tara Jacobs,2353.66,3
7785,Erin Contreras,2353.39,3
7824,Trevor Padilla,2353.38,3
2409,Mark Gonzalez,2351.92,3
8864,Jeffrey Stewart,2350.76,3
7689,Shelly Jenkins,2350.04,3
7539,Douglas Smith,2349.85,3
3025,Zoe Lopez,2349.54,3
7295,Heather Roberts,2349.32,3
783,Eric Garcia,2348.80,3
7555,Devon Campbell,2348.45,3
1182,John Gonzalez,2348.14,3
3150,Lori Gates PhD,2347.00,3
183,Donald Juarez,2346.14,3
6889,Aimee Avila,2345.88,3
5179,Laura Williams,2344.36,3
2399,Jamie Terry,2342.72,3
5083,Jennifer Scott,2342.15,3
2139,Angela Cole,2341.42,3
1847,Anthony Rasmussen,2341.09,3
4239,Rachel Cole,2340.88,3
1323,Sandra Bowers,2340.44,3
60,Latoya Miller,2340.28,3
6946,Benjamin Burns,2339.59,3
4068,Christine Hampton,2338.54,3
3624,Kathy Martinez,2337.41,3
8081,Daniel Banks,2336.66,3
8368,Cassandra Shepard,2336.39,3
3040,Kathryn Stokes,2335.21,3
51,Elizabeth Vasquez,2333.45,3
2560,Michael Washington,2333.17,3
9032,Corey Duncan,2332.49,3
1514,Katie Odonnell,2332.45,3
9380,Cristina Valencia,2331.19,3
6672,Lisa Robinson,2330.46,3
1983,Mario Evans,2330.13,3
8197,Austin Dickerson,2329.67,3
1663,Lorraine Ramirez,2329.65,3
1691,Austin Owens,2329.03,3
9463,Donald Dickerson,2329.02,3
5729,Jeremy Martinez,2328.31,3
8837,Jorge Rivera,2328.08,3
1927,Michael Richards DVM,2327.47,3
4809,Malik Brown,2327.30,3
4682,Melissa Rose,2326.51,3
1146,Cody Woods,2324.69,3
3975,Lynn Walker,2324.64,3
4924,Amy Parker,2323.72,3
9055,Christopher Watts,2323.34,3
5406,Billy Harrington,2323.02,3
2348,Holly Reed,2322.33,3
6540,Dawn Wright,2321.44,3
9399,Alexandra Cabrera,2321.24,3
129,Michael Flores,2319.28,3
1214,Brian Higgins,2317.68,3
1551,Jean Graham,2317.18,3
464,Marissa Miller,2317.01,3
503,Dakota Hickman,2316.85,3
146,Jeanette Walters,2316.30,3
8541,Melanie Singleton,2315.94,3
7189,Andrea Williams,2315.74,3
3016,Katie Elliott,2315.56,3
5881,Jordan Braun,2315.27,3
453,Jeremy Wilson,2312.66,3
3542,Mikayla Schneider,2312.64,3
9782,Beverly Thomas,2311.86,3
7510,Justin Mathis,2310.83,3
2727,Robert James,2310.25,3
4482,Melissa Martin,2309.48,3
198,Carrie Ochoa,2309.26,3
8413,Robert Wilson,2308.77,3
1456,Aaron Olson,2307.34,3
5017,Warren Smith,2304.68,3
952,Justin Daniel,2304.68,3
2032,Emily Brandt,2304.58,3
2741,Misty Bowman,2303.86,3
9881,Jonathan Hughes,2303.82,3
7944,Dr. Alexandra Adams,2303.61,3
2251,Jacqueline Hudson,2303.42,3
1424,Michael Harris,2303.17,3
2063,Jeremy Hill,2303.16,3
8479,Jonathan Rocha,2303.08,3
5786,Cheryl Smith,2301.89,3
9759,Lisa Goodwin,2301.64,3
1808,Margaret Chen,2301.06,3
7228,Scott Mitchell,2300.19,3
1102,George Walsh,2298.41,3
2724,Sean Lee,2297.12,3
5353,Scott Cooper,2296.52,3
9835,Lisa Spencer,2296.37,3
8630,Alyssa Carroll,2295.62,3
7848,Sandra Villarreal,2294.96,3
6267,Kathleen Moore,2293.52,3
5700,Maria Perez,2292.39,3
5490,Sherry Smith,2292.04,3
9169,Kevin Ellis,2291.01,3
3848,Chelsey Mendoza,2290.70,3
2841,Natalie Ewing,2290.24,3
6207,Harry Hall,2290.00,3
9901,Elizabeth Johnson,2289.75,3
9554,Lori Patton,2289.70,3
9575,Louis Carpenter,2289.51,3
7980,Barbara Hughes,2288.84,4
5483,Joseph Little,2287.87,4
1999,Brandi Ferguson,2287.80,4
2230,Cynthia Murphy,2286.91,4
6884,Richard Fernandez,2285.31,4
1485,Teresa Kerr,2284.90,4
9484,David Johnston,2284.67,4
6891,Michael Holloway,2284.54,4
9302,Mr. Michael Allen,2283.08,4
7850,Tamara Brown,2283.03,4
8473,Joshua Lloyd,2281.65,4
8415,Alexander Mills,2281.63,4
9457,Ryan Anderson,2281.37,4
8642,Dylan Martinez,2281.20,4
7745,Derrick Richardson,2280.37,4
3367,Deborah Garcia,2279.55,4
4849,George Hodges,2278.90,4
8787,Deborah Baldwin,2278.82,4
7051,Stephanie Duncan,2278.11,4
1411,Samantha Smith,2277.44,4
6143,Vanessa Strong,2276.45,4
5302,Daniel Johnson,2275.65,4
5296,Tina Robbins,2273.48,4
5804,Vanessa Brooks,2273.42,4
2616,Tasha Rhodes,2273.04,4
6786,Cynthia Mueller,2272.95,4
6640,Laura Green,2272.87,4
3822,Jesse Snyder,2272.76,4
1045,Marvin Johnson,2272.14,4
6031,Brittany Carroll,2271.52,4
8622,Tamara Brady,2271.31,4
2216,Amanda Wade,2271.29,4
2972,Anthony Baird,2270.97,4
4230,David Spears,2269.46,4
1388,Linda Thompson,2269.23,4
8543,Nicholas Fischer,2268.07,4
2538,Mr. Chad Freeman,2267.56,4
8974,Cynthia Ross,2266.94,4
1553,Patricia Martinez,2266.54,4
7505,Amy Barrera,2265.81,4
4630,William Cole,2265.72,4
5862,Alejandro Moody,2265.14,4
8381,Diana Williams,2264.25,4
3104,Michael Davis,2263.80,4
45,Rebecca Jackson,2263.63,4
667,Chad Hurley,2263.55,4
5284,Megan Johnson,2261.84,4
7552,Samantha Scott,2261.74,4
5078,Christian Martinez,2261.73,4
5933,Lindsey Young,2261.54,4
8701,Barry Hayes,2261.46,4
2965,Dylan Rowland,2260.48,4
1209,Connie Johnson,2260.11,4
1764,Amy Lane,2256.83,4
5322,Olivia Spencer,2256.82,4
3587,Reginald Jones,2254.84,4
77,Harold Morgan,2254.16,4
9534,Ashley Weber,2252.87,4
6997,Tony Gamble,2252.60,4
89,Sharon Barnes,2252.27,4
4969,Edward Guerra,2251.59,4
4093,Alex Harris,2251.16,4
1344,Matthew Kemp,2250.87,4
9627,Collin Snyder,2250.46,4
1192,Darrell Stein,2250.32,4
4897,Meagan Torres,2248.85,4
6996,Marilyn Fisher,2246.55,4
5538,Jordan Miller,2246.54,4
7820,Jose Garcia,2245.60,4
7953,Nancy Khan,2244.71,4
1573,Megan Morales,2244.19,4
7764,Jonathan Murphy,2243.68,4
3042,Ryan Downs,2243.45,4
2200,Brianna Schroeder,2243.19,4
7198,Bradley Montoya,2242.95,4
6408,Sara Petersen,2242.77,4
1948,April French,2242.50,4
2183,Joshua Jefferson MD,2242.39,4
8915,Pamela Franco,2241.78,4
1426,Angela Ray,2241.34,4
7319,Casey Hodges,2241.10,4
9638,Michelle Trevino,2241.02,4
962,Felicia Hester,2239.83,4
862,Jodi James,2239.08,4
5114,Christine Price,2237.56,4
6159,Penny Carlson,2234.61,4
9059,Donald Hunter,2233.30,4
3057,Michael Harris,2231.50,4
2106,Robert Olson,2230.98,4
8795,Lindsey Cruz,2230.48,4
4710,David Collier,2230.27,4
8146,Vanessa Shelton,2229.42,4
2158,Jeffrey Ellis,2227.71,4
3448,Amber Moody,2226.29,4
7640,Paige Stewart,2225.90,4
405,Corey Smith,2224.72,4
8315,Joy Rasmussen,2224.28,4
1572,Christopher Harmon,2224.20,4
440,Donna Johnson,2223.89,4
3278,Andrew Phillips,2223.03,4
3048,Elizabeth Medina,2222.60,4
1385,Adrian Snow,2222.14,4
6897,Corey Hubbard,2222.05,4
6777,Danielle Bell,2220.89,4
4010,Anthony Aguilar,2220.49,4
5292,Richard White,2220.16,4
8800,David Gonzalez,2219.93,4
9368,Lisa Bruce,2219.40,4
3478,Lance Wood,2219.18,4
3613,Daniel Skinner,2219.05,4
5723,Valerie Martinez,2218.85,4
7237,Amy Norris,2218.00,4
6781,Melanie Smith,2217.53,4
6133,Danielle Steele PhD,2217.53,4
8972,Michael Miller,2217.22,4
8016,Donald Murphy,2216.94,4
6931,Kimberly Diaz,2216.05,4
6626,Daniel Brown,2215.99,4
2080,Cristian Foster,2215.80,4
2335,Brenda Lloyd,2214.81,4
9456,Amanda Valentine,2214.43,4
9505,Danielle Moyer,2214.41,4
5617,Sheryl Giles,2214.03,4
9746,Mr. Craig Stephens,2213.70,4
6859,Megan Rubio,2213.57,4
2355,Colleen White,2213.25,4
1802,Christine Barker,2211.95,4
8644,Michael Johnson,2211.41,4
3875,John White,2211.15,4
9962,Jennifer Cole,2209.90,4
6913,Amber Flynn,2209.73,4
1784,Christopher Barr,2209.67,4
3536,Steven Davenport,2209.53,4
3424,Donna Clay,2209.48,4
9791,Kayla Ramos,2206.27,4
8435,Carolyn Lutz,2206.09,4
7642,Jason Blackburn,2205.72,4
3047,Christine Lee,2205.70,4
1767,Alyssa Guzman,2205.64,4
4038,Edward Greer,2205.48,4
4027,Heather Miles,2205.25,4
7267,Alexander Hernandez,2203.51,4
1697,William Robinson,2202.91,4
3541,Tammy Harris,2202.54,4
8607,Linda Gray,2201.83,4
8194,Ryan Gonzalez,2201.37,4
8039,Cynthia Hill,2201.10,4
3120,Sarah Foster,2200.95,4
418,Stephen Anderson,2200.00,4
7604,Amber Brown,2199.95,4
3634,Adam Knight,2199.80,4
3959,Scott Johnson,2199.72,4
4219,Jeanne Valdez,2199.49,4
2793,Jennifer Gordon,2199.39,4
8922,Tabitha Erickson,2199.15,4
8823,Joshua Stark,2199.11,4
3408,Tonya Tate,2198.32,4
8247,Julia Mcbride,2197.69,4
6105,Kimberly Rivera,2197.62,4
6345,Darlene Romero,2196.14,4
3740,Jennifer Moore,2195.60,4
3932,Brett Miller,2194.91,4
2340,Alicia Arnold,2194.88,4
8722,Melissa Schroeder,2194.46,4
4922,Gregory Dorsey,2192.96,4
3245,Robyn Bishop,2192.95,4
7260,Paul Jimenez,2192.92,4
5696,Jeff Rice,2192.86,4
4152,Mrs. Megan Hamilton,2192.78,4
7167,Carlos Cruz,2192.68,4
4357,Lindsay Pruitt DDS,2191.55,4
9833,Kimberly Lane,2190.91,4
7306,Patrick Powell,2189.12,4
3877,Adam Smith DDS,2188.29,4
5645,Michael Simmons,2187.74,4
855,Carolyn Lopez,2187.55,4
7341,Carolyn Hart,2187.41,4
2860,Adam Lawson,2187.07,4
1684,Linda Welch,2185.37,4
6269,Gabriel Hunter,2185.29,4
3418,Kathryn Key,2184.38,4
1302,Angel Thomas,2183.76,4
1034,Ashley Dudley,2183.23,4
7270,Manuel Cervantes,2182.96,4
8353,Andrew Robinson,2181.98,4
514,Nathan Mcneil,2180.84,4
2916,Mary Turner,2178.68,4
6874,Steven Snyder,2178.66,4
7162,Christy Reed,2177.65,4
9730,Elizabeth Cox,2177.35,4
1519,Melissa Hall,2177.27,4
8166,Angel Jackson,2176.89,4
8349,Stephen Burns,2176.52,4
504,Kathryn Edwards,2175.20,4
6348,Elizabeth Pena,2175.02,4
1850,Catherine Rowe,2173.78,4
920,Scott Wood,2173.51,4
2994,Mark Franco,2173.35,4
7518,Leah Schwartz,2172.75,4
8766,Ethan Mcdaniel,2172.64,4
6206,Laura Miller,2171.56,4
5153,Joshua Reed,2169.88,4
4880,Andrew Bentley,2169.07,4
1799,Molly Maldonado,2168.87,4
8274,Mark Rowland,2168.84,4
6583,Ryan Williams,2168.22,4
8941,Robin Perez,2167.54,4
2501,Sydney Gentry,2167.09,4
6573,David Wright,2165.47,4
4099,Christopher Davis,2165.29,4
6153,Samantha Perez,2164.68,4
2733,Ryan Martin,2164.33,4
1130,Kenneth Short,2164.32,4
410,Patricia Harvey,2163.78,4
2173,Tracy Ramos,2163.53,4
7268,Ashley Brown,2163.41,4
9137,Kenneth Campbell,2163.06,4
2186,Omar Vega,2162.37,4
5763,Wayne Dean,2161.89,4
6592,Robert Trujillo,2161.81,4
2789,Alyssa Gonzales,2161.27,4
4137,Dawn Hale,2160.78,4
6798,Caitlyn Malone,2158.80,4
8945,Regina Rodriguez,2158.25,4
6326,Michael Williams,2157.98,4
6920,Margaret Thompson,2155.95,4
7476,Lauren Lara,2155.40,4
8794,Rachel Reid,2155.34,4
207,Brittany Stevens,2155.19,4
5792,Jacqueline Olson,2154.37,4
2858,Michael Banks,2153.52,4
4160,Michelle Anderson,2151.85,4
9917,Edward Ramos,2151.85,4
7741,Melissa Singleton,2151.81,4
2515,Daniel Rogers,2148.86,4
7282,Richard Schaefer,2147.97,4
8175,Philip Yoder,2147.79,4
6318,Brittany Taylor,2147.28,4
9255,Maria Baird,2147.14,4
5946,Cynthia Turner,2146.63,4
9726,Laura West,2146.40,4
8233,Rachel Figueroa,2145.83,4
2466,Mary Simmons,2145.48,4
4073,Ronald Montgomery,2142.14,4
6608,Stacy Ball,2141.30,4
8405,Leslie Lawson,2140.93,4
2784,Stephen Davis,2138.59,4
7114,Robert Nguyen,2136.57,4
7491,Jason Harmon,2136.30,4
8015,Allison Henry,2136.29,4
785,Timothy Bauer,2135.98,4
4330,Victoria Harrell,2135.69,4
9677,Nicholas Haynes,2135.50,4
4291,Jeremy James,2134.72,4
7094,Patricia Gallagher,2134.23,4
4178,Rebekah Hill,2133.62,4
9467,Gerald Patton,2132.70,4
9125,Tammy Hernandez,2132.22,4
1230,Theresa Johnson,2131.41,4
604,Sarah Moses,2131.22,4
1895,Billy Hall,2131.10,4
8587,Pamela Copeland,2131.06,4
5005,Frank Martin,2130.45,4
258,Deborah Ross,2129.99,4
9958,Patricia Conrad,2128.82,4
2869,Dr. Lisa Erickson,2128.72,4
1706,Danny Rodriguez,2127.65,4
4100,Dr. Jack Page,2126.44,4
1431,David Fields,2126.32,4
5796,Robin Graham,2125.43,4
6310,Andrew Wilkins,2125.23,4
3507,Amy Walsh,2124.97,4
5527,William Brown,2123.38,4
9652,Howard Brooks,2122.16,4
9655,Cody Jones,2121.73,4
4998,Jessica Scott,2121.51,4
7139,Debbie Glover,2121.42,4
6019,Jaime Mata,2121.35,4
1846,Bernard Walton,2120.55,4
4940,Joshua Summers,2119.74,4
1172,Stephanie Parker,2119.71,4
4491,Dwayne Dalton,2119.05,4
5363,Brad Miller,2117.89,4
9574,Daniel Mclean,2116.88,4
7126,John Molina,2116.85,4
8258,Joseph Juarez,2116.61,4
978,Michael Le,2115.61,4
6554,Mrs. Christy Burns,2115.60,4
4508,Juan Adams,2114.61,4
1592,Samuel Phillips,2114.11,4
7700,Kathleen Oconnor,2114.04,4
9318,Peter Adams,2113.94,4
8393,Jon Miller,2113.52,4
1009,Isaac Evans,2113.28,4
5658,Samantha Murray,2113.26,4
6722,Amy Walker,2113.18,4
9090,Brenda Price,2111.71,4
9267,Daniel Gonzalez,2111.23,4
3590,Stephanie Oneill,2111.12,4
6217,James Byrd,2109.94,4
7942,Jonathan Thomas,2109.87,4
8918,Timothy Miller,2109.47,4
3890,Meredith Leonard,2108.35,4
2346,Joseph Gray,2107.25,4
4305,Gregory Meyer,2107.08,4
508,Dustin Ortiz,2106.65,4
9916,Diana Taylor,2105.56,4
2807,Jennifer Alvarez,2105.07,4
9935,Michael Robertson,2105.01,4
5951,Jacqueline Jones,2104.83,4
8656,Sarah Andersen,2104.82,4
393,Andrew Moore,2104.81,4
1332,Crystal Mclean,2104.62,4
4536,Tyler Anderson,2104.15,4
3362,Christine Davenport,2103.24,4
4322,Tara Lucero,2102.96,4
7636,Danielle Davis,2102.09,4
4420,Robert Oliver,2101.53,4
8485,Lauren Barnes,2101.35,4
9908,Emily Cook,2100.80,4
8571,Kelsey Tanner,2100.50,4
9870,Robert Glass,2097.79,4
945,Brandon Meyer,2097.75,4
5375,Jeffrey Nielsen,2096.89,4
4925,Emily Sanders,2096.80,4
4943,Dorothy Moran,2096.58,4
2923,Matthew Taylor,2093.91,4
8492,Kim Mcgrath,2093.63,4
9082,Charles Cook,2093.51,4
2929,Kelsey Garcia,2092.63,4
9080,Richard Henry,2092.37,4
3257,Peter Huff,2091.64,4
7377,Elizabeth Burnett,2089.92,4
7969,Robin Barker,2089.85,4
1070,Carrie Herrera,2089.77,4
5088,Charles Howell,2087.08,4
6300,Steven Wright,2086.96,4
9964,Tina Wright,2086.65,4
4382,Ricardo Gonzalez,2086.57,4
3332,Steven Clark,2085.92,4
6686,Richard Barker,2085.43,4
6389,Amy Brown,2084.98,4
7991,Aaron Long,2084.29,4
3739,Mary Marks,2084.23,4
442,Richard Miller,2084.19,4
2567,Timothy Murray,2083.60,4
9796,Alan Barnett,2082.25,4
4633,Kelly Hale,2081.96,4
1124,Samuel Willis,2081.50,4
3359,Zachary Perez,2081.20,4
9356,Lisa Alexander MD,2080.00,4
8551,John Turner,2079.80,4
8775,Jeremy Jones,2079.06,4
2146,Colleen Roman,2078.41,4
5670,Michelle George,2078.40,4
8130,Victoria Sanchez,2077.80,4
5479,Melissa Jackson,2077.30,4
1716,Spencer Robinson,2075.44,4
989,Valerie Harrison,2073.83,4
1082,Carlos Ortiz,2073.74,4
709,Tammy Smith,2073.32,4
1622,Frank Delacruz,2073.08,4
2138,Christine Williamson,2072.28,4
4372,Tracy Barry,2071.89,4
4347,Kevin Johnson,2071.88,4
5060,Keith Rosario IV,2070.34,4
6475,Samantha Ryan,2069.85,4
9310,Jordan Marshall,2069.68,4
9856,Kristina Mack,2069.66,4
6323,Kyle Neal,2069.23,4
3765,Matthew Hobbs,2069.18,4
2212,Steven Cook,2069.13,4
4929,Laura Hernandez,2068.56,4
2761,Margaret Gonzalez,2068.54,4
1227,Nicole Anderson,2068.36,4
9696,Jorge Khan,2068.33,4
2396,Christopher Gomez,2067.32,4
4758,Andrew Austin,2066.67,4
3918,Melissa Wright,2065.17,4
5669,Matthew Ortiz,2065.12,4
7665,Laura Kelly,2064.28,4
6337,Sean Weaver,2063.89,4
3635,Tara Russell,2062.64,4
9983,Rodney White,2062.13,4
4217,Carl Robertson,2061.95,4
887,Mark Dennis,2061.86,4
7036,Douglas Miller,2060.87,4
630,Daniel Lester,2060.67,4
4125,Amanda Dominguez,2060.44,4
6533,Benjamin Watson,2059.94,4
1090,Joshua Quinn,2059.36,4
9691,Keith Delgado,2058.75,4
7081,Mr. Wayne Lloyd,2058.70,4
9272,Pamela Harrison,2058.00,4
8452,Jennifer Rich,2057.35,4
7027,Joel Shelton,2057.19,4
7253,Cynthia Robinson,2057.02,4
8877,Daniel Jacobson,2056.39,4
1216,Joseph Payne,2056.29,4
9119,Eric Barnes,2055.31,4
1967,Shannon Smith,2052.88,4
6839,Daniel Lambert,2051.97,4
3394,Monica Tran,2051.81,4
3573,Tyler Suarez,2051.62,4
8925,David Carey,2051.33,4
1972,Joseph Rodriguez,2051.16,4
6847,James Burton,2050.63,4
2164,Tyler Morrison,2050.09,4
1781,Kenneth Nelson,2049.90,4
3628,David Williams,2047.77,4
3790,Robert Mitchell,2047.50,4
251,Patrick Zamora,2045.82,4
5039,Elizabeth Howard,2045.29,4
5827,Diane Lin,2045.09,4
4683,Mary Powell,2044.44,4
2934,Sarah Norris,2043.98,4
8790,Thomas Thompson,2042.85,4
4203,Zachary Obrien,2042.40,4
8498,Phillip Vazquez,2042.34,4
6340,Brittney Campos,2042.32,4
4736,Kelly Bryant,2041.32,4
9141,Kevin Smith,2040.55,4
5773,Michael Taylor,2040.06,4
3140,Holly Velazquez,2039.65,4
7073,Sarah Munoz,2039.18,4
6812,Joshua Tran,2038.80,4
5029,Gregory Russell,2038.63,4
2062,Jeffrey Chapman,2038.49,4
2411,James Lane,2038.27,4
1541,Emily Bailey,2036.90,4
5470,Janet Hughes,2036.62,4
1406,Laura Miller,2036.59,4
8209,Brianna Henderson,2036.08,4
13,Daniel Cooper,2035.51,4
4792,Sydney Hall,2034.88,4
9174,Cheryl Houston,2034.53,4
911,Beth Shaw,2034.08,4
4441,Adam Snyder,2033.69,4
2443,Megan Kidd,2033.01,4
6666,Samantha Williams,2031.84,4
6657,Jon Weiss,2031.68,4
2670,Tamara Norris,2030.64,4
8447,Patrick Pierce,2029.00,4
8659,Karen Holland,2028.71,4
3746,Chelsea Brown,2027.38,4
796,Tim Welch,2025.53,4
9932,Steven Graham,2025.28,4
6653,Hannah Summers,2025.08,4
4118,Jeremy Henderson,2024.21,4
8145,Charles Burke,2023.71,4
4535,Travis Johnston,2023.23,4
7021,Joshua Davis,2023.08,4
6787,Timothy Walker,2022.28,4
3188,Melissa Watkins,2021.55,4
3393,Jordan Owen,2020.37,4
8135,Anthony Nelson,2019.44,4
3906,Kevin Ramsey,2018.43,4
8906,Michelle Lin,2017.40,4
3082,Colin Cummings,2017.08,4
3399,Carl Strong,2016.98,4
2970,William Thompson,2016.95,4
5844,Elizabeth Lynch,2016.52,4
4350,Gary Guzman,2016.48,4
2770,Robert Johns,2016.16,4
6077,Jennifer Davis,2014.90,4
8710,Cassandra Wilson,2014.48,4
5575,Joshua Carter,2012.79,4
9056,Jessica Stewart,2012.15,4
7380,Susan Martinez,2011.83,4
7759,Brittney Miller,2010.75,4
2553,Jody Rogers,2010.44,4
2881,Caroline Clarke,2009.84,4
908,Amber Williams,2009.73,4
5526,Jerry Jones,2008.00,4
2147,William Flores,2007.70,4
1654,Jeremiah Vargas,2007.35,4
612,Robert Hogan,2006.21,4
3905,Autumn Miller,2005.07,4
83,Benjamin Thompson,2004.77,4
3444,Emily Green,2002.50,4
8712,Virginia Jones,2001.32,4
6621,Carl Bowen,2000.94,4
6741,Derek Hughes,2000.91,4
9012,Holly Washington,1999.05,4
9845,Jason Leonard,1998.88,4
8,David Leblanc,1998.14,4
2508,Ryan Decker,1998.00,4
1494,Jonathan Wright,1997.46,4
5952,Brian Mendoza,1996.32,4
4764,Cory Simpson,1995.02,4
3749,Richard Young,1994.95,4
246,Brandon Moore,1994.16,4
6763,Matthew Hernandez,1993.43,4
9440,Steven Phillips,1990.12,4
3666,Kari Harris,1989.35,4
6250,Damon Gallagher,1988.84,4
1728,Robert Brown,1988.41,4
8203,Jamie Hampton,1988.26,4
2840,Joshua Little,1988.07,4
2982,Danielle Fleming,1987.50,4
5932,Caitlin Perez,1986.78,4
807,Brianna Price,1985.98,4
5841,Chad Fowler,1985.97,4
2710,Alan Russo,1985.03,4
7678,Laurie Vance,1984.68,4
6431,Brenda Velasquez,1984.51,4
857,Allison Floyd,1984.27,4
2873,Anne Lee,1983.56,4
6099,Stephanie Ruiz,1983.54,4
9225,Cindy Hess,1982.92,4
4879,Charles Phelps,1982.88,4
6767,Lisa Martin,1982.53,4
7434,Renee Mooney,1982.16,4
8170,Terrence Cook,1981.67,4
928,Crystal Abbott,1981.11,4
2249,Jessica Lam,1980.93,4
4234,Allen Lawrence,1979.83,4
9460,Anna Green,1979.15,4
4756,Deborah Thomas,1977.70,4
8706,Jordan Torres,1975.76,4
1378,Scott Rivera,1975.70,4
8510,Stacy Francis,1975.31,4
3436,Dennis Gonzalez,1975.15,4
1595,Sophia Blake,1975.14,4
5913,Charles Brown,1974.78,4
5883,Shawn Hernandez MD,1974.36,4
7242,Kendra Morgan,1973.34,4
38,Julie Ortiz,1972.96,4
1307,Angel Johnston,1972.29,4
4507,Barbara Reilly,1970.07,4
2506,Marie Salazar,1969.77,4
3090,Danny Haley,1969.73,4
7583,Alexa Greer,1968.55,4
196,Courtney Peterson,1968.43,4
7661,Laura Cortez,1967.03,4
902,Kevin Jennings,1966.60,4
5033,Cynthia Mcdowell,1966.51,4
8919,Tabitha Smith,1966.33,4
4811,Sarah Woods,1966.11,4
7568,Larry George,1965.52,4
2603,Mrs. Kristin Moore,1964.82,4
3633,Stephanie Wood,1964.47,4
3035,Alisha Walton,1964.40,4
5234,Daniel Williams,1963.75,4
2861,Adam Hartman,1959.73,4
7639,Brenda Alexander,1959.50,4
9077,Nicole Brennan,1958.70,4
2856,Patrick Howard,1958.37,4
1761,Sean Nelson,1957.83,4
2121,Arthur Hampton,1957.29,4
7829,Julia Torres,1956.95,4
8717,Raymond King,1953.55,4
2870,Jason Duncan,1953.42,4
6486,Kristina Long,1953.20,4
3775,Christopher Cabrera,1953.11,4
9124,Monica Hall,1952.62,4
1250,Veronica Decker,1949.33,4
3122,Gregory Elliott,1948.96,4
9557,Heather Gray,1948.33,4
4017,Christopher Castillo,1946.93,4
4352,Angela Leonard,1946.85,4
1713,Sharon Holland,1945.92,4
5407,Patrick Estes,1945.82,4
4423,Jon Owens,1943.47,4
128,Joel Frazier,1943.42,4
4945,Charles Wilson,1943.26,4
7501,Christopher Franklin,1943.17,4
976,Michelle Barrett,1942.74,4
9487,Regina Marquez,1941.76,4
3704,Justin Williams,1941.70,4
5496,Corey Lewis,1939.88,4
232,Scott Lopez,1939.66,4
5727,Andrew Williams,1939.24,4
365,Johnny Anderson,1938.94,4
6040,Dr. Willie Adams,1937.84,4
2339,Brianna Henderson,1937.66,4
1509,Richard Franco,1936.67,4
2277,Marissa Castro,1935.80,4
9529,Caitlin Preston DVM,1935.23,4
4964,Ms. Susan Montoya,1935.06,4
10000,Christopher Roberts,1935.02,4
8297,Shannon Miller,1934.14,4
8933,Justin Medina,1931.04,4
7985,Jonathan Simmons,1930.69,4
5064,Robert Carter,1930.50,4
9173,Candace Nichols,1929.62,4
6769,Daniel Coleman,1929.34,4
5421,Brittney Ray,1929.09,4
7605,Anna Bennett,1928.91,4
2413,Laura Dillon,1928.41,4
6674,Emily Sexton,1928.40,4
8382,Tammy Sullivan,1927.36,4
4991,Denise Brown,1926.80,4
403,Bryce Taylor,1926.76,4
4544,Amanda Cox,1926.58,4
486,Aaron Armstrong,1926.48,4
5890,John Gilmore,1926.48,4
3639,Louis Ali,1925.83,4
6459,Joseph Lowe,1922.17,4
2794,Kevin Cunningham,1922.07,4
6708,Cynthia Simon,1921.76,4
2877,Joshua Martinez,1921.48,4
4876,Stephanie White,1921.27,4
2454,Rhonda Leach,1921.23,4
9749,Lisa Daniel,1920.89,4
7807,Jason Shaw,1920.81,4
9813,Anita Long,1918.15,4
3347,Mrs. Samantha Castro,1917.13,4
32,Elizabeth Ward,1916.83,4
3953,Brett Hall,1916.57,4
3038,Matthew Andrews,1915.15,4
17,William Wilson,1914.70,4
4829,Audrey Murphy,1914.23,4
4573,Stephanie Taylor,1914.03,4
5578,Walter Parker,1912.42,4
8509,Cassandra Cummings,1911.53,4
7408,Rachel Bradley,1911.50,4
4542,Robert Evans,1911.36,4
7651,Michelle Rivera,1909.75,4
2634,Brenda Lewis,1909.21,4
4421,Jessica King,1908.68,4
6374,David Rivera,1905.77,4
3086,Lindsey Foster,1905.71,4
1665,Gregory Archer,1903.54,4
5904,Carly Norris,1902.41,4
5355,Charlotte Mays,1901.71,4
8409,Olivia Christian,1901.07,4
5199,Walter Ramsey,1901.06,4
4134,Amber Wright,1900.20,4
5162,Samantha Wolfe,1899.57,4
1542,Nicholas Blevins,1898.78,4
9482,James Ward,1898.57,4
780,Jennifer Rivera,1897.89,4
2215,Mary Turner,1897.77,4
2987,Dawn Allen,1897.24,4
4714,Brandon Anderson,1897.11,4
4717,Robin Rodriguez,1895.67,4
9767,Linda George,1893.37,4
4127,Jessica Salas,1892.89,4
535,Jay Parks,1891.77,4
7537,Marvin Dean DDS,1890.98,4
5732,Brittany Cook,1889.91,4
9907,Amanda Fleming,1888.75,4
2107,Stacy Crosby,1888.06,4
2471,Ryan Pratt,1885.72,4
7364,Katherine Kelly,1885.64,4
1,Margaret Hawkins DDS,1885.40,4
7172,Tammy Pearson,1885.24,4
5634,Michael Tran,1884.38,4
281,Richard Strickland,1884.14,4
1201,Nicholas Tapia,1883.69,4
6845,Daniel Miles,1882.16,4
5126,Allen Moore,1881.63,4
9991,Charles Castillo,1881.35,4
9700,Natasha Rowe,1881.21,4
6009,Jessica Frazier,1879.91,4
9067,Russell Potter,1879.53,4
3412,Jody Scott,1879.44,4
5775,Andrea Bernard,1878.97,4
1145,Donald Roberts,1878.87,4
3200,Brett Lewis,1877.57,4
6227,Sarah Haney,1876.72,4
5195,Michele Schwartz,1875.97,4
413,Andrew Anderson,1875.88,4
3813,Michelle Baxter,1875.88,4
3132,Vincent Fuller,1875.10,4
1264,Allison Glover,1874.85,4
9795,Timothy Allen,1874.61,4
4455,Johnny Harris DDS,1874.59,4
8104,Allen Wright,1874.19,4
1565,Eric Colon,1873.28,4
6906,Jennifer Harris,1873.15,4
9948,Dennis Robinson,1872.91,4
5464,Tracy Nunez,1872.65,4
8142,Christine Roy,1872.56,4
9424,Timothy Stark,1871.67,4
9938,Bradley West,1871.38,4
4189,Evan Johnson,1870.71,4
7597,Cory Zimmerman,1870.27,4
8285,Megan Sanchez,1870.17,4
2632,Heidi Bradley,1868.58,4
2630,Dr. Brett Calhoun DDS,1868.39,4
7180,Tammy Montoya,1867.25,4
2631,Rachel Barber,1866.91,4
3193,Ashley Taylor,1866.82,4
7095,Ronald Golden,1866.75,4
9812,Jose Berry,1865.77,4
5712,William Marshall,1865.07,4
6271,Angela Lara,1864.64,4
8441,Karen Garcia,1864.33,4
6587,Brent Vaughn,1863.82,4
4842,Brian Wyatt,1863.72,4
3600,Kyle Ortiz,1862.45,4
390,Heather Williams,1861.63,4
3407,Yvonne Lewis,1861.09,4
595,Brian Collins,1861.07,4
3028,Edwin Mcguire,1860.63,4
5214,Brianna Barton,1858.67,4
7097,Emily Ramirez,1858.30,4
1175,James Levy,1857.85,4
3224,Donald Fry,1857.21,4
5227,Richard Watson,1856.29,4
8835,Lauren King,1855.29,4
9316,Steven Barnes,1854.86,4
1794,Yvonne Moore,1854.64,4
1554,Cynthia Morse,1854.51,4
5176,Patricia Ward,1853.35,4
3646,Jessica Johnson,1852.75,4
7601,Wendy Nelson,1851.93,4
9220,Jeremiah Brown,1850.90,4
5109,Jessica Levy,1850.04,4
1301,Kellie Mitchell,1849.97,4
9002,Gina Hall,1849.87,4
8043,Jordan Warner,1849.83,4
5612,Ann Roy,1849.58,4
6186,Jeffrey Mercado,1848.42,4
5476,Robert Myers,1847.93,4
5892,Monica Berger,1847.35,4
838,Natasha Stone,1846.91,4
7213,Barbara Robertson,1846.52,4
3531,James Crawford,1846.23,4
4254,Lisa Mendoza,1845.93,4
6044,Teresa Adams,1845.87,4
7681,Sarah Valenzuela,1845.78,4
8195,Jeffrey Diaz,1845.74,4
8420,Jennifer Jones,1844.84,4
2997,Randy Jones,1842.97,4
1379,Stephanie Hoover,1842.85,4
8316,Lisa Davis,1841.33,4
9654,Kenneth Johnson,1839.41,4
1038,Lance Lambert,1839.22,4
7191,Nicholas Evans,1838.21,4
2246,James Brown,1837.10,4
1035,Monica Brown,1834.72,4
611,Curtis Krause,1833.54,4
1293,Alejandro Clayton,1833.51,4
8807,Gary Orr,1832.69,4
7431,Christina Martin,1832.20,4
3151,Scott Rodriguez,1832.19,4
5145,Michelle Moore,1832.02,4
4902,Nichole Cruz PhD,1831.17,4
8612,Diane Berg,1831.03,4
6960,John Hahn,1831.00,4
6041,Vanessa Carroll,1830.55,4
5241,Angie Fox,1830.35,4
745,Jill Shaw,1830.21,4
827,Alice Weber,1829.95,4
1578,Daniel Pierce,1829.62,4
1003,Linda Ball,1828.92,4
5419,Ryan Wong,1828.35,4
2809,Michael Abbott,1827.44,4
4769,Valerie Hoffman,1826.07,4
8350,David Meadows,1825.08,4
6999,Joshua Lawson,1824.57,4
9656,James Tucker,1823.94,4
8994,Anthony Obrien,1823.23,4
3479,Jennifer Gonzales,1822.35,4
527,Benjamin Sandoval,1822.26,4
7170,Kevin Jones,1821.75,4
7563,Deborah Foster,1821.51,4
822,Nathan Payne,1820.58,4
1587,Whitney Allen,1820.52,4
6695,Matthew Taylor,1818.30,4
7236,David Welch,1817.40,4
8111,Phillip Reynolds,1817.28,4
4757,Katherine Rogers,1817.24,4
9135,Curtis Gomez,1817.14,4
2924,Meredith Valdez MD,1815.77,4
9727,Jean James,1814.64,4
380,Sandra Williams,1814.48,4
6171,Mark Mullins,1813.89,4
2401,Walter Stewart,1812.99,4
9731,Mackenzie Massey,1812.40,4
76,Chelsea Barnett,1811.48,4
5977,Maria Jones,1811.40,4
8472,Jason Mejia,1809.90,4
2552,Ana Avila,1809.46,4
9459,Mark Martin,1808.95,4
326,Mr. Joseph Kelley,1808.71,4
904,Anthony Murray,1807.31,4
4816,James Tucker,1806.46,4
4101,Cody Wilson,1804.39,4
1625,Kirk Campbell,1803.33,4
7206,Leonard Moore,1802.65,4
1522,Crystal Franklin,1802.39,4
5309,David Brown,1799.98,4
5752,Edward Silva,1798.94,4
1181,Joseph Armstrong,1798.56,4
2884,Michael Austin,1797.76,4
8730,Shelby Williams,1797.31,4
5478,Jenny Carlson,1797.14,4
7022,Nichole Kerr,1796.25,4
6075,Andrew Edwards,1796.20,4
9053,Jordan Rose,1795.83,4
4549,Christina Randolph,1795.38,4
7936,Michael Knight,1795.21,4
6222,Julie Cruz,1792.15,4
5903,Willie Ware,1792.06,4
8487,Jennifer Williams,1791.77,4
5050,Andrea Wise,1791.40,4
6635,Kathy Green,1790.85,4
1203,Taylor Abbott,1789.42,4
8341,Richard Wilson,1788.27,4
3640,Elizabeth Johnson,1786.81,4
7937,Ralph Davenport,1786.79,4
6392,Nicholas Hill,1786.59,4
9261,Shannon Clark,1785.51,4
9379,Phillip Scott,1785.42,4
8439,Barbara Coleman,1785.08,4
3513,Peter Scott,1785.04,4
1295,Elizabeth Deleon,1784.79,4
5830,Bradley Ellison,1783.96,4
7877,Brandon Odonnell,1782.48,4
7006,William Thomas,1781.04,4
9679,Jacob Fox,1780.14,4
9519,Sandra Palmer,1779.56,4
9146,Dwayne Bennett,1778.64,4
4784,Taylor Griffin,1776.86,4
4984,Nicholas Dominguez,1776.69,4
9065,Zachary Rivera,1774.17,4
7662,Michael Phillips,1773.48,4
8495,Alison Burgess,1772.92,4
6784,Patricia Holland,1771.43,4
1758,Robert White,1770.57,4
9576,Kari Cervantes,1770.56,4
8685,Jacqueline Knight,1769.43,4
8969,Stacy Molina,1768.45,4
4056,Amber Booker,1768.29,4
439,Lisa Brown,1768.18,4
3259,Debra Serrano,1768.17,4
4174,Wendy Pierce,1767.34,4
7638,Mrs. Angela Conner,1766.82,4
1484,Michelle Martinez,1766.15,4
9653,Cory Rhodes,1766.15,4
7502,Justin Jones,1766.10,4
515,Corey Frazier,1765.18,4
737,Kimberly Brooks,1764.29,4
334,Julie Johnson,1764.16,4
134,Danny Roberts,1762.76,4
9538,Amy Ryan,1762.01,4
671,Micheal Washington,1761.42,4
1004,Hannah Campbell,1760.63,4
6175,Rebekah Camacho,1759.30,4
9295,Patricia Church,1759.10,4
2932,Sharon Jackson,1757.60,4
5232,Rebecca Wilson,1756.48,4
7,John Russell,1756.34,4
5649,Alyssa Best,1755.88,4
2736,Joseph Harris,1755.54,4
2463,Paul Washington,1754.88,4
4692,Amy Smith,1753.70,4
9801,Melinda Mckenzie,1752.65,4
7871,Brenda Nelson,1751.25,4
3364,Tamara Smith,1750.59,4
2574,Nicole Burton,1749.74,4
8507,Frederick Flynn,1746.48,4
2505,Douglas Marshall,1746.33,4
4585,Matthew Le,1744.90,4
2338,Linda Johnson,1744.74,4
9895,Vanessa Watkins,1744.34,4
5510,Nicole Jensen,1744.07,4
6074,Joseph Ashley,1743.02,4
8163,Patricia Bell,1739.40,4
1683,Jill Hughes,1737.94,4
1112,Melvin Smith,1737.05,4
7702,Michael Brown,1735.48,4
4409,Philip Hanson,1734.11,4
6212,Karen Klein,1733.89,4
4164,Cynthia Brown,1733.71,4
973,Angela Hunt,1733.54,4
2690,Gregory Stevens,1732.25,4
9536,Sean Barnes,1731.16,4
3859,Lisa Contreras,1730.84,4
6638,Brittany Dickerson,1730.76,4
8011,Wendy Ramos,1729.93,4
6751,Eric Jackson,1728.97,4
7637,Jennifer Quinn,1728.13,4
7033,Christian Diaz,1727.69,4
2839,Amber Smith,1726.56,4
1348,George Haney,1726.24,4
2802,Teresa Williams,1726.02,4
6670,Lori Hebert,1725.28,4
568,James Wallace,1725.00,4
7779,Scott Walker,1724.73,4
8584,Stephanie Nunez,1724.43,4
3874,Heather Jackson,1722.84,4
7424,Edward Jacobs,1721.89,4
668,Corey Flowers,1721.57,4
9750,Gregory Charles,1721.38,4
9548,Eric Kelly,1720.84,4
5974,Ryan Green,1720.13,4
9546,James Briggs,1719.43,4
2555,Todd Hernandez,1719.05,4
6943,Darlene Todd,1718.41,4
8480,Rose Williams,1718.28,4
8159,Maria Powell,1717.21,4
3434,Kevin Brewer,1715.59,4
2686,Nathan Mendoza DDS,1715.50,4
839,Michael Jones,1713.71,4
8863,Lynn Morgan,1712.26,4
8469,Amanda Allen,1711.73,4
9562,George Kidd,1711.65,4
1393,Kevin Chapman,1709.35,4
7748,Mary Black,1708.95,4
5352,Kenneth Choi,1708.73,4
5206,Debra Sullivan,1707.90,4
636,Angela Nolan,1707.48,4
2008,Tricia Johnson,1707.33,4
6447,Crystal Barton,1704.82,4
4867,Richard Mack,1702.46,4
9602,Jacqueline Burton,1701.89,4
4826,Jonathan Juarez,1701.55,4
4743,Randy Harris,1701.52,4
5518,Kelli Carter,1701.22,4
6030,Julie Hamilton,1700.77,4
8769,Jose Strickland,1700.62,4
4313,Eric Vargas,1700.09,4
1479,Michael White,1699.10,4
3982,Christopher Mccarthy,1698.79,4
8857,Karen Hernandez,1698.77,4
9970,Brendan Turner,1697.88,4
2846,Jason Wilcox,1697.35,4
348,James Gallagher,1697.04,4
5102,Kenneth Curry,1696.06,4
669,Jeffrey Short,1694.82,4
852,Thomas Morales,1692.87,4
9819,Toni Horton,1692.48,4
577,Harold Wagner,1691.49,4
4241,Brandon Mcguire,1690.88,4
6552,John Cooper,1690.54,4
4907,Arthur Cook,1690.36,4
3839,Hector Avila,1690.09,4
6039,Kathleen Williams,1688.98,4
6229,Wesley Hale,1687.78,4
6898,Nicholas Reilly DVM,1687.55,4
1624,Sarah Garner,1687.30,4
2990,Adam Robbins,1686.88,4
8978,Julie Rodriguez,1686.63,4
4920,Rodney Jacobs Jr.,1685.67,4
8331,Jonathan Baker,1685.29,4
3331,Lisa Henderson,1683.40,4
2434,Richard Fernandez,1683.32,4
1602,Erin Williams,1682.40,4
3915,Catherine Gonzales,1682.00,4
4900,Jennifer Jones,1681.49,4
8219,Jamie Adkins,1681.03,4
3275,Cheryl Chavez,1680.04,4
1255,Cassidy Paul,1679.63,4
6066,Cindy Wood,1677.74,4
1998,Patricia York,1677.30,4
9051,Tiffany Mcfarland,1676.53,4
3065,Robert Robinson,1676.27,4
969,Megan Fitzgerald,1675.82,4
7946,Wanda Boyle,1674.89,4
6477,Jamie Lambert,1673.22,4
3261,Robert Stokes,1672.70,4
1074,Michael Norris,1672.47,4
7889,Jeffrey Valdez,1671.85,4
4215,Jessica Caldwell,1671.67,4
7802,Latasha Garcia,1671.47,4
3146,Phillip Dennis,1671.32,4
6565,David Rogers,1670.28,4
879,Daniel Ramos,1670.15,4
6833,Nicholas Jackson,1668.73,4
2764,Jodi Cook,1665.51,4
8277,Rebecca Nichols,1664.98,4
9765,James Haley,1664.92,4
9247,Susan Dixon,1664.74,4
1834,Debra Johnson,1664.57,4
7632,Connie Lamb,1662.12,4
9180,Scott Campbell,1660.41,4
7814,Charles Kline,1658.76,4
1547,Aaron Williamson,1658.27,4
993,Ricky Hill,1656.71,4
4813,Christine Cox DDS,1656.41,4
9820,Ronald Matthews,1656.30,4
2518,Brandy Moore,1655.85,4
8099,Penny Porter,1654.69,4
7817,Tina Brady,1651.71,4
6313,Kimberly Cameron,1651.23,4
875,Dr. William Walker MD,1651.03,4
2269,Kyle Curtis,1650.32,4
4933,Tammy Rowland,1650.12,4
3855,Jeanne Evans,1649.92,4
2758,Steven Young,1649.04,4
5573,Laurie Livingston,1648.64,4
8503,Samuel Hampton,1648.18,4
1467,Paul Porter,1647.49,4
7680,Kristen Meza,1647.47,4
4361,Debra Walker,1645.38,4
7658,William Wright DDS,1645.16,4
1754,Melissa Williams,1644.94,4
5389,Sara York,1644.85,4
4186,Douglas Hinton,1644.35,4
8245,Melissa Koch,1643.06,4
505,Joel Mcclure,1642.98,4
9799,Joseph English,1640.76,4
2752,Sharon Evans MD,1640.10,4
6181,Krista Garcia,1639.83,4
9999,David Patterson,1638.13,4
6457,Thomas Perkins,1636.26,4
2960,Kristina Lozano,1635.01,4
5748,Sara Greene,1634.63,4
1536,Teresa Montes,1632.70,4
6791,Dr. Jennifer Rodriguez DDS,1632.29,4
8859,Charles Freeman,1632.08,4
3103,Mario Hernandez,1631.69,4
5710,Makayla Keller,1631.41,4
1121,Jamie Clark,1631.30,4
7751,Vincent Petersen,1629.52,4
7007,Nathan Jones,1629.20,4
9328,Beth Scott MD,1628.35,4
9987,Renee Todd,1628.17,4
2334,William Strickland,1627.75,4
6830,Vanessa Vasquez,1627.05,4
6995,Jimmy Day,1626.76,4
1576,Justin Henry,1625.77,4
8784,Trevor Davis,1625.53,4
3343,Stephanie Lane,1624.88,4
5459,Kyle Rogers,1624.01,4
7034,John Brock,1623.89,4
27,Miguel Jones,1623.46,4
7456,Natasha Mason,1623.08,4
6854,Dakota Willis,1622.91,4
7023,Jessica Woods,1622.64,4
3838,Travis French,1621.31,4
2671,Jimmy Merritt,1621.01,4
1726,Zachary Bonilla,1620.68,4
791,Joseph Williams,1619.45,4
5084,Emily Giles,1619.18,4
3068,Tina Paul,1617.88,4
1804,Christina Sosa DDS,1617.72,4
8585,Amy Johnson,1617.44,4
7104,Natalie Duncan,1617.19,4
7003,Katherine Edwards,1616.67,4
7841,Jamie Bradley,1616.49,4
6415,Ashley Murphy,1616.18,4
137,Pam Lowe,1615.66,4
9867,Thomas Haas,1615.33,4
4584,Daniel Fowler,1614.59,4
8871,Ronnie Ray,1614.28,4
9229,Jim Campbell,1613.62,4
5631,Andrew Dunlap,1612.49,4
8034,Tina Perez,1612.10,4
502,Chloe Rodriguez,1610.69,4
1296,Angela Brown,1610.37,4
5652,Amanda Carlson,1607.70,4
6602,Melanie Sutton,1606.97,4
9175,Mrs. Karen Jackson,1606.24,4
8760,Laura Smith,1605.74,4
7701,Patricia King,1605.50,4
5150,Sean Davis,1605.26,4
8521,Amy Daugherty,1605.15,4
4658,Jessica Ayala,1604.51,4
91,Jerry Pierce,1604.06,4
456,Joshua Murray,1603.89,4
3785,Eric Reid,1603.20,4
6614,Allison Bond,1602.90,4
3842,Joshua Vaughan,1602.42,4
7112,Kevin Jenkins,1602.37,4
3720,Kelly Sanchez,1601.82,4
1273,Antonio Woods,1601.77,4
7262,Dylan Smith,1601.76,4
2735,Lisa Bond,1601.23,4
7140,Amy Curtis,1600.90,4
9717,Ashley Clark,1600.81,4
7323,Mark Wright,1600.36,4
2969,Lee Patel,1599.52,4
6311,Barbara Hogan,1598.70,4
4581,Hannah Williams,1598.20,4
3971,Sharon Mullins,1597.30,4
9858,Jennifer Sharp,1597.01,4
9140,Eileen Morales,1596.78,4
6517,Audrey George,1596.11,4
313,Anita Serrano,1595.79,4
5992,Howard Hanson,1595.76,4
1652,Richard Bond,1594.14,4
1642,Eric Morales,1592.49,4
1321,Sarah Fowler,1592.48,4
2047,Brittney Rivera,1590.20,4
3658,Jonathan Smith,1589.75,4
9400,Courtney Graves,1587.80,4
7350,Cody Torres,1586.04,4
9094,Debra Griffin,1585.47,4
6747,Tara Yoder,1585.37,4
2028,Misty Reed,1584.94,4
8458,Todd Donovan,1584.79,4
9581,Julie Carey,1584.76,4
1067,Greg Wright,1579.58,4
3460,Jane Davis,1579.10,4
3288,Charles Roberts,1579.08,4
6119,Lori Carter,1578.18,4
2039,Gerald Martin,1576.87,4
4874,George Perry,1576.59,4
5970,Samantha Cross,1575.95,4
18,Kristen Lee,1575.62,4
2676,Tonya Long,1574.92,4
1157,Heidi Mullins,1574.51,4
9950,Edward Alvarez,1571.19,4
245,Sharon Robinson,1570.88,4
2353,Robert Summers,1570.64,4
5086,Christina Cline,1570.61,4
5051,Brenda Doyle,1569.98,4
7257,John Harris,1569.89,4
1817,Allison Benson,1569.64,4
376,Kevin Mack,1569.11,4
6896,Paul Gallegos,1567.48,4
7726,Mary Sherman,1567.22,4
7582,Dustin Cruz,1567.19,4
3767,Sara Wallace,1565.71,4
4498,Troy Rose,1565.28,4
3599,Jeffrey Bailey,1564.68,4
4360,Angela Taylor,1564.40,4
3222,Monica Rose,1563.97,4
8122,Mr. Robert Campbell DDS,1563.25,4
1886,Monica Nelson,1562.37,4
7404,Jessica Frost,1562.30,4
5503,Latasha Smith,1561.32,4
8862,Gary Howe,1561.16,4
9007,Stephanie Olson,1560.76,4
3805,Brittney Ayala,1560.18,4
2185,James Ryan,1559.75,4
4169,Laura Davis MD,1558.23,4
6761,Joseph Robertson,1557.22,4
9413,Aaron Brooks,1557.14,4
7854,John Edwards,1557.12,4
2668,James Reeves,1556.57,4
9837,Michael Johnson,1556.38,4
8873,Michael Martin,1555.90,4
7836,Katie Grimes,1555.32,4
7677,Kayla Acevedo,1555.28,4
1821,Belinda Ford,1554.57,4
2496,Michelle Schwartz,1554.03,4
5368,Mr. Timothy Bryant,1553.58,4
3978,Andrew Porter,1553.43,4
5754,Lance Harris,1552.41,4
2344,Sarah Sanchez,1550.66,4
1530,Blake Schaefer,1549.96,4
9994,Brandon Lee,1549.76,4
4909,Kayla Ramos,1549.07,4
9968,Patricia Russell,1547.56,4
3807,Dr. Stephen Payne,1547.43,4
264,Steven Sandoval,1547.31,4
8156,Sandra Perez,1546.66,4
1155,Anthony Luna,1545.88,4
5877,Kelsey Harris,1545.18,4
5821,Jennifer Rodriguez,1545.06,4
3365,Jessica Orozco,1544.99,4
4128,Kayla Barron,1544.65,4
2295,Leslie Horton,1543.76,4
9831,Christian Bradley,1543.24,4
8450,Tracy Smith,1542.50,4
495,Vanessa Strickland,1542.47,4
1199,Luis Williams,1542.23,4
3204,Jonathan Brown,1541.73,4
9217,Robert Maldonado,1541.40,4
5876,Timothy Simmons,1540.84,4
1399,Sarah Thomas,1540.04,4
2046,Denise Hopkins,1537.26,4
6806,Leah Cook,1537.21,4
9414,Gina Mccarty,1536.26,4
4981,Andrew Howard,1536.12,4
5663,Rachel Cherry,1536.03,4
564,Greg Hull,1535.92,4
1879,Jon Edwards,1535.06,4
3629,Melissa White,1534.88,4
3106,Kyle Aguilar,1534.85,4
4022,Brian Mitchell,1533.69,4
9928,Cindy Burns,1533.59,4
4299,Carl Kaufman,1532.53,4
1285,Ashley Roberts,1532.10,4
3304,Christopher Johnson,1531.70,4
6238,David Wong,1530.73,4
2893,Philip Huff,1529.36,4
480,Luis Davis,1527.49,4
9829,Keith Torres,1525.41,4
4282,Sergio Higgins,1525.38,4
3826,Jamie Ramirez,1525.13,4
3693,James Kemp,1522.70,4
7129,Antonio Todd,1521.71,4
9477,Jennifer Vasquez,1519.78,4
4122,Dylan Wilson,1518.78,4
643,Christopher Hunter MD,1518.36,4
5376,Samuel Lambert,1517.53,4
3438,Joy Hubbard,1517.47,4
7579,Charles Stein,1516.84,4
2320,Andrew Clay,1515.93,4
820,Crystal Graves,1515.17,4
9810,Felicia Williams,1514.68,4
2772,Bryan Allen,1514.14,4
5003,Stephen Rodriguez,1513.74,4
5026,Natalie Church,1511.70,4
3377,Maria Conley,1509.99,4
5008,Heather Newman,1509.90,4
9973,Kayla Martinez,1509.38,4
9707,Nancy Gonzales,1509.30,4
3316,Cheryl Cruz,1509.30,4
7988,Allison Delgado,1508.47,4
7586,Sally Davidson,1506.64,4
7990,Kathy Gonzalez,1502.90,4
543,Jeanne Butler,1502.17,4
6804,William Coffey,1502.14,4
2894,James Garcia,1501.64,4
8463,Thomas Stewart,1501.06,4
6591,Antonio Stephens,1499.14,4
6759,Karen Fernandez,1499.06,4
8292,Billy Park MD,1497.13,4
8532,Jesse Mitchell,1496.99,4
6162,Amanda Jackson,1496.96,4
7422,Jose Benjamin,1496.73,4
2406,Jacob Ramirez,1496.30,4
4342,Patrick Mendez,1495.91,4
7286,Nicole Brennan,1495.90,4
3984,Wendy Taylor,1495.78,4
9766,Samantha Weaver,1494.62,4
537,Kendra Snyder,1494.36,4
5465,Paul Charles,1493.93,4
9434,Angelica Gonzalez,1492.99,4
7246,Lee Lopez,1492.86,4
2499,David Campbell,1492.12,4
788,Felicia Williams,1492.10,4
9600,Megan Marquez,1491.86,4
7793,Whitney Huynh,1491.77,4
9764,Colton Church,1491.75,4
4725,Gregory Peterson,1490.55,4
4782,Danny Schultz,1488.88,4
3416,Robert Hunter,1488.43,4
5192,Alicia Beck,1488.06,4
8744,Deanna Castillo,1488.00,4
575,Andrew Conrad,1487.82,4
8667,Natasha Diaz,1487.71,4
2791,Jim Rogers,1486.63,4
771,Scott Martinez,1484.28,4
9033,Kimberly Arias,1484.23,4
9705,Jared Mayer,1483.96,4
4538,Patricia Knight,1483.52,4
6218,Laura Goodman,1483.33,4
722,Stephanie Mullen,1482.02,4
6770,Samantha Martinez,1481.93,4
9667,Robert Benton,1481.91,4
6877,Autumn Martin,1481.24,4
9369,Mark Parker,1479.82,4
9259,Anthony Roberts,1478.92,4
8635,Wendy Lopez,1478.65,4
2005,Jonathan White,1477.52,4
9926,Carolyn Walters,1477.44,4
3645,Benjamin Perez MD,1476.92,4
8098,Brad Schwartz,1475.99,4
4691,Chad Good,1475.25,4
1069,Scott Brennan,1474.88,4
8502,Andrew Rodgers,1473.31,4
2364,Shawn Brown,1472.98,4
5047,Kyle Schwartz,1472.57,4
623,Andrew Rodgers,1472.52,4
712,Tammy Lopez,1472.04,4
286,Steven Scott,1471.63,4
7620,Susan Mack,1471.46,4
4893,Casey Woods,1470.07,4
1127,Debra Poole,1469.04,4
2343,Mrs. Robin Baker,1466.71,4
407,Savannah Ibarra,1466.46,4
9607,Charles Johnson,1466.43,4
9995,Jacob Reynolds,1465.49,4
8917,Daniel Parker,1464.17,4
6202,Marcus Lewis,1463.69,4
9959,Jeanette Perez,1463.50,4
1339,Tiffany Gomez,1463.39,4
177,Kenneth Hanna,1462.86,4
254,Kelly Holder,1462.37,4
7497,Brian Fisher,1462.25,4
8572,Daisy Nguyen,1462.00,4
9647,Jacob Love,1461.90,4
9193,Kevin Butler,1459.84,4
5071,Johnny Hart,1459.79,4
5799,Jamie Berry,1459.62,4
3353,Gregory Farley,1459.34,4
3430,Jesse Allison,1458.94,4
3324,James Ray,1458.09,4
1002,Patrick Proctor,1457.02,4
7428,Scott Gray,1455.93,4
5958,Timothy Hernandez,1454.56,4
6900,Bradley Myers,1453.57,4
9338,Allison Ryan,1453.36,4
2102,James Brown,1453.28,4
3219,Janet Young,1448.81,4
5778,John Bryant,1448.21,4
1639,Tristan Rojas,1447.93,4
4735,Michael Pacheco,1446.26,4
2360,Vanessa Bass,1446.20,4
4667,Chris Harris,1445.41,4
2921,William Russell,1445.07,4
1391,Justin Reyes,1444.11,4
5959,Darlene Chaney,1443.47,4
8471,Robert Alexander,1442.92,4
586,Robert Gross,1442.91,4
3201,Brian Carter,1442.66,4
6404,Cynthia Knight,1442.37,4
992,Tyler Sullivan,1441.14,4
4448,Thomas Tyler,1440.97,4
2507,Jeremy Powell,1440.25,4
8390,Roberta Parker,1439.86,4
2284,Sarah Rodriguez,1439.73,4
4564,Kevin Houston,1438.87,4
178,James Bailey,1438.55,4
7082,Melissa Kim,1437.17,4
5694,Tara Russell,1435.89,4
8410,Stephanie Ellis,1435.15,4
9471,Katelyn Gentry,1433.95,4
12,Gregory Jones,1432.39,4
7287,Jenny Garcia,1430.56,4
7402,Sharon Camacho,1428.70,4
5504,Tanya Williams,1427.59,4
2971,Carlos Ponce,1427.31,4
4994,Bethany Little,1427.24,4
6130,Melissa Oneill,1426.67,4
5697,Ricardo Strong,1425.62,4
7353,Justin Maxwell,1425.03,4
7289,Sarah Thompson,1424.52,4
1087,Kelsey Flores,1424.22,4
3118,Melinda Stone,1423.54,4
1891,Angel Sanchez,1423.50,4
4245,Jessica Watts,1423.11,4
5867,Kimberly Jones,1423.04,4
3898,Judith Mitchell,1421.69,4
164,Cynthia Haas,1421.52,4
9947,Michael Boyd,1420.88,4
220,Cassandra Valenzuela,1420.35,4
3555,Rebecca Warner,1420.19,4
4500,Molly Oconnell,1419.68,4
1933,Melissa Harris,1417.38,4
7529,Emily Ramirez,1417.20,4
5477,Brandon Rosario,1417.08,4
411,Michael Hansen,1416.98,4
5637,Melanie Cabrera,1415.30,4
5731,Claire Shaffer,1414.97,4
9265,Teresa Hunt,1414.78,4
6053,Doris Brandt,1413.85,4
9,Carmen Smith,1410.14,4
932,Carlos Harris,1408.41,4
6589,Karen White,1406.52,4
7915,Carrie Merritt,1404.13,4
5914,Hailey Payne,1404.02,4
6333,Deborah Mcgee,1403.89,4
9277,Lisa Turner,1402.90,4
8484,Cynthia Roman,1401.65,4
4805,Amber Higgins,1401.18,4
3947,Ernest Lowe,1400.90,4
540,Tracy Aguilar,1399.39,4
3652,Vernon Phillips,1399.32,4
6918,Dr. Michele Chen,1397.12,4
4157,Julie Guzman,1397.06,4
2582,Robert Werner,1397.00,4
3034,Brian Dunn,1395.54,4
8881,Denise Garcia,1394.74,4
9442,Charles Martin,1394.45,4
8770,Diana Smith,1393.99,4
3738,Haley Evans,1391.35,4
8240,Richard Martinez,1390.73,4
54,Alexis Baker,1388.58,4
3691,Michael Rodriguez,1387.24,4
7816,Deborah Reynolds,1385.80,4
6594,Alicia Hahn,1385.17,4
8070,Dawn Austin,1384.37,4
9978,Valerie Carter,1384.12,4
9489,Dr. Ronald Todd,1383.15,4
97,Gary Kennedy,1383.03,4
7439,Philip Miller,1382.70,4
1520,Stephanie Chavez,1382.64,4
5009,Sara Watson,1380.38,4
9507,Stacey Jackson,1380.18,4
637,Kristy Reeves,1379.68,4
5103,Eric Martin,1379.04,4
9769,Lynn Davis,1376.77,4
8554,Lisa Carter,1374.93,4
1029,Clayton Torres,1374.61,4
9462,Anthony Joseph,1374.23,4
6270,Patrick Hall,1373.33,4
5868,Jennifer Reid,1372.94,4
578,Jonathan Hernandez,1372.25,4
5620,Melanie Gilmore,1371.04,4
5339,Miss Victoria Solomon,1370.93,4
1014,Robert Kim,1370.64,4
2832,Benjamin Griffin,1370.22,4
7461,Jason Bryant,1370.14,4
8157,Philip Martin,1370.13,4
6956,Erica Lopez,1369.52,4
9878,David Brown,1369.34,4
4962,Andrew Webb,1369.14,4
9405,Matthew Sullivan,1369.13,4
7767,Eileen Wallace,1368.31,4
9894,Kathryn Evans,1368.14,4
7293,Bobby Jones,1367.30,4
7800,Pamela Ford,1366.68,4
2176,Arthur Miller,1366.64,4
6479,Alec Montoya,1366.54,4
2765,Lori Harris,1366.17,4
997,Keith Gibson,1365.38,4
3451,Alejandro Rice,1363.81,4
9115,Ms. Patricia Garza,1363.08,4
1091,Miranda Sanchez,1362.53,4
7670,Cameron Callahan,1362.46,4
8899,Robert White,1361.84,4
9126,Julia Moran,1360.32,4
9166,Lisa Brown,1360.18,4
9306,Susan Dean,1359.95,4
7872,Robin Graham,1359.95,4
6914,Megan Kelly,1359.08,4
5655,Isaiah Hill,1358.14,4
5169,David Landry,1357.58,4
5888,Christopher Klein,1354.07,4
8619,William Hahn,1352.55,4
6518,Amy Miller,1351.76,4
5556,Sandra Moore,1351.72,4
7692,Joanna Mason,1351.31,4
2788,Jennifer Gonzalez,1350.64,4
249,Mary Ryan,1350.47,4
7185,Matthew Daniel,1348.83,4
7218,Marissa Hardin,1347.39,4
7138,Mason Smith,1347.03,4
1322,Lance Smith,1344.80,4
4456,Ashley Roberts,1344.00,4
4003,Robert Perkins,1343.67,4
5382,Jessica Church,1343.26,4
1357,Savannah Beck,1341.83,4
2917,Anthony Brown,1341.55,4
3760,Gregory Sloan,1339.70,4
2743,Jennifer Kidd,1339.05,4
8096,Alyssa Brown,1338.85,4
1398,Christopher Bennett,1336.88,4
5277,James Scott,1336.81,4
2056,Lindsay Davis,1333.04,4
5937,Michael Mckinney,1331.88,4
4701,Jaime Kline,1331.15,4
1588,Matthew Marsh,1330.57,4
3489,April Gibson,1329.61,4
4504,Samantha Finley,1328.48,4
1492,Tonya Holland,1328.11,4
8729,Dr. Catherine Wilkinson,1327.37,4
5314,Diana Griffith,1326.96,4
9541,Mrs. Robin Eaton DDS,1325.97,4
4179,Lauren Rodriguez,1325.46,4
6352,Mark House,1324.33,4
8082,Michael Brown,1324.26,4
1170,Noah Phillips,1323.99,4
9992,Walter Hunter,1323.52,4
2084,John Sullivan,1322.41,4
201,Jesse Jensen,1321.25,4
890,Erin Taylor,1320.75,4
9747,Denise Nelson,1320.22,4
3437,Laura Jones,1319.62,4
9984,Diamond Moore,1319.12,4
2331,Nicholas Castillo,1318.01,4
7157,Laura Lee,1317.68,4
5561,Rachel Wood,1316.87,4
496,Michael Gutierrez,1316.48,4
7064,Angela Nicholson,1314.89,4
1945,Jacqueline Lawson,1314.58,4
4783,Thomas Black,1313.74,4
5186,Eric Lee,1312.93,4
9590,Bruce Frost,1311.46,4
2498,Austin Mckinney,1311.37,4
5546,Lisa Arias,1310.73,4
3592,Eric Parks,1310.37,4
2257,Chad Callahan,1310.12,4
4831,Shawn Smith,1309.77,4
3706,Beth Medina,1309.32,4
4971,Ashley Perkins,1309.14,4
4580,Cory Levy,1308.55,4
1135,Vincent Adams,1308.33,4
6707,Veronica Warner,1308.02,4
3670,Linda Hernandez,1307.86,4
4905,Jeremy Chang,1305.80,4
5271,Patricia Hale,1305.57,4
5706,Teresa May,1304.52,4
8691,Sara Smith,1303.92,4
4271,Michele Butler DDS,1303.41,4
6711,Kaitlyn English,1303.21,4
7032,John Kim,1303.06,4
5698,Emily Alexander,1301.84,4
9238,Lisa Ray,1301.80,4
6008,Mary Giles,1301.62,4
3917,Claire Gray,1301.49,4
4670,Marissa Walter MD,1301.07,4
4011,Melissa Phelps,1300.59,4
678,Juan Carroll,1300.57,4
3302,Christopher Elliott,1300.42,4
8418,Kevin Robles,1299.64,4
8891,Joann Allen,1299.39,4
9578,Calvin Dunn,1299.36,4
7509,Christine Hamilton,1299.30,4
2229,William Mcclain,1298.69,4
7928,Susan Campbell,1298.24,4
127,Mary Kelly,1295.56,4
5545,Michael Esparza,1294.25,4
5785,Mitchell Reynolds,1294.02,4
685,Alexander Stein,1293.78,4
1457,Larry Smith,1293.50,4
4804,Catherine Huynh,1293.10,4
4759,Brooke Allen,1292.29,4
4314,Jeff Norton,1291.92,4
6480,Timothy Wilson,1290.97,4
3656,Brett Martinez,1290.23,4
2598,Brad Cruz,1289.79,4
5304,Justin Boyer,1289.22,4
8305,Todd Johnson DVM,1288.53,4
4550,Jeremy Osborne,1285.71,4
3626,Holly Alexander,1283.75,4
859,James Bryant,1283.74,4
7352,Stanley Martin,1282.84,4
4029,Tina Duncan,1282.17,4
8369,Karen Perez,1282.12,4
4166,Ashley Elliott,1280.80,4
7961,Jeffrey Brewer,1280.28,4
6669,Keith Turner,1279.83,4
1272,Yvonne Adkins,1279.57,4
4822,Jeffrey Foster,1279.32,4
8870,Kelly Weaver,1278.73,4
7002,Andrew Martinez,1278.45,4
4739,Lawrence Reed,1275.78,4
1849,Steven Branch,1275.54,4
10,Kathryn Farrell,1274.48,4
2653,Trevor Henson,1272.90,4
9213,Joann Kelly,1272.08,4
8366,Brenda Murray,1270.34,4
975,Jason Taylor,1269.69,4
3950,Gerald Costa,1269.50,4
5885,Sherry Duncan,1267.98,4
3703,Zachary Jones,1267.50,4
9199,Lisa Davis,1267.47,4
1978,Joseph Powers,1266.47,4
6528,Sean Mejia,1266.43,4
5666,Emily Lynch,1265.23,4
2911,Andrea Stewart,1264.95,4
7648,Colleen Kirk,1264.68,4
941,Rachel Ward,1264.16,4
8856,Christina Moore,1258.65,4
5185,Michelle Adams,1257.91,4
957,Wanda Rogers,1256.65,4
2918,Patrick Bean,1255.42,4
605,Timothy Cowan,1254.51,4
263,Thomas Torres,1253.39,4
2412,Erica Mahoney,1252.50,4
8896,Dennis Price,1252.48,4
716,Dr. Erik Duarte Jr.,1251.35,4
3244,Jeffrey Johnson,1249.92,4
2140,Laura Foster,1249.74,4
2855,Courtney Allen,1249.35,4
3109,Rachel Harris,1248.68,4
3384,Samuel Hernandez,1248.34,4
4513,Barbara Mckee,1247.52,4
6599,Andrew Wilson,1247.46,4
9329,Travis Barnes,1246.37,4
6853,Joshua Gibbs,1246.11,4
5320,Angela Gutierrez,1246.06,4
7076,Christopher Rogers,1246.03,4
5397,Cory Green,1244.71,4
6177,Christian Navarro,1244.25,4
8269,Juan Ortiz,1243.50,4
5788,Zachary Myers,1243.31,4
368,Joseph Thomas,1242.92,4
349,Heather Levine,1242.28,4
9755,Daniel Clark,1241.39,4
361,Denise Miller,1241.30,4
6209,John Blackwell,1240.82,4
4896,Alyssa Jones,1238.33,4
8596,Steven Lopez,1237.94,4
5278,Jared Hammond,1236.37,4
9006,Dawn Young,1236.21,4
8723,Melissa Jacobs,1235.87,4
3675,Gail Glenn DVM,1235.21,4
3203,Tina Rice,1235.14,4
6710,Richard Smith,1234.80,4
6190,Gwendolyn Garcia,1234.28,4
3752,Dana Hanson DDS,1231.45,4
6979,Casey Scott,1231.31,4
4187,Robert Taylor,1230.25,4
4663,James Beck,1229.89,4
120,Mary Miller,1227.56,4
5594,Tracy Holloway,1226.70,4
6680,Jeffrey Lutz,1226.02,4
271,Steven Huang,1225.46,4
6321,Susan Stewart,1224.48,4
4141,Krystal Rollins,1223.30,4
5115,Sandra Bell,1222.98,4
4255,Jason Zamora,1221.48,4
8404,Robert Kelly,1221.46,4
3474,Kathryn Martinez,1221.10,4
6818,Julie Stewart,1220.09,4
9159,Shawn Christian,1217.54,4
6840,Corey Reyes,1216.74,4
5973,Kristine Marsh,1215.79,4
3861,Jessica Wolfe,1214.41,4
7108,Marcia Oconnor,1213.67,4
914,Andre Lee,1213.37,4
9723,Dr. Beverly Martinez,1213.06,4
2601,Ruben Frey,1211.36,4
4191,Bradley Taylor,1210.42,4
680,Kathleen Graham,1208.72,4
4997,Andrew Roth,1208.61,4
9145,Sarah Fox,1208.42,4
9623,Jason Williams,1207.73,4
5226,Henry Schwartz,1203.09,4
9046,Donald Arias,1202.02,4
4132,Jacob Thomas,1200.09,4
4815,Robin Drake,1199.25,4
4586,Shane Bryant,1198.07,4
5386,Lisa Thomas,1197.97,4
8737,Eric Garza,1197.64,4
2145,Robert Myers,1197.19,4
8352,Marissa Martin,1197.13,4
1245,Chelsea Grant,1196.28,4
7311,Brandi Chaney,1192.74,4
4362,Alexander Paul,1192.68,4
2592,Ashley Black,1191.99,4
7327,Derek Walters,1190.94,4
6420,Robert Smith,1189.84,4
4431,Russell Ortiz,1189.45,4
4417,Veronica Alvarado,1189.37,4
736,Tracey Lopez,1187.45,4
5388,Christopher Sharp,1187.44,4
7815,Marcus Cochran,1186.12,4
9875,Amy Russo,1185.67,4
2572,Heidi Reed,1185.27,4
6423,Jeremiah Blackwell,1184.62,4
4566,Adam James,1183.03,4
2354,Nicole Freeman,1182.85,4
1969,Donna Caldwell,1182.69,4
5864,Robin Gay,1182.48,4
3797,Jennifer Bell,1181.93,4
7490,Eric Hines,1181.22,4
3464,Angela Morse,1180.79,4
592,Raven Williams,1180.14,4
933,Ms. Kayla Williams,1178.30,4
1377,William Jackson,1177.98,4
9184,Douglas Sweeney,1176.39,4
6237,Jamie Foley,1173.46,4
3735,Andrew Stephens,1172.14,4
7643,Misty Fitzgerald,1172.09,4
3126,Jacob Johnson,1170.57,4
343,Drew Burke,1169.46,4
1516,Dana Murray,1169.38,4
3027,Danielle Martin,1166.27,4
8088,Julia Patterson,1164.16,4
3940,Kayla Jones,1164.12,4
1619,Robert Wilson,1162.47,4
6026,Crystal Reyes,1162.36,4
52,Jeremy Young,1161.10,4
4877,Hayley Brooks,1160.07,4
9387,Joshua Miller,1159.37,4
1757,Kurt Hernandez,1159.08,4
8483,Jordan Conrad,1158.08,4
3977,Jennifer Rowland,1157.74,4
3115,Donald Martinez,1157.47,4
2217,Regina Flowers,1156.55,4
6749,Cheyenne Melendez,1150.48,4
9041,William Obrien,1148.52,4
8032,Cheryl Hamilton,1148.25,4
3501,Julie Sanchez,1147.25,4
1563,Samuel Williams,1147.05,4
8602,Raven Velasquez,1146.11,4
624,Charles Davila,1145.12,4
3718,Alexandra Brown,1144.59,4
5156,Helen Miller,1143.79,4
4412,Melissa Williams,1141.02,4
6301,Kelly Young,1140.44,4
5835,Frank Hughes,1140.43,4
4604,Mrs. Kimberly Petersen,1138.08,4
9528,Stephen Vaughn,1138.06,4
8074,Robert Carey,1136.37,4
1968,Michelle Shelton,1134.49,4
8932,Sherry Hays,1134.47,4
2361,Daniel Baker,1134.36,4
5999,Morgan Nicholson,1134.05,4
9479,Mary Duncan,1133.04,4
5642,Richard Harris,1132.09,4
7562,Kim Stevens,1131.11,4
8155,Kevin Baker,1131.02,4
7151,John White,1130.63,4
677,Mary Hill,1129.28,4
7534,Bradley Bennett,1128.65,4
3277,Heather Sweeney,1127.45,4
2519,Jason Sampson,1126.86,4
3160,Melinda Taylor,1126.81,4
6890,Melissa Jones,1126.51,4
7835,Matthew Mccarty,1126.00,4
5840,Lonnie Nguyen,1125.49,4
7822,Pamela Brown,1125.01,4
9294,Mrs. Jessica Hughes,1123.80,4
1421,Keith Taylor,1123.34,4
9559,Mary Lara,1121.86,4
156,Rodney Watson,1121.05,4
6401,Benjamin Schultz,1120.97,4
3231,William Hansen,1120.54,4
7000,James Campbell,1119.41,4
6650,Kathleen Scott,1119.19,4
2111,Bradley Sullivan,1116.06,4
3495,Christopher Pittman,1115.95,4
6192,Amanda Hale,1115.44,4
9021,John Hood,1113.91,4
6370,Kathy Duncan,1113.37,4
7387,Jaime Bishop,1113.23,4
3487,David Vazquez,1112.24,4
6260,Michael Cook,1112.12,4
9156,Nancy Wilson,1112.09,4
4644,Gina Giles,1112.08,4
3713,Brittany Hernandez,1110.34,4
802,Brandon Duffy,1107.46,4
6957,Amanda Harrison,1107.42,4
4605,Scott Brown,1105.49,4
9015,Douglas Anderson,1105.38,4
96,Angela Bradshaw,1105.27,4
4772,Christopher Berry,1103.90,4
4300,Patricia Williams,1102.81,4
187,Christine Jennings,1101.13,4
9709,Kristin Lee,1100.58,4
4117,Lisa Coleman,1100.56,4
1336,Cathy Reynolds,1099.76,4
9327,Elizabeth Turner,1098.85,4
7569,Brian Scott,1095.50,4
3845,Ronald Obrien,1095.48,4
554,Kelly Palmer,1095.07,4
5325,Joseph Todd,1094.86,4
7057,Kimberly Young,1094.52,4
6239,Shawn Coffey,1094.15,4
1610,Alexander Peters MD,1092.68,4
2656,Jason Underwood,1090.81,4
6531,Debbie Williams,1089.59,4
7540,Patrick Jordan,1088.70,4
8286,John Owens,1088.36,4
8751,Michael Sweeney,1087.25,4
851,Tara Jones,1086.59,4
1741,Justin Eaton,1086.31,4
6989,Michael Fischer,1085.65,4
419,Tracy Blackwell,1083.86,4
646,Sandra Stewart,1081.95,4
1290,Caitlyn Salazar,1081.81,4
3946,Latoya Nelson,1081.32,4
5590,Brandon Meyers,1081.08,4
9420,Nicole Allen,1080.88,4
3679,Troy Franco,1080.76,4
1328,Michelle Glass,1080.52,4
5707,George Whitney,1079.30,4
4671,Colton Rojas,1078.92,4
424,Crystal Cummings,1078.10,4
3622,Mary Franklin,1077.32,4
6689,Melissa Bates,1077.24,4
6078,Russell Vance,1077.19,4
3276,Shannon Mccullough,1075.09,4
304,Joshua Reynolds,1073.39,4
1714,Cynthia Ballard,1069.44,4
465,Kelly Andersen,1068.03,4
4005,Gary Carter,1067.79,4
2500,Andrea Daniels,1065.95,4
7182,Keith Simmons,1065.83,4
9945,Melanie Tanner,1064.65,4
9071,David Gregory,1063.04,4
1298,Sara Wallace,1062.20,4
319,Danielle Murphy,1059.86,4
8494,Lisa Green,1059.36,4
6005,Jamie Lawrence,1058.16,4
4039,Jeffrey Allen,1057.72,4
4108,Edwin Shannon,1056.83,4
1928,Patrick Harrison,1056.16,4
4496,Christina Wilson,1056.16,4
7813,Marie Meza,1054.53,4
1537,James Little,1054.13,4
1805,Evan Perkins,1052.35,4
8603,Shannon Navarro,1051.81,4
5174,David Blackwell,1050.09,4
2978,Michael Huff,1048.38,4
2831,Brenda Anderson,1048.15,4
4281,Susan Smith,1043.66,4
1292,Donald Wood,1043.14,4
1403,Sarah Griffin,1042.99,4
770,Mrs. Donna Rice,1042.29,4
234,Michael Brown,1042.29,4
2132,Tina Green,1042.29,4
9625,Savannah Myers,1041.98,4
6272,Briana Ponce,1041.43,4
6966,Martha Roberson,1040.16,4
580,Thomas Dodson,1039.18,4
4567,Jason Webb,1039.13,4
2568,Brenda Larsen,1039.07,4
6673,Dr. Derek Ferguson,1036.98,4
6406,Jason Kennedy DDS,1036.77,4
8385,Mr. Richard Terry,1035.76,4
9989,Kristi Joseph,1034.30,4
9469,Judy Cochran DVM,1033.83,4
41,Janet Weeks,1033.16,4
3723,Jeffrey Smith,1032.10,4
1334,Lisa Roberts,1031.52,4
9385,Shannon Walker,1031.24,4
2521,Deborah Garcia,1030.81,4
1454,Thomas Lopez,1028.40,4
2696,Joanna Alexander,1028.11,4
5522,Lori Peterson,1026.82,4
3885,Ashley Blankenship,1026.60,4
1477,Anna Novak,1025.79,4
3008,Monique Graves,1024.11,4
4942,Jason Harris,1023.57,4
2238,Justin Schultz,1023.08,4
2408,Francisco Ramsey,1022.68,4
6047,Lisa Francis,1022.21,4
5489,Thomas Parsons,1021.50,4
4338,Shannon Wheeler,1021.03,4
3926,George Cook,1020.63,4
6478,David Brown,1018.70,4
9425,Brian Blair,1018.46,4
1271,David Stephens,1016.54,4
3415,Amanda Brown,1016.28,4
8538,Patricia Travis,1015.98,4
8276,Katherine Caldwell,1014.90,4
2642,Mr. Thomas Mcdowell,1013.57,4
9384,Sharon Morris,1012.88,4
4470,Anne Strong,1012.64,4
609,John Huff,1012.44,4
1142,Kerry Gallegos,1011.10,4
6429,Darrell Powell,1008.19,4
7181,Joseph Davis,1008.12,4
3484,Jennifer Long,1005.24,4
2400,David Cohen,1003.52,4
7418,Gary Wallace,1003.41,4
1183,Cheryl Stevens,998.94,4
1353,Adrian Howell,998.60,4
9386,Dr. Andrew Bowen,998.57,4
651,Gene Jones,998.39,4
4388,Karen Williamson,998.31,4
5471,Whitney Garcia,996.89,4
7627,Robert Brown,996.51,4
5272,Brandon Wilson,995.04,4
8019,Ashley Wilson,994.93,4
3485,Kristina Garcia,994.82,4
1410,Shawn Patel,992.53,4
9745,Monique Harris,992.30,4
5362,Patricia Noble,989.75,4
9598,Daniel Novak,987.67,4
279,Kimberly Rogers,986.99,4
8327,Amanda Henderson,984.29,4
2977,James Estrada,982.92,4
8262,Sheila Bell,982.55,4
2116,Carl Crawford,982.44,4
6516,Christina Pham,981.68,4
2162,Victoria Johnson,981.22,4
7437,Lisa Davis,981.07,4
6539,Joel Robinson,980.83,4
3655,Luis Taylor,980.52,4
8777,Donna Jones,979.82,4
6411,Dorothy Thompson,978.81,4
9439,Caroline Flores,978.03,4
7861,Adrian Porter,978.01,4
4650,Heather Jones,977.97,4
335,Sheena Burton,977.69,4
9503,Edward Henry,977.42,4
5449,Ms. Diane Mendoza,976.44,4
2248,Justin Romero,976.18,4
910,Jessica Baker,974.42,4
4080,Michelle Carroll,971.44,4
4209,Kimberly Pollard,971.21,4
7302,Jonathan Walsh,967.99,4
6349,Colleen Rodriguez,966.10,4
8119,Rebecca Stein,965.81,4
4606,Tom Price,964.86,4
2357,Mary Davis,964.75,4
2181,John Smith,963.60,4
3020,Carlos Ramos,962.47,4
8266,Christine Taylor,960.08,4
4446,Deanna Lamb,959.28,4
6201,Megan Eaton,958.59,4
1078,Amanda Davis,957.60,4
7749,Debra Hubbard,957.15,4
8817,Brian Torres,956.13,4
4156,Kayla Perez,954.90,4
6942,Sarah Jimenez,954.81,4
629,Katherine Young,951.03,4
2636,Stephanie Salazar,950.90,4
2885,Angela Collins,950.40,4
6085,Karen Lewis,950.35,4
4286,Danielle Martin,950.28,4
8526,David Gallagher,950.18,4
9391,David Williams,949.25,4
2265,Melissa Sweeney,948.40,4
6233,Richard Nguyen,947.36,4
1342,Andrew Patton,946.78,4
7578,Roy Carter,944.63,4
3,Tricia Valencia,943.54,4
8204,Jamie Vargas,941.78,4
103,Joseph Wilson,941.03,4
2723,Mr. Leonard Stanton,938.23,4
9377,Ashley White,937.70,4
6538,Christopher Gonzalez,935.81,4
3529,Denise Thomas,935.40,4
6868,Rebecca Thomas,934.61,4
1755,Brad Adams,933.85,4
7978,Margaret Mccarty,933.47,4
7683,Daniel Newman,932.14,4
9348,George Odom,932.13,4
3072,Michael Garza,931.67,4
4277,Phillip Martinez,930.90,4
1491,Rachel Koch,930.18,4
1335,Annette Simpson,930.16,4
1729,Curtis Beck,928.97,4
6296,Shawn Jefferson,927.27,4
4130,Leslie Martin,925.59,4
3559,Sandra Diaz,925.18,4
8242,Derek Lee,923.83,4
8693,Frank Hubbard,921.01,4
2250,Nicholas Rasmussen,919.07,4
1444,Mr. Ross Cox,918.62,4
3809,Dawn Golden,917.79,4
522,Anna Snyder,916.99,4
2197,Mr. Christopher Martin,916.93,4
8786,Anthony Richards,916.68,4
590,Ashley Donaldson,913.65,4
8631,Tiffany Peterson,910.76,4
687,Kimberly Price,908.14,4
1989,Anthony Thompson,907.69,4
6994,Nicholas Mcdowell,904.15,4
7823,Victoria Walters,902.54,4
4648,Jeremy Mooney,901.94,4
5595,Nicholas Gomez,901.73,4
294,Laura Johnson,899.76,4
9610,Elizabeth Murphy,898.58,4
2352,Mary Martinez,898.29,4
2646,Desiree Adams DVM,895.54,4
2318,April Flowers,895.25,4
6655,Darin Brown,894.94,4
8488,Christopher Myers,894.15,4
9690,Diana York,891.79,4
4952,Courtney Jones,890.32,4
6468,Mrs. Amanda Garcia,888.89,4
56,Kerry Chavez DDS,888.32,4
1836,Derek Lozano,887.48,4
7475,Richard Wilkerson,887.18,4
991,Frederick Molina,886.91,4
2455,Mark Torres,886.85,4
7229,David Cobb,886.24,4
6452,Taylor Bennett,884.88,4
3695,Ronald Graham,883.94,4
7195,Jason Jackson,883.82,4
3671,Shirley Huang,880.46,4
6546,Breanna Graham,879.89,4
1550,Michelle Walker,879.35,4
3665,Whitney Mclaughlin,875.15,4
3857,Tony Powell,874.54,4
9915,Chase Burgess,871.64,4
7699,Sean Howard DDS,869.87,4
8683,Debbie Frye,869.43,4
4223,Laurie Rivera,869.39,4
6426,Kimberly Morris,869.26,4
2431,Renee Lowery,868.88,4
6443,Joanna Winters,867.13,4
5052,Autumn Wallace,866.65,4
5279,Courtney Craig,861.52,4
3569,Roy Espinoza,861.51,4
7143,Fred Mckenzie,861.43,4
9170,Benjamin Spencer,861.41,4
819,Jessica Carr,859.56,4
6150,Henry Beasley,859.27,4
5001,Sarah Long,859.25,4
1088,April Smith,858.16,4
1368,Jane Frank,858.12,4
1701,Jennifer Clay,857.89,4
192,Sheryl Acosta,857.84,4
1727,Mariah Nolan,857.40,4
7326,Angel Lee,854.03,4
3957,Jonathan Foster,852.58,4
801,Donald Skinner,852.45,4
5630,Kevin Mclaughlin,851.09,4
7622,Debra Booth,848.93,4
2492,Brianna Smith,846.04,4
7717,Megan Rocha,845.72,4
7782,Ashlee Wolf,845.30,4
5171,Melissa Daniels,843.37,4
8901,Tina Reynolds,842.99,4
6275,Nathaniel Drake,842.98,4
3662,James Mccormick,841.83,4
662,David Blair,838.43,4
6991,Christopher Reed MD,836.67,4
3273,Anita Vargas,835.84,4
8773,Robert Nicholson,832.96,4
7482,Gabrielle Smith,832.49,4
2438,Laurie Stanley DVM,829.17,4
5979,Chris Jones,828.07,4
2909,Jerry Garcia,827.45,4
6421,Patricia Guzman,825.35,4
2713,Laura Mckenzie,825.10,4
237,Arthur Johns,819.64,4
5061,Alyssa King,819.60,4
4284,Dan Thompson,819.29,4
4275,Teresa Torres MD,819.27,4
2150,Anthony Williams,818.97,4
2539,Sean Lopez,818.28,4
4832,Leah Copeland,815.70,4
5,Carmen Rose,813.97,4
8764,Katie Freeman,813.62,4
5294,Dennis Dixon,813.59,4
3230,Scott Gould,813.12,4
4339,Nancy Howard,812.89,4
4206,Francis Robinson,811.65,4
4828,Henry Gomez,811.26,4
8568,Jack Kennedy,810.86,4
4235,Cynthia Alvarez,809.84,4
9494,Gregory Hanson,808.90,4
8115,Mallory Hobbs,808.49,4
1126,Ryan Powell,807.82,4
4850,Robert Sandoval,807.26,4
1525,Matthew Sullivan,806.80,4
7916,Stephen Butler,806.65,4
1011,Kimberly Johnson,806.03,4
6332,Jonathan Cooley,805.09,4
9453,Laura Chambers,804.14,4
6633,Michael Decker,802.12,4
4742,Thomas Trevino,801.78,4
3620,Austin Scott,801.61,4
5366,Diane Garrett DVM,800.42,4
7654,Cassie Bryant,799.09,4
8847,Troy Allen,798.69,4
3252,Lisa Woods,797.32,4
3292,Caroline Christensen,794.75,4
1586,Michael Gilbert,792.84,4
6526,George Burns,792.62,4
8461,Erin Brock,792.14,4
3528,Meghan Hale,788.97,4
9335,Dr. Jason Valenzuela,785.98,4
2774,Ellen Lowe,785.77,4
9219,Mark Taylor,785.42,4
5565,Lori Martinez,785.38,4
6819,Misty Taylor,784.27,4
7806,Christopher Villarreal,784.23,4
7005,Charles Browning,780.70,4
7252,Zachary Williams,779.27,4
7669,John Williams,777.91,4
8954,Michael Wilson,777.67,4
7949,Brandon Liu,777.30,4
4571,Michael Howard,777.06,4
682,Patricia Jones,776.14,4
6184,Matthew Lee,772.91,4
7343,Stephanie Santana,772.85,4
6917,Elizabeth Allen,772.14,4
3815,Samantha Santana,771.20,4
7298,Laura Navarro,770.85,4
9136,Debbie Stephens,769.57,4
9629,Matthew Mcguire,769.43,4
8421,Mr. Anthony Parker,769.19,4
579,Sandra Johnson,768.97,4
3989,Deborah Gonzalez,767.42,4
4539,Cynthia Castillo,766.90,4
2698,Mr. Brian Herrera DDS,766.02,4
4484,Gerald Taylor,764.78,4
1318,David Wright,762.01,4
5681,Randy Wright,761.02,4
8389,Mrs. Joanna Cordova,760.17,4
236,Eddie Adams,759.62,4
9148,William Contreras,759.30,4
2381,Cameron Perry,758.33,4
7470,Jermaine Stanley,757.71,4
8645,Jeffery Davis,756.53,4
8216,Derek Long,754.10,4
1412,Brandon Harris,753.63,4
3956,Dr. Sherri Sherman,753.03,4
5898,Donna Reynolds,752.74,4
3673,Michael Garcia,752.65,4
3514,Eric Potter,751.19,4
1819,Ryan Hopkins,750.43,4
1634,Marissa Acosta,750.04,4
7545,Lisa Pollard,743.82,4
2065,Billy Kelly,741.38,4
167,Elizabeth Davis,741.05,4
2388,Brooke Williams,740.92,4
5996,William Eaton,740.00,4
9836,Jennifer Bernard,739.30,4
302,Barbara Gates,738.20,4
6113,Deborah Ruiz,737.47,4
2939,Kimberly Baker,736.67,4
2373,Brittany Taylor,736.02,4
7208,Daniel Moreno,735.75,4
3164,Amy Smith,734.78,4
4561,Brandon Ellis,728.31,4
5224,Jodi Sims,728.05,4
7986,Danielle Rodriguez,726.62,4
5361,Michelle Bell,725.79,4
9715,Margaret Stevenson,725.14,4
665,Jim Rodriguez,724.04,4
548,Jason Johnson,723.12,4
7087,Leslie Henderson,719.36,4
309,Charles Valdez,716.23,4
7066,Kerri Cox,715.20,4
460,Autumn Robertson,712.40,4
6578,Leslie Kirby,712.25,4
847,Ronald Khan,711.79,4
8017,Stephanie Arellano,711.19,4
757,Benjamin Martinez,711.10,4
7771,Catherine Jones,711.05,4
4092,Andrea White,710.11,4
6335,Robert Larson,706.84,4
5632,Matthew Rodgers,706.79,4
7492,Joseph Chan,706.50,4
8002,Bradley Frazier,706.33,4
943,Jacqueline Bass,705.28,4
871,Sandy Todd,704.79,4
9660,Richard Sheppard,703.99,4
6694,Bianca Palmer,703.93,4
8818,Teresa Miller,702.79,4
5283,Rebecca Miranda,702.72,4
9542,Kevin Nelson,702.41,4
3867,Stephanie Bowman,702.03,4
3321,Deborah Harris,701.07,4
1942,Michelle Dawson,700.76,4
4852,Rachel Mitchell,699.91,4
2260,Joel Merritt,696.42,4
4030,Carl Frazier MD,695.72,4
3241,Jesus Turner,695.23,4
7499,Emily Malone,691.50,4
9129,Erica Powell,691.29,4
7445,Jerry Stephenson,690.43,4
5539,Vicki Reed,689.82,4
7176,Kevin Cabrera,687.79,4
1744,Todd Stone,687.54,4
1083,Brian Andrews,686.75,4
5273,April Fritz,685.49,4
9151,Kevin Perry,684.77,4
4144,Mr. James Chapman MD,684.70,4
3067,Amy Moore,676.43,4
5433,Jeffrey Griffin,674.80,4
8547,Latoya Jones,673.59,4
7993,Kristin Calhoun,672.40,4
7624,William Rodgers,669.98,4
6720,Miranda Kennedy,667.97,4
5659,Bryan Berry,666.58,4
7584,Douglas Rogers,666.02,4
9024,Brandon Torres,664.81,4
1060,Daniel Johnson,663.11,4
1906,Chad Atkins,662.48,4
5265,Samuel Harris,659.90,4
1363,Douglas Brown,659.35,4
3581,James Hansen,658.63,4
7250,Jasmine Rogers,658.57,4
9280,Jeffery Foster,658.37,4
5584,Joseph Hudson,656.72,4
9844,Paul Sutton,656.49,4
7796,Patrick Woods,655.26,4
7099,Samantha Diaz,655.24,4
1504,Lori Guerrero MD,655.00,4
1159,Jonathan Rivera,653.73,4
9211,Janet Roberts,653.15,4
9594,Robert Lee,651.56,4
7396,Nicole Guerrero,650.81,4
3712,Susan Martinez,650.64,4
1897,Gary Hunter,650.44,4
6050,Andrew Chen,646.96,4
4723,Joseph Brown,645.74,4
9392,Allen Saunders,643.28,4
1274,Shawn Patton,641.49,4
7866,William Hernandez,639.78,4
8478,Mrs. Natasha Scott,639.18,4
5560,Kimberly Kline,638.87,4
958,Jeffrey Sloan,637.61,4
1827,Richard Carson,637.11,4
5534,Brian Cooper,636.05,4
6570,James Young,635.64,4
7012,Amy Oliver,634.73,4
3329,Rebecca George,634.69,4
4486,Kimberly Bush,634.29,4
4514,Pamela Lewis,634.09,4
1732,Timothy Martinez,630.61,4
5758,Leslie Mendoza,630.60,4
3979,Shannon Moore,629.86,4
3595,Darlene Mcgee,629.81,4
602,Joseph Newman,628.78,4
2133,David Johnson,628.46,4
2900,Patrick Brooks,628.24,4
3446,Sarah Williamson,625.23,4
8767,Kenneth Morales,624.30,4
20,Mark Lee,623.56,4
6775,Joseph Harris,616.62,4
2639,Grace Hill,613.52,4
3022,Donald Gonzalez,612.45,4
9269,Rachel Kelly,605.77,4
3094,Laura Koch,604.41,4
5622,Lori Cole,602.18,4
6609,Kristin Ingram,599.81,4
3783,Jerry Stewart,597.74,4
1923,Patricia Chen,596.57,4
2892,Aaron Willis,591.93,4
5995,Victor Baker,591.69,4
762,Brian Miller,591.02,4
6504,Brian Jimenez,589.24,4
2087,Kenneth Rodriguez,588.77,4
5013,Travis Craig,586.67,4
4411,Jason Perez,586.03,4
6214,Jonathan Henry,585.07,4
725,Carl Blanchard,583.58,4
3538,Michelle Cook,582.10,4
3983,Kelly Barron,580.65,4
3944,Cathy Mann,580.45,4
8739,Heather Burton,578.18,4
3512,Angela Perry,577.33,4
2097,Shawn Martinez,576.76,4
3064,Brett Walker,574.52,4
7494,Tyler Oneal,574.09,4
3540,Megan Duncan,573.47,4
7684,Cassandra Dawson,572.24,4
193,Danielle Reed,571.11,4
582,Amanda Landry,570.10,4
2707,Brian Glover,569.88,4
9239,Mary Ramos,567.29,4
34,Jamie Kerr,564.51,4
5828,Carrie Perkins,564.13,4
1136,Joe Chapman,564.12,4
7957,Rebecca Gonzalez,564.09,4
5138,Jerry Miller,564.01,4
4088,Carlos Lee,562.83,4
4761,Brittany Brown,561.57,4
9263,Lauren Johnson,561.21,4
5188,Jennifer Snyder,560.09,4
7970,Julie Roberts,558.49,4
3457,Clayton Holmes,558.41,4
9582,Alexis Smith,558.05,4
5768,Erica Kaufman,557.48,4
2516,Mr. Timothy Garcia,556.88,4
19,Michael Dixon,555.54,4
5148,Danielle Ford,554.19,4
5497,Hannah Roach,550.59,4
3318,Steven Santana,547.21,4
69,Erin Anderson,543.23,4
1605,Matthew Trevino,540.34,4
2806,Michelle Park,536.53,4
7486,Amanda Webb,535.75,4
7607,Jerry Parker,535.75,4
3440,Keith Peters,535.31,4
8165,Christopher Mcdonald,533.82,4
9293,Pamela Gilbert,532.02,4
6400,Kathryn Patterson,530.96,4
2721,James Moore,528.65,4
2045,Jennifer Flores,524.66,4
2677,Whitney Humphrey,524.44,4
9406,Michelle Harris PhD,521.83,4
9359,Lisa Jackson,521.52,4
6612,Joseph Martinez,519.85,4
4269,Jennifer Smith,519.57,4
5965,Kevin Morris,518.66,4
4684,Valerie Gonzalez,517.13,4
1382,Jessica Stanley,513.35,4
3829,Joseph Thompson,513.22,4
1839,Samuel Conway,512.51,4
987,James Reed,511.17,4
3043,Amy Jordan,510.58,4
6131,Maria Lewis,510.55,4
9556,Chris Jones,509.97,4
4379,Nancy Rodgers,509.89,4
118,Emily Ali,509.77,4
6157,Samantha Thomas,509.68,4
6821,Dr. Ashley Flores,509.67,4
1446,Claire Mcmillan,506.67,4
113,Gary James,503.06,4
1358,Toni Lamb,502.50,4
1678,Jennifer Kelley,500.57,4
5391,Albert Rose,499.83,4
6347,Rose Davidson,499.21,4
5695,George Sanchez,498.95,4
9648,Holly Warner,497.41,4
7153,Ashley Smith,497.35,4
5254,Katie Cox,497.02,4
1843,Joshua Herring,494.11,4
5705,Angela Buckley,493.23,4
9212,Herbert Horne,492.30,4
4238,Gabrielle Wilson,491.71,4
1343,Richard Davis DDS,491.68,4
2090,Anthony Elliott,491.16,4
768,Debra Logan,490.16,4
3869,Jessica Bell,489.26,4
5381,Vincent Price,488.63,4
9076,Daniel Everett,486.41,4
9942,Hector Hess,485.00,4
8930,Melinda Solomon,484.60,4
7317,Chad Burns,483.58,4
4806,Chase Rice,482.26,4
8750,Sara Burns,480.81,4
1501,Shane Smith,480.18,4
7084,Jose Lang,480.09,4
3904,Dana Miller,477.80,4
631,Ronald Hines,477.68,4
9483,Robert Gould,477.42,4
2167,Randy Evans,477.20,4
5311,Tracy Lee,476.38,4
9618,Elizabeth Everett,476.35,4
8112,Anna Johnson,475.08,4
8365,Darren Wiley,466.82,4
6087,Mark Hughes,464.35,4
7611,Derek Cross,464.30,4
6390,Christopher Zamora,464.27,4
6089,Angela Wilson,463.03,4
2358,Stacey Martin,462.22,4
6700,Sarah Hall,460.55,4
5180,Kevin Brewer,460.46,4
9172,Kathy Barnett,460.40,4
6254,Anthony Bowen,459.14,4
6903,Cassandra Newton,458.60,4
2015,William Hall,458.48,4
7263,Antonio Pierce,457.33,4
6973,John Weeks,456.69,4
3816,Tonya Greer,455.19,4
3674,Tiffany Harris,452.19,4
723,Kari Edwards,452.12,4
4765,Veronica Bradley,451.93,4
8643,Jacqueline Casey,451.89,4
3847,Eddie Beasley,451.27,4
145,Antonio Mccormick,448.47,4
3511,Jill Torres,446.98,4
1154,Donald Morris,445.18,4
1288,Heather Hernandez,445.04,4
4603,Melvin Munoz,442.35,4
1234,Keith Mccormick,442.28,4
923,Bob Lane,437.27,4
2211,Mark Henson,436.94,4
6586,Teresa Cabrera,436.49,4
544,Kelly Roberts,432.81,4
3071,Dr. Margaret Williams MD,431.65,4
3883,Nancy Khan,430.90,4
9851,Sandra Fritz,430.39,4
7965,Linda Browning,429.74,4
2127,Karen Davis,429.54,4
4036,Kimberly Stewart,425.90,4
9642,Leslie Robinson,424.22,4
3450,Chad Landry,422.29,4
9675,Roberto Chavez,422.28,4
4881,Shannon Perry,418.80,4
6034,Roberta Henson,417.02,4
3721,Chelsea Mcpherson,416.46,4
6962,John Jones,412.30,4
698,Brian Hall,409.26,4
1225,Jessica Jackson,406.15,4
3935,Heidi Morales,405.97,4
8524,Dean Hodge,404.64,4
860,Melissa Hall,401.63,4
9513,Lauren Copeland,399.97,4
7901,Miguel Miller,399.44,4
248,John Dillon,398.55,4
3543,Dr. Miguel Brown,397.77,4
98,Amanda Huff,397.70,4
5761,James Diaz,396.37,4
7024,Daniel Howard,393.94,4
4882,Christopher Riley,390.02,4
7390,Gregory Wells,388.56,4
6925,Evan Ortiz,386.54,4
6020,Omar Campbell,384.86,4
3987,Ashley Bauer,383.40,4
9226,Charles Rogers,383.10,4
4468,Jose Dawson,382.78,4
3144,Jasmine Fowler,382.74,4
2134,Stephanie Roman,382.17,4
7712,Jason Guzman,380.09,4
6328,Rachael Drake,379.70,4
664,Steven Scott,379.27,4
7907,Dennis Williams,378.08,4
1371,Krystal Watkins,374.15,4
8988,Jonathan Jackson,373.17,4
8149,Dylan Olson,368.91,4
5237,Brad Cruz,366.34,4
9526,Tamara Anderson,365.87,4
9437,Jasmine Miller,365.46,4
7874,Elizabeth Jimenez,362.69,4
7224,Brittany Ruiz,361.38,4
5218,Marcus Brown,361.32,4
5905,Dr. Donald Martinez MD,359.42,4
5012,Norma Weeks,358.06,4
7467,Lisa Graham,355.95,4
9038,Mike York,354.10,4
362,Margaret White,350.43,4
2504,Jake Brown,347.79,4
6832,Darryl Spencer,347.76,4
4640,Dawn Atkins,344.99,4
1831,Claudia Watson,341.62,4
8445,John Bennett,340.12,4
622,Bryan Burns,338.38,4
2310,Danielle Stewart,338.10,4
1555,Jessica White,334.46,4
7221,Barbara Marshall,333.34,4
6837,Alice Watson,331.26,4
5887,Jacqueline Andrews,330.38,4
5498,Chase Harris,329.69,4
2403,Daniel Harrington,328.88,4
7581,James Brown,328.57,4
620,Carl Hunter,326.90,4
3168,Michelle Jackson,321.19,4
618,Michael Cordova,320.61,4
4153,Glenda Parks,318.48,4
3554,Eugene Miller,318.40,4
3205,Donald Mcclure,317.90,4
5004,Amy Brandt,317.67,4
947,Brandy Williams,317.09,4
3612,Sean Blevins,313.43,4
8610,Mark Martinez,313.18,4
1384,Darrell Carter,311.98,4
5880,Joseph King,309.54,4
2751,Jeffrey Jones,309.07,4
1676,Carol Wilson,304.82,4
960,Catherine Brown,304.41,4
8540,Eddie Wallace,298.19,4
3997,Kelsey Fisher,295.54,4
7787,Robert Glenn,287.84,4
6933,Ellen Tanner,284.27,4
5521,Jasmine Moore,284.11,4
2664,Kimberly Hutchinson,281.76,4
3346,Thomas Hernandez,276.89,4
4328,Sara Stout,270.71,4
7334,Maria Thomas,267.91,4
6482,Chase Skinner,261.56,4
8321,Richard Bartlett DDS,261.31,4
1066,Heather Clarke,259.98,4
3583,Phillip Hatfield,257.34,4
5918,Charles Martin,256.94,4
8423,Michael Henderson,255.11,4
3772,Patrick Obrien,253.19,4
9751,Karina Bennett,251.77,4
9497,Alyssa Meyers,246.17,4
3439,Cynthia Pruitt,242.77,4
9001,Theresa Salazar,240.76,4
3189,Danny Martin,240.50,4
433,Cassandra Martinez,240.30,4
111,Tonya Wilson,231.17,4
3488,Patricia Short,229.60,4
3187,Amanda Johnson,228.72,4
1557,Holly Suarez,228.10,4
1349,Linda Ingram,225.86,4
7890,Kayla Patel,222.48,4
9631,Ronald Hobbs,221.56,4
6758,Danielle Hicks,220.93,4
8742,Erika Lee,220.36,4
5724,Karen Boyd,220.07,4
727,Jason Potter,214.81,4
9111,Steve Long,212.94,4
7014,David Hansen,211.89,4
1465,Brandon Myers,210.12,4
6180,Breanna Padilla,208.73,4
3835,Rebecca Smith,207.30,4
1226,Justin Alexander,205.48,4
4138,Christine Shields,204.60,4
9620,Matthew Williams,204.35,4
6740,Michael Russell,200.98,4
8466,Erin Allen,197.02,4
4615,Kimberly Mcguire,196.98,4
5290,Heather Rodriguez,194.12,4
3941,Alex Lopez,193.28,4
2407,Tammy Diaz,192.78,4
6000,Mr. Matthew Wilson,190.52,4
7634,Mr. Tim Davis,184.65,4
7362,Elizabeth Chambers,178.01,4
1604,Xavier Webb,176.06,4
4163,Melissa Kennedy,172.25,4
9803,Luis Friedman,167.90,4
1383,Tracy Frost,158.90,4
6169,Anna Burgess,150.98,4
2404,Francisco Porter,150.74,4
7178,Victoria Hood,148.86,4
3954,Jacqueline Lambert,147.58,4
3930,Lauren Williams,147.05,4
2682,Mark Collins,145.90,4
6178,Scott King,145.30,4
2837,John Sullivan,144.54,4
8106,Michael Barnes,138.32,4
360,Ellen Mullen,138.03,4
9165,Bryan Hicks,126.51,4
1911,Jack Lloyd,120.58,4
8346,Corey Hunt,116.31,4
688,William Castillo,114.02,4
7379,Michael Conley,106.69,4
4006,Brent Reid,102.36,4
6012,Samantha Sanchez,87.34,4
5653,Angela Murray,86.52,4
7549,Dustin Yang,85.50,4
5834,Carlos English,83.62,4
6735,Jason Hicks,81.39,4
9242,Brian Arnold,78.58,4
4419,Thomas Pearson,76.40,4
